{
    "hash": "0x00afed6d789dda4fc0122c909f69fbc9ad36efc8066dc24abd27e02201c22206",
    "chain": "Ethereum",
    "U": [
        0,
        1,
        1,
        3,
        4,
        5,
        3,
        1
    ],
    "V": [
        1,
        2,
        3,
        4,
        5,
        3,
        1,
        0
    ],
    "feat": [
        [
            0,
            0,
            0,
            1,
            0.125,
            0.125,
            0.3333333333333333,
            0.3333333333333333,
            0.0
        ],
        [
            1,
            0,
            0,
            0,
            0.25,
            0.375,
            0.6666666666666666,
            0.6666666666666666,
            0.0
        ],
        [
            0,
            0,
            0,
            1,
            0.125,
            0.0,
            0.3333333333333333,
            0.0,
            0.00875
        ],
        [
            0,
            1,
            0,
            0,
            0.25,
            0.25,
            0.6666666666666666,
            0.6666666666666666,
            0.0
        ],
        [
            0,
            1,
            0,
            0,
            0.125,
            0.125,
            0.3333333333333333,
            0.3333333333333333,
            -0.008750000000000036
        ],
        [
            0,
            1,
            0,
            0,
            0.125,
            0.125,
            0.3333333333333333,
            0.3333333333333333,
            0.0
        ]
    ],
    "nodeCount": 6,
    "edgeCount": 8,
    "tokenCount": 3,
    "nodes": [
        "0xe68df055c78583cc080817b7451aa87248186e0a",
        "0x74de5d4fcbf63e00296fd95d33236b9794016631",
        "0x11ededebf63bef0ea2d2d071bdf88f71543ec6fb",
        "0x22f9dcf4647084d6c31b2765f6910cd85c178c18",
        "0x7619d3991f38f29689200a59444116e48e06ac01",
        "0xda1117e28f79606637b88fd976150907d7af1aaf"
    ],
    "tokens": [
        "0x7d1afa7b718fb893db30a3abc0cfc608aacfebb0",
        "0x1f573d6fb3f13d689ff844b4ce37794d79a7ff1c",
        "0x514910771af9ca656af840dff83e8264ecf986ca"
    ]
}