{
    "hash": "0x00729c5bfe44dcc415295f93e226b26670455fba75d4c91d01d092bb3120a0ff",
    "chain": "Binance",
    "U": [
        0,
        0,
        0,
        0
    ],
    "V": [
        1,
        1,
        1,
        1
    ],
    "feat": [
        [
            0,
            1,
            0,
            0,
            0.0,
            1.0,
            0.0,
            1.0,
            -2.015882201126569
        ],
        [
            0,
            0,
            0,
            1,
            1.0,
            0.0,
            1.0,
            0.0,
            2.015882201126569
        ]
    ],
    "nodeCount": 2,
    "edgeCount": 4,
    "tokenCount": 1,
    "nodes": [
        "0xfd36e2c2a6789db23113685031d7f16329158384",
        "0x147ff5b0fed1a09d21f5ef7c8b822e5303243526"
    ],
    "tokens": [
        "0xcf6bb5389c92bdda8a3747ddb454cb7a64626c63"
    ]
}