{
    "hash": "0x00a72b1ddcb766070c8118a8a36e6252a1c5627c19e74854db1071a48e28d44c",
    "chain": "Ethereum",
    "U": [
        0,
        1,
        3,
        2,
        3,
        2,
        5,
        2,
        1,
        1
    ],
    "V": [
        1,
        2,
        2,
        3,
        4,
        5,
        2,
        1,
        6,
        0
    ],
    "feat": [
        [
            0,
            0,
            0,
            1,
            0.1,
            0.1,
            0.3333333333333333,
            0.3333333333333333,
            0.0
        ],
        [
            1,
            0,
            0,
            0,
            0.2,
            0.3,
            0.6666666666666666,
            0.6666666666666666,
            0.0
        ],
        [
            1,
            0,
            0,
            0,
            0.3,
            0.3,
            1.0,
            1.0,
            0.0
        ],
        [
            0,
            1,
            0,
            0,
            0.1,
            0.2,
            0.3333333333333333,
            0.3333333333333333,
            -0.009351805408911007
        ],
        [
            0,
            1,
            0,
            0,
            0.1,
            0.0,
            0.3333333333333333,
            0.0,
            0.0006018054089110171
        ],
        [
            0,
            1,
            0,
            0,
            0.1,
            0.1,
            0.3333333333333333,
            0.3333333333333333,
            0.0
        ],
        [
            0,
            0,
            0,
            1,
            0.1,
            0.0,
            0.3333333333333333,
            0.0,
            0.00875
        ]
    ],
    "nodeCount": 7,
    "edgeCount": 10,
    "tokenCount": 3,
    "nodes": [
        "0x1ac17a302e4dcd39ef3b6d3ff57c1fcebe70703d",
        "0x74de5d4fcbf63e00296fd95d33236b9794016631",
        "0x0bf16c34b38648bb08deacf4dd4b239c44bb33c1",
        "0x2109f78b46a789125598f5ad2b7f243751c2934d",
        "0x95c4f5b83aa70810d4f142d58e5f7242bd891cb0",
        "0xc74eba6863c11266dcffbbf39de34f5845e0ebe4",
        "0x11ededebf63bef0ea2d2d071bdf88f71543ec6fb"
    ],
    "tokens": [
        "0x2260fac5e5542a773aa44fbcfedf7c193bc2c599",
        "0xa0b86991c6218b36c1d19d4a2e9eb0ce3606eb48",
        "0x6b175474e89094c44da98b954eedeac495271d0f"
    ]
}