{
    "hash": "0x018604f35d18039b0a9bd0faf1790965ae0294b4fb9881dba3d09f82221a6a8c",
    "chain": "Binance",
    "U": [
        0,
        1,
        2,
        3,
        1,
        0,
        1,
        5,
        3,
        1
    ],
    "V": [
        1,
        2,
        3,
        0,
        4,
        1,
        5,
        3,
        0,
        4
    ],
    "feat": [
        [
            0,
            0,
            1,
            0,
            0.2,
            0.2,
            0.3333333333333333,
            0.3333333333333333,
            -7.446330884874897e-05
        ],
        [
            1,
            0,
            0,
            0,
            0.2,
            0.4,
            0.3333333333333333,
            0.3333333333333333,
            2.220446049250313e-16
        ],
        [
            0,
            0,
            1,
            0,
            0.1,
            0.1,
            0.3333333333333333,
            0.3333333333333333,
            -0.002249020754406028
        ],
        [
            0,
            0,
            1,
            0,
            0.2,
            0.2,
            0.3333333333333333,
            0.3333333333333333,
            -0.00043093799240523367
        ],
        [
            0,
            0,
            0,
            1,
            0.2,
            0.0,
            0.3333333333333333,
            0.0,
            0.0036004530232802865
        ],
        [
            0,
            0,
            1,
            0,
            0.1,
            0.1,
            0.3333333333333333,
            0.3333333333333333,
            -0.0008460309676207034
        ]
    ],
    "nodeCount": 6,
    "edgeCount": 10,
    "tokenCount": 3,
    "nodes": [
        "0xb4814f1ca673dbe9a2637c5dd4e94a4a0ed834c6",
        "0x70e139f4c3c4a58b2d586490ab608eaf3c1f0995",
        "0x38153dae67b364dc2639717b5458461598762e0a",
        "0x50e8d9aa83ebde9608074ec1faadfd2e792d9b81",
        "0x4a73db554435cbe73c12de3d9fd58d571b1817ec",
        "0x26782a2669d32be87c892ada10aa630d0834b3c4"
    ],
    "tokens": [
        "0xbb4cdb9cbd36b01bd1cbaebf2de08d9173bc095c",
        "0x55d398326f99059ff775485246999027b3197955",
        "0xa9c41a46a6b3531d28d5c32f6633dd2ff05dfb90"
    ]
}