{
    "hash": "0x01071e7f161755cc8ba66ea842384e1421816a6340835fd23c43a5ba20815ca0",
    "chain": "Ethereum",
    "U": [
        0,
        1,
        1,
        1,
        1,
        1,
        1,
        1,
        1,
        1,
        1,
        1,
        1,
        1,
        1,
        1,
        1,
        1,
        1,
        1,
        1,
        1,
        1,
        1,
        1,
        1,
        1,
        1,
        1,
        1,
        1,
        1,
        1,
        1,
        1,
        1,
        1,
        1,
        1,
        1,
        1,
        1,
        1,
        1,
        1,
        1,
        1,
        1,
        1,
        1,
        1,
        1,
        1,
        1,
        1,
        1,
        1,
        1
    ],
    "V": [
        1,
        1,
        2,
        0,
        1,
        2,
        0,
        1,
        2,
        0,
        1,
        2,
        0,
        1,
        2,
        0,
        1,
        2,
        0,
        1,
        2,
        0,
        1,
        2,
        0,
        1,
        2,
        0,
        1,
        2,
        0,
        1,
        2,
        0,
        1,
        2,
        0,
        1,
        2,
        0,
        1,
        2,
        0,
        1,
        2,
        0,
        1,
        2,
        0,
        1,
        2,
        0,
        1,
        2,
        0,
        1,
        2,
        0
    ],
    "feat": [
        [
            0,
            0,
            0,
            1,
            0.3275862068965517,
            0.017241379310344827,
            0.5,
            0.5,
            14.076923076721888
        ],
        [
            0,
            1,
            0,
            0,
            0.3448275862068966,
            0.9827586206896551,
            0.5,
            1.0,
            -15.07692307672189
        ],
        [
            0,
            0,
            0,
            1,
            0.3275862068965517,
            0.0,
            0.5,
            0.0,
            0.999999999999997
        ]
    ],
    "nodeCount": 3,
    "edgeCount": 58,
    "tokenCount": 2,
    "nodes": [
        "0xe7a765df1f5e50b117d25aa74d3534f9992800fa",
        "0xfbddadd80fe7bda00b901fbaf73803f2238ae655",
        "0x4b5057b2c87ec9e7c047fb00c0e406dff2fdacad"
    ],
    "tokens": [
        "native_token",
        "0x990f341946a3fdb507ae7e52d17851b87168017c"
    ]
}