{
    "hash": "0x01c6f1f55dc861785de189ac9d8c6d2118e5389305c890d68391352387bff7c4",
    "chain": "Binance",
    "U": [
        0,
        1,
        1,
        3
    ],
    "V": [
        1,
        2,
        0,
        2
    ],
    "feat": [
        [
            0,
            0,
            0,
            1,
            0.25,
            0.25,
            0.3333333333333333,
            0.3333333333333333,
            0.5545489357679007
        ],
        [
            0,
            1,
            0,
            0,
            0.25,
            0.5,
            0.3333333333333333,
            0.6666666666666666,
            -1.5545489357679005
        ],
        [
            0,
            0,
            0,
            1,
            0.5,
            0.0,
            0.6666666666666666,
            0.0,
            2.0
        ],
        [
            0,
            1,
            0,
            0,
            0.0,
            0.25,
            0.0,
            0.3333333333333333,
            -1.0
        ]
    ],
    "nodeCount": 4,
    "edgeCount": 4,
    "tokenCount": 3,
    "nodes": [
        "0x0000000000000000000000000000000000000000",
        "0xf59d805fbaeb5af7f68adecc3791a5db3dc24f36",
        "0x9afe3a64a137f76600788d00f70a0e9a1d602fee",
        "0xc67ec5cbce3e9ab546cf6077dd2ad519887737ba"
    ],
    "tokens": [
        "0x42712df5009c20fee340b245b510c0395896cf6e",
        "0xe2c99914c88de44e4f6bcb52aecc3626b99eaf9d",
        "0x55d398326f99059ff775485246999027b3197955"
    ]
}