{
    "hash": "0x026bb64a8fbccd7c40af7d72b2906bdb8eb102490557f63338cd58ea94f591ef",
    "chain": "Ethereum",
    "U": [
        0,
        1,
        1,
        1,
        1,
        1,
        1,
        1,
        1,
        1,
        1,
        1,
        1,
        1,
        1,
        1,
        1,
        1,
        1,
        1,
        1,
        1,
        1,
        1,
        1,
        1,
        1,
        1,
        1,
        1,
        1,
        1,
        1,
        1,
        1,
        1,
        1,
        1,
        1,
        1,
        1,
        1,
        1,
        1,
        1,
        1,
        1,
        1,
        1,
        1,
        1,
        1,
        1,
        1,
        1,
        1,
        1,
        1
    ],
    "V": [
        1,
        1,
        2,
        0,
        1,
        2,
        0,
        1,
        2,
        0,
        1,
        2,
        0,
        1,
        2,
        0,
        1,
        2,
        0,
        1,
        2,
        0,
        1,
        2,
        0,
        1,
        2,
        0,
        1,
        2,
        0,
        1,
        2,
        0,
        1,
        2,
        0,
        1,
        2,
        0,
        1,
        2,
        0,
        1,
        2,
        0,
        1,
        2,
        0,
        1,
        2,
        0,
        1,
        2,
        0,
        1,
        2,
        0
    ],
    "feat": [
        [
            0,
            0,
            0,
            1,
            0.3275862068965517,
            0.017241379310344827,
            0.5,
            0.5,
            14.07692307672189
        ],
        [
            0,
            1,
            0,
            0,
            0.3448275862068966,
            0.9827586206896551,
            0.5,
            1.0,
            -15.076923076721894
        ],
        [
            0,
            0,
            0,
            1,
            0.3275862068965517,
            0.0,
            0.5,
            0.0,
            0.9999999999999972
        ]
    ],
    "nodeCount": 3,
    "edgeCount": 58,
    "tokenCount": 2,
    "nodes": [
        "0x6e247cb5e6e7644f040d7e5abdc92b8c0160cfe5",
        "0xfbddadd80fe7bda00b901fbaf73803f2238ae655",
        "0x4b5057b2c87ec9e7c047fb00c0e406dff2fdacad"
    ],
    "tokens": [
        "native_token",
        "0x990f341946a3fdb507ae7e52d17851b87168017c"
    ]
}