{
    "hash": "0x02e7e42e907854077660a4cabda8963abddc8d99af38ec0e8c0708008e7b7ba6",
    "chain": "Ethereum",
    "U": [
        0,
        1,
        1,
        1,
        1,
        1,
        1,
        1,
        1,
        1,
        1,
        1,
        1,
        1,
        1,
        1,
        1,
        1,
        1,
        1,
        1,
        1,
        1,
        1,
        1,
        1,
        1,
        1,
        1,
        1,
        1,
        1,
        1,
        1,
        1,
        1,
        1
    ],
    "V": [
        1,
        1,
        2,
        0,
        1,
        2,
        0,
        1,
        2,
        0,
        1,
        2,
        0,
        1,
        2,
        0,
        1,
        2,
        0,
        1,
        2,
        0,
        1,
        2,
        0,
        1,
        2,
        0,
        1,
        2,
        0,
        1,
        2,
        0,
        1,
        2,
        0
    ],
    "feat": [
        [
            0,
            0,
            0,
            1,
            0.32432432432432434,
            0.02702702702702703,
            0.5,
            0.5,
            7.720430107526882
        ],
        [
            0,
            1,
            0,
            0,
            0.35135135135135137,
            0.972972972972973,
            0.5,
            1.0,
            -8.720430107526793
        ],
        [
            0,
            0,
            0,
            1,
            0.32432432432432434,
            0.0,
            0.5,
            0.0,
            0.999999999999908
        ]
    ],
    "nodeCount": 3,
    "edgeCount": 37,
    "tokenCount": 2,
    "nodes": [
        "0xb3024bcc12d977a7fc3e7f8d5f3099e1316815fd",
        "0xfbddadd80fe7bda00b901fbaf73803f2238ae655",
        "0x4b5057b2c87ec9e7c047fb00c0e406dff2fdacad"
    ],
    "tokens": [
        "native_token",
        "0x990f341946a3fdb507ae7e52d17851b87168017c"
    ]
}