{
    "hash": "0x033c607c8d37cb403e85b0dc7945cbfdfdf6454daf0bd2407685102920daf7fa",
    "chain": "Binance",
    "U": [
        0,
        1,
        2,
        2,
        4,
        2,
        5,
        2,
        0
    ],
    "V": [
        1,
        2,
        3,
        4,
        2,
        5,
        2,
        0,
        6
    ],
    "feat": [
        [
            0,
            0,
            0,
            1,
            0.1111111111111111,
            0.2222222222222222,
            0.2,
            0.4,
            -1.0
        ],
        [
            0,
            1,
            0,
            0,
            0.1111111111111111,
            0.1111111111111111,
            0.2,
            0.2,
            0.0
        ],
        [
            1,
            0,
            0,
            0,
            0.3333333333333333,
            0.4444444444444444,
            0.6,
            0.8,
            -1.0
        ],
        [
            0,
            0,
            1,
            0,
            0.1111111111111111,
            0.0,
            0.2,
            0.0,
            1.0
        ],
        [
            0,
            1,
            0,
            0,
            0.1111111111111111,
            0.1111111111111111,
            0.2,
            0.2,
            0.0
        ],
        [
            0,
            0,
            0,
            1,
            0.1111111111111111,
            0.1111111111111111,
            0.2,
            0.2,
            0.0
        ],
        [
            0,
            0,
            0,
            1,
            0.1111111111111111,
            0.0,
            0.2,
            0.0,
            1.0
        ]
    ],
    "nodeCount": 7,
    "edgeCount": 9,
    "tokenCount": 5,
    "nodes": [
        "0xc2fc360ebe63b52c67371788946d7ba482a24ac5",
        "0x11111112542d85b3ef69ae05771c2dccff4faa26",
        "0xc1e16013a158d57a60d6aa5bb3108722b0ac6df5",
        "0xbb4cdb9cbd36b01bd1cbaebf2de08d9173bc095c",
        "0x9a24b2051bf094219ab7b435671b77cba06415f6",
        "0x8afad0586ce511ac9be1f7d6b4b86a360794b008",
        "0x0000000000000000000000000000000000000000"
    ],
    "tokens": [
        "native_token",
        "0xbb4cdb9cbd36b01bd1cbaebf2de08d9173bc095c",
        "0xe9e7cea3dedca5984780bafc599bd69add087d56",
        "0x8ac76a51cc950d9822d68b83fe1ad97b32cd580d",
        "0x0000000000004946c0e9f43f4dee607b0ef1fa1c"
    ]
}