{
    "hash": "0x051ad1bcaf2f611022557b99a1beb8607fe7514e1e8a3c616039d45d28dff8e8",
    "chain": "Binance",
    "U": [
        0,
        1,
        2,
        1,
        3,
        5,
        4,
        1,
        4,
        4,
        6,
        1,
        1
    ],
    "V": [
        1,
        2,
        1,
        3,
        4,
        4,
        1,
        4,
        5,
        6,
        1,
        7,
        0
    ],
    "feat": [
        [
            0,
            0,
            0,
            1,
            0.07692307692307693,
            0.07692307692307693,
            0.2,
            0.2,
            -0.0010000000000000009
        ],
        [
            0,
            1,
            0,
            0,
            0.3076923076923077,
            0.38461538461538464,
            0.8,
            0.8,
            0.0
        ],
        [
            0,
            1,
            0,
            0,
            0.07692307692307693,
            0.07692307692307693,
            0.2,
            0.2,
            0.0
        ],
        [
            0,
            0,
            1,
            0,
            0.07692307692307693,
            0.07692307692307693,
            0.2,
            0.2,
            0.0
        ],
        [
            0,
            1,
            0,
            0,
            0.23076923076923078,
            0.23076923076923078,
            0.4,
            0.4,
            0.0
        ],
        [
            0,
            0,
            1,
            0,
            0.07692307692307693,
            0.07692307692307693,
            0.2,
            0.2,
            0.0
        ],
        [
            0,
            0,
            1,
            0,
            0.07692307692307693,
            0.07692307692307693,
            0.2,
            0.2,
            0.0
        ],
        [
            0,
            0,
            0,
            1,
            0.07692307692307693,
            0.0,
            0.2,
            0.0,
            0.001
        ]
    ],
    "nodeCount": 8,
    "edgeCount": 13,
    "tokenCount": 5,
    "nodes": [
        "0x6741b94ba25001b9177183335c23141110acf4a6",
        "0xee6db2cc1ed15424a00e62ccdfe23397b54aab89",
        "0x160caed03795365f3a589f10c379ffa7d75d4e76",
        "0xd99c7f6c65857ac913a8f880a4cb84032ab2fc5b",
        "0x10ed43c718714eb63d5aa57b78b54704e256024e",
        "0xbb4cdb9cbd36b01bd1cbaebf2de08d9173bc095c",
        "0x5a26eb7c9c72140d01039eb172dcb8ec98d071bd",
        "0x957964db0510bdd6e87e7516af59b74af7e68c63"
    ],
    "tokens": [
        "0xe9e7cea3dedca5984780bafc599bd69add087d56",
        "0x8ac76a51cc950d9822d68b83fe1ad97b32cd580d",
        "0xbb4cdb9cbd36b01bd1cbaebf2de08d9173bc095c",
        "native_token",
        "0x68e374f856bf25468d365e539b700b648bf94b67"
    ]
}