{
    "hash": "0x05aa59b3953ead7267ccf85b3da0c89d7718b2d1782c32426d89925890f37ee7",
    "chain": "Ethereum",
    "U": [
        0,
        0,
        3
    ],
    "V": [
        1,
        2,
        2
    ],
    "feat": [
        [
            0,
            0,
            0,
            1,
            0.0,
            0.6666666666666666,
            0.0,
            0.6666666666666666,
            -2.0
        ],
        [
            0,
            1,
            0,
            0,
            0.3333333333333333,
            0.0,
            0.3333333333333333,
            0.0,
            1.0
        ],
        [
            0,
            0,
            0,
            1,
            0.6666666666666666,
            0.0,
            0.6666666666666666,
            0.0,
            2.0
        ],
        [
            0,
            0,
            1,
            0,
            0.0,
            0.3333333333333333,
            0.0,
            0.3333333333333333,
            -1.0
        ]
    ],
    "nodeCount": 4,
    "edgeCount": 3,
    "tokenCount": 3,
    "nodes": [
        "0x0000000000000000000000000000000000000000",
        "0x464c71f6c2f760dda6093dcb91c24c39e5d6e18c",
        "0x6d5b6f46265e63691a2e0a3ad0881b08dec96ae5",
        "0x101cc05f4a51c0319f570d5e146a8c625198e636"
    ],
    "tokens": [
        "0x101cc05f4a51c0319f570d5e146a8c625198e636",
        "0x01c0eb1f8c6f1c1bf74ae028697ce7aa2a8b0e92",
        "0x0000000000085d4780b73119b644ae5ecd22b376"
    ]
}