{
    "hash": "0x061e10a4b463e4ed5cb5187e4335a3adfa79c41f958e146fabee7a8ff1defb30",
    "chain": "Ethereum",
    "U": [
        0,
        1,
        2,
        3,
        1,
        1,
        4,
        1,
        5
    ],
    "V": [
        1,
        2,
        1,
        1,
        3,
        4,
        1,
        5,
        0
    ],
    "feat": [
        [
            0,
            0,
            0,
            1,
            0.1111111111111111,
            0.1111111111111111,
            0.3333333333333333,
            0.3333333333333333,
            0.0
        ],
        [
            1,
            0,
            0,
            0,
            0.4444444444444444,
            0.4444444444444444,
            0.6666666666666666,
            0.6666666666666666,
            0.0
        ],
        [
            0,
            0,
            1,
            0,
            0.1111111111111111,
            0.1111111111111111,
            0.3333333333333333,
            0.3333333333333333,
            0.008613254891859934
        ],
        [
            1,
            0,
            0,
            0,
            0.1111111111111111,
            0.1111111111111111,
            0.3333333333333333,
            0.3333333333333333,
            0.006680883447546138
        ],
        [
            0,
            0,
            1,
            0,
            0.1111111111111111,
            0.1111111111111111,
            0.3333333333333333,
            0.3333333333333333,
            -0.015294138339406071
        ],
        [
            0,
            0,
            1,
            0,
            0.1111111111111111,
            0.1111111111111111,
            0.3333333333333333,
            0.3333333333333333,
            0.0
        ]
    ],
    "nodeCount": 6,
    "edgeCount": 9,
    "tokenCount": 3,
    "nodes": [
        "0x16467866b15117b69f3f433209a44ab12080a768",
        "0xfd3dfb524b2da40c8a6d703c62be36b5d8540626",
        "0xa150643d92e06317fb499eaef4f6d89b7107452d",
        "0x5116f278d095ec2ad3a14090fedb3e499b8b5af6",
        "0xf4f885137c916d39e0ede2141e3fd61f46bd1eb1",
        "0xf82d8ec196fb0d56c6b82a8b1870f09502a49f88"
    ],
    "tokens": [
        "0xea6412fb370e8d1605e6aeeaa21ad07c3c7e9f24",
        "0xc02aaa39b223fe8d0a0e5c4f27ead9083c756cc2",
        "0xa2b4c0af19cc16a6cfacce81f192b024d625817d"
    ]
}