{
    "hash": "0x0726dd770fc6e936eb7be2ccf5b975c06836ffcc48a16c2fd984bb1af4b98412",
    "chain": "Ethereum",
    "U": [
        0,
        1,
        2,
        3,
        2,
        4,
        2,
        1
    ],
    "V": [
        1,
        2,
        3,
        2,
        4,
        2,
        1,
        0
    ],
    "feat": [
        [
            0,
            0,
            0,
            1,
            0.125,
            0.125,
            0.3333333333333333,
            0.3333333333333333,
            0.0
        ],
        [
            0,
            1,
            0,
            0,
            0.25,
            0.25,
            0.6666666666666666,
            0.6666666666666666,
            0.0
        ],
        [
            1,
            0,
            0,
            0,
            0.375,
            0.375,
            1.0,
            1.0,
            0.0
        ],
        [
            0,
            0,
            1,
            0,
            0.125,
            0.125,
            0.3333333333333333,
            0.3333333333333333,
            0.0
        ],
        [
            0,
            0,
            1,
            0,
            0.125,
            0.125,
            0.3333333333333333,
            0.3333333333333333,
            0.0
        ]
    ],
    "nodeCount": 5,
    "edgeCount": 8,
    "tokenCount": 3,
    "nodes": [
        "0xdd864982164f11cc57e89de65786463a54e70584",
        "0xa356867fdcea8e71aeaf87805808803806231fdc",
        "0xdb38ae75c5f44276803345f7f02e95a0aeef5944",
        "0xe6c2e229c763ed3e1d5d57b3648aeb1d4011eacd",
        "0x7a646ee13eb104853c651e1d90d143acc9e72cdb"
    ],
    "tokens": [
        "0xa0b86991c6218b36c1d19d4a2e9eb0ce3606eb48",
        "0xc02aaa39b223fe8d0a0e5c4f27ead9083c756cc2",
        "0x358aa737e033f34df7c54306960a38d09aabd523"
    ]
}