{
    "hash": "0x074ec03ea6877eab1fc774858ef6fc3acd7e48b7e886005934e28934e1de2376",
    "chain": "Ethereum",
    "U": [
        0,
        1,
        2,
        1,
        4,
        5,
        1,
        1
    ],
    "V": [
        1,
        2,
        1,
        3,
        1,
        1,
        5,
        0
    ],
    "feat": [
        [
            1,
            0,
            0,
            0,
            0.125,
            0.125,
            0.25,
            0.25,
            0.0
        ],
        [
            1,
            0,
            0,
            0,
            0.5,
            0.5,
            1.0,
            1.0,
            0.0007346439260045301
        ],
        [
            0,
            0,
            1,
            0,
            0.125,
            0.125,
            0.25,
            0.25,
            -0.0007346439260043081
        ],
        [
            0,
            1,
            0,
            0,
            0.125,
            0.0,
            0.25,
            0.0,
            1.0
        ],
        [
            0,
            0,
            0,
            1,
            0.0,
            0.125,
            0.0,
            0.25,
            -1.0
        ],
        [
            1,
            0,
            0,
            0,
            0.125,
            0.125,
            0.25,
            0.25,
            0.0
        ]
    ],
    "nodeCount": 6,
    "edgeCount": 8,
    "tokenCount": 4,
    "nodes": [
        "0x88e6a0c2ddd26feeb64f039a2c41296fcb3f5640",
        "0xde6a9525089266e80a91387a07698bb8456a9801",
        "0xc02aaa39b223fe8d0a0e5c4f27ead9083c756cc2",
        "0xb783c0e21763bef9f2d04e6499abfbe23adb7e1f",
        "0x0000000000000000000000000000000000000000",
        "0x8c54aa2a32a779e6f6fbea568ad85a19e0109c26"
    ],
    "tokens": [
        "0xc02aaa39b223fe8d0a0e5c4f27ead9083c756cc2",
        "native_token",
        "0x956f47f50a910163d8bf957cf5846d573e7f87ca",
        "0xa0b86991c6218b36c1d19d4a2e9eb0ce3606eb48"
    ]
}