{
    "hash": "0x08f434d5515ca18ebea363e64dae4b8bce9efa57c0b7d8a48f9b23634a8503d6",
    "chain": "Ethereum",
    "U": [
        0,
        2,
        1,
        4,
        1,
        5,
        1
    ],
    "V": [
        1,
        3,
        2,
        1,
        5,
        1,
        0
    ],
    "feat": [
        [
            0,
            0,
            0,
            1,
            0.14285714285714285,
            0.14285714285714285,
            0.3333333333333333,
            0.3333333333333333,
            0.0
        ],
        [
            0,
            1,
            0,
            0,
            0.42857142857142855,
            0.42857142857142855,
            1.0,
            1.0,
            0.0
        ],
        [
            0,
            0,
            0,
            1,
            0.14285714285714285,
            0.14285714285714285,
            0.3333333333333333,
            0.3333333333333333,
            0.9999603906094361
        ],
        [
            0,
            1,
            0,
            0,
            0.14285714285714285,
            0.0,
            0.3333333333333333,
            0.0,
            3.960939056389863e-05
        ],
        [
            0,
            0,
            1,
            0,
            0.0,
            0.14285714285714285,
            0.0,
            0.3333333333333333,
            -1.0
        ],
        [
            0,
            0,
            1,
            0,
            0.14285714285714285,
            0.14285714285714285,
            0.3333333333333333,
            0.3333333333333333,
            0.0
        ]
    ],
    "nodeCount": 6,
    "edgeCount": 7,
    "tokenCount": 3,
    "nodes": [
        "0x3a431b013967a3f50b778c186e0f2019e32b8ae6",
        "0xcc9a0b7c43dc2a5f023bb9b738e45b0ef6b06e04",
        "0x0000000000000000000000000000000000000000",
        "0x464c71f6c2f760dda6093dcb91c24c39e5d6e18c",
        "0x030ba81f1c18d280636f32af80b9aad02cf0854e",
        "0xc02aaa39b223fe8d0a0e5c4f27ead9083c756cc2"
    ],
    "tokens": [
        "0x030ba81f1c18d280636f32af80b9aad02cf0854e",
        "0xc02aaa39b223fe8d0a0e5c4f27ead9083c756cc2",
        "native_token"
    ]
}