{
    "hash": "0x08e2d29d0a2a2017a0d281c4e46122bb7184722347e753d3db4ca2059fc236f9",
    "chain": "Binance",
    "U": [
        0,
        1,
        2,
        2,
        4,
        1,
        2,
        2,
        4,
        1,
        2,
        2,
        4,
        1,
        2,
        2,
        4,
        1,
        2,
        2,
        4,
        1,
        2,
        2,
        4,
        1,
        2,
        2,
        4,
        1,
        2,
        2,
        4,
        1,
        2,
        2,
        4,
        1,
        2,
        2,
        4
    ],
    "V": [
        1,
        2,
        3,
        4,
        5,
        2,
        3,
        4,
        5,
        2,
        3,
        4,
        5,
        2,
        3,
        4,
        5,
        2,
        3,
        4,
        5,
        2,
        3,
        4,
        5,
        2,
        3,
        4,
        5,
        2,
        3,
        4,
        5,
        2,
        3,
        4,
        5,
        2,
        3,
        4,
        5
    ],
    "feat": [
        [
            0,
            0,
            0,
            1,
            0.0,
            0.024390243902439025,
            0.0,
            0.3333333333333333,
            -1.0
        ],
        [
            1,
            0,
            0,
            0,
            0.024390243902439025,
            0.24390243902439024,
            0.3333333333333333,
            0.3333333333333333,
            1.1102230246251565e-16
        ],
        [
            0,
            1,
            0,
            0,
            0.24390243902439024,
            0.4878048780487805,
            0.3333333333333333,
            0.6666666666666666,
            -10.000000000000002
        ],
        [
            0,
            0,
            1,
            0,
            0.24390243902439024,
            0.0,
            0.3333333333333333,
            0.0,
            0.9999999999999999
        ],
        [
            0,
            1,
            0,
            0,
            0.24390243902439024,
            0.24390243902439024,
            0.3333333333333333,
            0.3333333333333333,
            0.39204091995535073
        ],
        [
            0,
            0,
            0,
            1,
            0.24390243902439024,
            0.0,
            0.3333333333333333,
            0.0,
            9.60795908004465
        ]
    ],
    "nodeCount": 6,
    "edgeCount": 41,
    "tokenCount": 3,
    "nodes": [
        "0xabb0c186de563f7d54bd3f98c220e42980c0bc8a",
        "0xa00e68296884916439caa7438b8edd0d751b8cd4",
        "0x10ed43c718714eb63d5aa57b78b54704e256024e",
        "0xbb4cdb9cbd36b01bd1cbaebf2de08d9173bc095c",
        "0xd3c0cba2385009e9241db96f03aa98850bc377ee",
        "0x000000000000000000000000000000000000dead"
    ],
    "tokens": [
        "native_token",
        "0xbb4cdb9cbd36b01bd1cbaebf2de08d9173bc095c",
        "0xe38117fad9b94f85a95add02bc35658a94a30daf"
    ]
}