{
    "hash": "0x08a566a5af0c10d71de7fca6b087961f63d9217b03366bf0a2bc42fe19ff0a93",
    "chain": "Binance",
    "U": [
        0,
        1,
        1,
        3,
        4,
        5,
        6,
        2,
        1,
        5,
        5,
        1,
        1,
        7
    ],
    "V": [
        1,
        2,
        3,
        4,
        0,
        6,
        1,
        1,
        5,
        1,
        6,
        2,
        6,
        8
    ],
    "feat": [
        [
            0,
            0,
            0,
            1,
            0.07142857142857142,
            0.07142857142857142,
            0.2,
            0.2,
            0.0
        ],
        [
            0,
            1,
            0,
            0,
            0.2857142857142857,
            0.35714285714285715,
            0.4,
            0.4,
            -0.7802225104028465
        ],
        [
            0,
            0,
            1,
            0,
            0.14285714285714285,
            0.07142857142857142,
            0.2,
            0.2,
            0.7802225104028465
        ],
        [
            0,
            0,
            1,
            0,
            0.07142857142857142,
            0.07142857142857142,
            0.2,
            0.2,
            0.0
        ],
        [
            0,
            1,
            0,
            0,
            0.07142857142857142,
            0.07142857142857142,
            0.2,
            0.2,
            0.0
        ],
        [
            0,
            0,
            1,
            0,
            0.07142857142857142,
            0.21428571428571427,
            0.2,
            0.4,
            -0.19569140762617537
        ],
        [
            0,
            0,
            1,
            0,
            0.21428571428571427,
            0.07142857142857142,
            0.4,
            0.2,
            0.19569140762617537
        ],
        [
            0,
            0,
            0,
            1,
            0.0,
            0.07142857142857142,
            0.0,
            0.2,
            -1.0
        ],
        [
            0,
            0,
            0,
            1,
            0.07142857142857142,
            0.0,
            0.2,
            0.0,
            1.0
        ]
    ],
    "nodeCount": 9,
    "edgeCount": 14,
    "tokenCount": 5,
    "nodes": [
        "0xd52f8b942d13453042896cb26cc25af311cebae0",
        "0x10ed43c718714eb63d5aa57b78b54704e256024e",
        "0xbb4cdb9cbd36b01bd1cbaebf2de08d9173bc095c",
        "0x61eb789d75a95caa3ff50ed7e47b96c132fec082",
        "0xbbc663cd3c5d72c8a1ac354c1ce2c4212f767c98",
        "0x0c1b3983d2a4aa002666820de5a0b43293291ea6",
        "0x5fdc0050ee33c2cf27651279babc6fe7c431d92c",
        "0x0000000000000000000000000000000000000000",
        "0x888888a2b979a46e089770ab9d082b90ebd1e5d1"
    ],
    "tokens": [
        "native_token",
        "0xbb4cdb9cbd36b01bd1cbaebf2de08d9173bc095c",
        "0x7130d2a12b9bcbfae4f2634d864a1ee1ce3ead9c",
        "0x0c1b3983d2a4aa002666820de5a0b43293291ea6",
        "0x5fdc0050ee33c2cf27651279babc6fe7c431d92c"
    ]
}