{
    "hash": "0x08116f67b5149f7897ba39f5d327cf39320e7292494a2987b3d9d0d0bcf68995",
    "chain": "Binance",
    "U": [
        0,
        0,
        2,
        4,
        3,
        5,
        0,
        5,
        0,
        5,
        3
    ],
    "V": [
        1,
        2,
        3,
        3,
        5,
        6,
        5,
        7,
        5,
        6,
        7
    ],
    "feat": [
        [
            0,
            0,
            0,
            1,
            0.0,
            0.36363636363636365,
            0.0,
            0.6666666666666666,
            -2.25
        ],
        [
            0,
            1,
            0,
            0,
            0.09090909090909091,
            0.0,
            0.3333333333333333,
            0.0,
            0.1
        ],
        [
            0,
            0,
            1,
            0,
            0.09090909090909091,
            0.09090909090909091,
            0.3333333333333333,
            0.3333333333333333,
            0.9925283080194178
        ],
        [
            0,
            1,
            0,
            0,
            0.18181818181818182,
            0.18181818181818182,
            0.6666666666666666,
            0.3333333333333333,
            0.0074716919805821735
        ],
        [
            0,
            1,
            0,
            0,
            0.0,
            0.09090909090909091,
            0.0,
            0.3333333333333333,
            -1.0
        ],
        [
            0,
            1,
            0,
            0,
            0.2727272727272727,
            0.2727272727272727,
            0.6666666666666666,
            0.6666666666666666,
            8.326672684688674e-17
        ],
        [
            0,
            1,
            0,
            0,
            0.18181818181818182,
            0.0,
            0.6666666666666666,
            0.0,
            0.15281823053189544
        ],
        [
            0,
            0,
            0,
            1,
            0.18181818181818182,
            0.0,
            0.6666666666666666,
            0.0,
            1.9971817694681047
        ]
    ],
    "nodeCount": 8,
    "edgeCount": 11,
    "tokenCount": 3,
    "nodes": [
        "0x0000000000000000000000000000000000000000",
        "0x8488cb2f54ecb9aa1cdc1bc83bc1d200bb2f216b",
        "0x009cf7bc57584b7998236eff51b98a168dcea9b0",
        "0x0d17e7b77c678c79c3ab5176e164ff0bcceb8eaa",
        "0x73feaa1ee314f8c655e354234017be2193c9e24e",
        "0x8cb88701790f650f273c8bb2cc4c5f439cd65219",
        "0x0989091f27708bc92ea4ca60073e03592b94c0ee",
        "0x808293a99b5b64c0b74bed2f82c5ce13472394b1"
    ],
    "tokens": [
        "0x0e09fabb73bd3ade0a17ecc321fd13a19e81ce82",
        "0x74e4716e431f45807dcf19f284c7aa99f18a4fbc",
        "0xc9849e6fdb743d08faee3e34dd2d1bc69ea11a51"
    ]
}