{
    "hash": "0x08035e00b059b1ccc50955168247cab9ac98a50e5963a8a655264077d1ad4e63",
    "chain": "Binance",
    "U": [
        0,
        1,
        1,
        1,
        0,
        4,
        2,
        5,
        5,
        5,
        6,
        6,
        6,
        0,
        2,
        7
    ],
    "V": [
        1,
        2,
        2,
        3,
        4,
        2,
        5,
        0,
        6,
        6,
        7,
        5,
        5,
        2,
        1,
        8
    ],
    "feat": [
        [
            0,
            0,
            0,
            1,
            0.0625,
            0.1875,
            0.25,
            0.75,
            -0.9997391255788171
        ],
        [
            0,
            1,
            0,
            0,
            0.125,
            0.1875,
            0.5,
            0.5,
            0.43791265470867624
        ],
        [
            0,
            1,
            0,
            0,
            0.25,
            0.125,
            0.75,
            0.25,
            0.5618155545511672
        ],
        [
            0,
            0,
            0,
            1,
            0.0625,
            0.0,
            0.25,
            0.0,
            0
        ],
        [
            0,
            1,
            0,
            0,
            0.0625,
            0.0625,
            0.25,
            0.25,
            1.091631897349038e-05
        ],
        [
            0,
            0,
            1,
            0,
            0.1875,
            0.1875,
            0.75,
            0.75,
            -0.000571572603306425
        ],
        [
            1,
            0,
            0,
            0,
            0.125,
            0.1875,
            0.5,
            0.5,
            0.0002857863016532125
        ],
        [
            0,
            1,
            0,
            0,
            0.0625,
            0.0625,
            0.25,
            0.25,
            0.0
        ],
        [
            0,
            0,
            0,
            1,
            0.0625,
            0.0,
            0.25,
            0.0,
            0.00028578630165321185
        ]
    ],
    "nodeCount": 9,
    "edgeCount": 16,
    "tokenCount": 4,
    "nodes": [
        "0x0000000000000000000000000000000000000000",
        "0x68d6fe7e5f9ce2ee7f9dd3909a85d8e46ed50885",
        "0xbaa0708f83872db14c9644b6da5d3e080589f76b",
        "0xaea6b356954a24de0eadb626db36068bc752cc7d",
        "0x23c39f13bee691585d43065fb80e5b360d5322fe",
        "0x44800df6f37f2838bed043929e20ff5059ecbf6f",
        "0xa4ced31c5d765e453fc355c04f19d30968f4c779",
        "0xa296d482287df2c15bca8d32c4bf2ee4e581dc4d",
        "0x31977d31ca505137d2b2fa56029537912bc084fe"
    ],
    "tokens": [
        "0x0adab0f76ffc13360e09be9ddffa8493ddc8fb9c",
        "0x44800df6f37f2838bed043929e20ff5059ecbf6f",
        "0x82c19905b036bf4e329740989dcf6ae441ae26c1",
        "0x55d398326f99059ff775485246999027b3197955"
    ]
}