{
    "hash": "0x090c526abbf23e47fe6eebcf077430d9e1469ffd06a6fd5e636bd0f0d56e0c02",
    "chain": "Binance",
    "U": [
        0,
        2,
        1,
        4,
        5,
        2,
        6,
        3,
        0,
        7
    ],
    "V": [
        1,
        3,
        4,
        5,
        6,
        3,
        0,
        0,
        7,
        0
    ],
    "feat": [
        [
            1,
            0,
            0,
            0,
            0.3,
            0.2,
            0.4,
            0.4,
            0.0015810524156774156
        ],
        [
            0,
            0,
            1,
            0,
            0.1,
            0.1,
            0.2,
            0.2,
            0.0
        ],
        [
            0,
            0,
            0,
            1,
            0.0,
            0.2,
            0.0,
            0.2,
            -1.1878815628815629
        ],
        [
            0,
            1,
            0,
            0,
            0.2,
            0.1,
            0.2,
            0.2,
            1.0235741130836773
        ],
        [
            0,
            0,
            1,
            0,
            0.1,
            0.1,
            0.2,
            0.2,
            0.0
        ],
        [
            0,
            0,
            1,
            0,
            0.1,
            0.1,
            0.2,
            0.2,
            0.0
        ],
        [
            0,
            0,
            1,
            0,
            0.1,
            0.1,
            0.2,
            0.2,
            0.010668727381995313
        ],
        [
            0,
            0,
            1,
            0,
            0.1,
            0.1,
            0.2,
            0.2,
            0.1520576700002127
        ]
    ],
    "nodeCount": 8,
    "edgeCount": 10,
    "tokenCount": 5,
    "nodes": [
        "0x425ddc6a74fce3899aa095d9501b04a5d94fe24b",
        "0xda28eb7aba389c1ea226a420bce04cb565aafb85",
        "0x0000000000000000000000000000000000000000",
        "0x782395303692abed877d2737aa7982345eb44c11",
        "0x969f2556f786a576f32aef6c1d6618f0221ec70e",
        "0x340192d37d95fb609874b1db6145ed26d1e47744",
        "0x62c1dec1ff328dcdc157ae0068bb21af3967acd9",
        "0xe1cbe92b5375ee6afe1b22b555d257b4357f6c68"
    ],
    "tokens": [
        "0x55d398326f99059ff775485246999027b3197955",
        "0x9c65ab58d8d978db963e63f2bfb7121627e3a739",
        "0x7130d2a12b9bcbfae4f2634d864a1ee1ce3ead9c",
        "0xbb4cdb9cbd36b01bd1cbaebf2de08d9173bc095c",
        "0xe9e7cea3dedca5984780bafc599bd69add087d56"
    ]
}