{
    "hash": "0x09c98d915d9077e2ff19889291c37f6e3e13c5d40ea592572d57a0a7970b61f6",
    "chain": "Ethereum",
    "U": [
        0,
        1,
        1,
        3,
        4,
        3,
        1
    ],
    "V": [
        1,
        2,
        3,
        4,
        3,
        1,
        0
    ],
    "feat": [
        [
            0,
            0,
            0,
            1,
            0.14285714285714285,
            0.14285714285714285,
            0.5,
            0.5,
            0.0
        ],
        [
            1,
            0,
            0,
            0,
            0.2857142857142857,
            0.42857142857142855,
            1.0,
            1.0,
            0.0
        ],
        [
            0,
            0,
            0,
            1,
            0.14285714285714285,
            0.0,
            0.5,
            0.0,
            0.008750000010305313
        ],
        [
            1,
            0,
            0,
            0,
            0.2857142857142857,
            0.2857142857142857,
            1.0,
            1.0,
            0.0
        ],
        [
            0,
            0,
            1,
            0,
            0.14285714285714285,
            0.14285714285714285,
            0.5,
            0.5,
            -0.008750000010305348
        ]
    ],
    "nodeCount": 5,
    "edgeCount": 7,
    "tokenCount": 2,
    "nodes": [
        "0x6de3688bd9c2d59ec9e2866cb643dd920003fc48",
        "0x74de5d4fcbf63e00296fd95d33236b9794016631",
        "0x11ededebf63bef0ea2d2d071bdf88f71543ec6fb",
        "0xdb38ae75c5f44276803345f7f02e95a0aeef5944",
        "0x4ddc2d193948926d02f9b1fe9e1daa0718270ed5"
    ],
    "tokens": [
        "0x4ddc2d193948926d02f9b1fe9e1daa0718270ed5",
        "native_token"
    ]
}