{
    "hash": "0x09ba4d7099175afc3f37dcd86292cd1738b637ec0e8a3de211ece269bb25376a",
    "chain": "Binance",
    "U": [
        0,
        2,
        0,
        0,
        0,
        0,
        0,
        0,
        0,
        0,
        0,
        0,
        0,
        0,
        0,
        0,
        0,
        2,
        0,
        0,
        0,
        0,
        0,
        0,
        0,
        0,
        0,
        0,
        0,
        0,
        0,
        0,
        0,
        0,
        0,
        0,
        0,
        0,
        0,
        0,
        0,
        0,
        0,
        0
    ],
    "V": [
        1,
        3,
        1,
        1,
        1,
        1,
        1,
        1,
        1,
        1,
        1,
        2,
        1,
        1,
        1,
        1,
        1,
        3,
        1,
        1,
        1,
        1,
        1,
        1,
        1,
        1,
        1,
        1,
        1,
        1,
        1,
        1,
        1,
        1,
        1,
        1,
        1,
        1,
        1,
        1,
        1,
        1,
        1,
        1
    ],
    "feat": [
        [
            0,
            0,
            0,
            1,
            0.0,
            0.9545454545454546,
            0.0,
            1.0,
            -10.773771760154737
        ],
        [
            1,
            0,
            0,
            0,
            0.9318181818181818,
            0.0,
            1.0,
            0.0,
            10.773771760154737
        ],
        [
            0,
            1,
            0,
            0,
            0.022727272727272728,
            0.045454545454545456,
            1.0,
            1.0,
            -0.039891328428088686
        ],
        [
            0,
            0,
            0,
            1,
            0.045454545454545456,
            0.0,
            1.0,
            0.0,
            0.039891328428088686
        ]
    ],
    "nodeCount": 4,
    "edgeCount": 44,
    "tokenCount": 1,
    "nodes": [
        "0x0000000000000000000000000000000000000000",
        "0xe32c5352d3ba108374701d5333daa3db35345cf0",
        "0x14a495b23a6fe7938ae5da73cfa153b5e67f2681",
        "0x8437c285ed2041753e8323a256658da61ad88249"
    ],
    "tokens": [
        "0x9a78649501bbaac285ea4187299471b7ad4abd35"
    ]
}