{
    "hash": "0x0908f400d6675845cab8cd9bb42cfe6bdb1b27d450d70cc1bf6ec0d9428875b7",
    "chain": "Binance",
    "U": [
        0,
        1,
        2,
        2,
        4,
        2,
        5,
        6,
        2
    ],
    "V": [
        1,
        2,
        3,
        4,
        2,
        5,
        2,
        5,
        0
    ],
    "feat": [
        [
            0,
            0,
            0,
            1,
            0.1111111111111111,
            0.1111111111111111,
            0.25,
            0.25,
            0.0
        ],
        [
            0,
            1,
            0,
            0,
            0.1111111111111111,
            0.1111111111111111,
            0.25,
            0.25,
            0.0
        ],
        [
            1,
            0,
            0,
            0,
            0.3333333333333333,
            0.4444444444444444,
            0.75,
            1.0,
            -1.0
        ],
        [
            0,
            0,
            1,
            0,
            0.1111111111111111,
            0.0,
            0.25,
            0.0,
            1.0
        ],
        [
            0,
            0,
            1,
            0,
            0.1111111111111111,
            0.1111111111111111,
            0.25,
            0.25,
            0.0
        ],
        [
            0,
            0,
            1,
            0,
            0.2222222222222222,
            0.1111111111111111,
            0.25,
            0.25,
            0.10179882740188996
        ],
        [
            0,
            1,
            0,
            0,
            0.0,
            0.1111111111111111,
            0.0,
            0.25,
            -0.10179882740188996
        ]
    ],
    "nodeCount": 7,
    "edgeCount": 9,
    "tokenCount": 4,
    "nodes": [
        "0xa4d889ec5238ccb5ca90630cc854952ed91c58fc",
        "0x11111112542d85b3ef69ae05771c2dccff4faa26",
        "0xbaf9a5d4b0052359326a6cdab54babaa3a3a9643",
        "0xbb4cdb9cbd36b01bd1cbaebf2de08d9173bc095c",
        "0x972c7278ecfdcf97556f9c53075576a8bc6547ab",
        "0xa0ab4b300e2ccd801178b28e5de0a8f24614b54c",
        "0xe548561782c2f4f1145b654a41c47f49159913b0"
    ],
    "tokens": [
        "native_token",
        "0xbb4cdb9cbd36b01bd1cbaebf2de08d9173bc095c",
        "0x3910db0600ea925f63c36ddb1351ab6e2c6eb102",
        "0xe9e7cea3dedca5984780bafc599bd69add087d56"
    ]
}