{
    "hash": "0x09afd30f8e0b7a25964004fb105836299bfbb8fc006f4286c85d6181e8706ac1",
    "chain": "Binance",
    "U": [
        0,
        1,
        2,
        1,
        3,
        1,
        4,
        1,
        5,
        1,
        6,
        1,
        7,
        1,
        1,
        1
    ],
    "V": [
        1,
        2,
        1,
        3,
        1,
        4,
        1,
        5,
        1,
        6,
        1,
        7,
        1,
        8,
        9,
        0
    ],
    "feat": [
        [
            0,
            0,
            0,
            1,
            0.0625,
            0.0625,
            0.25,
            0.25,
            0.0
        ],
        [
            1,
            0,
            0,
            0,
            0.4375,
            0.5625,
            1.0,
            1.0,
            3.3306690738754696e-16
        ],
        [
            0,
            0,
            1,
            0,
            0.0625,
            0.0625,
            0.25,
            0.25,
            -0.7
        ],
        [
            0,
            0,
            1,
            0,
            0.0625,
            0.0625,
            0.25,
            0.25,
            0.17477287948311443
        ],
        [
            0,
            0,
            1,
            0,
            0.0625,
            0.0625,
            0.25,
            0.25,
            0.5247053726374072
        ],
        [
            0,
            0,
            1,
            0,
            0.0625,
            0.0625,
            0.25,
            0.25,
            -0.030295606711813167
        ],
        [
            0,
            0,
            1,
            0,
            0.0625,
            0.0625,
            0.25,
            0.25,
            -0.26970439328818685
        ],
        [
            0,
            1,
            0,
            0,
            0.0625,
            0.0625,
            0.25,
            0.25,
            0.29971366701750823
        ],
        [
            0,
            1,
            0,
            0,
            0.0625,
            0.0,
            0.25,
            0.0,
            0.0006555304236323438
        ],
        [
            0,
            0,
            0,
            1,
            0.0625,
            0.0,
            0.25,
            0.0,
            0.0001525504383376838
        ]
    ],
    "nodeCount": 10,
    "edgeCount": 16,
    "tokenCount": 4,
    "nodes": [
        "0x2d34ddb6b5edebac00b255260869862a6e07f814",
        "0xc1e16013a158d57a60d6aa5bb3108722b0ac6df5",
        "0xef82bd8287da9700b004657170746968cf5ca04a",
        "0x2f82286c2178e9144f2a7b8d27d5b3203253cba4",
        "0x091331f2231cc9b87cac33663371a8484a0a5197",
        "0x2366ec9ddd1eb27506fa2ed48da8f2d9e99ed3c7",
        "0x478d6c9ffa3609faa1bfc4afc2770447ca327705",
        "0x0fe261aee0d1c4dfddee4102e82dd425999065f4",
        "0x98468c0e9342d4e0ac3e09257251fab192992092",
        "0x5bd97307a40dfbfdbaef4b3d997adb816f2dadcc"
    ],
    "tokens": [
        "0x4197c6ef3879a08cd51e5560da5064b773aa1d29",
        "0x47bead2563dcbf3bf2c9407fea4dc236faba485a",
        "0xe9e7cea3dedca5984780bafc599bd69add087d56",
        "0xbb4cdb9cbd36b01bd1cbaebf2de08d9173bc095c"
    ]
}