{
    "hash": "0x095d124439c790cb3cf6eba4c773dea3db5e369ecd685fc09b4c89a36f917fe9",
    "chain": "Ethereum",
    "U": [
        0,
        2,
        1,
        4,
        1,
        5,
        2,
        0,
        1
    ],
    "V": [
        1,
        3,
        2,
        1,
        5,
        1,
        3,
        2,
        6
    ],
    "feat": [
        [
            0,
            0,
            0,
            1,
            0.0,
            0.2222222222222222,
            0.0,
            0.4,
            -2.0
        ],
        [
            0,
            1,
            0,
            0,
            0.3333333333333333,
            0.3333333333333333,
            0.6,
            0.6,
            0.0
        ],
        [
            0,
            0,
            0,
            1,
            0.2222222222222222,
            0.2222222222222222,
            0.4,
            0.4,
            0.9999942567339322
        ],
        [
            0,
            1,
            0,
            0,
            0.2222222222222222,
            0.0,
            0.4,
            0.0,
            1.0000057432660678
        ],
        [
            0,
            0,
            1,
            0,
            0.0,
            0.1111111111111111,
            0.0,
            0.2,
            -1.0
        ],
        [
            0,
            0,
            1,
            0,
            0.1111111111111111,
            0.1111111111111111,
            0.2,
            0.2,
            0.0
        ],
        [
            0,
            0,
            1,
            0,
            0.1111111111111111,
            0.0,
            0.2,
            0.0,
            1.0
        ]
    ],
    "nodeCount": 7,
    "edgeCount": 9,
    "tokenCount": 5,
    "nodes": [
        "0xd6d7ea4833f22edbed3dbd3d71adf3cdd8e36a01",
        "0x498c5431eb517101582988fbb36431ddaac8f4b1",
        "0x0000000000000000000000000000000000000000",
        "0x464c71f6c2f760dda6093dcb91c24c39e5d6e18c",
        "0x030ba81f1c18d280636f32af80b9aad02cf0854e",
        "0x0d4a11d5eeaac28ec3f61d100daf4d40471f1852",
        "0x3ed3b47dd13ec9a98b44e6204a523e766b225811"
    ],
    "tokens": [
        "0x030ba81f1c18d280636f32af80b9aad02cf0854e",
        "0xc02aaa39b223fe8d0a0e5c4f27ead9083c756cc2",
        "0xdac17f958d2ee523a2206206994597c13d831ec7",
        "0x3ed3b47dd13ec9a98b44e6204a523e766b225811",
        "0xe91d55ab2240594855abd11b3faae801fd4c4687"
    ]
}