{
    "hash": "0x09022c48607979cd50d9ec43198b47df90ffe1698006eb097af08b1a7092e1c0",
    "chain": "Ethereum",
    "U": [
        0,
        0,
        0,
        0,
        0,
        0,
        0,
        0,
        0,
        0,
        0,
        0,
        0,
        0,
        0,
        0,
        0,
        0,
        0,
        0,
        0
    ],
    "V": [
        1,
        1,
        1,
        1,
        1,
        1,
        1,
        1,
        1,
        1,
        1,
        1,
        1,
        1,
        1,
        1,
        1,
        1,
        1,
        1,
        1
    ],
    "feat": [
        [
            0,
            0,
            0,
            1,
            0.0,
            1.0,
            0.0,
            1.0,
            -19.723404255319153
        ],
        [
            0,
            0,
            0,
            1,
            1.0,
            0.0,
            1.0,
            0.0,
            19.723404255319153
        ]
    ],
    "nodeCount": 2,
    "edgeCount": 21,
    "tokenCount": 1,
    "nodes": [
        "0x0000000000000000000000000000000000000000",
        "0x382b315acb0ba72aa7034319dc7ee3fffda98a9e"
    ],
    "tokens": [
        "0xecd20f0ebc3da5e514b4454e3dc396e7da18ca6a"
    ]
}