{
    "hash": "0x0a0a287aa15f529588b2e901f3632bf2d63ba7c2f5dafab5aca476f45177f68e",
    "chain": "Ethereum",
    "U": [
        0,
        1,
        3,
        4,
        5,
        6,
        1,
        7,
        8,
        7,
        1
    ],
    "V": [
        1,
        2,
        4,
        5,
        6,
        1,
        7,
        2,
        7,
        1,
        0
    ],
    "feat": [
        [
            0,
            0,
            0,
            1,
            0.09090909090909091,
            0.09090909090909091,
            0.3333333333333333,
            0.3333333333333333,
            0.0
        ],
        [
            0,
            1,
            0,
            0,
            0.2727272727272727,
            0.2727272727272727,
            1.0,
            1.0,
            0.0
        ],
        [
            0,
            0,
            0,
            1,
            0.18181818181818182,
            0.0,
            0.6666666666666666,
            0.0,
            2.0
        ],
        [
            0,
            1,
            0,
            0,
            0.0,
            0.09090909090909091,
            0.0,
            0.3333333333333333,
            -0.14240498654398492
        ],
        [
            0,
            1,
            0,
            0,
            0.09090909090909091,
            0.09090909090909091,
            0.3333333333333333,
            0.3333333333333333,
            0.0
        ],
        [
            0,
            1,
            0,
            0,
            0.09090909090909091,
            0.09090909090909091,
            0.3333333333333333,
            0.3333333333333333,
            0.0
        ],
        [
            0,
            0,
            1,
            0,
            0.09090909090909091,
            0.09090909090909091,
            0.3333333333333333,
            0.3333333333333333,
            -0.8575950134560151
        ],
        [
            0,
            1,
            0,
            0,
            0.18181818181818182,
            0.18181818181818182,
            0.6666666666666666,
            0.6666666666666666,
            0.0
        ],
        [
            0,
            1,
            0,
            0,
            0.0,
            0.09090909090909091,
            0.0,
            0.3333333333333333,
            -1.0
        ]
    ],
    "nodeCount": 9,
    "edgeCount": 11,
    "tokenCount": 3,
    "nodes": [
        "0x4a64a70165c1bd1a796e29349826ad491fce53f7",
        "0xc5b49abf8b164472be9486767af6b1a5586b5609",
        "0x0000000000000000000000000000000000000000",
        "0x4c18e409dc8619bfb6a1cb56d114c3f592e0ae79",
        "0xf147b8125d2ef93fb6965db97d6746952a133934",
        "0xeeabc022ea72afc585809214a43e1ddf3b34fbb6",
        "0x625b7df2fa8abe21b0a976736cda4775523aed1e",
        "0x4ae9e68bd76eba868be20376eea343e8dee02077",
        "0x4ca9b3063ec5866a4b82e437059d2c43d1be596f"
    ],
    "tokens": [
        "0x625b7df2fa8abe21b0a976736cda4775523aed1e",
        "0xb19059ebb43466c323583928285a49f558e572fd",
        "0x2260fac5e5542a773aa44fbcfedf7c193bc2c599"
    ]
}