{
    "hash": "0x0aad1020cb858d611339430310f9b679e7d7135454646e8e1f3b3802dbeaf0d0",
    "chain": "Ethereum",
    "U": [
        0,
        1,
        0,
        2,
        0,
        3,
        4,
        0,
        1
    ],
    "V": [
        1,
        0,
        2,
        0,
        3,
        4,
        0,
        1,
        0
    ],
    "feat": [
        [
            1,
            0,
            0,
            0,
            0.4444444444444444,
            0.4444444444444444,
            0.75,
            0.75,
            0.11099887909932793
        ],
        [
            0,
            0,
            1,
            0,
            0.2222222222222222,
            0.2222222222222222,
            0.5,
            0.5,
            0.0
        ],
        [
            0,
            0,
            1,
            0,
            0.1111111111111111,
            0.1111111111111111,
            0.25,
            0.25,
            -0.11099887909932793
        ],
        [
            0,
            1,
            0,
            0,
            0.1111111111111111,
            0.1111111111111111,
            0.25,
            0.25,
            0.0
        ],
        [
            0,
            0,
            1,
            0,
            0.1111111111111111,
            0.1111111111111111,
            0.25,
            0.25,
            0.0
        ]
    ],
    "nodeCount": 5,
    "edgeCount": 9,
    "tokenCount": 4,
    "nodes": [
        "0x0000000000007f150bd6f54c40a34d7c3d5e9f56",
        "0xc02aaa39b223fe8d0a0e5c4f27ead9083c756cc2",
        "0xc409d34accb279620b1acdc05e408e287d543d17",
        "0xe4fe6a45f354e845f954cddee6084603cedb9410",
        "0x82221e5a862599eb6107fb34cae2d07334b8ad4d"
    ],
    "tokens": [
        "native_token",
        "0xc02aaa39b223fe8d0a0e5c4f27ead9083c756cc2",
        "0xeb4c2781e4eba804ce9a9803c67d0893436bb27d",
        "0xdac17f958d2ee523a2206206994597c13d831ec7"
    ]
}