{
    "hash": "0x0adfa2648b2875889636816076ec834407504b6632f903dda5da149798290fbe",
    "chain": "Binance",
    "U": [
        0,
        1,
        2,
        3,
        4,
        4,
        6,
        4,
        7,
        4,
        2,
        2
    ],
    "V": [
        1,
        2,
        3,
        4,
        5,
        6,
        4,
        7,
        4,
        2,
        8,
        0
    ],
    "feat": [
        [
            0,
            0,
            0,
            1,
            0.08333333333333333,
            0.08333333333333333,
            0.25,
            0.25,
            -0.008749655165769532
        ],
        [
            1,
            0,
            0,
            0,
            0.08333333333333333,
            0.08333333333333333,
            0.25,
            0.25,
            0.0
        ],
        [
            1,
            0,
            0,
            0,
            0.16666666666666666,
            0.25,
            0.5,
            0.5,
            0.0
        ],
        [
            0,
            1,
            0,
            0,
            0.08333333333333333,
            0.08333333333333333,
            0.25,
            0.25,
            0.0
        ],
        [
            0,
            1,
            0,
            0,
            0.25,
            0.3333333333333333,
            0.75,
            1.0,
            -1.0
        ],
        [
            0,
            0,
            1,
            0,
            0.08333333333333333,
            0.0,
            0.25,
            0.0,
            1.0
        ],
        [
            1,
            0,
            0,
            0,
            0.08333333333333333,
            0.08333333333333333,
            0.25,
            0.25,
            0.0
        ],
        [
            0,
            1,
            0,
            0,
            0.08333333333333333,
            0.08333333333333333,
            0.25,
            0.25,
            0.0
        ],
        [
            0,
            0,
            0,
            1,
            0.08333333333333333,
            0.0,
            0.25,
            0.0,
            0.008749655165769584
        ]
    ],
    "nodeCount": 9,
    "edgeCount": 12,
    "tokenCount": 4,
    "nodes": [
        "0x0d1918b3abb63c1c59f5e0402334ca71e73f34e4",
        "0x1a1ec25dc08e98e5e93f1104b5e5cdd298707d31",
        "0xc590175e458b83680867afd273527ff58f74c02b",
        "0xdef1c0ded9bec7f1a1670819833240f027b25eff",
        "0xdb6f1920a889355780af7570773609bd8cb1f498",
        "0xbb4cdb9cbd36b01bd1cbaebf2de08d9173bc095c",
        "0x384245947da33fd3e55577f3d239bbb2bf6195e4",
        "0x9ba8966b706c905e594acbb946ad5e29509f45eb",
        "0x11ededebf63bef0ea2d2d071bdf88f71543ec6fb"
    ],
    "tokens": [
        "native_token",
        "0xbb4cdb9cbd36b01bd1cbaebf2de08d9173bc095c",
        "0x2170ed0880ac9a755fd29b2688956bd959f933f8",
        "0xe9e7cea3dedca5984780bafc599bd69add087d56"
    ]
}