{
    "hash": "0x0bbf1edb63c0efa91f3f4fb48ab087eb4a2fbddca7859288d8f98e996012db30",
    "chain": "Ethereum",
    "U": [
        0,
        2,
        1,
        3,
        1,
        4,
        1,
        1,
        5
    ],
    "V": [
        1,
        1,
        2,
        1,
        3,
        1,
        4,
        5,
        0
    ],
    "feat": [
        [
            0,
            0,
            0,
            1,
            0.1111111111111111,
            0.1111111111111111,
            0.25,
            0.25,
            0.0
        ],
        [
            1,
            0,
            0,
            0,
            0.4444444444444444,
            0.4444444444444444,
            1.0,
            1.0,
            0.0
        ],
        [
            1,
            0,
            0,
            0,
            0.1111111111111111,
            0.1111111111111111,
            0.25,
            0.25,
            0.0
        ],
        [
            1,
            0,
            0,
            0,
            0.1111111111111111,
            0.1111111111111111,
            0.25,
            0.25,
            0.0
        ],
        [
            1,
            0,
            0,
            0,
            0.1111111111111111,
            0.1111111111111111,
            0.25,
            0.25,
            0.0
        ],
        [
            0,
            1,
            0,
            0,
            0.1111111111111111,
            0.1111111111111111,
            0.25,
            0.25,
            0.0
        ]
    ],
    "nodeCount": 6,
    "edgeCount": 9,
    "tokenCount": 4,
    "nodes": [
        "0xc8ddbbd6a6b846c1753290b62e18f9f51c6fbb53",
        "0x220bda5c8994804ac96ebe4df184d25e5c2196d4",
        "0x298b7c5e0770d151e4c5cf6cca4dae3a3ffc8e27",
        "0x88e6a0c2ddd26feeb64f039a2c41296fcb3f5640",
        "0x0000006daea1723962647b7e189d311d757fb793",
        "0x1111111254fb6c44bac0bed2854e76f90643097d"
    ],
    "tokens": [
        "0x99d8a9c45b2eca8864373a26d1459e3dff1e17f3",
        "0xa0b86991c6218b36c1d19d4a2e9eb0ce3606eb48",
        "0xc02aaa39b223fe8d0a0e5c4f27ead9083c756cc2",
        "0x514910771af9ca656af840dff83e8264ecf986ca"
    ]
}