{
    "hash": "0x0b3fc2ca2641a384b34d95208acbab3461d9101eb156645a3a28585d57249469",
    "chain": "Binance",
    "U": [
        0,
        0,
        2,
        3,
        3,
        3,
        3,
        7,
        3,
        3,
        0,
        3
    ],
    "V": [
        1,
        2,
        3,
        4,
        5,
        6,
        7,
        3,
        7,
        7,
        3,
        8
    ],
    "feat": [
        [
            0,
            0,
            0,
            1,
            0.0,
            0.25,
            0.0,
            0.6666666666666666,
            -1.29742276638751
        ],
        [
            0,
            0,
            0,
            1,
            0.08333333333333333,
            0.0,
            0.3333333333333333,
            0.0,
            0.027038433307955443
        ],
        [
            0,
            0,
            1,
            0,
            0.08333333333333333,
            0.08333333333333333,
            0.3333333333333333,
            0.3333333333333333,
            -0.7296156669204457
        ],
        [
            0,
            1,
            0,
            0,
            0.25,
            0.5833333333333334,
            1.0,
            1.0,
            2.2056134997505694e-05
        ],
        [
            0,
            1,
            0,
            0,
            0.08333333333333333,
            0.0,
            0.3333333333333333,
            0.0,
            0.24522354512737554
        ],
        [
            0,
            0,
            0,
            1,
            0.08333333333333333,
            0.0,
            0.3333333333333333,
            0.0,
            0.005004562145456644
        ],
        [
            0,
            0,
            0,
            1,
            0.08333333333333333,
            0.0,
            0.3333333333333333,
            0.0,
            0.0030027372872739864
        ],
        [
            0,
            0,
            1,
            0,
            0.25,
            0.08333333333333333,
            0.6666666666666666,
            0.3333333333333333,
            0.7467470993048964
        ],
        [
            0,
            1,
            0,
            0,
            0.08333333333333333,
            0.0,
            0.3333333333333333,
            0.0,
            1.0
        ]
    ],
    "nodeCount": 9,
    "edgeCount": 12,
    "tokenCount": 3,
    "nodes": [
        "0x0000000000000000000000000000000000000000",
        "0xd4cfec77cdc21573982ec85cf33cfde6cc677e74",
        "0x009cf7bc57584b7998236eff51b98a168dcea9b0",
        "0x4469ba4bc9dd89812b5c86e5fa9afd80d5789de0",
        "0xa13a1e5b7c1d5d40087803a6d4b69b2fc00306d9",
        "0xb9a81e121d8c9d619682bb9ddb6823439178f2f8",
        "0x7ff02831570d50b9aefa18e4b07f55580bd67209",
        "0x0ed7e52944161450477ee417de9cd3a859b14fd0",
        "0x73feaa1ee314f8c655e354234017be2193c9e24e"
    ],
    "tokens": [
        "0x0e09fabb73bd3ade0a17ecc321fd13a19e81ce82",
        "0xbb4cdb9cbd36b01bd1cbaebf2de08d9173bc095c",
        "0x0ed7e52944161450477ee417de9cd3a859b14fd0"
    ]
}