{
    "hash": "0x0b52aa77e867b2df8578b4eae33f08f36ed6104007c9c5ad2f2fe61aeaa79d59",
    "chain": "Binance",
    "U": [
        0,
        1,
        2,
        1,
        3,
        1,
        4,
        1
    ],
    "V": [
        1,
        2,
        1,
        3,
        1,
        4,
        1,
        0
    ],
    "feat": [
        [
            0,
            0,
            0,
            1,
            0.125,
            0.125,
            0.5,
            0.5,
            0.0
        ],
        [
            1,
            0,
            0,
            0,
            0.5,
            0.5,
            1.0,
            1.0,
            -1.1102230246251565e-16
        ],
        [
            0,
            0,
            1,
            0,
            0.125,
            0.125,
            0.5,
            0.5,
            1.234456479802179e-05
        ],
        [
            0,
            1,
            0,
            0,
            0.125,
            0.125,
            0.5,
            0.5,
            0.0003192094554239633
        ],
        [
            0,
            1,
            0,
            0,
            0.125,
            0.125,
            0.5,
            0.5,
            -0.0003315540202218914
        ]
    ],
    "nodeCount": 5,
    "edgeCount": 8,
    "tokenCount": 2,
    "nodes": [
        "0x0f8315511a880e4ece89014240d7805f96fa5053",
        "0xbaf9a5d4b0052359326a6cdab54babaa3a3a9643",
        "0xf45cd219aef8618a92baa7ad848364a158a24f33",
        "0xc73a8dcac88498fd4b4b1b2aaa37b0a2614ff67b",
        "0xe3c58d202d4047ba227e437b79871d51982deeb7"
    ],
    "tokens": [
        "0x7130d2a12b9bcbfae4f2634d864a1ee1ce3ead9c",
        "0xe9e7cea3dedca5984780bafc599bd69add087d56"
    ]
}