{
    "hash": "0x0b83b1bca60730289dad6d5911cefd30e676057725e8b0de84b35db2e3472542",
    "chain": "Ethereum",
    "U": [
        0,
        1,
        1,
        1,
        1,
        1,
        1,
        1,
        1,
        1,
        1,
        1,
        1,
        1,
        1,
        1
    ],
    "V": [
        1,
        1,
        2,
        0,
        1,
        2,
        0,
        1,
        2,
        0,
        1,
        2,
        0,
        1,
        2,
        0
    ],
    "feat": [
        [
            0,
            0,
            0,
            1,
            0.3125,
            0.0625,
            0.5,
            0.5,
            4.0
        ],
        [
            0,
            1,
            0,
            0,
            0.375,
            0.9375,
            0.5,
            1.0,
            -4.999999999999996
        ],
        [
            0,
            0,
            0,
            1,
            0.3125,
            0.0,
            0.5,
            0.0,
            0.9999999999999958
        ]
    ],
    "nodeCount": 3,
    "edgeCount": 16,
    "tokenCount": 2,
    "nodes": [
        "0x5939bf3cb584ab4e266a228b4cfc548b0cf4c9b9",
        "0xfbddadd80fe7bda00b901fbaf73803f2238ae655",
        "0x4b5057b2c87ec9e7c047fb00c0e406dff2fdacad"
    ],
    "tokens": [
        "native_token",
        "0x990f341946a3fdb507ae7e52d17851b87168017c"
    ]
}