{
    "hash": "0x0b826953249eb95ad7053d39b39a30df5951f90d7da0817836a7c4790567defc",
    "chain": "Binance",
    "U": [
        0,
        1,
        2,
        3,
        1,
        1,
        1,
        0
    ],
    "V": [
        1,
        2,
        1,
        1,
        3,
        4,
        0,
        5
    ],
    "feat": [
        [
            0,
            0,
            0,
            1,
            0.125,
            0.25,
            0.3333333333333333,
            0.6666666666666666,
            -1.0
        ],
        [
            1,
            0,
            0,
            0,
            0.375,
            0.5,
            0.6666666666666666,
            0.6666666666666666,
            1.1102230246251565e-16
        ],
        [
            0,
            1,
            0,
            0,
            0.125,
            0.125,
            0.3333333333333333,
            0.3333333333333333,
            7.879211200617631e-05
        ],
        [
            0,
            0,
            0,
            1,
            0.125,
            0.125,
            0.3333333333333333,
            0.3333333333333333,
            -7.961662765409994e-05
        ],
        [
            0,
            1,
            0,
            0,
            0.125,
            0.0,
            0.3333333333333333,
            0.0,
            8.245156479240945e-07
        ],
        [
            0,
            0,
            0,
            1,
            0.125,
            0.0,
            0.3333333333333333,
            0.0,
            1.0
        ]
    ],
    "nodeCount": 6,
    "edgeCount": 8,
    "tokenCount": 3,
    "nodes": [
        "0x5b1d4207ac492ef9d4780d2ad085fb85a0856274",
        "0xc603a00595d5f8ea8d93c5c338c00ff29dba6258",
        "0xb3f0c9ea1f05e312093fdb031e789a756659b0ac",
        "0x06dbc4fe79e2541b03fe4731b2579c0b7f46f099",
        "0x98468c0e9342d4e0ac3e09257251fab192992092",
        "0x0000000000000000000000000000000000000000"
    ],
    "tokens": [
        "0x55d398326f99059ff775485246999027b3197955",
        "0x8ac76a51cc950d9822d68b83fe1ad97b32cd580d",
        "0x0000000000004946c0e9f43f4dee607b0ef1fa1c"
    ]
}