{
    "hash": "0x0dbf836df91709ab23b2390bb8920cc32a3569285380845363f768ed7a3763cd",
    "chain": "Binance",
    "U": [
        0,
        1,
        2,
        3
    ],
    "V": [
        1,
        2,
        3,
        0
    ],
    "feat": [
        [
            0,
            0,
            0,
            1,
            0.25,
            0.25,
            0.3333333333333333,
            0.3333333333333333,
            -0.0002768439202185391
        ],
        [
            0,
            0,
            1,
            0,
            0.25,
            0.25,
            0.3333333333333333,
            0.3333333333333333,
            0.0
        ],
        [
            0,
            0,
            1,
            0,
            0.25,
            0.25,
            0.3333333333333333,
            0.3333333333333333,
            0.0
        ],
        [
            0,
            0,
            1,
            0,
            0.25,
            0.25,
            0.3333333333333333,
            0.3333333333333333,
            0.0002768439202185391
        ]
    ],
    "nodeCount": 4,
    "edgeCount": 4,
    "tokenCount": 3,
    "nodes": [
        "0x40ccc13832765b5aa219ba7f86d87bd8955259ed",
        "0x46492b26639df0cda9b2769429845cb991591e0a",
        "0x2b30c317cedfb554ec525f85e79538d59970beb0",
        "0x8840c6252e2e86e545defb6da98b2a0e26d8c1ba"
    ],
    "tokens": [
        "0xbb4cdb9cbd36b01bd1cbaebf2de08d9173bc095c",
        "0x965f527d9159dce6288a2219db51fc6eef120dd1",
        "0x55d398326f99059ff775485246999027b3197955"
    ]
}