{
    "hash": "0x0d425fab624dec22dfcfd0b5cc1fc7dad85c1b5253430810e30ae7f6e08d3299",
    "chain": "Ethereum",
    "U": [
        0,
        1,
        3
    ],
    "V": [
        1,
        2,
        0
    ],
    "feat": [
        [
            0,
            0,
            0,
            1,
            0.3333333333333333,
            0.3333333333333333,
            0.5,
            0.5,
            0.0
        ],
        [
            1,
            0,
            0,
            0,
            0.3333333333333333,
            0.3333333333333333,
            0.5,
            0.5,
            0.0
        ],
        [
            1,
            0,
            0,
            0,
            0.3333333333333333,
            0.0,
            0.5,
            0.0,
            1.0
        ],
        [
            0,
            0,
            0,
            1,
            0.0,
            0.3333333333333333,
            0.0,
            0.5,
            -1.0
        ]
    ],
    "nodeCount": 4,
    "edgeCount": 3,
    "tokenCount": 2,
    "nodes": [
        "0xf967aaf4b9f0c1502a367ef5ad9c8277c8164e36",
        "0x8e701371913dca43c0853a2eec997205ab466387",
        "0xc1635083cf496d262c18ede80a0488b620316d07",
        "0x0000000000000000000000000000000000000000"
    ],
    "tokens": [
        "native_token",
        "0x0b2153b9289b71134853c726200cbdeaf5d5dd8c"
    ]
}