{
    "hash": "0x0dcca9e64b53cb752b70f798fd6c3f4e6561e31cac0bffc3ba6f57a837c8cbb0",
    "chain": "Ethereum",
    "U": [
        0,
        2,
        3
    ],
    "V": [
        1,
        0,
        2
    ],
    "feat": [
        [
            0,
            0,
            0,
            1,
            0.3333333333333333,
            0.3333333333333333,
            0.5,
            0.5,
            0.9995083721469719
        ],
        [
            0,
            1,
            0,
            0,
            0.3333333333333333,
            0.0,
            0.5,
            0.0,
            0.0004916278530281559
        ],
        [
            0,
            1,
            0,
            0,
            0.3333333333333333,
            0.3333333333333333,
            0.5,
            0.5,
            0.0
        ],
        [
            0,
            0,
            1,
            0,
            0.0,
            0.3333333333333333,
            0.0,
            0.5,
            -1.0
        ]
    ],
    "nodeCount": 4,
    "edgeCount": 3,
    "tokenCount": 2,
    "nodes": [
        "0x0000000000000000000000000000000000000000",
        "0x464c71f6c2f760dda6093dcb91c24c39e5d6e18c",
        "0x558e4c770eebd3022e756d462d13908cb4d0f4a4",
        "0xf256cc7847e919fac9b808cc216cac87ccf2f47a"
    ],
    "tokens": [
        "0xf256cc7847e919fac9b808cc216cac87ccf2f47a",
        "0x8798249c2e607446efb7ad49ec89dd1865ff4272"
    ]
}