{
    "hash": "0x0e6f0df4f9f84215b1c5e46a08f4cad3152760030db99c715fff06070a39230c",
    "chain": "Ethereum",
    "U": [
        0,
        1,
        1,
        1,
        1,
        1,
        1,
        1,
        1,
        1,
        1,
        1,
        1,
        1,
        1,
        1,
        1,
        1,
        1,
        1,
        1,
        1,
        1,
        1,
        1,
        1,
        1,
        1
    ],
    "V": [
        1,
        1,
        2,
        0,
        1,
        2,
        0,
        1,
        2,
        0,
        1,
        2,
        0,
        1,
        2,
        0,
        1,
        2,
        0,
        1,
        2,
        0,
        1,
        2,
        0,
        1,
        2,
        0
    ],
    "feat": [
        [
            0,
            0,
            0,
            1,
            0.32142857142857145,
            0.03571428571428571,
            0.5,
            0.5,
            8.0
        ],
        [
            0,
            1,
            0,
            0,
            0.35714285714285715,
            0.9642857142857143,
            0.5,
            1.0,
            -9.0
        ],
        [
            0,
            0,
            0,
            1,
            0.32142857142857145,
            0.0,
            0.5,
            0.0,
            1.0000000000000002
        ]
    ],
    "nodeCount": 3,
    "edgeCount": 28,
    "tokenCount": 2,
    "nodes": [
        "0xca9713ba35296abb2fea421173e084129d62b44b",
        "0xfbddadd80fe7bda00b901fbaf73803f2238ae655",
        "0x4b5057b2c87ec9e7c047fb00c0e406dff2fdacad"
    ],
    "tokens": [
        "native_token",
        "0x990f341946a3fdb507ae7e52d17851b87168017c"
    ]
}