{
    "hash": "0x0eeaacf60900ac9b7d2bdeb9f3f538f1e7b2bb62fd08d1987681219592efdd04",
    "chain": "Ethereum",
    "U": [
        0,
        2,
        1,
        3,
        1,
        1,
        4,
        5,
        1,
        1,
        4,
        1
    ],
    "V": [
        1,
        1,
        2,
        1,
        3,
        4,
        1,
        1,
        5,
        4,
        1,
        0
    ],
    "feat": [
        [
            0,
            0,
            0,
            1,
            0.08333333333333333,
            0.08333333333333333,
            0.25,
            0.25,
            0.0
        ],
        [
            1,
            0,
            0,
            0,
            0.5,
            0.5,
            1.0,
            1.0,
            -1.1102230246251565e-16
        ],
        [
            0,
            0,
            0,
            1,
            0.08333333333333333,
            0.08333333333333333,
            0.25,
            0.25,
            -0.9
        ],
        [
            1,
            0,
            0,
            0,
            0.08333333333333333,
            0.08333333333333333,
            0.25,
            0.25,
            0.8887106376290116
        ],
        [
            0,
            0,
            1,
            0,
            0.16666666666666666,
            0.16666666666666666,
            0.25,
            0.25,
            0.11128936237098841
        ],
        [
            1,
            0,
            0,
            0,
            0.08333333333333333,
            0.08333333333333333,
            0.25,
            0.25,
            -0.09999999999999998
        ]
    ],
    "nodeCount": 6,
    "edgeCount": 12,
    "tokenCount": 4,
    "nodes": [
        "0x58fb797fe7c1d578d8deac552662101843ef0c4f",
        "0xfd3dfb524b2da40c8a6d703c62be36b5d8540626",
        "0xa5d07e978398eb1715056d3ca5cb31035c02fdad",
        "0x60594a405d53811d3bc4766596efd80fd545a270",
        "0xc02aaa39b223fe8d0a0e5c4f27ead9083c756cc2",
        "0x88e6a0c2ddd26feeb64f039a2c41296fcb3f5640"
    ],
    "tokens": [
        "0xa0b86991c6218b36c1d19d4a2e9eb0ce3606eb48",
        "0x6b175474e89094c44da98b954eedeac495271d0f",
        "0xc02aaa39b223fe8d0a0e5c4f27ead9083c756cc2",
        "native_token"
    ]
}