{
    "hash": "0x0ff6c8e81781186ee8418aa6eeff445109996936511fadfa6c10e685108dacc7",
    "chain": "Binance",
    "U": [
        0,
        1,
        2,
        3,
        4,
        0
    ],
    "V": [
        1,
        2,
        3,
        4,
        0,
        5
    ],
    "feat": [
        [
            1,
            0,
            0,
            0,
            0.16666666666666666,
            0.3333333333333333,
            0.2,
            0.4,
            -0.9917623406339133
        ],
        [
            0,
            0,
            1,
            0,
            0.16666666666666666,
            0.16666666666666666,
            0.2,
            0.2,
            -0.00823765936608667
        ],
        [
            0,
            0,
            1,
            0,
            0.16666666666666666,
            0.16666666666666666,
            0.2,
            0.2,
            0.0
        ],
        [
            0,
            0,
            1,
            0,
            0.16666666666666666,
            0.16666666666666666,
            0.2,
            0.2,
            0.0
        ],
        [
            0,
            0,
            1,
            0,
            0.16666666666666666,
            0.16666666666666666,
            0.2,
            0.2,
            0.0
        ],
        [
            0,
            0,
            0,
            1,
            0.16666666666666666,
            0.0,
            0.2,
            0.0,
            1.0
        ]
    ],
    "nodeCount": 6,
    "edgeCount": 6,
    "tokenCount": 5,
    "nodes": [
        "0x5a4dbcb37bfe02d869e437ce63750602c7428256",
        "0xfba740304f3fc39d0e79703a5d7788e13f877dc0",
        "0xf9675bf8e6b7baa0ad6953188defabc1ca34a058",
        "0x835b4b28e257ec13f17cc13c3d3d12f504df3028",
        "0xaac96d00c566571bafdfa3b8440bdc3cdb223ad0",
        "0x0000000000000000000000000000000000000000"
    ],
    "tokens": [
        "0xe9e7cea3dedca5984780bafc599bd69add087d56",
        "0x0487b824c8261462f88940f97053e65bdb498446",
        "0x55d398326f99059ff775485246999027b3197955",
        "0x7c1608c004f20c3520f70b924e2bfef092da0043",
        "0x0000000000004946c0e9f43f4dee607b0ef1fa1c"
    ]
}