{
    "hash": "0x0ff2128521d4aac564232b45718c4cb967d027eb8f0e68209e65bc671d29f200",
    "chain": "Binance",
    "U": [
        0,
        2,
        1,
        0,
        1,
        3,
        0,
        4
    ],
    "V": [
        1,
        3,
        0,
        1,
        0,
        0,
        4,
        0
    ],
    "feat": [
        [
            1,
            0,
            0,
            0,
            0.5,
            0.375,
            1.0,
            1.0,
            0.00048630714668494203
        ],
        [
            0,
            0,
            1,
            0,
            0.25,
            0.25,
            0.6666666666666666,
            0.6666666666666666,
            0.005988572245066992
        ],
        [
            0,
            0,
            0,
            1,
            0.0,
            0.125,
            0.0,
            0.3333333333333333,
            -0.14569274096235071
        ],
        [
            0,
            1,
            0,
            0,
            0.125,
            0.125,
            0.3333333333333333,
            0.3333333333333333,
            -0.8543072590376493
        ],
        [
            0,
            0,
            1,
            0,
            0.125,
            0.125,
            0.3333333333333333,
            0.3333333333333333,
            0.993525120608248
        ]
    ],
    "nodeCount": 5,
    "edgeCount": 8,
    "tokenCount": 3,
    "nodes": [
        "0xfa362f7bb97ded9312535b92680d87d5208aa600",
        "0x577d005912c49b1679b4c21e334fdb650e92c077",
        "0x0000000000000000000000000000000000000000",
        "0x782395303692abed877d2737aa7982345eb44c11",
        "0x1c0276642f2a7cbcf6624d511f34811cdc65212c"
    ],
    "tokens": [
        "0x7130d2a12b9bcbfae4f2634d864a1ee1ce3ead9c",
        "0x9c65ab58d8d978db963e63f2bfb7121627e3a739",
        "0x2170ed0880ac9a755fd29b2688956bd959f933f8"
    ]
}