{
    "hash": "0x0f173649c00cc1d2dcb9788f8feedae4a66b63623e842a80364f75d267467da9",
    "chain": "Binance",
    "U": [
        0,
        2,
        1,
        0,
        1
    ],
    "V": [
        1,
        3,
        0,
        1,
        0
    ],
    "feat": [
        [
            1,
            0,
            0,
            0,
            0.4,
            0.4,
            0.6666666666666666,
            0.6666666666666666,
            -0.0059888141515545
        ],
        [
            0,
            0,
            1,
            0,
            0.4,
            0.4,
            0.6666666666666666,
            0.6666666666666666,
            0.0059888141515545
        ],
        [
            0,
            0,
            0,
            1,
            0.0,
            0.2,
            0.0,
            0.3333333333333333,
            -1.0
        ],
        [
            0,
            1,
            0,
            0,
            0.2,
            0.0,
            0.3333333333333333,
            0.0,
            1.0
        ]
    ],
    "nodeCount": 4,
    "edgeCount": 5,
    "tokenCount": 3,
    "nodes": [
        "0x551e668d75ae61597410aea9babb8e7e0b8a543f",
        "0x0fb881c078434b1c0e4d0b64d8c64d12078b7ce2",
        "0x0000000000000000000000000000000000000000",
        "0x782395303692abed877d2737aa7982345eb44c11"
    ],
    "tokens": [
        "0x55d398326f99059ff775485246999027b3197955",
        "0x9c65ab58d8d978db963e63f2bfb7121627e3a739",
        "0x2170ed0880ac9a755fd29b2688956bd959f933f8"
    ]
}