{
    "hash": "0x0fae3fc88c95920b42d7b9f3c2e0a676b780c3b4f0babd42b59cf506bb800200",
    "chain": "Ethereum",
    "U": [
        0,
        1,
        3,
        2,
        2,
        2,
        1,
        6,
        7,
        6,
        1,
        0,
        1
    ],
    "V": [
        1,
        2,
        2,
        3,
        4,
        1,
        5,
        7,
        1,
        8,
        6,
        1,
        0
    ],
    "feat": [
        [
            0,
            0,
            1,
            0,
            0.07692307692307693,
            0.15384615384615385,
            0.25,
            0.25,
            -0.9991008092716556
        ],
        [
            0,
            1,
            0,
            0,
            0.3076923076923077,
            0.3076923076923077,
            0.75,
            0.75,
            4.440892098500626e-16
        ],
        [
            0,
            1,
            0,
            0,
            0.15384615384615385,
            0.23076923076923078,
            0.5,
            0.5,
            -2.220446049250313e-16
        ],
        [
            1,
            0,
            0,
            0,
            0.07692307692307693,
            0.07692307692307693,
            0.25,
            0.25,
            -0.0008991907283444345
        ],
        [
            0,
            0,
            0,
            1,
            0.07692307692307693,
            0.0,
            0.25,
            0.0,
            0.00091628691130257
        ],
        [
            0,
            0,
            1,
            0,
            0.07692307692307693,
            0.0,
            0.25,
            0.0,
            0.9990837130886975
        ],
        [
            0,
            0,
            0,
            1,
            0.07692307692307693,
            0.15384615384615385,
            0.25,
            0.5,
            -7.826817768763483e-05
        ],
        [
            0,
            0,
            0,
            1,
            0.07692307692307693,
            0.07692307692307693,
            0.25,
            0.25,
            0.0
        ],
        [
            0,
            1,
            0,
            0,
            0.07692307692307693,
            0.0,
            0.25,
            0.0,
            7.826817768770011e-05
        ]
    ],
    "nodeCount": 9,
    "edgeCount": 13,
    "tokenCount": 4,
    "nodes": [
        "0xbcca60bb61934080951369a648fb03df4f96263c",
        "0x135896de8421be2ec868e0b811006171d9df802a",
        "0x1bd435f3c054b6e901b7b108a0ab7617c808677b",
        "0x88e6a0c2ddd26feeb64f039a2c41296fcb3f5640",
        "0xbc147973709a9f8f25b5f45021cab1ea030d3885",
        "0x030ba81f1c18d280636f32af80b9aad02cf0854e",
        "0x0000000000000000000000000000000000000000",
        "0x07dfdf8c15cd738d0d85830127646fb6b2e4cadd",
        "0x464c71f6c2f760dda6093dcb91c24c39e5d6e18c"
    ],
    "tokens": [
        "0xa0b86991c6218b36c1d19d4a2e9eb0ce3606eb48",
        "0xc02aaa39b223fe8d0a0e5c4f27ead9083c756cc2",
        "0x030ba81f1c18d280636f32af80b9aad02cf0854e",
        "0xbcca60bb61934080951369a648fb03df4f96263c"
    ]
}