{
    "hash": "0x108e06176b05356d4b063076e7b6618d3cd7f939236a9ea058c692b314945896",
    "chain": "Binance",
    "U": [
        0,
        0,
        0
    ],
    "V": [
        1,
        2,
        1
    ],
    "feat": [
        [
            0,
            0,
            0,
            1,
            0.0,
            1.0,
            0.0,
            1.0,
            -1.008
        ],
        [
            0,
            1,
            0,
            0,
            0.6666666666666666,
            0.0,
            1.0,
            0.0,
            1.004
        ],
        [
            0,
            1,
            0,
            0,
            0.3333333333333333,
            0.0,
            1.0,
            0.0,
            0.004
        ]
    ],
    "nodeCount": 3,
    "edgeCount": 3,
    "tokenCount": 1,
    "nodes": [
        "0xd98532acc28e6fc3785f364e93d94aced5b9fe1c",
        "0xa34da41edb2b15a20893d2208377e24d8dcdeb6e",
        "0xcae9e683864e5892da9d258cae4c4d029bd10620"
    ],
    "tokens": [
        "0xe9e7cea3dedca5984780bafc599bd69add087d56"
    ]
}