{
    "hash": "0x10a4142d8344defc917ac1a078cd1fac52555f915e3c5ed44baed1cf774bcfc2",
    "chain": "Ethereum",
    "U": [
        0,
        1,
        1,
        1,
        1,
        1,
        1,
        1,
        1,
        1,
        1,
        1,
        1,
        1,
        1,
        1,
        1,
        1,
        1,
        1,
        1,
        1,
        1,
        1,
        1,
        1,
        1,
        1,
        1,
        1,
        1,
        1,
        1,
        1,
        1,
        1,
        1,
        1,
        1,
        1,
        1,
        1,
        1
    ],
    "V": [
        1,
        1,
        2,
        0,
        1,
        2,
        0,
        1,
        2,
        0,
        1,
        2,
        0,
        1,
        2,
        0,
        1,
        2,
        0,
        1,
        2,
        0,
        1,
        2,
        0,
        1,
        2,
        0,
        1,
        2,
        0,
        1,
        2,
        0,
        1,
        2,
        0,
        1,
        2,
        0,
        1,
        2,
        0
    ],
    "feat": [
        [
            0,
            0,
            0,
            1,
            0.32558139534883723,
            0.023255813953488372,
            0.5,
            0.5,
            10.230769230627219
        ],
        [
            0,
            1,
            0,
            0,
            0.3488372093023256,
            0.9767441860465116,
            0.5,
            1.0,
            -11.23076923062722
        ],
        [
            0,
            0,
            0,
            1,
            0.32558139534883723,
            0.0,
            0.5,
            0.0,
            0.9999999999999986
        ]
    ],
    "nodeCount": 3,
    "edgeCount": 43,
    "tokenCount": 2,
    "nodes": [
        "0xd8c188fed7fe1cbd9738e33a8a1a369d83903231",
        "0xfbddadd80fe7bda00b901fbaf73803f2238ae655",
        "0x4b5057b2c87ec9e7c047fb00c0e406dff2fdacad"
    ],
    "tokens": [
        "native_token",
        "0x990f341946a3fdb507ae7e52d17851b87168017c"
    ]
}