{
    "hash": "0x1176d4d4abcd5ba2999529f13aff29802f0ab22b6fc076a8bebaacef435603f3",
    "chain": "Ethereum",
    "U": [
        0,
        1,
        2,
        3,
        4,
        2,
        5,
        2,
        6,
        2,
        2,
        2
    ],
    "V": [
        1,
        2,
        3,
        2,
        2,
        4,
        2,
        5,
        2,
        6,
        7,
        0
    ],
    "feat": [
        [
            0,
            0,
            0,
            1,
            0.08333333333333333,
            0.08333333333333333,
            0.25,
            0.25,
            -0.00028633155740942495
        ],
        [
            0,
            1,
            0,
            0,
            0.08333333333333333,
            0.08333333333333333,
            0.25,
            0.25,
            0.0
        ],
        [
            1,
            0,
            0,
            0,
            0.4166666666666667,
            0.5,
            1.0,
            1.0,
            0.0
        ],
        [
            0,
            0,
            1,
            0,
            0.08333333333333333,
            0.08333333333333333,
            0.25,
            0.25,
            0.0
        ],
        [
            1,
            0,
            0,
            0,
            0.08333333333333333,
            0.08333333333333333,
            0.25,
            0.25,
            -0.00014366325608500263
        ],
        [
            1,
            0,
            0,
            0,
            0.08333333333333333,
            0.08333333333333333,
            0.25,
            0.25,
            0.00014366325608494712
        ],
        [
            0,
            0,
            1,
            0,
            0.08333333333333333,
            0.08333333333333333,
            0.25,
            0.25,
            0.0
        ],
        [
            0,
            1,
            0,
            0,
            0.08333333333333333,
            0.0,
            0.25,
            0.0,
            0.0002863315574094219
        ]
    ],
    "nodeCount": 8,
    "edgeCount": 12,
    "tokenCount": 4,
    "nodes": [
        "0xb2c95127308876b0da00dce7798412bca95c9fee",
        "0x11111112542d85b3ef69ae05771c2dccff4faa26",
        "0xfd3dfb524b2da40c8a6d703c62be36b5d8540626",
        "0xc02aaa39b223fe8d0a0e5c4f27ead9083c756cc2",
        "0x0000006daea1723962647b7e189d311d757fb793",
        "0x88e6a0c2ddd26feeb64f039a2c41296fcb3f5640",
        "0x39aa39c021dfbae8fac545936693ac917d5e7563",
        "0xdd9f24efc84d93deef3c8745c837ab63e80abd27"
    ],
    "tokens": [
        "native_token",
        "0xc02aaa39b223fe8d0a0e5c4f27ead9083c756cc2",
        "0xa0b86991c6218b36c1d19d4a2e9eb0ce3606eb48",
        "0x39aa39c021dfbae8fac545936693ac917d5e7563"
    ]
}