{
    "hash": "0x111768ff0e47003c3735c542d4d66b43b73667c4fca98f3ef0816f3b20b2a2ef",
    "chain": "Ethereum",
    "U": [
        0,
        1,
        3,
        3,
        3,
        3,
        1,
        1,
        1
    ],
    "V": [
        1,
        2,
        4,
        4,
        1,
        1,
        5,
        0,
        6
    ],
    "feat": [
        [
            0,
            1,
            0,
            0,
            0.1111111111111111,
            0.1111111111111111,
            0.3333333333333333,
            0.3333333333333333,
            -0.3719240655074102
        ],
        [
            0,
            1,
            0,
            0,
            0.3333333333333333,
            0.4444444444444444,
            1.0,
            1.0,
            -5.715428130770306e-13
        ],
        [
            0,
            0,
            0,
            1,
            0.1111111111111111,
            0.0,
            0.3333333333333333,
            0.0,
            1.0
        ],
        [
            0,
            1,
            0,
            0,
            0.0,
            0.4444444444444444,
            0.0,
            0.6666666666666666,
            -2.01018168873032
        ],
        [
            0,
            1,
            0,
            0,
            0.2222222222222222,
            0.0,
            0.6666666666666666,
            0.0,
            0.01018168873032001
        ],
        [
            0,
            0,
            0,
            1,
            0.1111111111111111,
            0.0,
            0.3333333333333333,
            0.0,
            1.0
        ],
        [
            0,
            0,
            1,
            0,
            0.1111111111111111,
            0.0,
            0.3333333333333333,
            0.0,
            0.37192406550798146
        ]
    ],
    "nodeCount": 7,
    "edgeCount": 9,
    "tokenCount": 3,
    "nodes": [
        "0xd1d846312b819743974786050848d9b3d06b9b55",
        "0x853c2d147a1bd7eda8fe0f58fb3c5294db07220e",
        "0x0000000000000000000000000000000000000000",
        "0xe31643ebd9fd29b668c0553c76308a33decffa6d",
        "0xebcc959479634eec5a4d7162e36f8b8cc763f491",
        "0x06cbc7e893c76ae2799020c62ca6e7621f775207",
        "0x1f573d6fb3f13d689ff844b4ce37794d79a7ff1c"
    ],
    "tokens": [
        "0x8151e0fbbc10af5b0f16b413db0747169e9687d9",
        "0x7d1afa7b718fb893db30a3abc0cfc608aacfebb0",
        "0x1f573d6fb3f13d689ff844b4ce37794d79a7ff1c"
    ]
}