{
    "hash": "0x11eb5d6722cb534fe8fd397be6318dbacc10ca2b3967e5ad82cfb67b97a1d0f2",
    "chain": "Ethereum",
    "U": [
        0,
        1,
        1,
        1,
        1,
        1,
        1,
        1,
        1,
        1,
        1,
        1,
        1,
        1,
        1,
        1,
        1,
        1,
        1,
        1,
        1,
        1,
        1,
        1,
        1,
        1,
        1,
        1,
        1,
        1,
        1,
        1,
        1,
        1,
        1,
        1,
        1,
        1,
        1,
        1,
        1,
        1,
        1
    ],
    "V": [
        1,
        1,
        2,
        1,
        2,
        1,
        2,
        1,
        2,
        1,
        2,
        1,
        2,
        1,
        2,
        1,
        2,
        1,
        2,
        1,
        2,
        1,
        2,
        1,
        2,
        1,
        2,
        1,
        2,
        1,
        2,
        1,
        2,
        1,
        2,
        1,
        2,
        1,
        2,
        1,
        2,
        1,
        2
    ],
    "feat": [
        [
            0,
            0,
            0,
            1,
            0.0,
            0.023255813953488372,
            0.0,
            1.0,
            -1.0
        ],
        [
            0,
            1,
            0,
            0,
            0.5116279069767442,
            0.9767441860465116,
            1.0,
            1.0,
            -8.326672684688674e-16
        ],
        [
            0,
            0,
            0,
            1,
            0.4883720930232558,
            0.0,
            1.0,
            0.0,
            1.0000000000000004
        ]
    ],
    "nodeCount": 3,
    "edgeCount": 43,
    "tokenCount": 1,
    "nodes": [
        "0x4e24ac2a716646772def1c979429ed1ba6e4e657",
        "0xfbddadd80fe7bda00b901fbaf73803f2238ae655",
        "0x4b5057b2c87ec9e7c047fb00c0e406dff2fdacad"
    ],
    "tokens": [
        "native_token"
    ]
}