{
    "hash": "0x12c8be4bc738a6bf1b00b56eeae33f98a09ca28a3ea9032085c55427bad47c3b",
    "chain": "Ethereum",
    "U": [
        0,
        1,
        1,
        1,
        0
    ],
    "V": [
        1,
        2,
        3,
        4,
        5
    ],
    "feat": [
        [
            0,
            1,
            0,
            0,
            0.0,
            0.4,
            0.0,
            1.0,
            -1.0000477128295027
        ],
        [
            0,
            1,
            0,
            0,
            0.2,
            0.6,
            1.0,
            1.0,
            0.0
        ],
        [
            0,
            1,
            0,
            0,
            0.2,
            0.0,
            1.0,
            0.0,
            0.01272342120072194
        ],
        [
            0,
            1,
            0,
            0,
            0.2,
            0.0,
            1.0,
            0.0,
            0.02544684240144388
        ],
        [
            0,
            1,
            0,
            0,
            0.2,
            0.0,
            1.0,
            0.0,
            0.9618297363978342
        ],
        [
            1,
            0,
            0,
            0,
            0.2,
            0.0,
            1.0,
            0.0,
            4.771282950270727e-05
        ]
    ],
    "nodeCount": 6,
    "edgeCount": 5,
    "tokenCount": 1,
    "nodes": [
        "0x97767d7d04fd0db0a1a2478dcd4ba85290556b48",
        "0x29c295b046a73cde593f21f63091b072d407e3f2",
        "0xdcb6a51ea3ca5d3fd898fd6564757c7aaec3ca92",
        "0x3f27c540adae3a9e8c875c61e3b970b559d7f65d",
        "0xda4ef8520b1a57d7d63f1e249606d1a459698876",
        "0x1f96e71faa5f91382fa7141eca96b38df9407961"
    ],
    "tokens": [
        "0xc011a73ee8576fb46f5e1c5751ca3b9fe0af2a6f"
    ]
}