{
    "hash": "0x12da9804f8bc466f04abdc57bedd6e553673adf2212295b8ed894e0a621604e7",
    "chain": "Binance",
    "U": [
        0,
        1,
        2,
        1,
        3,
        1,
        4,
        1,
        5,
        1,
        1
    ],
    "V": [
        1,
        2,
        1,
        3,
        1,
        4,
        1,
        5,
        1,
        6,
        0
    ],
    "feat": [
        [
            0,
            0,
            0,
            1,
            0.09090909090909091,
            0.09090909090909091,
            0.3333333333333333,
            0.3333333333333333,
            0.0
        ],
        [
            1,
            0,
            0,
            0,
            0.45454545454545453,
            0.5454545454545454,
            1.0,
            1.0,
            -1.1102230246251565e-16
        ],
        [
            0,
            0,
            1,
            0,
            0.09090909090909091,
            0.09090909090909091,
            0.3333333333333333,
            0.3333333333333333,
            0.0
        ],
        [
            0,
            0,
            1,
            0,
            0.09090909090909091,
            0.09090909090909091,
            0.3333333333333333,
            0.3333333333333333,
            -2.0792770338826094e-05
        ],
        [
            0,
            0,
            1,
            0,
            0.09090909090909091,
            0.09090909090909091,
            0.3333333333333333,
            0.3333333333333333,
            3.7485182132521166e-05
        ],
        [
            0,
            0,
            1,
            0,
            0.09090909090909091,
            0.09090909090909091,
            0.3333333333333333,
            0.3333333333333333,
            -4.122842052012299e-05
        ],
        [
            0,
            1,
            0,
            0,
            0.09090909090909091,
            0.0,
            0.3333333333333333,
            0.0,
            2.4536008726360946e-05
        ]
    ],
    "nodeCount": 7,
    "edgeCount": 11,
    "tokenCount": 3,
    "nodes": [
        "0xc2ee82a71e32699bb939025dcf1d529d0f2987cb",
        "0xc603a00595d5f8ea8d93c5c338c00ff29dba6258",
        "0x0ed7e52944161450477ee417de9cd3a859b14fd0",
        "0x522361c3aa0d81d1726fa7d40aa14505d0e097c9",
        "0x51e6d27fa57373d8d4c256231241053a70cb1d93",
        "0x58f876857a02d6762e0101bb5c46a8c1ed44dc16",
        "0x98468c0e9342d4e0ac3e09257251fab192992092"
    ],
    "tokens": [
        "0x0e09fabb73bd3ade0a17ecc321fd13a19e81ce82",
        "0xbb4cdb9cbd36b01bd1cbaebf2de08d9173bc095c",
        "0xe9e7cea3dedca5984780bafc599bd69add087d56"
    ]
}