{
    "hash": "0x13ec8e95b0868ddd73d57bf0486c8a13fd2a7eadd05838970b9e6de9f1c187e4",
    "chain": "Ethereum",
    "U": [
        0,
        1,
        1,
        1,
        1,
        1,
        1,
        1,
        1,
        1,
        1,
        1,
        1,
        1,
        1,
        1,
        1,
        1,
        1,
        1,
        1,
        1,
        1,
        1,
        1,
        1,
        1,
        1,
        1,
        1,
        1,
        1,
        1,
        1,
        1,
        1,
        1,
        1,
        1,
        1,
        1,
        1,
        1,
        1,
        1,
        1,
        1,
        1,
        1,
        1,
        1,
        1,
        1,
        1,
        1
    ],
    "V": [
        1,
        1,
        2,
        0,
        1,
        2,
        0,
        1,
        2,
        0,
        1,
        2,
        0,
        1,
        2,
        0,
        1,
        2,
        0,
        1,
        2,
        0,
        1,
        2,
        0,
        1,
        2,
        0,
        1,
        2,
        0,
        1,
        2,
        0,
        1,
        2,
        0,
        1,
        2,
        0,
        1,
        2,
        0,
        1,
        2,
        0,
        1,
        2,
        0,
        1,
        2,
        0,
        1,
        2,
        0
    ],
    "feat": [
        [
            0,
            0,
            0,
            1,
            0.32727272727272727,
            0.01818181818181818,
            0.5,
            0.5,
            16.99077256122311
        ],
        [
            0,
            1,
            0,
            0,
            0.34545454545454546,
            0.9818181818181818,
            0.5,
            1.0,
            -17.99077256122311
        ],
        [
            0,
            0,
            0,
            1,
            0.32727272727272727,
            0.0,
            0.5,
            0.0,
            0.9999999999999967
        ]
    ],
    "nodeCount": 3,
    "edgeCount": 55,
    "tokenCount": 2,
    "nodes": [
        "0x58f2429d4e0579c658c124d02d7328b21a9e2b5b",
        "0xfbddadd80fe7bda00b901fbaf73803f2238ae655",
        "0x4b5057b2c87ec9e7c047fb00c0e406dff2fdacad"
    ],
    "tokens": [
        "native_token",
        "0x990f341946a3fdb507ae7e52d17851b87168017c"
    ]
}