{
    "hash": "0x139d0dfa0773fc35c19ae008d162526b190c218e68c98e35ee616c7793174f70",
    "chain": "Binance",
    "U": [
        0,
        1,
        2,
        3,
        2,
        4,
        5,
        6,
        2,
        1,
        1
    ],
    "V": [
        1,
        2,
        3,
        2,
        4,
        5,
        2,
        2,
        1,
        7,
        0
    ],
    "feat": [
        [
            0,
            0,
            0,
            1,
            0.09090909090909091,
            0.09090909090909091,
            0.25,
            0.25,
            -0.008678762996509382
        ],
        [
            1,
            0,
            0,
            0,
            0.18181818181818182,
            0.2727272727272727,
            0.5,
            0.5,
            0.0
        ],
        [
            0,
            1,
            0,
            0,
            0.36363636363636365,
            0.2727272727272727,
            0.75,
            0.5,
            1.3222712309349731
        ],
        [
            0,
            0,
            1,
            0,
            0.09090909090909091,
            0.09090909090909091,
            0.25,
            0.25,
            -0.07893982609142094
        ],
        [
            0,
            0,
            1,
            0,
            0.09090909090909091,
            0.09090909090909091,
            0.25,
            0.25,
            -0.2433314048435522
        ],
        [
            0,
            0,
            1,
            0,
            0.09090909090909091,
            0.09090909090909091,
            0.25,
            0.25,
            0.0
        ],
        [
            0,
            0,
            1,
            0,
            0.0,
            0.09090909090909091,
            0.0,
            0.25,
            -1.0
        ],
        [
            0,
            0,
            0,
            1,
            0.09090909090909091,
            0.0,
            0.25,
            0.0,
            0.008678762996509354
        ]
    ],
    "nodeCount": 8,
    "edgeCount": 11,
    "tokenCount": 4,
    "nodes": [
        "0x7c4a6d15723a4e22a121c055a3224a980ba53672",
        "0xc590175e458b83680867afd273527ff58f74c02b",
        "0xdb6f1920a889355780af7570773609bd8cb1f498",
        "0x2eebe0c34da9ba65521e98cbaa7d97496d05f489",
        "0xd76026a78a2a9af2f9f57fe6337eed26bfc26aed",
        "0x58f876857a02d6762e0101bb5c46a8c1ed44dc16",
        "0xbb4cdb9cbd36b01bd1cbaebf2de08d9173bc095c",
        "0x11ededebf63bef0ea2d2d071bdf88f71543ec6fb"
    ],
    "tokens": [
        "0x00e1656e45f18ec6747f5a8496fd39b50b38396d",
        "0xbb4cdb9cbd36b01bd1cbaebf2de08d9173bc095c",
        "0xe9e7cea3dedca5984780bafc599bd69add087d56",
        "native_token"
    ]
}