{
    "hash": "0x1351a2e5361ea06354447d637dd76aa2bc74ad704211cf8156c6b773fd04babc",
    "chain": "Binance",
    "U": [
        0,
        2,
        1,
        4,
        3,
        2,
        5,
        3,
        3,
        6,
        2,
        5,
        1,
        4,
        3
    ],
    "V": [
        1,
        1,
        3,
        3,
        2,
        5,
        3,
        4,
        6,
        7,
        8,
        0,
        3,
        3,
        0
    ],
    "feat": [
        [
            0,
            0,
            0,
            1,
            0.13333333333333333,
            0.06666666666666667,
            0.5,
            0.25,
            1.0
        ],
        [
            0,
            0,
            1,
            0,
            0.13333333333333333,
            0.13333333333333333,
            0.25,
            0.25,
            -0.002034532115458121
        ],
        [
            0,
            0,
            1,
            0,
            0.06666666666666667,
            0.2,
            0.25,
            0.5,
            -0.2193815914649716
        ],
        [
            0,
            1,
            0,
            0,
            0.3333333333333333,
            0.26666666666666666,
            0.5,
            0.5,
            1.2530469983776342
        ],
        [
            0,
            0,
            1,
            0,
            0.06666666666666667,
            0.13333333333333333,
            0.25,
            0.25,
            -1.2530469983776342
        ],
        [
            1,
            0,
            0,
            0,
            0.06666666666666667,
            0.13333333333333333,
            0.25,
            0.5,
            -1.0
        ],
        [
            0,
            0,
            1,
            0,
            0.06666666666666667,
            0.06666666666666667,
            0.25,
            0.25,
            -0.1425791565941735
        ],
        [
            0,
            0,
            1,
            0,
            0.06666666666666667,
            0.0,
            0.25,
            0.0,
            0.23747178098578622
        ],
        [
            0,
            0,
            0,
            1,
            0.06666666666666667,
            0.0,
            0.25,
            0.0,
            0.126523499188817
        ]
    ],
    "nodeCount": 9,
    "edgeCount": 15,
    "tokenCount": 4,
    "nodes": [
        "0x610de78d2840d618a304d742b2605b4390bd3b2f",
        "0x3594ba88027a6af93bedc72879c6fcd06388469e",
        "0x4ca8458254b82c3f3c94cc070835562d5d1678bd",
        "0x10ed43c718714eb63d5aa57b78b54704e256024e",
        "0xbb4cdb9cbd36b01bd1cbaebf2de08d9173bc095c",
        "0x3051180d3f7952af67df5952e7c22ea5d8cdcb15",
        "0x28f40e137adf74d62b996be301c1cf81c8d60de2",
        "0xe81fe8bbbea13a0fd5cc0aafb6062631c659ec54",
        "0xd3b1d4b2ca7010d75b647788a6c909676752902b"
    ],
    "tokens": [
        "0x4ca8458254b82c3f3c94cc070835562d5d1678bd",
        "0xbb4cdb9cbd36b01bd1cbaebf2de08d9173bc095c",
        "native_token",
        "0xe81fe8bbbea13a0fd5cc0aafb6062631c659ec54"
    ]
}