{
    "hash": "0x13a1e6a16e647822d8beb68869e571e9436ae7f0d767e77a3f610396cb55aa0c",
    "chain": "Ethereum",
    "U": [
        0,
        1,
        2,
        3,
        0,
        4,
        0,
        0,
        6,
        5,
        0,
        8
    ],
    "V": [
        1,
        2,
        3,
        0,
        4,
        0,
        5,
        6,
        0,
        7,
        8,
        0
    ],
    "feat": [
        [
            1,
            0,
            0,
            0,
            0.3333333333333333,
            0.4166666666666667,
            0.8,
            0.8,
            0.007751094228139355
        ],
        [
            0,
            1,
            0,
            0,
            0.08333333333333333,
            0.08333333333333333,
            0.2,
            0.2,
            0.0
        ],
        [
            0,
            1,
            0,
            0,
            0.08333333333333333,
            0.08333333333333333,
            0.2,
            0.2,
            -0.008793256668424676
        ],
        [
            0,
            1,
            0,
            0,
            0.08333333333333333,
            0.08333333333333333,
            0.2,
            0.2,
            0.00023729888766177432
        ],
        [
            0,
            0,
            1,
            0,
            0.08333333333333333,
            0.08333333333333333,
            0.2,
            0.2,
            2.596364234719317e-10
        ],
        [
            0,
            1,
            0,
            0,
            0.08333333333333333,
            0.08333333333333333,
            0.2,
            0.2,
            0.0
        ],
        [
            0,
            0,
            0,
            1,
            0.08333333333333333,
            0.08333333333333333,
            0.2,
            0.2,
            0.0
        ],
        [
            0,
            1,
            0,
            0,
            0.08333333333333333,
            0.0,
            0.2,
            0.0,
            0.0008048632929869866
        ],
        [
            0,
            0,
            1,
            0,
            0.08333333333333333,
            0.08333333333333333,
            0.2,
            0.2,
            0.0
        ]
    ],
    "nodeCount": 9,
    "edgeCount": 12,
    "tokenCount": 5,
    "nodes": [
        "0x0000000000007f150bd6f54c40a34d7c3d5e9f56",
        "0x2f9ec37d6ccfff1cab21733bdadede11c823ccb0",
        "0x4c9a2bd661d640da3634a4988a9bd2bc0f18e5a9",
        "0xc51bda643afbcf2d5c97678a1abb825f48bf53d8",
        "0xf5ca27927ffb16bd8c870dcb49750146cce8217c",
        "0x61935cbdd02287b511119ddb11aeb42f1593b7ef",
        "0xe28a07e11492568fed8e60e7606c780a27dd4476",
        "0xa26e80e7dea86279c6d778d702cc413e6cffa777",
        "0xc02aaa39b223fe8d0a0e5c4f27ead9083c756cc2"
    ],
    "tokens": [
        "native_token",
        "0x1f573d6fb3f13d689ff844b4ce37794d79a7ff1c",
        "0x4691937a7508860f876c9c0a2a617e7d9e945d4b",
        "0xa0b86991c6218b36c1d19d4a2e9eb0ce3606eb48",
        "0xc02aaa39b223fe8d0a0e5c4f27ead9083c756cc2"
    ]
}