{
    "hash": "0x149bb3bf7788e37546d2c3efea2a69bc9be2c484388048a4cb1a91ad0589a4e2",
    "chain": "Ethereum",
    "U": [
        0,
        0,
        0,
        0,
        0,
        0,
        0,
        0,
        0
    ],
    "V": [
        1,
        1,
        1,
        1,
        1,
        1,
        1,
        1,
        1
    ],
    "feat": [
        [
            0,
            0,
            0,
            1,
            0.0,
            1.0,
            0.0,
            1.0,
            -8.265556136550385
        ],
        [
            0,
            0,
            0,
            1,
            1.0,
            0.0,
            1.0,
            0.0,
            8.265556136550385
        ]
    ],
    "nodeCount": 2,
    "edgeCount": 9,
    "tokenCount": 1,
    "nodes": [
        "0x0000000000000000000000000000000000000000",
        "0x386ff06e8f928be5ad16f7093a9381d38bdc83e3"
    ],
    "tokens": [
        "0x5820e6afbe12f28ed90421d5b961fb8af379938b"
    ]
}