{
    "hash": "0x14fe07fa5d69e51ba711cf0e4988b1265513abade60107a16b0feb83eb849977",
    "chain": "Ethereum",
    "U": [
        0,
        1,
        2,
        1,
        1,
        1
    ],
    "V": [
        1,
        2,
        1,
        0,
        3,
        4
    ],
    "feat": [
        [
            0,
            0,
            0,
            1,
            0.16666666666666666,
            0.16666666666666666,
            0.25,
            0.25,
            0.0
        ],
        [
            1,
            0,
            0,
            0,
            0.3333333333333333,
            0.6666666666666666,
            0.5,
            1.0,
            -2.0
        ],
        [
            0,
            1,
            0,
            0,
            0.16666666666666666,
            0.16666666666666666,
            0.25,
            0.25,
            0.0
        ],
        [
            0,
            0,
            0,
            1,
            0.16666666666666666,
            0.0,
            0.25,
            0.0,
            1.0
        ],
        [
            0,
            0,
            0,
            1,
            0.16666666666666666,
            0.0,
            0.25,
            0.0,
            1.0
        ]
    ],
    "nodeCount": 5,
    "edgeCount": 6,
    "tokenCount": 4,
    "nodes": [
        "0x56178a0d5f301baf6cf3e1cd53d9863437345bf9",
        "0xa57bd00134b2850b2a1c55860c9e9ea100fdd6cf",
        "0xc697051d1c6296c24ae3bcef39aca743861d9a81",
        "0xea674fdde714fd979de3edf0f56aa9716b898ec8",
        "0x0000000000000000000000000000000000000000"
    ],
    "tokens": [
        "0x7fc66500c84a76ad7e9c93437bfc5ac33e2ddae9",
        "0xc02aaa39b223fe8d0a0e5c4f27ead9083c756cc2",
        "native_token",
        "0x0000000000004946c0e9f43f4dee607b0ef1fa1c"
    ]
}