{
    "hash": "0x158e5a2db9ab1c2f81ce9e3129641eb597e31dcdfb91055f13f9c0b0264f2e43",
    "chain": "Ethereum",
    "U": [
        0,
        1,
        2,
        3,
        1,
        4,
        1,
        1
    ],
    "V": [
        1,
        2,
        1,
        1,
        3,
        1,
        4,
        0
    ],
    "feat": [
        [
            0,
            0,
            0,
            1,
            0.125,
            0.125,
            0.3333333333333333,
            0.3333333333333333,
            0.0
        ],
        [
            1,
            0,
            0,
            0,
            0.5,
            0.5,
            1.0,
            1.0,
            0.0
        ],
        [
            0,
            0,
            1,
            0,
            0.125,
            0.125,
            0.3333333333333333,
            0.3333333333333333,
            0.0005489621865076288
        ],
        [
            1,
            0,
            0,
            0,
            0.125,
            0.125,
            0.3333333333333333,
            0.3333333333333333,
            -0.39999999992350876
        ],
        [
            1,
            0,
            0,
            0,
            0.125,
            0.125,
            0.3333333333333333,
            0.3333333333333333,
            0.3994510377370011
        ]
    ],
    "nodeCount": 5,
    "edgeCount": 8,
    "tokenCount": 3,
    "nodes": [
        "0xeca023e03127205dca2f196b8b32bdd748203587",
        "0xfd3dfb524b2da40c8a6d703c62be36b5d8540626",
        "0x004375dff511095cc5a197a54140a24efef3a416",
        "0x88e6a0c2ddd26feeb64f039a2c41296fcb3f5640",
        "0x4585fe77225b41b697c938b018e2ac67ac5a20c0"
    ],
    "tokens": [
        "0xa0b86991c6218b36c1d19d4a2e9eb0ce3606eb48",
        "0x2260fac5e5542a773aa44fbcfedf7c193bc2c599",
        "0xc02aaa39b223fe8d0a0e5c4f27ead9083c756cc2"
    ]
}