{
    "hash": "0x1565d501e2456eb7177b2162100cc465ba06f7c2051cda90786d0cbd52af89ac",
    "chain": "Ethereum",
    "U": [
        0,
        1,
        1,
        2,
        2,
        2
    ],
    "V": [
        1,
        2,
        2,
        3,
        1,
        1
    ],
    "feat": [
        [
            0,
            0,
            0,
            1,
            0.0,
            0.16666666666666666,
            0.0,
            0.3333333333333333,
            -1.0
        ],
        [
            0,
            0,
            0,
            1,
            0.5,
            0.3333333333333333,
            1.0,
            0.6666666666666666,
            0.0
        ],
        [
            0,
            0,
            1,
            0,
            0.3333333333333333,
            0.5,
            0.6666666666666666,
            0.6666666666666666,
            0.0
        ],
        [
            1,
            0,
            0,
            0,
            0.16666666666666666,
            0.0,
            0.3333333333333333,
            0.0,
            1.0
        ]
    ],
    "nodeCount": 4,
    "edgeCount": 6,
    "tokenCount": 3,
    "nodes": [
        "0x0000000000000000000000000000000000000000",
        "0x042a19271d4fdb81cc543090536c6a28cdb7c924",
        "0xec665d477812c11bf163841c83322fb4743d1cfa",
        "0x3fae0f474145a1a771f36bd188d1cc7057a91b06"
    ],
    "tokens": [
        "0xec665d477812c11bf163841c83322fb4743d1cfa",
        "0x011864d37035439e078d64630777ec518138af05",
        "0xc02aaa39b223fe8d0a0e5c4f27ead9083c756cc2"
    ]
}