{
    "hash": "0x15947a434c9a4789aaee4684cfbd4dd99be8ec6afcf670ad935c5018f35fd75e",
    "chain": "Binance",
    "U": [
        0,
        0
    ],
    "V": [
        1,
        1
    ],
    "feat": [
        [
            0,
            1,
            0,
            0,
            0.0,
            1.0,
            0.0,
            1.0,
            -1.3287476876937079
        ],
        [
            0,
            0,
            0,
            1,
            1.0,
            0.0,
            1.0,
            0.0,
            1.3287476876937079
        ]
    ],
    "nodeCount": 2,
    "edgeCount": 2,
    "tokenCount": 1,
    "nodes": [
        "0xfd36e2c2a6789db23113685031d7f16329158384",
        "0x1990a9f74aebf17a873fc446447767b5aba75f1d"
    ],
    "tokens": [
        "0xcf6bb5389c92bdda8a3747ddb454cb7a64626c63"
    ]
}