{
    "hash": "0x1635032cd479d9ad8a18e4f105ace3d5157ff2d6fda3eb934a8dcde09f4ac396",
    "chain": "Ethereum",
    "U": [
        0,
        1,
        2,
        0,
        3,
        4,
        5,
        0,
        7,
        6
    ],
    "V": [
        1,
        2,
        0,
        3,
        4,
        0,
        6,
        5,
        0,
        7
    ],
    "feat": [
        [
            0,
            0,
            0,
            1,
            0.3,
            0.3,
            0.3333333333333333,
            0.3333333333333333,
            0.0018122583023305605
        ],
        [
            0,
            0,
            1,
            0,
            0.1,
            0.1,
            0.3333333333333333,
            0.3333333333333333,
            0.0
        ],
        [
            0,
            0,
            1,
            0,
            0.1,
            0.1,
            0.3333333333333333,
            0.3333333333333333,
            0.0
        ],
        [
            0,
            0,
            1,
            0,
            0.1,
            0.1,
            0.3333333333333333,
            0.3333333333333333,
            -0.0002740010027071915
        ],
        [
            0,
            0,
            1,
            0,
            0.1,
            0.1,
            0.3333333333333333,
            0.3333333333333333,
            -0.0006205513965296672
        ],
        [
            0,
            1,
            0,
            0,
            0.1,
            0.1,
            0.3333333333333333,
            0.3333333333333333,
            -0.0001550641554616261
        ],
        [
            0,
            1,
            0,
            0,
            0.1,
            0.1,
            0.3333333333333333,
            0.3333333333333333,
            0.0
        ],
        [
            1,
            0,
            0,
            0,
            0.1,
            0.1,
            0.3333333333333333,
            0.3333333333333333,
            -0.0007626417476320757
        ]
    ],
    "nodeCount": 8,
    "edgeCount": 10,
    "tokenCount": 3,
    "nodes": [
        "0xa25a9b7c73158b3b34215925796ce6aa8100c13a",
        "0x06da0fd433c1a5d7a4faa01111c044910a184553",
        "0x58dc5a51fe44589beb22e8ce67720b5bc5378009",
        "0x0d4a11d5eeaac28ec3f61d100daf4d40471f1852",
        "0x3da1313ae46132a397d90d95b1424a9a7e3e0fce",
        "0x4e68ccd3e89f51c3074ca5072bbac773960dfa36",
        "0xdef1c0ded9bec7f1a1670819833240f027b25eff",
        "0x4c83a7f819a5c37d64b4c5a2f8238ea082fa1f4e"
    ],
    "tokens": [
        "0xdac17f958d2ee523a2206206994597c13d831ec7",
        "0xc02aaa39b223fe8d0a0e5c4f27ead9083c756cc2",
        "0xd533a949740bb3306d119cc777fa900ba034cd52"
    ]
}