{
    "hash": "0x165caa78786efe4c2efb9d4108b2b80e28d6b18d7c618a3bd2d686db6a123dee",
    "chain": "Ethereum",
    "U": [
        0,
        2,
        1,
        1,
        1,
        3
    ],
    "V": [
        1,
        1,
        2,
        0,
        0,
        4
    ],
    "feat": [
        [
            0,
            0,
            0,
            1,
            0.3333333333333333,
            0.16666666666666666,
            0.6666666666666666,
            0.3333333333333333,
            0.9885476832242357
        ],
        [
            1,
            0,
            0,
            0,
            0.3333333333333333,
            0.5,
            0.6666666666666666,
            0.6666666666666666,
            0.0
        ],
        [
            0,
            1,
            0,
            0,
            0.16666666666666666,
            0.16666666666666666,
            0.3333333333333333,
            0.3333333333333333,
            -0.9885476832242357
        ],
        [
            1,
            0,
            0,
            0,
            0.0,
            0.16666666666666666,
            0.0,
            0.3333333333333333,
            -1.0
        ],
        [
            0,
            0,
            0,
            1,
            0.16666666666666666,
            0.0,
            0.3333333333333333,
            0.0,
            1.0
        ]
    ],
    "nodeCount": 5,
    "edgeCount": 6,
    "tokenCount": 3,
    "nodes": [
        "0x56178a0d5f301baf6cf3e1cd53d9863437345bf9",
        "0xbf3f6477dbd514ef85b7d3ec6ac2205fd0962039",
        "0x8ad599c3a0ff1de082011efddc58f1908eb6e6d8",
        "0xa57bd00134b2850b2a1c55860c9e9ea100fdd6cf",
        "0x0000000000000000000000000000000000000000"
    ],
    "tokens": [
        "0xa0b86991c6218b36c1d19d4a2e9eb0ce3606eb48",
        "0xc02aaa39b223fe8d0a0e5c4f27ead9083c756cc2",
        "0x0000000000004946c0e9f43f4dee607b0ef1fa1c"
    ]
}