{
    "hash": "0x16da68aab1d637f74dd3c2f95733abf19156a3232238b1073467a9e90e6f5c09",
    "chain": "Ethereum",
    "U": [
        0,
        1,
        1,
        1,
        1,
        1,
        1,
        1,
        1,
        1,
        1,
        1,
        1,
        1,
        1,
        1,
        1,
        1,
        1,
        1,
        1,
        1,
        1,
        1,
        1,
        1,
        1,
        1,
        1,
        1,
        1,
        1,
        1,
        1,
        1,
        1,
        1,
        1,
        1,
        1,
        1,
        1,
        1,
        1,
        1,
        1
    ],
    "V": [
        1,
        1,
        2,
        0,
        1,
        2,
        0,
        1,
        2,
        0,
        1,
        2,
        0,
        1,
        2,
        0,
        1,
        2,
        0,
        1,
        2,
        0,
        1,
        2,
        0,
        1,
        2,
        0,
        1,
        2,
        0,
        1,
        2,
        0,
        1,
        2,
        0,
        1,
        2,
        0,
        1,
        2,
        0,
        1,
        2,
        0
    ],
    "feat": [
        [
            0,
            0,
            0,
            1,
            0.32608695652173914,
            0.021739130434782608,
            0.5,
            0.5,
            13.99915919600959
        ],
        [
            0,
            1,
            0,
            0,
            0.34782608695652173,
            0.9782608695652174,
            0.5,
            1.0,
            -14.99915919600959
        ],
        [
            0,
            0,
            0,
            1,
            0.32608695652173914,
            0.0,
            0.5,
            0.0,
            1.0000000000000004
        ]
    ],
    "nodeCount": 3,
    "edgeCount": 46,
    "tokenCount": 2,
    "nodes": [
        "0x521c8707efc0fc698c33127d614f4e603245acec",
        "0xfbddadd80fe7bda00b901fbaf73803f2238ae655",
        "0x4b5057b2c87ec9e7c047fb00c0e406dff2fdacad"
    ],
    "tokens": [
        "native_token",
        "0x990f341946a3fdb507ae7e52d17851b87168017c"
    ]
}