{
    "hash": "0x171020862cfd9ad50a46e176b8604e959af6f96accecd5996f0b5f9b5c44a2ba",
    "chain": "Ethereum",
    "U": [
        0,
        1,
        2,
        1,
        3,
        1
    ],
    "V": [
        1,
        2,
        1,
        3,
        1,
        4
    ],
    "feat": [
        [
            0,
            0,
            0,
            1,
            0.0,
            0.16666666666666666,
            0.0,
            0.3333333333333333,
            -1.0
        ],
        [
            1,
            0,
            0,
            0,
            0.5,
            0.5,
            1.0,
            1.0,
            0.0
        ],
        [
            0,
            0,
            1,
            0,
            0.16666666666666666,
            0.16666666666666666,
            0.3333333333333333,
            0.3333333333333333,
            0.0
        ],
        [
            0,
            0,
            1,
            0,
            0.16666666666666666,
            0.16666666666666666,
            0.3333333333333333,
            0.3333333333333333,
            0.0
        ],
        [
            0,
            0,
            0,
            1,
            0.16666666666666666,
            0.0,
            0.3333333333333333,
            0.0,
            1.0
        ]
    ],
    "nodeCount": 5,
    "edgeCount": 6,
    "tokenCount": 3,
    "nodes": [
        "0x0000000000000000000000000000000000000000",
        "0x9b43cf698b0412455e9880d283118b99f56fb951",
        "0xa6f3ef841d371a82ca757fad08efc0dee2f1f5e2",
        "0xc02aaa39b223fe8d0a0e5c4f27ead9083c756cc2",
        "0x394c0aeb8b4ed20523c3f355c5f4465cb03b2f27"
    ],
    "tokens": [
        "0x0000000000004946c0e9f43f4dee607b0ef1fa1c",
        "0xc02aaa39b223fe8d0a0e5c4f27ead9083c756cc2",
        "native_token"
    ]
}