{
    "hash": "0x176532f7b0109da0d21453af4989fbe54cc9756386da27152a3124981673ccf6",
    "chain": "Ethereum",
    "U": [
        0,
        1,
        2,
        3,
        2,
        4,
        1,
        4,
        1,
        1,
        5,
        1
    ],
    "V": [
        1,
        2,
        3,
        2,
        4,
        1,
        4,
        1,
        4,
        4,
        1,
        0
    ],
    "feat": [
        [
            0,
            0,
            0,
            1,
            0.08333333333333333,
            0.08333333333333333,
            0.25,
            0.25,
            0.0
        ],
        [
            0,
            1,
            0,
            0,
            0.3333333333333333,
            0.4166666666666667,
            1.0,
            1.0,
            0.0
        ],
        [
            0,
            1,
            0,
            0,
            0.16666666666666666,
            0.16666666666666666,
            0.5,
            0.5,
            0.0
        ],
        [
            0,
            0,
            1,
            0,
            0.08333333333333333,
            0.08333333333333333,
            0.25,
            0.25,
            0.0
        ],
        [
            0,
            0,
            1,
            0,
            0.3333333333333333,
            0.16666666666666666,
            0.5,
            0.5,
            1.0
        ],
        [
            0,
            0,
            0,
            1,
            0.0,
            0.08333333333333333,
            0.0,
            0.25,
            -1.0
        ]
    ],
    "nodeCount": 6,
    "edgeCount": 12,
    "tokenCount": 4,
    "nodes": [
        "0xa09ce3af7c2dd44088855734eccecffdcc79b6e7",
        "0x5acedba6c402e2682d312a7b4982eda0ccf2d2e3",
        "0xdef1c0ded9bec7f1a1670819833240f027b25eff",
        "0xc02aaa39b223fe8d0a0e5c4f27ead9083c756cc2",
        "0x25647e01bd0967c1b9599fa3521939871d1d0888",
        "0x0000000000000000000000000000000000000000"
    ],
    "tokens": [
        "native_token",
        "0xc02aaa39b223fe8d0a0e5c4f27ead9083c756cc2",
        "0xe53ec727dbdeb9e2d5456c3be40cff031ab40a55",
        "0x25647e01bd0967c1b9599fa3521939871d1d0888"
    ]
}