{
    "hash": "0x17410ab60c03e97fceef252aa85c7bc9bbbcd1942c88518ad7e3b80f08963127",
    "chain": "Ethereum",
    "U": [
        0,
        1,
        2,
        3,
        2,
        4,
        2,
        2,
        5,
        2,
        2,
        1
    ],
    "V": [
        1,
        2,
        3,
        2,
        4,
        2,
        4,
        4,
        2,
        0,
        0,
        5
    ],
    "feat": [
        [
            0,
            0,
            0,
            1,
            0.16666666666666666,
            0.08333333333333333,
            0.4,
            0.2,
            0.005918516026364154
        ],
        [
            0,
            1,
            0,
            0,
            0.08333333333333333,
            0.16666666666666666,
            0.2,
            0.4,
            0.0
        ],
        [
            0,
            1,
            0,
            0,
            0.3333333333333333,
            0.5,
            0.8,
            0.8,
            0.0
        ],
        [
            0,
            0,
            1,
            0,
            0.08333333333333333,
            0.08333333333333333,
            0.2,
            0.2,
            0.0
        ],
        [
            0,
            0,
            1,
            0,
            0.25,
            0.08333333333333333,
            0.4,
            0.2,
            0.9940814839736359
        ],
        [
            0,
            0,
            0,
            1,
            0.08333333333333333,
            0.08333333333333333,
            0.2,
            0.2,
            -1.0
        ]
    ],
    "nodeCount": 6,
    "edgeCount": 12,
    "tokenCount": 5,
    "nodes": [
        "0xb5c70431081136a4001df6b81f32095111877e01",
        "0xb2be281e8b11b47fec825973fc8bb95332022a54",
        "0xd291328a6c202c5b18dcb24f279f69de1e065f70",
        "0xc02aaa39b223fe8d0a0e5c4f27ead9083c756cc2",
        "0xe14f1283059afa8d3c9c52eff76fe91854f5d1b3",
        "0x0000000000000000000000000000000000000000"
    ],
    "tokens": [
        "native_token",
        "0xc02aaa39b223fe8d0a0e5c4f27ead9083c756cc2",
        "0x60acd58d00b2bcc9a8924fdaa54a2f7c0793b3b2",
        "0xe14f1283059afa8d3c9c52eff76fe91854f5d1b3",
        "0x0000000000004946c0e9f43f4dee607b0ef1fa1c"
    ]
}