{
    "hash": "0x178a19ffd66436f3f3068dbb191431267206b5e99dee65463177d2c1ed5523a6",
    "chain": "Ethereum",
    "U": [
        0,
        1,
        1,
        2,
        2,
        1,
        1,
        1,
        1,
        2,
        2,
        1,
        2,
        2,
        1
    ],
    "V": [
        1,
        2,
        2,
        3,
        4,
        2,
        2,
        2,
        2,
        3,
        5,
        2,
        3,
        6,
        0
    ],
    "feat": [
        [
            0,
            0,
            0,
            1,
            0.06666666666666667,
            0.06666666666666667,
            1.0,
            1.0,
            -0.4303280657092079
        ],
        [
            0,
            1,
            0,
            0,
            0.06666666666666667,
            0.5333333333333333,
            1.0,
            1.0,
            -0.5696719342907921
        ],
        [
            0,
            1,
            0,
            0,
            0.4666666666666667,
            0.4,
            1.0,
            1.0,
            0.5696719342907921
        ],
        [
            0,
            0,
            0,
            1,
            0.2,
            0.0,
            1.0,
            0.0,
            0.0430328065709208
        ],
        [
            0,
            0,
            0,
            1,
            0.06666666666666667,
            0.0,
            1.0,
            0.0,
            0.12796003650511553
        ],
        [
            0,
            0,
            0,
            1,
            0.06666666666666667,
            0.0,
            1.0,
            0.0,
            0.12964599644555455
        ],
        [
            0,
            0,
            0,
            1,
            0.06666666666666667,
            0.0,
            1.0,
            0.0,
            0.12968922618761708
        ]
    ],
    "nodeCount": 7,
    "edgeCount": 15,
    "tokenCount": 1,
    "nodes": [
        "0xe690403c8517b9d4f0e3fabd5f427cb22dba1e62",
        "0x0a267cf51ef038fc00e71801f5a524aec06e4f07",
        "0x7be8076f4ea4a4ad08075c2508e481d6c946d12b",
        "0x5b3256965e7c3cf26e11fcaf296dfc8807c01073",
        "0x53c2cbc27fe21d9cb271bc3ba00fce17ea078f00",
        "0x8d1402a64334c69d67993f6d529db7da414ce97a",
        "0xf4db7ed7fd7386af6fafc48387570ab8efba5e80"
    ],
    "tokens": [
        "native_token"
    ]
}