{
    "hash": "0x170c1b1c271def73ae5958b939a856efcad243a93cd0f8897a829ebff198d1e1",
    "chain": "Binance",
    "U": [
        0,
        1,
        2
    ],
    "V": [
        1,
        2,
        0
    ],
    "feat": [
        [
            0,
            0,
            0,
            1,
            0.3333333333333333,
            0.3333333333333333,
            0.3333333333333333,
            0.3333333333333333,
            0.0
        ],
        [
            0,
            0,
            1,
            0,
            0.3333333333333333,
            0.3333333333333333,
            0.3333333333333333,
            0.3333333333333333,
            0.0
        ],
        [
            0,
            0,
            1,
            0,
            0.3333333333333333,
            0.3333333333333333,
            0.3333333333333333,
            0.3333333333333333,
            0.0
        ]
    ],
    "nodeCount": 3,
    "edgeCount": 3,
    "tokenCount": 3,
    "nodes": [
        "0x640bd739dbb1eb60167d38b65ca19af61f6ebf2f",
        "0x2b30c317cedfb554ec525f85e79538d59970beb0",
        "0xda8ceb724a06819c0a5cdb4304ea0cb27f8304cf"
    ],
    "tokens": [
        "0x965f527d9159dce6288a2219db51fc6eef120dd1",
        "0x55d398326f99059ff775485246999027b3197955",
        "0xe9e7cea3dedca5984780bafc599bd69add087d56"
    ]
}