{
    "hash": "0x1859acd4114622702e4059988fd4e2f76c09d923ac3495831e498a996133de4d",
    "chain": "Ethereum",
    "U": [
        0,
        2,
        3
    ],
    "V": [
        1,
        0,
        2
    ],
    "feat": [
        [
            0,
            0,
            0,
            1,
            0.3333333333333333,
            0.3333333333333333,
            0.5,
            0.5,
            0.9999991308254657
        ],
        [
            0,
            1,
            0,
            0,
            0.3333333333333333,
            0.0,
            0.5,
            0.0,
            8.691745343830927e-07
        ],
        [
            0,
            0,
            0,
            1,
            0.3333333333333333,
            0.3333333333333333,
            0.5,
            0.5,
            0.0
        ],
        [
            0,
            0,
            1,
            0,
            0.0,
            0.3333333333333333,
            0.0,
            0.5,
            -1.0
        ]
    ],
    "nodeCount": 4,
    "edgeCount": 3,
    "tokenCount": 2,
    "nodes": [
        "0x0000000000000000000000000000000000000000",
        "0x464c71f6c2f760dda6093dcb91c24c39e5d6e18c",
        "0x2cea91416b0a752bf9a4b407ff46206d67ccd413",
        "0x272f97b7a56a387ae942350bbc7df5700f8a4576"
    ],
    "tokens": [
        "0x272f97b7a56a387ae942350bbc7df5700f8a4576",
        "0xba100000625a3754423978a60c9317c58a424e3d"
    ]
}