{
    "hash": "0x18cf77977d59d5161e7970e079e7a980ab6c1e262a96600a240bd136a168b385",
    "chain": "Binance",
    "U": [
        0,
        0,
        2,
        3,
        3,
        5,
        6,
        3,
        5,
        8,
        3,
        5,
        3,
        3,
        0,
        3
    ],
    "V": [
        1,
        2,
        3,
        4,
        5,
        6,
        7,
        5,
        8,
        3,
        5,
        3,
        8,
        8,
        3,
        9
    ],
    "feat": [
        [
            0,
            0,
            0,
            1,
            0.0,
            0.1875,
            0.0,
            0.4,
            -2.1
        ],
        [
            0,
            0,
            0,
            1,
            0.0625,
            0.0,
            0.2,
            0.0,
            0.1
        ],
        [
            0,
            0,
            1,
            0,
            0.0625,
            0.0625,
            0.2,
            0.2,
            0.30597207563079887
        ],
        [
            0,
            1,
            0,
            0,
            0.25,
            0.4375,
            0.8,
            0.8,
            0.002480717884462358
        ],
        [
            0,
            1,
            0,
            0,
            0.0625,
            0.0,
            0.2,
            0.0,
            0.013880558487384021
        ],
        [
            0,
            0,
            1,
            0,
            0.1875,
            0.1875,
            0.2,
            0.2,
            -1.360668559300993
        ],
        [
            0,
            0,
            1,
            0,
            0.0625,
            0.0625,
            0.2,
            0.2,
            -0.9591836647695469
        ],
        [
            0,
            0,
            0,
            1,
            0.0625,
            0.0,
            0.2,
            0.0,
            1.0
        ],
        [
            0,
            0,
            1,
            0,
            0.1875,
            0.0625,
            0.4,
            0.2,
            1.9975188720678947
        ],
        [
            0,
            1,
            0,
            0,
            0.0625,
            0.0,
            0.2,
            0.0,
            1.0
        ]
    ],
    "nodeCount": 10,
    "edgeCount": 16,
    "tokenCount": 5,
    "nodes": [
        "0x0000000000000000000000000000000000000000",
        "0xd4cfec77cdc21573982ec85cf33cfde6cc677e74",
        "0x009cf7bc57584b7998236eff51b98a168dcea9b0",
        "0xd2bef58d57ec4a08516bc8d818843101fac9d9d8",
        "0xc0dda6d4dd7b38e99452fa99b6090637353e4064",
        "0x0ed7e52944161450477ee417de9cd3a859b14fd0",
        "0x59fe1dcdcd8918fe7b4e76e21f27599d5a1eaadb",
        "0x000000000000000000000000000000000000dead",
        "0x1f37d4226d23d09044b8005c127c0517bd7e94fd",
        "0x73feaa1ee314f8c655e354234017be2193c9e24e"
    ],
    "tokens": [
        "0x0e09fabb73bd3ade0a17ecc321fd13a19e81ce82",
        "0xbb4cdb9cbd36b01bd1cbaebf2de08d9173bc095c",
        "0xc5a49b4cbe004b6fd55b30ba1de6ac360ff9765d",
        "0xb59490ab09a0f526cc7305822ac65f2ab12f9723",
        "0x1f37d4226d23d09044b8005c127c0517bd7e94fd"
    ]
}