{
    "hash": "0x1823d4c243033c5154046075a998d8e9268ac74da02bcdc24f2d636c4c2b5a4e",
    "chain": "Binance",
    "U": [
        0,
        0,
        0,
        0,
        0,
        0,
        0,
        0,
        0,
        0,
        0,
        0,
        0,
        0,
        0,
        0,
        0,
        0,
        0,
        0,
        0,
        0,
        0,
        0,
        0,
        0,
        0,
        0,
        0,
        0,
        0,
        0,
        0,
        0,
        0,
        0,
        0,
        0,
        0,
        0,
        0,
        0,
        0,
        0,
        0,
        0
    ],
    "V": [
        1,
        1,
        1,
        1,
        1,
        1,
        1,
        1,
        1,
        1,
        1,
        1,
        1,
        1,
        1,
        1,
        1,
        1,
        1,
        1,
        1,
        1,
        1,
        1,
        1,
        1,
        1,
        1,
        1,
        1,
        1,
        1,
        1,
        1,
        1,
        1,
        1,
        1,
        1,
        1,
        1,
        1,
        1,
        1,
        1,
        1
    ],
    "feat": [
        [
            0,
            0,
            0,
            1,
            0.0,
            1.0,
            0.0,
            1.0,
            -34.61810102002441
        ],
        [
            0,
            0,
            0,
            1,
            1.0,
            0.0,
            1.0,
            0.0,
            34.61810102002441
        ]
    ],
    "nodeCount": 2,
    "edgeCount": 46,
    "tokenCount": 1,
    "nodes": [
        "0x0000000000000000000000000000000000000000",
        "0xd40bc97a4255f03b5357ce6b848f5782dd8ce443"
    ],
    "tokens": [
        "0xacb8f52dc63bb752a51186d1c55868adbffee9c1"
    ]
}