{
    "hash": "0x1880554c40dccf9abdf7e03b59dab318d69903245f315317a3912c6c38c6103f",
    "chain": "Binance",
    "U": [
        0,
        2,
        1,
        4,
        3,
        2,
        2,
        3,
        3,
        5,
        1,
        6,
        7
    ],
    "V": [
        1,
        1,
        3,
        3,
        2,
        3,
        1,
        4,
        1,
        2,
        6,
        7,
        0
    ],
    "feat": [
        [
            0,
            0,
            0,
            1,
            0.07692307692307693,
            0.07692307692307693,
            0.16666666666666666,
            0.16666666666666666,
            0.0
        ],
        [
            0,
            0,
            1,
            0,
            0.3076923076923077,
            0.15384615384615385,
            0.3333333333333333,
            0.16666666666666666,
            0.00042305077318118223
        ],
        [
            0,
            0,
            1,
            0,
            0.15384615384615385,
            0.23076923076923078,
            0.3333333333333333,
            0.3333333333333333,
            0.999576949226819
        ],
        [
            0,
            1,
            0,
            0,
            0.23076923076923078,
            0.23076923076923078,
            0.3333333333333333,
            0.3333333333333333,
            0.0
        ],
        [
            0,
            0,
            1,
            0,
            0.07692307692307693,
            0.07692307692307693,
            0.16666666666666666,
            0.16666666666666666,
            0.0
        ],
        [
            0,
            0,
            0,
            1,
            0.0,
            0.07692307692307693,
            0.0,
            0.16666666666666666,
            -1.0
        ],
        [
            0,
            0,
            1,
            0,
            0.07692307692307693,
            0.07692307692307693,
            0.16666666666666666,
            0.16666666666666666,
            0.0
        ],
        [
            0,
            0,
            1,
            0,
            0.07692307692307693,
            0.07692307692307693,
            0.16666666666666666,
            0.16666666666666666,
            0.0
        ]
    ],
    "nodeCount": 8,
    "edgeCount": 13,
    "tokenCount": 6,
    "nodes": [
        "0x9d95978017980e16620bcb5b8ba03dfdefcf9bcb",
        "0xcf70eb506d2a3c0799c363f140de97a5419d42eb",
        "0x6e14ea10a4c6cb9731b720137416dff88fc4df40",
        "0x10ed43c718714eb63d5aa57b78b54704e256024e",
        "0xbb4cdb9cbd36b01bd1cbaebf2de08d9173bc095c",
        "0x0000000000000000000000000000000000000000",
        "0xc7c3ccce4fa25700fd5574da7e200ae28bbd36a3",
        "0xf6f5ce9a91dd4fae2d2ed92e25f2a4dc8564f174"
    ],
    "tokens": [
        "0x6e14ea10a4c6cb9731b720137416dff88fc4df40",
        "0xbb4cdb9cbd36b01bd1cbaebf2de08d9173bc095c",
        "native_token",
        "0xcf70eb506d2a3c0799c363f140de97a5419d42eb",
        "0x1af3f329e8be154074d8769d1ffa4ee058b1dbc3",
        "0x55d398326f99059ff775485246999027b3197955"
    ]
}