{
    "hash": "0x19dc7dfbf98677f2341f701951cd7933e3b34b2935201e02c9f793201f030e55",
    "chain": "Ethereum",
    "U": [
        0,
        1,
        0,
        2,
        2
    ],
    "V": [
        1,
        0,
        2,
        0,
        3
    ],
    "feat": [
        [
            1,
            0,
            0,
            0,
            0.4,
            0.4,
            1.0,
            1.0,
            0.024580062052235174
        ],
        [
            0,
            0,
            1,
            0,
            0.2,
            0.2,
            0.5,
            0.5,
            -0.024580062052235285
        ],
        [
            0,
            0,
            1,
            0,
            0.2,
            0.4,
            0.5,
            0.5,
            -0.0007528230865747609
        ],
        [
            0,
            1,
            0,
            0,
            0.2,
            0.0,
            0.5,
            0.0,
            0.0007528230865746546
        ]
    ],
    "nodeCount": 4,
    "edgeCount": 5,
    "tokenCount": 2,
    "nodes": [
        "0x520d18f8d73f5a6a961dc42834b9291e73731030",
        "0x974bfcc7b25f979950b58ce0cf8d9c621a9c771e",
        "0x39eb9c3ca4ea5c9c54797cb1796e8dd4df3d9d7e",
        "0x95c4f5b83aa70810d4f142d58e5f7242bd891cb0"
    ],
    "tokens": [
        "0xc02aaa39b223fe8d0a0e5c4f27ead9083c756cc2",
        "0x850aab69f0e0171a9a49db8be3e71351c8247df4"
    ]
}