{
    "hash": "0x1a3bef719738e31bdc85e784c8e2836995b01583fcaf2f0f7f34e820f7744c18",
    "chain": "Ethereum",
    "U": [
        0,
        1,
        2,
        4,
        2,
        1,
        5,
        1,
        1
    ],
    "V": [
        1,
        2,
        3,
        2,
        1,
        5,
        1,
        6,
        7
    ],
    "feat": [
        [
            0,
            0,
            0,
            1,
            0.0,
            0.1111111111111111,
            0.0,
            0.25,
            -1.0
        ],
        [
            0,
            1,
            0,
            0,
            0.3333333333333333,
            0.4444444444444444,
            0.75,
            0.75,
            0.0
        ],
        [
            0,
            1,
            0,
            0,
            0.2222222222222222,
            0.2222222222222222,
            0.5,
            0.5,
            0.0
        ],
        [
            0,
            0,
            0,
            1,
            0.1111111111111111,
            0.0,
            0.25,
            0.0,
            1.0
        ],
        [
            0,
            1,
            0,
            0,
            0.0,
            0.1111111111111111,
            0.0,
            0.25,
            -1.0
        ],
        [
            0,
            1,
            0,
            0,
            0.1111111111111111,
            0.1111111111111111,
            0.25,
            0.25,
            0.0
        ],
        [
            0,
            0,
            0,
            1,
            0.1111111111111111,
            0.0,
            0.25,
            0.0,
            4.840272534917609e-17
        ],
        [
            0,
            0,
            0,
            1,
            0.1111111111111111,
            0.0,
            0.25,
            0.0,
            1.0
        ]
    ],
    "nodeCount": 8,
    "edgeCount": 9,
    "tokenCount": 4,
    "nodes": [
        "0x57196e30ba89c848147a19262a732191cbafaa37",
        "0x1bd435f3c054b6e901b7b108a0ab7617c808677b",
        "0x071c661b4deefb59e2a3ddb20db036821eee8f4b",
        "0x0000000000000000000000000000000000000000",
        "0x7fc77b5c7614e1533320ea6ddc2eb61fa00a9714",
        "0x4ca9b3063ec5866a4b82e437059d2c43d1be596f",
        "0xbc147973709a9f8f25b5f45021cab1ea030d3885",
        "0xd5fd1bc99d5801278345e9d29be2225d06c26e93"
    ],
    "tokens": [
        "0x9be89d2a4cd102d8fecc6bf9da793be995c22541",
        "0x075b1bb99792c9e1041ba13afef80c91a1e70fb3",
        "0x2260fac5e5542a773aa44fbcfedf7c193bc2c599",
        "0x0316eb71485b0ab14103307bf65a021042c6d380"
    ]
}