{
    "hash": "0x1a27720cc027140cd743751ca661b06d02857e9cfdbb0a97b3b021341ef269c2",
    "chain": "Ethereum",
    "U": [
        0,
        1,
        2,
        0,
        3,
        0,
        4,
        5
    ],
    "V": [
        1,
        0,
        3,
        2,
        0,
        4,
        5,
        0
    ],
    "feat": [
        [
            1,
            0,
            0,
            0,
            0.375,
            0.375,
            0.6,
            0.6,
            0.025236986832466002
        ],
        [
            0,
            0,
            1,
            0,
            0.125,
            0.125,
            0.2,
            0.2,
            -0.02498731022328582
        ],
        [
            1,
            0,
            0,
            0,
            0.125,
            0.125,
            0.2,
            0.2,
            0.0
        ],
        [
            0,
            0,
            1,
            0,
            0.125,
            0.125,
            0.2,
            0.2,
            0.0
        ],
        [
            0,
            1,
            0,
            0,
            0.125,
            0.125,
            0.2,
            0.2,
            -0.00024967660918018275
        ],
        [
            0,
            1,
            0,
            0,
            0.125,
            0.125,
            0.2,
            0.2,
            0.0
        ]
    ],
    "nodeCount": 6,
    "edgeCount": 8,
    "tokenCount": 5,
    "nodes": [
        "0x0000000000007f150bd6f54c40a34d7c3d5e9f56",
        "0xc02aaa39b223fe8d0a0e5c4f27ead9083c756cc2",
        "0xe613efc483e263e7140062e64b96c19a124ff783",
        "0xc2b0f2a7f736d3b908bdde8608177c8fc28c1690",
        "0x23d1b2755d6c243dfa9dd06624f1686b9c9e13eb",
        "0x4c9a2bd661d640da3634a4988a9bd2bc0f18e5a9"
    ],
    "tokens": [
        "native_token",
        "0xc02aaa39b223fe8d0a0e5c4f27ead9083c756cc2",
        "0x3a880652f47bfaa771908c07dd8673a787daed3a",
        "0xa0b86991c6218b36c1d19d4a2e9eb0ce3606eb48",
        "0x1f573d6fb3f13d689ff844b4ce37794d79a7ff1c"
    ]
}