{
    "hash": "0x1b978cd674401c49048ee7e01d5214c08ce17204ca49795243935b74f4ea6b7f",
    "chain": "Ethereum",
    "U": [
        0,
        1,
        1,
        3,
        4,
        5,
        4,
        3,
        6,
        7,
        6,
        8,
        6,
        3,
        1
    ],
    "V": [
        1,
        2,
        3,
        4,
        5,
        4,
        3,
        6,
        7,
        6,
        8,
        6,
        3,
        1,
        0
    ],
    "feat": [
        [
            0,
            0,
            0,
            1,
            0.06666666666666667,
            0.06666666666666667,
            0.25,
            0.25,
            0.0
        ],
        [
            1,
            0,
            0,
            0,
            0.13333333333333333,
            0.2,
            0.5,
            0.5,
            0.0
        ],
        [
            0,
            1,
            0,
            0,
            0.06666666666666667,
            0.0,
            0.25,
            0.0,
            0.00875
        ],
        [
            0,
            1,
            0,
            0,
            0.2,
            0.2,
            0.75,
            0.75,
            0.0
        ],
        [
            1,
            0,
            0,
            0,
            0.13333333333333333,
            0.13333333333333333,
            0.5,
            0.5,
            0.0
        ],
        [
            0,
            0,
            1,
            0,
            0.06666666666666667,
            0.06666666666666667,
            0.25,
            0.25,
            -0.008750000000000036
        ],
        [
            1,
            0,
            0,
            0,
            0.2,
            0.2,
            0.75,
            0.75,
            0.0
        ],
        [
            0,
            0,
            1,
            0,
            0.06666666666666667,
            0.06666666666666667,
            0.25,
            0.25,
            0.0
        ],
        [
            0,
            0,
            1,
            0,
            0.06666666666666667,
            0.06666666666666667,
            0.25,
            0.25,
            0.0
        ]
    ],
    "nodeCount": 9,
    "edgeCount": 15,
    "tokenCount": 4,
    "nodes": [
        "0xe73111dd2094e3bb760620b884b88458d3879b05",
        "0x74de5d4fcbf63e00296fd95d33236b9794016631",
        "0xae99862cb922cf20f341f4292af82cf673df0db6",
        "0x7113dd99c79aff93d54cfa4b2885576535a132de",
        "0xd97d4de7177b795085eb4553c24086bbc6ece983",
        "0x3b44f35fd81040e4d0cdccfe77714512feb1da4d",
        "0x9ddee10127a7194b29eaaaab3ad116e1992686c8",
        "0x9b208194acc0a8ccb2a8dcafeacfbb7dcc093f81",
        "0xc02aaa39b223fe8d0a0e5c4f27ead9083c756cc2"
    ],
    "tokens": [
        "0xfc82bb4ba86045af6f327323a46e80412b91b27d",
        "0xa0b86991c6218b36c1d19d4a2e9eb0ce3606eb48",
        "0xc02aaa39b223fe8d0a0e5c4f27ead9083c756cc2",
        "native_token"
    ]
}