{
    "hash": "0x1c6be41fd1954b268618e3fae99826e0c5c6e77696ef0e8f88a4430193f08362",
    "chain": "Binance",
    "U": [
        0,
        0,
        0
    ],
    "V": [
        1,
        2,
        3
    ],
    "feat": [
        [
            0,
            1,
            0,
            0,
            0.0,
            1.0,
            0.0,
            1.0,
            -2.2554216867469883
        ],
        [
            0,
            1,
            0,
            0,
            0.3333333333333333,
            0.0,
            1.0,
            0.0,
            0.7228915662650602
        ],
        [
            0,
            1,
            0,
            0,
            0.3333333333333333,
            0.0,
            1.0,
            0.0,
            1.0
        ],
        [
            0,
            0,
            0,
            1,
            0.3333333333333333,
            0.0,
            1.0,
            0.0,
            0.5325301204819277
        ]
    ],
    "nodeCount": 4,
    "edgeCount": 3,
    "tokenCount": 1,
    "nodes": [
        "0xdb282bbace4e375ff2901b84aceb33016d0d663d",
        "0xb6c33bd07a83ff6a328c246a3cccf6180d278ba4",
        "0xcfa46e1b666fd91bf39028055d506c1e4ca5ad6e",
        "0x9b5f532fdd2ccc3f6e6ebc95f403d5f84a679afb"
    ],
    "tokens": [
        "0xe9e7cea3dedca5984780bafc599bd69add087d56"
    ]
}