{
    "hash": "0x1de12fad9371ce24e5982e49eb18fc6bf1a77884c449c931375e744922744bfa",
    "chain": "Ethereum",
    "U": [
        0,
        1,
        1,
        1,
        1,
        1,
        1,
        1,
        1,
        1,
        1,
        1,
        1,
        1,
        1,
        1,
        1,
        1,
        1,
        1,
        1,
        1,
        1,
        1,
        1,
        1,
        1,
        1,
        1,
        1,
        1,
        1,
        1,
        1,
        1,
        1,
        1,
        1,
        1,
        1,
        1
    ],
    "V": [
        1,
        1,
        2,
        1,
        2,
        1,
        2,
        1,
        2,
        1,
        2,
        1,
        2,
        1,
        2,
        1,
        2,
        1,
        2,
        1,
        2,
        1,
        2,
        1,
        2,
        1,
        2,
        1,
        2,
        1,
        2,
        1,
        2,
        1,
        2,
        1,
        2,
        1,
        2,
        1,
        2
    ],
    "feat": [
        [
            0,
            0,
            0,
            1,
            0.0,
            0.024390243902439025,
            0.0,
            1.0,
            -1.0
        ],
        [
            0,
            1,
            0,
            0,
            0.5121951219512195,
            0.975609756097561,
            1.0,
            1.0,
            -5.134781488891349e-16
        ],
        [
            0,
            0,
            0,
            1,
            0.4878048780487805,
            0.0,
            1.0,
            0.0,
            1.0000000000000002
        ]
    ],
    "nodeCount": 3,
    "edgeCount": 41,
    "tokenCount": 1,
    "nodes": [
        "0x410195ebd85cf5df193a86ea59b40270eebf742b",
        "0xfbddadd80fe7bda00b901fbaf73803f2238ae655",
        "0x4b5057b2c87ec9e7c047fb00c0e406dff2fdacad"
    ],
    "tokens": [
        "native_token"
    ]
}