{
    "hash": "0x1e4faa0946458000fa8a097da9967b556ec453d8ee69da96288f15763b6c5eae",
    "chain": "Ethereum",
    "U": [
        0,
        1,
        0,
        0,
        1,
        0,
        2,
        4,
        4,
        4,
        2,
        2
    ],
    "V": [
        1,
        0,
        2,
        1,
        0,
        2,
        3,
        3,
        5,
        6,
        7,
        8
    ],
    "feat": [
        [
            0,
            1,
            0,
            0,
            0.16666666666666666,
            0.3333333333333333,
            0.3333333333333333,
            0.6666666666666666,
            -1.1686858707071153
        ],
        [
            0,
            0,
            1,
            0,
            0.16666666666666666,
            0.16666666666666666,
            0.3333333333333333,
            0.3333333333333333,
            -3.0253577421035516e-15
        ],
        [
            0,
            1,
            0,
            0,
            0.16666666666666666,
            0.25,
            0.3333333333333333,
            0.3333333333333333,
            1.3877787807814457e-16
        ],
        [
            0,
            0,
            0,
            1,
            0.16666666666666666,
            0.0,
            0.6666666666666666,
            0.0,
            1.1686858707071184
        ],
        [
            0,
            0,
            0,
            1,
            0.0,
            0.25,
            0.0,
            0.3333333333333333,
            -1.2000000000000002
        ],
        [
            0,
            1,
            0,
            0,
            0.08333333333333333,
            0.0,
            0.3333333333333333,
            0.0,
            0.1
        ],
        [
            0,
            1,
            0,
            0,
            0.08333333333333333,
            0.0,
            0.3333333333333333,
            0.0,
            0.1
        ],
        [
            0,
            0,
            0,
            1,
            0.08333333333333333,
            0.0,
            0.3333333333333333,
            0.0,
            0.9980670266491153
        ],
        [
            0,
            1,
            0,
            0,
            0.08333333333333333,
            0.0,
            0.3333333333333333,
            0.0,
            0.0019329733508846605
        ]
    ],
    "nodeCount": 9,
    "edgeCount": 12,
    "tokenCount": 3,
    "nodes": [
        "0xadedb64e36ba329fd116269a62276b1ba5d039dc",
        "0x39aa39c021dfbae8fac545936693ac917d5e7563",
        "0x374226dbaa3e44bf3923afb63f5fd83928b7e148",
        "0xc696191c69a2d5eb8359eb95b7462deb95770e1c",
        "0x0000000000000000000000000000000000000000",
        "0xfecbad5d60725eb6fd10f8936e02fa203fd27e4b",
        "0x56f34826cc63151f74fa8f701e4f73c5eaae52ad",
        "0x603735b838d6bb5221a57f40ee6b11ac59bccdb3",
        "0x8cc9adf88fe0b5c739bd936e9edaad30578f4265"
    ],
    "tokens": [
        "0x39aa39c021dfbae8fac545936693ac917d5e7563",
        "0xa0b86991c6218b36c1d19d4a2e9eb0ce3606eb48",
        "0x8888801af4d980682e47f1a9036e589479e835c5"
    ]
}