{
    "hash": "0x1f89ff79d6143b94e7f73d69dbdd94898b9ab62a73a0849b61a8ad07d918bd4a",
    "chain": "Binance",
    "U": [
        0,
        1,
        2,
        1,
        1,
        3,
        2,
        4,
        5
    ],
    "V": [
        1,
        2,
        1,
        2,
        2,
        1,
        4,
        5,
        0
    ],
    "feat": [
        [
            0,
            0,
            0,
            1,
            0.1111111111111111,
            0.1111111111111111,
            0.2,
            0.2,
            0.0
        ],
        [
            0,
            1,
            0,
            0,
            0.3333333333333333,
            0.3333333333333333,
            0.6,
            0.4,
            0.9999624060304435
        ],
        [
            0,
            0,
            1,
            0,
            0.3333333333333333,
            0.2222222222222222,
            0.4,
            0.2,
            3.759396955659196e-05
        ],
        [
            0,
            0,
            0,
            1,
            0.0,
            0.1111111111111111,
            0.0,
            0.2,
            -1.0
        ],
        [
            0,
            0,
            1,
            0,
            0.1111111111111111,
            0.1111111111111111,
            0.2,
            0.2,
            0.0
        ],
        [
            0,
            0,
            1,
            0,
            0.1111111111111111,
            0.1111111111111111,
            0.2,
            0.2,
            0.0
        ]
    ],
    "nodeCount": 6,
    "edgeCount": 9,
    "tokenCount": 5,
    "nodes": [
        "0x5e13f498d8d363fe5f274d0bdfc1f8dda454b9a5",
        "0x5da5b71b88c42544b642d4ab781b30831edac341",
        "0xe267018c943e77992e7e515724b07b9ce7938124",
        "0x0000000000000000000000000000000000000000",
        "0x58f876857a02d6762e0101bb5c46a8c1ed44dc16",
        "0xd885bb2977bba3e546c09ba6c976479148a606ad"
    ],
    "tokens": [
        "0xd40bedb44c081d2935eeba6ef5a3c8a31a1bbe13",
        "0xbb4cdb9cbd36b01bd1cbaebf2de08d9173bc095c",
        "0xe267018c943e77992e7e515724b07b9ce7938124",
        "0xe9e7cea3dedca5984780bafc599bd69add087d56",
        "0x755d69452da7f62fdf820a984c400dde3a7b945d"
    ]
}