{
    "hash": "0x20a6f0b20cf0d8bfabbbed29e4a27d8ce4a5ca4361e182dc523d2bab1512292d",
    "chain": "Binance",
    "U": [
        0,
        1,
        0,
        2,
        0,
        3,
        0,
        4
    ],
    "V": [
        1,
        0,
        2,
        0,
        3,
        0,
        4,
        0
    ],
    "feat": [
        [
            1,
            0,
            0,
            0,
            0.5,
            0.5,
            1.0,
            1.0,
            0.008423878925269523
        ],
        [
            0,
            0,
            1,
            0,
            0.125,
            0.125,
            0.25,
            0.25,
            -0.008423878925269412
        ],
        [
            0,
            0,
            1,
            0,
            0.125,
            0.125,
            0.25,
            0.25,
            0.0
        ],
        [
            0,
            0,
            1,
            0,
            0.125,
            0.125,
            0.25,
            0.25,
            0.0
        ],
        [
            0,
            0,
            1,
            0,
            0.125,
            0.125,
            0.25,
            0.25,
            0.0
        ]
    ],
    "nodeCount": 5,
    "edgeCount": 8,
    "tokenCount": 4,
    "nodes": [
        "0x0000000000b80b2b49630047c38f2810ab8fb946",
        "0xc2eed0f5a0dc28cfa895084bc0a9b8b8279ae492",
        "0xdb2d83ed108e68cc1c9689081d54673bd9402a54",
        "0x1efcb446bfa553a2eb2fff99c9f76962be6ecac3",
        "0x1b96b92314c44b159149f7e0303511fb2fc4774f"
    ],
    "tokens": [
        "0xbb4cdb9cbd36b01bd1cbaebf2de08d9173bc095c",
        "0xe02df9e3e622debdd69fb838bb799e3f168902c5",
        "0xba2ae424d960c26247dd6c32edc70b295c744c43",
        "0xe9e7cea3dedca5984780bafc599bd69add087d56"
    ]
}