{
    "hash": "0x20416e6cdf0b3f7ff8fc2362415223c374f34b22d382604bace7a69b2b310ac5",
    "chain": "Ethereum",
    "U": [
        0,
        1,
        2,
        1,
        3,
        1,
        0
    ],
    "V": [
        1,
        2,
        1,
        3,
        1,
        0,
        4
    ],
    "feat": [
        [
            0,
            0,
            0,
            1,
            0.14285714285714285,
            0.2857142857142857,
            0.25,
            0.5,
            -1.0
        ],
        [
            0,
            1,
            0,
            0,
            0.42857142857142855,
            0.42857142857142855,
            0.75,
            0.75,
            0.0
        ],
        [
            0,
            0,
            1,
            0,
            0.14285714285714285,
            0.14285714285714285,
            0.25,
            0.25,
            0.0
        ],
        [
            0,
            0,
            1,
            0,
            0.14285714285714285,
            0.14285714285714285,
            0.25,
            0.25,
            0.0
        ],
        [
            0,
            0,
            0,
            1,
            0.14285714285714285,
            0.0,
            0.25,
            0.0,
            1.0
        ]
    ],
    "nodeCount": 5,
    "edgeCount": 7,
    "tokenCount": 4,
    "nodes": [
        "0x549c0421c69be943a2a60e76b19b4a801682cbd3",
        "0xac7e32eb5cec7eb7b6b43a305b64d1d3487b97a0",
        "0x57b99b4dfb2540caf1e6b691460320f3bc1f4b51",
        "0xf5fbedf02f4a7ea6087dab50dcc52de358795e4b",
        "0x0000000000000000000000000000000000000000"
    ],
    "tokens": [
        "0x4b9e5fe882b2fbb3e098c9a25a8ce66135ed2be4",
        "0x05462671c05adc39a6521fa60d5e9443e9e9d2b9",
        "0xa0b86991c6218b36c1d19d4a2e9eb0ce3606eb48",
        "0x0000000000004946c0e9f43f4dee607b0ef1fa1c"
    ]
}