{
    "hash": "0x2174575b2c91a73e0c0f210dcf47b75e8c836f6d0556c36ecd5ce4f9a1c2a629",
    "chain": "Binance",
    "U": [
        0,
        2,
        3,
        5,
        4,
        2,
        2,
        4,
        4,
        6,
        2,
        3,
        8
    ],
    "V": [
        1,
        3,
        4,
        4,
        2,
        4,
        3,
        5,
        3,
        2,
        7,
        8,
        0
    ],
    "feat": [
        [
            0,
            0,
            0,
            1,
            0.07692307692307693,
            0.07692307692307693,
            0.2,
            0.2,
            0.0
        ],
        [
            0,
            0,
            0,
            1,
            0.07692307692307693,
            0.0,
            0.2,
            0.0,
            1.0
        ],
        [
            0,
            0,
            1,
            0,
            0.15384615384615385,
            0.3076923076923077,
            0.4,
            0.6,
            -0.4994738641581362
        ],
        [
            0,
            0,
            1,
            0,
            0.23076923076923078,
            0.15384615384615385,
            0.4,
            0.2,
            -0.5005261358418636
        ],
        [
            0,
            1,
            0,
            0,
            0.23076923076923078,
            0.23076923076923078,
            0.4,
            0.4,
            0.0
        ],
        [
            0,
            0,
            1,
            0,
            0.07692307692307693,
            0.07692307692307693,
            0.2,
            0.2,
            0.0
        ],
        [
            0,
            0,
            0,
            1,
            0.0,
            0.07692307692307693,
            0.0,
            0.2,
            -1.0
        ],
        [
            0,
            0,
            0,
            1,
            0.07692307692307693,
            0.0,
            0.2,
            0.0,
            1.0
        ],
        [
            0,
            0,
            1,
            0,
            0.07692307692307693,
            0.07692307692307693,
            0.2,
            0.2,
            0.0
        ]
    ],
    "nodeCount": 9,
    "edgeCount": 13,
    "tokenCount": 5,
    "nodes": [
        "0x0d1b3e1cbbb43093016b98904648909b3b3c55dd",
        "0xaf72fb3310561c0826fdf852c05bc50bf54989cd",
        "0xfb52fc1f90dd2b070b9cf7ad68ac3d68905643fa",
        "0x32698423559ccafe39ee4969a08d41199aaf2796",
        "0x10ed43c718714eb63d5aa57b78b54704e256024e",
        "0xbb4cdb9cbd36b01bd1cbaebf2de08d9173bc095c",
        "0x0000000000000000000000000000000000000000",
        "0x000000000000000000000000000000000000dead",
        "0x58f876857a02d6762e0101bb5c46a8c1ed44dc16"
    ],
    "tokens": [
        "0xfb52fc1f90dd2b070b9cf7ad68ac3d68905643fa",
        "0xbb4cdb9cbd36b01bd1cbaebf2de08d9173bc095c",
        "native_token",
        "0x32698423559ccafe39ee4969a08d41199aaf2796",
        "0xe9e7cea3dedca5984780bafc599bd69add087d56"
    ]
}