{
    "hash": "0x2189374fbdaef6598897e1d1d397c74a66421e2d4d100fac85e8c734c5e510e2",
    "chain": "Binance",
    "U": [
        0,
        1,
        3,
        1,
        4,
        1
    ],
    "V": [
        1,
        2,
        1,
        2,
        1,
        0
    ],
    "feat": [
        [
            0,
            0,
            0,
            1,
            0.16666666666666666,
            0.16666666666666666,
            0.3333333333333333,
            0.3333333333333333,
            0.0
        ],
        [
            0,
            1,
            0,
            0,
            0.5,
            0.5,
            1.0,
            1.0,
            0.0
        ],
        [
            0,
            0,
            0,
            1,
            0.3333333333333333,
            0.0,
            0.6666666666666666,
            0.0,
            2.0
        ],
        [
            0,
            1,
            0,
            0,
            0.0,
            0.16666666666666666,
            0.0,
            0.3333333333333333,
            -1.0
        ],
        [
            0,
            1,
            0,
            0,
            0.0,
            0.16666666666666666,
            0.0,
            0.3333333333333333,
            -1.0
        ]
    ],
    "nodeCount": 5,
    "edgeCount": 6,
    "tokenCount": 3,
    "nodes": [
        "0x2c58b106cfac65a9328cb3ad5db76d6e4ebecca3",
        "0x800c8b70eb3dbfa2e63b1557ffa0a9f061b902fc",
        "0x0000000000000000000000000000000000000000",
        "0x55ab102201e35ac4e8eaf80e0d0a9686269890bc",
        "0x3ed4b2070e3db5ef5092f504145fb8150cffe5ea"
    ],
    "tokens": [
        "0xb35e242f41d5998f6c14b0ba55fd2cfc514006f8",
        "0xb0f0983b32352a1cfaec143731ddd8a5f6e78b1f",
        "0xe9e7cea3dedca5984780bafc599bd69add087d56"
    ]
}