{
    "hash": "0x2148ecac00d116a05e992fb36b4ff4da242ef5802861e6b2e152fa315a16512d",
    "chain": "Binance",
    "U": [
        0,
        1,
        2,
        3,
        4,
        4,
        6,
        1,
        1
    ],
    "V": [
        1,
        2,
        3,
        4,
        5,
        6,
        1,
        7,
        0
    ],
    "feat": [
        [
            0,
            0,
            0,
            1,
            0.1111111111111111,
            0.1111111111111111,
            0.3333333333333333,
            0.3333333333333333,
            -0.0013154944708908545
        ],
        [
            1,
            0,
            0,
            0,
            0.2222222222222222,
            0.3333333333333333,
            0.6666666666666666,
            0.6666666666666666,
            0.0
        ],
        [
            0,
            1,
            0,
            0,
            0.1111111111111111,
            0.1111111111111111,
            0.3333333333333333,
            0.3333333333333333,
            -0.008750000000000036
        ],
        [
            0,
            0,
            1,
            0,
            0.1111111111111111,
            0.1111111111111111,
            0.3333333333333333,
            0.3333333333333333,
            0.0
        ],
        [
            1,
            0,
            0,
            0,
            0.1111111111111111,
            0.2222222222222222,
            0.3333333333333333,
            0.3333333333333333,
            0.0
        ],
        [
            0,
            1,
            0,
            0,
            0.1111111111111111,
            0.0,
            0.3333333333333333,
            0.0,
            0.0013154944708908796
        ],
        [
            0,
            1,
            0,
            0,
            0.1111111111111111,
            0.1111111111111111,
            0.3333333333333333,
            0.3333333333333333,
            0.0
        ],
        [
            0,
            0,
            0,
            1,
            0.1111111111111111,
            0.0,
            0.3333333333333333,
            0.0,
            0.00875
        ]
    ],
    "nodeCount": 8,
    "edgeCount": 9,
    "tokenCount": 3,
    "nodes": [
        "0x674e27ea2a5fe338a0959b187d5036d2da272ff7",
        "0xc590175e458b83680867afd273527ff58f74c02b",
        "0x9a24b2051bf094219ab7b435671b77cba06415f6",
        "0x4cb29498595a733c4b0d710e766bb89345ee945b",
        "0x3790c9b5a9b9d9aa1c69140a5f01a57c9b868e1e",
        "0x98468c0e9342d4e0ac3e09257251fab192992092",
        "0x1111111254fb6c44bac0bed2854e76f90643097d",
        "0x11ededebf63bef0ea2d2d071bdf88f71543ec6fb"
    ],
    "tokens": [
        "0xe9e7cea3dedca5984780bafc599bd69add087d56",
        "0xbb4cdb9cbd36b01bd1cbaebf2de08d9173bc095c",
        "0xf0a8ecbce8caadb7a07d1fcd0f87ae1bd688df43"
    ]
}