{
    "hash": "0x21736b04e59c0247e06e163fc9dc15865e2ee27ce9e1d33fc26f53c4b6d59da1",
    "chain": "Ethereum",
    "U": [
        0,
        1,
        0,
        2,
        3,
        0,
        0,
        4
    ],
    "V": [
        1,
        0,
        2,
        0,
        0,
        3,
        4,
        0
    ],
    "feat": [
        [
            1,
            0,
            0,
            0,
            0.5,
            0.5,
            1.0,
            1.0,
            0.04359473948157122
        ],
        [
            0,
            0,
            1,
            0,
            0.125,
            0.125,
            0.25,
            0.25,
            -0.04359473852175055
        ],
        [
            0,
            0,
            1,
            0,
            0.125,
            0.125,
            0.25,
            0.25,
            -9.44738509645049e-10
        ],
        [
            1,
            0,
            0,
            0,
            0.125,
            0.125,
            0.25,
            0.25,
            -1.5082157744927827e-11
        ],
        [
            0,
            0,
            1,
            0,
            0.125,
            0.125,
            0.25,
            0.25,
            0.0
        ]
    ],
    "nodeCount": 5,
    "edgeCount": 8,
    "tokenCount": 4,
    "nodes": [
        "0x0000000000007f150bd6f54c40a34d7c3d5e9f56",
        "0x97dec872013f6b5fb443861090ad931542878126",
        "0xad8c42021ba682c69ade56fd4b1a9cca1bcb413d",
        "0x01949723055a451229c7ba3a817937c966748f76",
        "0xc02aaa39b223fe8d0a0e5c4f27ead9083c756cc2"
    ],
    "tokens": [
        "native_token",
        "0xa0b86991c6218b36c1d19d4a2e9eb0ce3606eb48",
        "0x491604c0fdf08347dd1fa4ee062a822a5dd06b5d",
        "0xc02aaa39b223fe8d0a0e5c4f27ead9083c756cc2"
    ]
}