{
    "hash": "0x2122ddabaf495dde1799b45340fa7dcd05df3aa62e95746aa834739362336ec3",
    "chain": "Binance",
    "U": [
        0,
        2,
        1,
        4,
        3,
        2,
        2,
        3,
        3,
        1,
        1
    ],
    "V": [
        1,
        1,
        3,
        3,
        2,
        5,
        3,
        4,
        1,
        6,
        0
    ],
    "feat": [
        [
            0,
            0,
            0,
            1,
            0.09090909090909091,
            0.09090909090909091,
            0.3333333333333333,
            0.3333333333333333,
            -0.00019440214455121452
        ],
        [
            0,
            0,
            1,
            0,
            0.2727272727272727,
            0.2727272727272727,
            0.6666666666666666,
            0.6666666666666666,
            0.005660304220037375
        ],
        [
            0,
            0,
            1,
            0,
            0.09090909090909091,
            0.2727272727272727,
            0.3333333333333333,
            0.6666666666666666,
            -0.08446560070302445
        ],
        [
            0,
            1,
            0,
            0,
            0.2727272727272727,
            0.2727272727272727,
            0.6666666666666666,
            0.6666666666666666,
            0.9555343992969756
        ],
        [
            0,
            0,
            1,
            0,
            0.09090909090909091,
            0.09090909090909091,
            0.3333333333333333,
            0.3333333333333333,
            -0.9555343992969756
        ],
        [
            0,
            0,
            0,
            1,
            0.09090909090909091,
            0.0,
            0.3333333333333333,
            0.0,
            0.04
        ],
        [
            0,
            0,
            0,
            1,
            0.09090909090909091,
            0.0,
            0.3333333333333333,
            0.0,
            0.03899969862753824
        ]
    ],
    "nodeCount": 7,
    "edgeCount": 11,
    "tokenCount": 3,
    "nodes": [
        "0xa46d3e117f1f23fae2b30d85ab40a0cf872c8de1",
        "0x67da03b0f19e254bec8d08e666e17a24ee772190",
        "0xf7bf4507336aea836ab5575ec1801d96c3059483",
        "0x10ed43c718714eb63d5aa57b78b54704e256024e",
        "0xbb4cdb9cbd36b01bd1cbaebf2de08d9173bc095c",
        "0xd3f678f1d8b01b327bef3e10f681bfd6991f0be8",
        "0x000000000000000000000000000000000000dead"
    ],
    "tokens": [
        "0xf7bf4507336aea836ab5575ec1801d96c3059483",
        "0xbb4cdb9cbd36b01bd1cbaebf2de08d9173bc095c",
        "native_token"
    ]
}