{
    "hash": "0x220ef2ffd7f986a1a48b95f99123604b5d6a5fc8a54ea5e188f5efb9b308644b",
    "chain": "Binance",
    "U": [
        0,
        2,
        1,
        4,
        3,
        2,
        2,
        2,
        3,
        3,
        6,
        2,
        0,
        1,
        4,
        3
    ],
    "V": [
        1,
        1,
        3,
        3,
        2,
        5,
        3,
        1,
        4,
        1,
        6,
        7,
        6,
        3,
        3,
        0
    ],
    "feat": [
        [
            0,
            0,
            0,
            1,
            0.0625,
            0.125,
            0.2,
            0.4,
            -1.0001505293037933
        ],
        [
            0,
            0,
            1,
            0,
            0.25,
            0.125,
            0.4,
            0.2,
            0.28551927235279384
        ],
        [
            0,
            0,
            1,
            0,
            0.0625,
            0.3125,
            0.2,
            0.4,
            -1.1425116001918578
        ],
        [
            0,
            1,
            0,
            0,
            0.3125,
            0.25,
            0.4,
            0.4,
            1.8067173244204602
        ],
        [
            0,
            0,
            1,
            0,
            0.0625,
            0.125,
            0.2,
            0.2,
            -1.8067173244204602
        ],
        [
            0,
            0,
            0,
            1,
            0.0625,
            0.0,
            0.2,
            0.0,
            0.47619047619047616
        ],
        [
            0,
            0,
            0,
            1,
            0.125,
            0.0625,
            0.4,
            0.2,
            1.0
        ],
        [
            0,
            0,
            1,
            0,
            0.0625,
            0.0,
            0.2,
            0.0,
            0.38095238095238093
        ]
    ],
    "nodeCount": 8,
    "edgeCount": 16,
    "tokenCount": 5,
    "nodes": [
        "0xe8992d246d097d0941696ce24af3f72981c61f31",
        "0x3d36644bebc67e71dbc0de8e930ba65d13a49ee6",
        "0x1476e96fadb37668d7680921297e2ab98ec36c2f",
        "0x10ed43c718714eb63d5aa57b78b54704e256024e",
        "0xbb4cdb9cbd36b01bd1cbaebf2de08d9173bc095c",
        "0xdaae1e6a644f73b6e4e8ef963390c71018f540d3",
        "0x0000000000000000000000000000000000000000",
        "0x2bc10692eeec681515e980bec8b587791c50d4f5"
    ],
    "tokens": [
        "0x1476e96fadb37668d7680921297e2ab98ec36c2f",
        "0xbb4cdb9cbd36b01bd1cbaebf2de08d9173bc095c",
        "native_token",
        "0x3d36644bebc67e71dbc0de8e930ba65d13a49ee6",
        "0x2bc10692eeec681515e980bec8b587791c50d4f5"
    ]
}