{
    "hash": "0x22fa4d394fd00cd99bb4b1b2f8f4d90326f1a1a2166b9fe3210e14f001f06c08",
    "chain": "Ethereum",
    "U": [
        0,
        1,
        0,
        2,
        0,
        3,
        4,
        3,
        3
    ],
    "V": [
        1,
        0,
        2,
        0,
        3,
        4,
        3,
        0,
        5
    ],
    "feat": [
        [
            1,
            0,
            0,
            0,
            0.3333333333333333,
            0.3333333333333333,
            1.0,
            1.0,
            0.016680011654837457
        ],
        [
            0,
            0,
            1,
            0,
            0.1111111111111111,
            0.1111111111111111,
            0.3333333333333333,
            0.3333333333333333,
            -0.017680011654849115
        ],
        [
            0,
            0,
            1,
            0,
            0.1111111111111111,
            0.1111111111111111,
            0.3333333333333333,
            0.3333333333333333,
            1.1546319456101628e-14
        ],
        [
            0,
            1,
            0,
            0,
            0.2222222222222222,
            0.3333333333333333,
            0.6666666666666666,
            0.6666666666666666,
            0.0
        ],
        [
            0,
            1,
            0,
            0,
            0.1111111111111111,
            0.1111111111111111,
            0.3333333333333333,
            0.3333333333333333,
            0.0
        ],
        [
            0,
            1,
            0,
            0,
            0.1111111111111111,
            0.0,
            0.3333333333333333,
            0.0,
            0.0009999999999999998
        ]
    ],
    "nodeCount": 6,
    "edgeCount": 9,
    "tokenCount": 3,
    "nodes": [
        "0x0000000000007f150bd6f54c40a34d7c3d5e9f56",
        "0xc02aaa39b223fe8d0a0e5c4f27ead9083c756cc2",
        "0xce2cc0513634cef3a7c9c257e294ef5e3092f185",
        "0x7c66550c9c730b6fdd4c03bc2e73c5462c5f7acc",
        "0xb89f41cd2c8b6cba8b851289198b06be8b4dec65",
        "0xd3d2b5643e506c6d9b7099e9116d7aaa941114fe"
    ],
    "tokens": [
        "native_token",
        "0xc02aaa39b223fe8d0a0e5c4f27ead9083c756cc2",
        "0x8207c1ffc5b6804f6024322ccf34f29c3541ae26"
    ]
}