{
    "hash": "0x2287479c5cfaaa74fb9b18f305c6d984f267ee418bb8a17417fc22f71d70355d",
    "chain": "Binance",
    "U": [
        0,
        0,
        0
    ],
    "V": [
        1,
        2,
        3
    ],
    "feat": [
        [
            0,
            1,
            0,
            0,
            0.0,
            1.0,
            0.0,
            1.0,
            -1.0044888796249871
        ],
        [
            0,
            0,
            0,
            1,
            0.3333333333333333,
            0.0,
            1.0,
            0.0,
            1.0
        ],
        [
            0,
            1,
            0,
            0,
            0.3333333333333333,
            0.0,
            1.0,
            0.0,
            0.0016833298593702324
        ],
        [
            0,
            1,
            0,
            0,
            0.3333333333333333,
            0.0,
            1.0,
            0.0,
            0.002805549765617054
        ]
    ],
    "nodeCount": 4,
    "edgeCount": 3,
    "tokenCount": 1,
    "nodes": [
        "0xdb282bbace4e375ff2901b84aceb33016d0d663d",
        "0x137e57a342fd5b75e316d315db546f3a7db352e9",
        "0xb6c33bd07a83ff6a328c246a3cccf6180d278ba4",
        "0xcfa46e1b666fd91bf39028055d506c1e4ca5ad6e"
    ],
    "tokens": [
        "0xe9e7cea3dedca5984780bafc599bd69add087d56"
    ]
}