{
    "hash": "0x22755afc3f533a7a51beadbd5ab8000734116242fde73e7d2614a3ed0ebb4ac8",
    "chain": "Ethereum",
    "U": [
        0,
        2,
        2,
        2,
        2,
        2,
        2,
        2,
        2,
        2,
        2,
        2,
        2,
        2,
        2,
        2,
        2,
        2,
        2,
        2,
        2,
        2,
        2,
        2,
        2,
        2,
        2,
        2,
        2,
        2,
        2,
        2,
        2,
        2,
        2,
        2,
        2,
        2,
        2,
        2,
        2,
        2,
        2,
        2,
        2,
        2,
        2,
        2,
        2,
        2,
        2,
        1
    ],
    "V": [
        1,
        3,
        3,
        3,
        3,
        3,
        3,
        3,
        3,
        3,
        3,
        3,
        3,
        3,
        3,
        3,
        3,
        3,
        3,
        3,
        3,
        3,
        3,
        3,
        3,
        3,
        3,
        3,
        3,
        3,
        3,
        3,
        3,
        3,
        3,
        3,
        3,
        3,
        3,
        3,
        3,
        3,
        3,
        3,
        3,
        3,
        3,
        3,
        3,
        3,
        3,
        0
    ],
    "feat": [
        [
            0,
            0,
            0,
            1,
            0.019230769230769232,
            0.019230769230769232,
            0.5,
            0.5,
            0.0
        ],
        [
            1,
            0,
            0,
            0,
            0.019230769230769232,
            0.019230769230769232,
            0.5,
            0.5,
            0.0
        ],
        [
            0,
            0,
            0,
            1,
            0.0,
            0.9615384615384616,
            0.0,
            0.5,
            -0.25252525252525265
        ],
        [
            0,
            0,
            0,
            1,
            0.9615384615384616,
            0.0,
            0.5,
            0.0,
            0.25252525252525265
        ]
    ],
    "nodeCount": 4,
    "edgeCount": 52,
    "tokenCount": 2,
    "nodes": [
        "0xd8533d518b4a70d8f8a591ca34797d3cce5e1aff",
        "0xac79e7b35523ae9924992fe98442e0fb18f82fe9",
        "0x0000000000000000000000000000000000000000",
        "0x71ca8604e8e253e68ba622aed24b2412a0a37fc6"
    ],
    "tokens": [
        "native_token",
        "0x3fea51daab1672d3385f6af02980e1462ca0687b"
    ]
}