{
    "hash": "0x2216b5d1e12fb4e5e9ccc3bd006e54c8fa1fd1eba8ba92f8cf15e9e6c5f8b056",
    "chain": "Ethereum",
    "U": [
        0,
        2,
        1,
        2,
        2
    ],
    "V": [
        1,
        3,
        4,
        0,
        5
    ],
    "feat": [
        [
            0,
            0,
            0,
            1,
            0.2,
            0.2,
            0.5,
            0.5,
            0.0
        ],
        [
            0,
            1,
            0,
            0,
            0.2,
            0.2,
            0.5,
            0.5,
            0.0
        ],
        [
            0,
            0,
            0,
            1,
            0.0,
            0.6,
            0.0,
            0.5,
            -1.0161222908949765
        ],
        [
            0,
            1,
            0,
            0,
            0.2,
            0.0,
            0.5,
            0.0,
            0.005011179783865429
        ],
        [
            0,
            1,
            0,
            0,
            0.2,
            0.0,
            0.5,
            0.0,
            1.0
        ],
        [
            0,
            1,
            0,
            0,
            0.2,
            0.0,
            0.5,
            0.0,
            0.011111111111111112
        ]
    ],
    "nodeCount": 6,
    "edgeCount": 5,
    "tokenCount": 2,
    "nodes": [
        "0xa65a864ca19535e4c06000768c6cfa9f6ebaeb12",
        "0x24179cd81c9e782a4096035f7ec97fb8b783e007",
        "0x0000000000000000000000000000000000000000",
        "0x4f9fbb3f1e99b56e0fe2892e623ed36a76fc605d",
        "0xdf9eb223bafbe5c5271415c75aecd68c21fe3d7f",
        "0x9555b042f969e561855e5f28cb1230819149a8d9"
    ],
    "tokens": [
        "native_token",
        "0x5f98805a4e8be255a32880fdec7f6728c6568ba0"
    ]
}