{
    "hash": "0x238b64a4c68fca587f56a07378f1e7f9be513276ef4f8890307de2770fb7f605",
    "chain": "Ethereum",
    "U": [
        0,
        1,
        0,
        2,
        0,
        0,
        4,
        3,
        0,
        1
    ],
    "V": [
        1,
        0,
        2,
        0,
        3,
        4,
        0,
        5,
        1,
        0
    ],
    "feat": [
        [
            1,
            0,
            0,
            0,
            0.4,
            0.5,
            1.0,
            1.0,
            0.017792021114526158
        ],
        [
            0,
            0,
            1,
            0,
            0.2,
            0.2,
            0.6666666666666666,
            0.6666666666666666,
            0.0
        ],
        [
            0,
            0,
            1,
            0,
            0.1,
            0.1,
            0.3333333333333333,
            0.3333333333333333,
            -0.021927960412037706
        ],
        [
            0,
            1,
            0,
            0,
            0.1,
            0.1,
            0.3333333333333333,
            0.3333333333333333,
            0.0
        ],
        [
            0,
            0,
            0,
            1,
            0.1,
            0.1,
            0.3333333333333333,
            0.3333333333333333,
            0.0
        ],
        [
            0,
            1,
            0,
            0,
            0.1,
            0.0,
            0.3333333333333333,
            0.0,
            0.004135939297511415
        ]
    ],
    "nodeCount": 6,
    "edgeCount": 10,
    "tokenCount": 3,
    "nodes": [
        "0x0000000000007f150bd6f54c40a34d7c3d5e9f56",
        "0xc02aaa39b223fe8d0a0e5c4f27ead9083c756cc2",
        "0x1bcd6b0e97b51d76fd1752111a1fe2b473f655ee",
        "0x61935cbdd02287b511119ddb11aeb42f1593b7ef",
        "0x6c2d992b7739dfb363a473cc4f28998b7f1f6de2",
        "0xa26e80e7dea86279c6d778d702cc413e6cffa777"
    ],
    "tokens": [
        "native_token",
        "0xc02aaa39b223fe8d0a0e5c4f27ead9083c756cc2",
        "0x6b175474e89094c44da98b954eedeac495271d0f"
    ]
}