{
    "hash": "0x23014e7a17a1505015713515225664531af1118411f28b0b062e06915314cb9b",
    "chain": "Binance",
    "U": [
        0,
        1,
        2,
        4,
        3,
        6,
        3
    ],
    "V": [
        1,
        2,
        3,
        5,
        6,
        3,
        0
    ],
    "feat": [
        [
            0,
            0,
            0,
            1,
            0.14285714285714285,
            0.14285714285714285,
            0.2,
            0.2,
            0.0
        ],
        [
            0,
            0,
            1,
            0,
            0.14285714285714285,
            0.14285714285714285,
            0.2,
            0.2,
            0.0
        ],
        [
            0,
            0,
            1,
            0,
            0.14285714285714285,
            0.14285714285714285,
            0.2,
            0.2,
            0.0
        ],
        [
            1,
            0,
            0,
            0,
            0.2857142857142857,
            0.2857142857142857,
            0.4,
            0.4,
            0.0
        ],
        [
            0,
            0,
            0,
            1,
            0.0,
            0.14285714285714285,
            0.0,
            0.2,
            -1.0
        ],
        [
            0,
            1,
            0,
            0,
            0.14285714285714285,
            0.0,
            0.2,
            0.0,
            1.0
        ],
        [
            0,
            0,
            1,
            0,
            0.14285714285714285,
            0.14285714285714285,
            0.2,
            0.2,
            0.0
        ]
    ],
    "nodeCount": 7,
    "edgeCount": 7,
    "tokenCount": 5,
    "nodes": [
        "0xd428faaed05f99315d3a40757bca3088c0192d1f",
        "0x02bff262b10b7ae1d2e4455ad4cae2d0a6ecf086",
        "0xd99c7f6c65857ac913a8f880a4cb84032ab2fc5b",
        "0xc1e16013a158d57a60d6aa5bb3108722b0ac6df5",
        "0x0000000000000000000000000000000000000000",
        "0x29bc86ad68bb3bd3d54841a8522e0020c1882c22",
        "0x2ef6ced7713c4c8e60690cb5d5180a38951cee82"
    ],
    "tokens": [
        "0x27ae27110350b98d564b9a3eed31baebc82d878d",
        "0xbb4cdb9cbd36b01bd1cbaebf2de08d9173bc095c",
        "0x8ac76a51cc950d9822d68b83fe1ad97b32cd580d",
        "0x2ef6ced7713c4c8e60690cb5d5180a38951cee82",
        "native_token"
    ]
}