{
    "hash": "0x2473e51aaa2c18231b3fa215282b325e2169a0174d491a51c3ed90b98201929e",
    "chain": "Ethereum",
    "U": [
        0,
        1,
        2,
        1,
        3,
        1,
        4,
        1,
        5,
        6,
        1,
        1,
        7,
        1
    ],
    "V": [
        1,
        2,
        1,
        3,
        1,
        4,
        1,
        5,
        1,
        1,
        6,
        7,
        1,
        0
    ],
    "feat": [
        [
            0,
            0,
            0,
            1,
            0.07142857142857142,
            0.07142857142857142,
            0.25,
            0.25,
            0.0
        ],
        [
            1,
            0,
            0,
            0,
            0.5,
            0.5,
            1.0,
            1.0,
            -4.440892098500626e-16
        ],
        [
            0,
            0,
            1,
            0,
            0.07142857142857142,
            0.07142857142857142,
            0.25,
            0.25,
            -0.00013251782043192245
        ],
        [
            0,
            0,
            1,
            0,
            0.07142857142857142,
            0.07142857142857142,
            0.25,
            0.25,
            8.626971419803398e-06
        ],
        [
            0,
            0,
            1,
            0,
            0.07142857142857142,
            0.07142857142857142,
            0.25,
            0.25,
            -0.0012017173831385952
        ],
        [
            0,
            0,
            1,
            0,
            0.07142857142857142,
            0.07142857142857142,
            0.25,
            0.25,
            0.0013256082321506657
        ],
        [
            0,
            1,
            0,
            0,
            0.07142857142857142,
            0.07142857142857142,
            0.25,
            0.25,
            0.0
        ],
        [
            0,
            0,
            1,
            0,
            0.07142857142857142,
            0.07142857142857142,
            0.25,
            0.25,
            0.0
        ]
    ],
    "nodeCount": 8,
    "edgeCount": 14,
    "tokenCount": 4,
    "nodes": [
        "0xaf3357f262fc1317b2cc20927bee7f563b2c0016",
        "0xc176761d388caf2f56cf03329d82e1e7c48ae09c",
        "0x69d460e01070a7ba1bc363885bc8f4f0daa19bf5",
        "0xa97642500517c728ce1339a466de0f10c19034cd",
        "0x7adb368141248d6c50b614aee3b6a9ef9f8c20bd",
        "0x4a7d4be868e0b811ea804faf0d3a325c3a29a9ad",
        "0x11b815efb8f581194ae79006d24e0d814b7697f6",
        "0x3058ef90929cb8180174d74c507176cca6835d73"
    ],
    "tokens": [
        "0x8f8221afbb33998d8584a2b05749ba73c37a938a",
        "0xc02aaa39b223fe8d0a0e5c4f27ead9083c756cc2",
        "0xdac17f958d2ee523a2206206994597c13d831ec7",
        "0x6b175474e89094c44da98b954eedeac495271d0f"
    ]
}