{
    "hash": "0x24082e7075f66bf61ed629b568a02675c14b2c1671a127bacf5fd75fc2eba153",
    "chain": "Binance",
    "U": [
        0,
        2,
        1,
        2,
        2,
        3,
        0,
        4,
        5
    ],
    "V": [
        1,
        3,
        0,
        3,
        3,
        0,
        4,
        5,
        0
    ],
    "feat": [
        [
            1,
            0,
            0,
            0,
            0.3333333333333333,
            0.2222222222222222,
            0.5,
            0.5,
            0.0018949150562799055
        ],
        [
            0,
            0,
            1,
            0,
            0.1111111111111111,
            0.1111111111111111,
            0.25,
            0.25,
            0.0
        ],
        [
            0,
            0,
            0,
            1,
            0.0,
            0.3333333333333333,
            0.0,
            0.25,
            -1.1434375
        ],
        [
            0,
            1,
            0,
            0,
            0.3333333333333333,
            0.1111111111111111,
            0.25,
            0.25,
            0.5714818951361159
        ],
        [
            0,
            0,
            1,
            0,
            0.1111111111111111,
            0.1111111111111111,
            0.25,
            0.25,
            -0.4280443951361159
        ],
        [
            0,
            0,
            1,
            0,
            0.1111111111111111,
            0.1111111111111111,
            0.25,
            0.25,
            0.9981050849437201
        ]
    ],
    "nodeCount": 6,
    "edgeCount": 9,
    "tokenCount": 4,
    "nodes": [
        "0x91d2b12934dc94739c11fdd50176e57ddbab9b17",
        "0x0fb881c078434b1c0e4d0b64d8c64d12078b7ce2",
        "0x0000000000000000000000000000000000000000",
        "0x782395303692abed877d2737aa7982345eb44c11",
        "0x223740a259e461abee12d84a9fff5da69ff071dd",
        "0x62c1dec1ff328dcdc157ae0068bb21af3967acd9"
    ],
    "tokens": [
        "0x2170ed0880ac9a755fd29b2688956bd959f933f8",
        "0x9c65ab58d8d978db963e63f2bfb7121627e3a739",
        "0x55d398326f99059ff775485246999027b3197955",
        "0xe9e7cea3dedca5984780bafc599bd69add087d56"
    ]
}