{
    "hash": "0x2486baf6383c3afe816a5e7a685508277afa8a66e1f77e8fba170df7092f588b",
    "chain": "Ethereum",
    "U": [
        0,
        1,
        1,
        1,
        1,
        1,
        1,
        1,
        1,
        1,
        1,
        1,
        1,
        1,
        1,
        1,
        1,
        1,
        1,
        1,
        1,
        1,
        1,
        1,
        1,
        1,
        1,
        1,
        1,
        1,
        1,
        1,
        1,
        1,
        1,
        1,
        1,
        1,
        1,
        1,
        1,
        1,
        1,
        1,
        1,
        1,
        1,
        1,
        1
    ],
    "V": [
        1,
        1,
        2,
        0,
        1,
        2,
        0,
        1,
        2,
        0,
        1,
        2,
        0,
        1,
        2,
        0,
        1,
        2,
        0,
        1,
        2,
        0,
        1,
        2,
        0,
        1,
        2,
        0,
        1,
        2,
        0,
        1,
        2,
        0,
        1,
        2,
        0,
        1,
        2,
        0,
        1,
        2,
        0,
        1,
        2,
        0,
        1,
        2,
        0
    ],
    "feat": [
        [
            0,
            0,
            0,
            1,
            0.32653061224489793,
            0.02040816326530612,
            0.5,
            0.5,
            15.0
        ],
        [
            0,
            1,
            0,
            0,
            0.3469387755102041,
            0.9795918367346939,
            0.5,
            1.0,
            -16.0
        ],
        [
            0,
            0,
            0,
            1,
            0.32653061224489793,
            0.0,
            0.5,
            0.0,
            0.9999999999999969
        ]
    ],
    "nodeCount": 3,
    "edgeCount": 49,
    "tokenCount": 2,
    "nodes": [
        "0xc59ef9a050d2ee1e48dc311bf4c8c6a8113ae91e",
        "0xfbddadd80fe7bda00b901fbaf73803f2238ae655",
        "0x4b5057b2c87ec9e7c047fb00c0e406dff2fdacad"
    ],
    "tokens": [
        "native_token",
        "0x990f341946a3fdb507ae7e52d17851b87168017c"
    ]
}