{
    "hash": "0x24a7097374038d3248b6e175a3a1e77078aa6787b7bdd5d5b2a808e6efb1d48b",
    "chain": "Ethereum",
    "U": [
        0,
        1,
        1,
        1,
        1,
        1,
        1,
        1,
        1,
        1,
        1,
        1,
        1,
        1,
        1,
        1,
        1,
        1,
        1,
        1,
        1,
        1,
        1,
        1,
        1,
        1,
        1,
        1,
        1,
        1,
        1,
        1,
        1,
        1,
        1,
        1,
        1,
        1,
        1,
        1,
        1,
        1,
        1,
        1,
        1,
        1,
        1,
        1,
        1,
        1,
        1,
        1
    ],
    "V": [
        1,
        1,
        2,
        0,
        1,
        2,
        0,
        1,
        2,
        0,
        1,
        2,
        0,
        1,
        2,
        0,
        1,
        2,
        0,
        1,
        2,
        0,
        1,
        2,
        0,
        1,
        2,
        0,
        1,
        2,
        0,
        1,
        2,
        0,
        1,
        2,
        0,
        1,
        2,
        0,
        1,
        2,
        0,
        1,
        2,
        0,
        1,
        2,
        0,
        1,
        2,
        0
    ],
    "feat": [
        [
            0,
            0,
            0,
            1,
            0.3269230769230769,
            0.019230769230769232,
            0.5,
            0.5,
            12.634615384436371
        ],
        [
            0,
            1,
            0,
            0,
            0.34615384615384615,
            0.9807692307692307,
            0.5,
            1.0,
            -13.634615384436367
        ],
        [
            0,
            0,
            0,
            1,
            0.3269230769230769,
            0.0,
            0.5,
            0.0,
            0.9999999999999971
        ]
    ],
    "nodeCount": 3,
    "edgeCount": 52,
    "tokenCount": 2,
    "nodes": [
        "0xaab29f28057552af7b2035ece9e338f0e2d51a09",
        "0xfbddadd80fe7bda00b901fbaf73803f2238ae655",
        "0x4b5057b2c87ec9e7c047fb00c0e406dff2fdacad"
    ],
    "tokens": [
        "native_token",
        "0x990f341946a3fdb507ae7e52d17851b87168017c"
    ]
}