{
    "hash": "0x25895a1085f99b6ba342bdbffa3bc154cff382f19f08db4a4cee644dfbabe5f6",
    "chain": "Ethereum",
    "U": [
        0,
        1,
        1,
        1,
        4,
        5,
        6,
        5,
        1
    ],
    "V": [
        1,
        2,
        3,
        4,
        5,
        6,
        5,
        1,
        7
    ],
    "feat": [
        [
            0,
            0,
            0,
            1,
            0.0,
            0.1111111111111111,
            0.0,
            0.5,
            -1.0
        ],
        [
            0,
            1,
            0,
            0,
            0.2222222222222222,
            0.4444444444444444,
            1.0,
            1.0,
            1.0108923653717738e-06
        ],
        [
            0,
            1,
            0,
            0,
            0.1111111111111111,
            0.0,
            0.5,
            0.0,
            0.0012494629634309687
        ],
        [
            0,
            0,
            0,
            1,
            0.1111111111111111,
            0.0,
            0.5,
            0.0,
            0.0012494629634309687
        ],
        [
            0,
            1,
            0,
            0,
            0.1111111111111111,
            0.1111111111111111,
            0.5,
            0.5,
            0.0
        ],
        [
            0,
            1,
            0,
            0,
            0.2222222222222222,
            0.2222222222222222,
            1.0,
            1.0,
            1.1102230246251565e-16
        ],
        [
            0,
            1,
            0,
            0,
            0.1111111111111111,
            0.1111111111111111,
            0.5,
            0.5,
            -0.002499936819227222
        ],
        [
            0,
            0,
            0,
            1,
            0.1111111111111111,
            0.0,
            0.5,
            0.0,
            1.0
        ]
    ],
    "nodeCount": 8,
    "edgeCount": 9,
    "tokenCount": 2,
    "nodes": [
        "0x0000000000000000000000000000000000000000",
        "0xb6ea1d3fb9100a2cf166febe11f24367b5fcd24a",
        "0xb65cef03b9b89f99517643226d76e286ee999e77",
        "0xe95b56685327c9caf83c3e6f0a54b8d9708f32c4",
        "0x1a6bc004fcdd57f1f55ba3a3807fae71f8d89e8d",
        "0xc64f268bd8075b3222a508d7869e9c600be7c47f",
        "0x7fc77b5c7614e1533320ea6ddc2eb61fa00a9714",
        "0xff0106f0e27c7ba14063fe1ed64f064838e319ad"
    ],
    "tokens": [
        "0xeb4c2781e4eba804ce9a9803c67d0893436bb27d",
        "0x2260fac5e5542a773aa44fbcfedf7c193bc2c599"
    ]
}