{
    "hash": "0x25e4333177b827a3543eaa8a81032c47de4f535218f6a48a18c7385d2ae6ff56",
    "chain": "Ethereum",
    "U": [
        0,
        2,
        1,
        1,
        3,
        1,
        1,
        1
    ],
    "V": [
        1,
        1,
        2,
        3,
        1,
        0,
        4,
        5
    ],
    "feat": [
        [
            0,
            0,
            1,
            0,
            0.125,
            0.125,
            0.2,
            0.2,
            -0.001870133232685034
        ],
        [
            1,
            0,
            0,
            0,
            0.375,
            0.625,
            0.6,
            1.0,
            -1.9981258667834245
        ],
        [
            1,
            0,
            0,
            0,
            0.125,
            0.125,
            0.2,
            0.2,
            0.0
        ],
        [
            0,
            0,
            1,
            0,
            0.125,
            0.125,
            0.2,
            0.2,
            -3.9999838904458684e-06
        ],
        [
            0,
            0,
            0,
            1,
            0.125,
            0.0,
            0.2,
            0.0,
            1.0
        ],
        [
            0,
            0,
            0,
            1,
            0.125,
            0.0,
            0.2,
            0.0,
            1.0
        ]
    ],
    "nodeCount": 6,
    "edgeCount": 8,
    "tokenCount": 5,
    "nodes": [
        "0x397ff1542f962076d0bfe58ea045ffa2d347aca0",
        "0x9116e82841267d01b9c49f0a19617083466cc000",
        "0x5180545835bd68810fb7e11c7160bb7ea4ae8744",
        "0x94b0a3d511b6ecdb17ebf877278ab030acb0a878",
        "0x0000000000000000000000000000000000000000",
        "0x5a0b54d5dc17e0aadc383d2db43b0a0d3e029c4c"
    ],
    "tokens": [
        "0xa0b86991c6218b36c1d19d4a2e9eb0ce3606eb48",
        "0x956f47f50a910163d8bf957cf5846d573e7f87ca",
        "0xc02aaa39b223fe8d0a0e5c4f27ead9083c756cc2",
        "0x0000000000004946c0e9f43f4dee607b0ef1fa1c",
        "native_token"
    ]
}