{
    "hash": "0x26a466602af50a00409fe73c3cbe84b884aaff6fbe6bdca3469902b869e8b8d2",
    "chain": "Ethereum",
    "U": [
        0,
        2,
        1,
        3,
        3,
        1,
        5,
        1
    ],
    "V": [
        1,
        1,
        3,
        4,
        4,
        3,
        1,
        6
    ],
    "feat": [
        [
            0,
            0,
            0,
            1,
            0.0,
            0.125,
            0.0,
            0.3333333333333333,
            -1.0
        ],
        [
            0,
            1,
            0,
            0,
            0.375,
            0.375,
            1.0,
            1.0,
            0.0
        ],
        [
            0,
            0,
            1,
            0,
            0.0,
            0.125,
            0.0,
            0.3333333333333333,
            -1.0
        ],
        [
            0,
            1,
            0,
            0,
            0.25,
            0.25,
            0.6666666666666666,
            0.6666666666666666,
            1.9914928093490292
        ],
        [
            0,
            1,
            0,
            0,
            0.25,
            0.0,
            0.6666666666666666,
            0.0,
            0.008507190650970966
        ],
        [
            0,
            0,
            1,
            0,
            0.0,
            0.125,
            0.0,
            0.3333333333333333,
            -1.0
        ],
        [
            0,
            1,
            0,
            0,
            0.125,
            0.0,
            0.3333333333333333,
            0.0,
            1.0
        ]
    ],
    "nodeCount": 7,
    "edgeCount": 8,
    "tokenCount": 3,
    "nodes": [
        "0x598b373f4fb6d6e587020d6a9b2fd702438feebe",
        "0x853c2d147a1bd7eda8fe0f58fb3c5294db07220e",
        "0x1f573d6fb3f13d689ff844b4ce37794d79a7ff1c",
        "0x4c9a2bd661d640da3634a4988a9bd2bc0f18e5a9",
        "0xebcc959479634eec5a4d7162e36f8b8cc763f491",
        "0xb1cd6e4153b2a390cf00a6556b0fc1458c4a5533",
        "0xd1d846312b819743974786050848d9b3d06b9b55"
    ],
    "tokens": [
        "native_token",
        "0x1f573d6fb3f13d689ff844b4ce37794d79a7ff1c",
        "0xb1cd6e4153b2a390cf00a6556b0fc1458c4a5533"
    ]
}