{
    "hash": "0x2623b63c2e7259241b23649bf293458a486284eaaf36f21466b6bb2741924365",
    "chain": "Ethereum",
    "U": [
        0,
        1,
        1
    ],
    "V": [
        1,
        0,
        2
    ],
    "feat": [
        [
            0,
            0,
            0,
            1,
            0.3333333333333333,
            0.3333333333333333,
            0.5,
            0.5,
            0.0
        ],
        [
            0,
            0,
            0,
            1,
            0.3333333333333333,
            0.6666666666666666,
            0.5,
            0.5,
            -0.0030090270812437314
        ],
        [
            0,
            0,
            0,
            1,
            0.3333333333333333,
            0.0,
            0.5,
            0.0,
            0.003009027081243731
        ]
    ],
    "nodeCount": 3,
    "edgeCount": 3,
    "tokenCount": 2,
    "nodes": [
        "0x71da003dde85c7b0064ad81b3a462811a984fcc5",
        "0x0000000000000000000000000000000000000000",
        "0xfeefeefeefeefeefeefeefeefeefeefeefeefeef"
    ],
    "tokens": [
        "0xe1afe1fd76fd88f78cbf599ea1846231b8ba3b6b",
        "0x57ab1ec28d129707052df4df418d58a2d46d5f51"
    ]
}