{
    "hash": "0x2658cce4051cedb31b58c984dbffd9d5a6f65eb9a30d17181b02db9dc2a710ef",
    "chain": "Binance",
    "U": [
        0,
        1,
        0,
        1,
        2,
        0,
        3
    ],
    "V": [
        1,
        0,
        1,
        0,
        0,
        3,
        0
    ],
    "feat": [
        [
            1,
            0,
            0,
            0,
            0.5714285714285714,
            0.42857142857142855,
            1.0,
            1.0,
            0.0027526787952711317
        ],
        [
            0,
            0,
            1,
            0,
            0.2857142857142857,
            0.2857142857142857,
            0.6666666666666666,
            0.6666666666666666,
            0.005990865471233731
        ],
        [
            0,
            1,
            0,
            0,
            0.0,
            0.14285714285714285,
            0.0,
            0.3333333333333333,
            -1.0
        ],
        [
            0,
            0,
            1,
            0,
            0.14285714285714285,
            0.14285714285714285,
            0.3333333333333333,
            0.3333333333333333,
            0.9912564557334952
        ]
    ],
    "nodeCount": 4,
    "edgeCount": 7,
    "tokenCount": 3,
    "nodes": [
        "0x42a4bcbb91e4fab5223edb7772c73a0d065efd7f",
        "0x62c1dec1ff328dcdc157ae0068bb21af3967acd9",
        "0x782395303692abed877d2737aa7982345eb44c11",
        "0x223740a259e461abee12d84a9fff5da69ff071dd"
    ],
    "tokens": [
        "0xe9e7cea3dedca5984780bafc599bd69add087d56",
        "0x55d398326f99059ff775485246999027b3197955",
        "0x9c65ab58d8d978db963e63f2bfb7121627e3a739"
    ]
}