{
    "hash": "0x26e96311229497effa839968c04f856f16da9dd29e9b93b12886bacf433d9615",
    "chain": "Binance",
    "U": [
        0,
        0,
        0,
        0,
        0,
        0,
        0,
        0,
        0,
        0,
        0,
        0,
        0,
        0,
        0,
        0,
        0,
        0,
        0,
        0,
        0,
        0,
        0,
        0,
        0,
        0,
        0,
        0,
        0,
        0,
        0,
        0,
        0,
        0,
        0,
        0,
        0,
        0,
        0,
        0,
        0,
        0,
        0,
        0,
        0,
        0,
        0,
        0,
        0,
        0,
        0,
        0,
        0,
        0
    ],
    "V": [
        1,
        2,
        1,
        2,
        1,
        2,
        1,
        2,
        1,
        2,
        1,
        2,
        1,
        2,
        1,
        2,
        1,
        2,
        1,
        2,
        1,
        2,
        1,
        2,
        1,
        2,
        1,
        2,
        1,
        2,
        1,
        2,
        1,
        2,
        1,
        2,
        1,
        2,
        1,
        2,
        1,
        2,
        1,
        2,
        1,
        2,
        1,
        2,
        1,
        2,
        1,
        2,
        1,
        2
    ],
    "feat": [
        [
            0,
            0,
            0,
            1,
            0.0,
            1.0,
            0.0,
            1.0,
            -2.6546666666666647
        ],
        [
            0,
            0,
            0,
            1,
            0.5,
            0.0,
            1.0,
            0.0,
            0.24133333333333326
        ],
        [
            0,
            1,
            0,
            0,
            0.5,
            0.0,
            1.0,
            0.0,
            2.413333333333332
        ]
    ],
    "nodeCount": 3,
    "edgeCount": 54,
    "tokenCount": 1,
    "nodes": [
        "0x0000000000000000000000000000000000000000",
        "0x29ef5e3651b9632de7edb01414b92a6aacc8f850",
        "0x334ab4315fb01bc7266a415cf247c44ee9e134d9"
    ],
    "tokens": [
        "0x55c3218d2895c120f555d123dac458fe9d39d0ce"
    ]
}