{
    "hash": "0x27c97497f9382c1a153a097e934ace5de0df6debdff35c845c3fd586671736f8",
    "chain": "Binance",
    "U": [
        0,
        1,
        3,
        2,
        2
    ],
    "V": [
        1,
        2,
        2,
        3,
        0
    ],
    "feat": [
        [
            0,
            0,
            0,
            1,
            0.2,
            0.2,
            0.3333333333333333,
            0.3333333333333333,
            0.0
        ],
        [
            0,
            1,
            0,
            0,
            0.2,
            0.2,
            0.3333333333333333,
            0.3333333333333333,
            0.0
        ],
        [
            1,
            0,
            0,
            0,
            0.4,
            0.4,
            0.6666666666666666,
            0.6666666666666666,
            0.0
        ],
        [
            0,
            1,
            0,
            0,
            0.2,
            0.2,
            0.3333333333333333,
            0.3333333333333333,
            0.0
        ]
    ],
    "nodeCount": 4,
    "edgeCount": 5,
    "tokenCount": 3,
    "nodes": [
        "0xe8265d372266f45f99fd4e13fbc0f1d7d59a12ea",
        "0xc10f10c1d7df5abc60e26a03bb23cb68fe64c41d",
        "0x0596908263ef2724fbfbcafa1c983fcd7a629038",
        "0xbe60d4c4250438344bec816ec2dec99925deb4c7"
    ],
    "tokens": [
        "0x67ee3cb086f8a16f34bee3ca72fad36f7db929e2",
        "0x55d398326f99059ff775485246999027b3197955",
        "0xe9e7cea3dedca5984780bafc599bd69add087d56"
    ]
}