{
    "hash": "0x276ba235e76f38bfe3e90b487c7672279d47c9455befc89b3e9a092e1d30e5e6",
    "chain": "Ethereum",
    "U": [
        0,
        1,
        1,
        1,
        1,
        1,
        1,
        1,
        1,
        1,
        1,
        1,
        1,
        1,
        1,
        1,
        1,
        1,
        1,
        1,
        1,
        1,
        1,
        1,
        1,
        1,
        1,
        1,
        1,
        1,
        1,
        1,
        1,
        1
    ],
    "V": [
        1,
        1,
        2,
        0,
        1,
        2,
        0,
        1,
        2,
        0,
        1,
        2,
        0,
        1,
        2,
        0,
        1,
        2,
        0,
        1,
        2,
        0,
        1,
        2,
        0,
        1,
        2,
        0,
        1,
        2,
        0,
        1,
        2,
        0
    ],
    "feat": [
        [
            0,
            0,
            0,
            1,
            0.3235294117647059,
            0.029411764705882353,
            0.5,
            0.5,
            10.0
        ],
        [
            0,
            1,
            0,
            0,
            0.35294117647058826,
            0.9705882352941176,
            0.5,
            1.0,
            -11.0
        ],
        [
            0,
            0,
            0,
            1,
            0.3235294117647059,
            0.0,
            0.5,
            0.0,
            0.9999999999999966
        ]
    ],
    "nodeCount": 3,
    "edgeCount": 34,
    "tokenCount": 2,
    "nodes": [
        "0x5e61b606d31bf23408642a73d4b915dc22c57028",
        "0xfbddadd80fe7bda00b901fbaf73803f2238ae655",
        "0x4b5057b2c87ec9e7c047fb00c0e406dff2fdacad"
    ],
    "tokens": [
        "native_token",
        "0x990f341946a3fdb507ae7e52d17851b87168017c"
    ]
}