{
    "hash": "0x288a496b420c3291059c124423b12619b1e0e9472c719149373a42132bcd1673",
    "chain": "Binance",
    "U": [
        0,
        1,
        2,
        3,
        2,
        4,
        5,
        2,
        1
    ],
    "V": [
        1,
        2,
        3,
        2,
        4,
        5,
        2,
        1,
        0
    ],
    "feat": [
        [
            0,
            0,
            0,
            1,
            0.1111111111111111,
            0.1111111111111111,
            0.25,
            0.25,
            0.0
        ],
        [
            0,
            1,
            0,
            0,
            0.2222222222222222,
            0.2222222222222222,
            0.5,
            0.5,
            0.0
        ],
        [
            0,
            1,
            0,
            0,
            0.3333333333333333,
            0.3333333333333333,
            0.75,
            0.75,
            0.0
        ],
        [
            0,
            1,
            0,
            0,
            0.1111111111111111,
            0.1111111111111111,
            0.25,
            0.25,
            0.0
        ],
        [
            0,
            0,
            1,
            0,
            0.1111111111111111,
            0.1111111111111111,
            0.25,
            0.25,
            0.0
        ],
        [
            0,
            0,
            1,
            0,
            0.1111111111111111,
            0.1111111111111111,
            0.25,
            0.25,
            0.0
        ]
    ],
    "nodeCount": 6,
    "edgeCount": 9,
    "tokenCount": 4,
    "nodes": [
        "0x895d5800a8596ac015a9cc10cb0601977d37912b",
        "0x8f8dd7db1bda5ed3da8c9daf3bfa471c12d58486",
        "0xdb6f1920a889355780af7570773609bd8cb1f498",
        "0x01c9475dbd36e46d1961572c8de24b74616bae9e",
        "0x83c5b5b309ee8e232fe9db217d394e262a71bcc0",
        "0xa584a5805dde848cb200da49a2a58174ccfd1ba8"
    ],
    "tokens": [
        "0xe9e7cea3dedca5984780bafc599bd69add087d56",
        "0x55d398326f99059ff775485246999027b3197955",
        "0xbb4cdb9cbd36b01bd1cbaebf2de08d9173bc095c",
        "0x87230146e138d3f296a9a77e497a2a83012e9bc5"
    ]
}