{
    "hash": "0x28ad92e7f8fce352e28c7e605a49bd53ca338c39dc20cc9145757a5a5f52be91",
    "chain": "Binance",
    "U": [
        0,
        1,
        2,
        4,
        3,
        4,
        3
    ],
    "V": [
        1,
        2,
        3,
        3,
        4,
        5,
        0
    ],
    "feat": [
        [
            0,
            0,
            0,
            1,
            0.14285714285714285,
            0.14285714285714285,
            0.25,
            0.25,
            0.0
        ],
        [
            0,
            0,
            1,
            0,
            0.14285714285714285,
            0.14285714285714285,
            0.25,
            0.25,
            0.0
        ],
        [
            0,
            1,
            0,
            0,
            0.14285714285714285,
            0.14285714285714285,
            0.25,
            0.25,
            0.0
        ],
        [
            1,
            0,
            0,
            0,
            0.2857142857142857,
            0.2857142857142857,
            0.5,
            0.5,
            0.0
        ],
        [
            0,
            1,
            0,
            0,
            0.14285714285714285,
            0.2857142857142857,
            0.25,
            0.25,
            -2.0002000199914605e-05
        ],
        [
            0,
            1,
            0,
            0,
            0.14285714285714285,
            0.0,
            0.25,
            0.0,
            2.0002000200020003e-05
        ]
    ],
    "nodeCount": 6,
    "edgeCount": 7,
    "tokenCount": 4,
    "nodes": [
        "0x888274bbb480812a6df0bf4422fc24472f06a53a",
        "0xba01662e978de7d67f8ffc937726215eb8995d17",
        "0x0fe261aee0d1c4dfddee4102e82dd425999065f4",
        "0x8e4842d0570c85ba3805a9508dce7c6a458359d0",
        "0xbe60d4c4250438344bec816ec2dec99925deb4c7",
        "0xcaa42f09af66a8bae3a7445a7f63dad97c11638b"
    ],
    "tokens": [
        "0x5a3010d4d8d3b5fb49f8b6e57fb9e48063f16700",
        "0xbb4cdb9cbd36b01bd1cbaebf2de08d9173bc095c",
        "0xe9e7cea3dedca5984780bafc599bd69add087d56",
        "0x55d398326f99059ff775485246999027b3197955"
    ]
}