{
    "hash": "0x295e7e197658a5dc003175d29260b73417e96bdca1e13419b499d178b94152bd",
    "chain": "Binance",
    "U": [
        0,
        1,
        2,
        3,
        1,
        4,
        5,
        4,
        6,
        1
    ],
    "V": [
        1,
        2,
        3,
        1,
        4,
        5,
        4,
        6,
        1,
        0
    ],
    "feat": [
        [
            0,
            0,
            0,
            1,
            0.1,
            0.1,
            0.3333333333333333,
            0.3333333333333333,
            0.0
        ],
        [
            0,
            1,
            0,
            0,
            0.3,
            0.3,
            0.6666666666666666,
            0.6666666666666666,
            0.0
        ],
        [
            0,
            1,
            0,
            0,
            0.1,
            0.1,
            0.3333333333333333,
            0.3333333333333333,
            0.0
        ],
        [
            0,
            0,
            1,
            0,
            0.1,
            0.1,
            0.3333333333333333,
            0.3333333333333333,
            -0.00038147337030114414
        ],
        [
            0,
            1,
            0,
            0,
            0.2,
            0.2,
            0.6666666666666666,
            0.6666666666666666,
            1.1102230246251565e-16
        ],
        [
            0,
            0,
            1,
            0,
            0.1,
            0.1,
            0.3333333333333333,
            0.3333333333333333,
            -0.09999999999999998
        ],
        [
            0,
            0,
            1,
            0,
            0.1,
            0.1,
            0.3333333333333333,
            0.3333333333333333,
            0.10038147337030112
        ]
    ],
    "nodeCount": 7,
    "edgeCount": 10,
    "tokenCount": 3,
    "nodes": [
        "0x2c81fef98b19512b3ad1923f224f34c1aaaace40",
        "0xb75fa2a799fc7935f37500ba9780cbe10aa6610a",
        "0x0bdc24946818c0fe045a1d84d2fe630e6e59b77d",
        "0xc95b1750043fce5dfcc8539835ea3830ec002a89",
        "0x4c7172cdb4afdae351ed46cb48d1245e7846ff7c",
        "0x1b96b92314c44b159149f7e0303511fb2fc4774f",
        "0xdc683adb914edf91df4a36c33ee4f59ca41bc263"
    ],
    "tokens": [
        "0xe9e7cea3dedca5984780bafc599bd69add087d56",
        "0x0feadcc3824e7f3c12f40e324a60c23ca51627fc",
        "0xbb4cdb9cbd36b01bd1cbaebf2de08d9173bc095c"
    ]
}