{
    "hash": "0x29ab5b1f2e1535b9f5a0a2bdbe9900610c252ca97d1bc480fe39c479fabd951e",
    "chain": "Ethereum",
    "U": [
        0,
        1,
        0,
        0,
        3,
        2,
        5,
        0,
        0,
        1
    ],
    "V": [
        1,
        0,
        2,
        3,
        0,
        4,
        0,
        5,
        1,
        0
    ],
    "feat": [
        [
            1,
            0,
            0,
            0,
            0.4,
            0.5,
            1.0,
            1.0,
            0.0014165360250495418
        ],
        [
            0,
            0,
            1,
            0,
            0.2,
            0.2,
            0.6666666666666666,
            0.6666666666666666,
            0.0
        ],
        [
            0,
            1,
            0,
            0,
            0.1,
            0.1,
            0.3333333333333333,
            0.3333333333333333,
            0.0
        ],
        [
            0,
            0,
            0,
            1,
            0.1,
            0.1,
            0.3333333333333333,
            0.3333333333333333,
            -0.0016728294120632592
        ],
        [
            0,
            1,
            0,
            0,
            0.1,
            0.0,
            0.3333333333333333,
            0.0,
            0.00025629338701399306
        ],
        [
            0,
            1,
            0,
            0,
            0.1,
            0.1,
            0.3333333333333333,
            0.3333333333333333,
            0.0
        ]
    ],
    "nodeCount": 6,
    "edgeCount": 10,
    "tokenCount": 3,
    "nodes": [
        "0x0000000000007f150bd6f54c40a34d7c3d5e9f56",
        "0xc02aaa39b223fe8d0a0e5c4f27ead9083c756cc2",
        "0x61935cbdd02287b511119ddb11aeb42f1593b7ef",
        "0x57845987c8c859d52931ee248d8d84ab10532407",
        "0xa26e80e7dea86279c6d778d702cc413e6cffa777",
        "0x4e68ccd3e89f51c3074ca5072bbac773960dfa36"
    ],
    "tokens": [
        "native_token",
        "0xc02aaa39b223fe8d0a0e5c4f27ead9083c756cc2",
        "0xdac17f958d2ee523a2206206994597c13d831ec7"
    ]
}