{
    "hash": "0x29f0e4ff6c589f1504c64e0ca5ff55167392464b10308ddda3b83dd38960d25d",
    "chain": "Binance",
    "U": [
        0,
        1,
        1,
        2,
        3,
        5,
        4,
        2,
        6,
        4,
        4,
        3,
        6,
        6,
        4,
        4,
        7,
        4,
        2
    ],
    "V": [
        1,
        2,
        2,
        3,
        4,
        4,
        2,
        6,
        4,
        5,
        3,
        6,
        4,
        3,
        5,
        3,
        2,
        6,
        0
    ],
    "feat": [
        [
            0,
            0,
            0,
            1,
            0.05263157894736842,
            0.05263157894736842,
            0.25,
            0.25,
            0.21203722791051371
        ],
        [
            0,
            1,
            0,
            0,
            0.05263157894736842,
            0.10526315789473684,
            0.25,
            0.5,
            -1.0
        ],
        [
            0,
            1,
            0,
            0,
            0.21052631578947367,
            0.15789473684210525,
            0.75,
            0.5,
            0.2873809609645648
        ],
        [
            0,
            0,
            1,
            0,
            0.21052631578947367,
            0.10526315789473684,
            0.5,
            0.5,
            1.9986680519804583
        ],
        [
            0,
            1,
            0,
            0,
            0.21052631578947367,
            0.3157894736842105,
            0.5,
            0.5,
            -0.9986680519804583
        ],
        [
            0,
            0,
            1,
            0,
            0.10526315789473684,
            0.05263157894736842,
            0.25,
            0.25,
            0.4993340259902291
        ],
        [
            0,
            1,
            0,
            0,
            0.15789473684210525,
            0.15789473684210525,
            0.5,
            0.5,
            0.0012477851346919366
        ],
        [
            0,
            0,
            0,
            1,
            0.0,
            0.05263157894736842,
            0.0,
            0.25,
            -1.0
        ]
    ],
    "nodeCount": 8,
    "edgeCount": 19,
    "tokenCount": 4,
    "nodes": [
        "0x3b3c7663e06b3a194ac8b9df4762aaa334d8b41b",
        "0x433c4c0b7583235767bfdbd778e0d7f0df5fb319",
        "0x4bb86cfbe8821963acd021a527ff356391f76f08",
        "0x8dc058ba568f7d992c60de3427e7d6fc014491db",
        "0x10ed43c718714eb63d5aa57b78b54704e256024e",
        "0xbb4cdb9cbd36b01bd1cbaebf2de08d9173bc095c",
        "0x2b1c93ffff55e2620d6fb5dad7d69a6a468c9731",
        "0x0000000000000000000000000000000000000000"
    ],
    "tokens": [
        "native_token",
        "0xe98d920370d87617eb11476b41bf4be4c556f3f8",
        "0xbb4cdb9cbd36b01bd1cbaebf2de08d9173bc095c",
        "0x8dc058ba568f7d992c60de3427e7d6fc014491db"
    ]
}