{
    "hash": "0x295f0080ec6a3dce60d0466fb481f23d4234b8504c697ff6d27e205dca6454df",
    "chain": "Ethereum",
    "U": [
        0,
        1,
        3,
        2,
        4,
        2,
        6,
        2,
        7,
        2
    ],
    "V": [
        1,
        2,
        2,
        3,
        5,
        6,
        2,
        7,
        2,
        0
    ],
    "feat": [
        [
            0,
            0,
            0,
            1,
            0.1,
            0.1,
            0.2,
            0.2,
            0.0
        ],
        [
            0,
            0,
            1,
            0,
            0.1,
            0.1,
            0.2,
            0.2,
            0.0
        ],
        [
            1,
            0,
            0,
            0,
            0.4,
            0.4,
            0.6,
            0.6,
            0.0
        ],
        [
            1,
            0,
            0,
            0,
            0.1,
            0.1,
            0.2,
            0.2,
            0.0
        ],
        [
            0,
            0,
            0,
            1,
            0.0,
            0.1,
            0.0,
            0.2,
            -1.0
        ],
        [
            0,
            0,
            0,
            1,
            0.1,
            0.0,
            0.2,
            0.0,
            1.0
        ],
        [
            0,
            0,
            1,
            0,
            0.1,
            0.1,
            0.2,
            0.2,
            0.00031717886167437204
        ],
        [
            0,
            0,
            1,
            0,
            0.1,
            0.1,
            0.2,
            0.2,
            -0.00031717886167437204
        ]
    ],
    "nodeCount": 8,
    "edgeCount": 10,
    "tokenCount": 5,
    "nodes": [
        "0xbd4de828bb19b582f42950ffd477a7711d054e10",
        "0x9d549079669d382e9556ef2f4e8a7e1a616dae49",
        "0xfd3dfb524b2da40c8a6d703c62be36b5d8540626",
        "0x60594a405d53811d3bc4766596efd80fd545a270",
        "0x0000000000000000000000000000000000000000",
        "0x910bf2d50fa5e014fd06666f456182d4ab7c8bd2",
        "0x75116bd1ab4b0065b44e1a4ea9b4180a171406ed",
        "0x7566126f2fd0f2dddae01bb8a6ea49b760383d5a"
    ],
    "tokens": [
        "0x939a7a577d93ad29b64c1595b1284ce660a479b9",
        "0xc02aaa39b223fe8d0a0e5c4f27ead9083c756cc2",
        "0x6b175474e89094c44da98b954eedeac495271d0f",
        "0x75116bd1ab4b0065b44e1a4ea9b4180a171406ed",
        "native_token"
    ]
}