{
    "hash": "0x2931c2229a4ef76f9d449e67207c24774e4af8643e2cb3f8f0780ea7f44352c5",
    "chain": "Binance",
    "U": [
        0,
        2,
        1,
        4,
        3,
        2,
        5,
        3,
        3,
        6,
        2,
        5,
        1,
        4,
        3
    ],
    "V": [
        1,
        1,
        3,
        3,
        2,
        5,
        3,
        4,
        6,
        5,
        7,
        0,
        3,
        3,
        0
    ],
    "feat": [
        [
            0,
            0,
            0,
            1,
            0.13333333333333333,
            0.06666666666666667,
            0.5,
            0.25,
            0.03069709225489714
        ],
        [
            0,
            1,
            0,
            0,
            0.13333333333333333,
            0.13333333333333333,
            0.25,
            0.25,
            -0.0002621515472378197
        ],
        [
            0,
            0,
            1,
            0,
            0.06666666666666667,
            0.2,
            0.25,
            0.5,
            -0.01930111560118803
        ],
        [
            0,
            1,
            0,
            0,
            0.3333333333333333,
            0.26666666666666666,
            0.5,
            0.5,
            1.0244540839355323
        ],
        [
            0,
            0,
            1,
            0,
            0.06666666666666667,
            0.13333333333333333,
            0.25,
            0.25,
            -1.0244540839355323
        ],
        [
            1,
            0,
            0,
            0,
            0.13333333333333333,
            0.13333333333333333,
            0.5,
            0.5,
            0.9693029077451029
        ],
        [
            0,
            0,
            1,
            0,
            0.06666666666666667,
            0.06666666666666667,
            0.25,
            0.25,
            -0.9877729580322339
        ],
        [
            0,
            0,
            0,
            1,
            0.06666666666666667,
            0.0,
            0.25,
            0.0,
            0.00733622518065966
        ]
    ],
    "nodeCount": 8,
    "edgeCount": 15,
    "tokenCount": 4,
    "nodes": [
        "0xb2e332d00fab117437c3825ae30c4dea10c30edc",
        "0x9ced951333a32b99e6c2a1af65a225d4391d6dcd",
        "0xc6a021837422a12dffc1239a1214e51472529368",
        "0x10ed43c718714eb63d5aa57b78b54704e256024e",
        "0xbb4cdb9cbd36b01bd1cbaebf2de08d9173bc095c",
        "0x4737c7ed58f406312bf72495108fbaf60a675cff",
        "0x58f876857a02d6762e0101bb5c46a8c1ed44dc16",
        "0x123cbd69c702dcb20c2d6e41463327513d3efc45"
    ],
    "tokens": [
        "0xc6a021837422a12dffc1239a1214e51472529368",
        "0xbb4cdb9cbd36b01bd1cbaebf2de08d9173bc095c",
        "native_token",
        "0xe9e7cea3dedca5984780bafc599bd69add087d56"
    ]
}