{
    "hash": "0x2a8c0b58b8eb966a198625656e7c8dc5ba426482fb36755eaef3475cec1f6504",
    "chain": "Ethereum",
    "U": [
        0,
        1,
        2,
        1,
        3,
        1,
        0,
        1,
        2,
        1,
        3,
        1,
        0,
        1,
        2,
        1,
        3,
        1,
        0,
        1,
        2,
        1,
        3,
        1
    ],
    "V": [
        1,
        2,
        1,
        3,
        4,
        0,
        1,
        2,
        1,
        3,
        5,
        0,
        1,
        2,
        1,
        3,
        6,
        0,
        1,
        2,
        1,
        3,
        7,
        0
    ],
    "feat": [
        [
            1,
            0,
            0,
            0,
            0.16666666666666666,
            0.16666666666666666,
            0.3333333333333333,
            0.3333333333333333,
            -0.4295149179472135
        ],
        [
            0,
            1,
            0,
            0,
            0.3333333333333333,
            0.5,
            0.6666666666666666,
            0.6666666666666666,
            -4.440892098500626e-16
        ],
        [
            0,
            0,
            1,
            0,
            0.16666666666666666,
            0.16666666666666666,
            0.3333333333333333,
            0.3333333333333333,
            -3.4392728179852883
        ],
        [
            0,
            0,
            1,
            0,
            0.16666666666666666,
            0.16666666666666666,
            0.3333333333333333,
            0.3333333333333333,
            -0.13121226406749864
        ],
        [
            0,
            0,
            0,
            1,
            0.041666666666666664,
            0.0,
            0.3333333333333333,
            0.0,
            1.0
        ],
        [
            0,
            0,
            0,
            1,
            0.041666666666666664,
            0.0,
            0.3333333333333333,
            0.0,
            1.0
        ],
        [
            0,
            0,
            0,
            1,
            0.041666666666666664,
            0.0,
            0.3333333333333333,
            0.0,
            1.0
        ],
        [
            0,
            0,
            0,
            1,
            0.041666666666666664,
            0.0,
            0.3333333333333333,
            0.0,
            1.0
        ]
    ],
    "nodeCount": 8,
    "edgeCount": 24,
    "tokenCount": 3,
    "nodes": [
        "0x2e2f641b6d03a88b1b1bdf938891b72d2f1176ab",
        "0x7a250d5630b4cf539739df2c5dacb4c659f2488d",
        "0xc02aaa39b223fe8d0a0e5c4f27ead9083c756cc2",
        "0xee75b84cb8391e3e13eedb4fb047d7fed1f11537",
        "0x3eaa43728567660eab5bfad26c2663379f3f48f9",
        "0x84ba231269fcd22f1321019c415bbd5e2e940ae8",
        "0x1f740b9629a72aea6f79d46f19c81ab0e9f9f486",
        "0x30a75ec614e8c4609ba751ac96f8f4cb257b4870"
    ],
    "tokens": [
        "native_token",
        "0xc02aaa39b223fe8d0a0e5c4f27ead9083c756cc2",
        "0x6fa363c767acca6648e35c4614a48ded1faeeaf4"
    ]
}