{
    "hash": "0x2a4aa6dc2ed553f29ca53112e2817535fd216274690feaaf1ce801d99c2b7c83",
    "chain": "Ethereum",
    "U": [
        0,
        1,
        3,
        2,
        2,
        4,
        2,
        1,
        1
    ],
    "V": [
        1,
        2,
        2,
        3,
        4,
        2,
        1,
        5,
        0
    ],
    "feat": [
        [
            0,
            0,
            0,
            1,
            0.1111111111111111,
            0.1111111111111111,
            0.3333333333333333,
            0.3333333333333333,
            0.0
        ],
        [
            1,
            0,
            0,
            0,
            0.2222222222222222,
            0.3333333333333333,
            0.6666666666666666,
            0.6666666666666666,
            0.0
        ],
        [
            1,
            0,
            0,
            0,
            0.3333333333333333,
            0.3333333333333333,
            1.0,
            1.0,
            0.0
        ],
        [
            1,
            0,
            0,
            0,
            0.1111111111111111,
            0.1111111111111111,
            0.3333333333333333,
            0.3333333333333333,
            -0.008750000000000036
        ],
        [
            0,
            0,
            1,
            0,
            0.1111111111111111,
            0.1111111111111111,
            0.3333333333333333,
            0.3333333333333333,
            0.0
        ],
        [
            0,
            0,
            0,
            1,
            0.1111111111111111,
            0.0,
            0.3333333333333333,
            0.0,
            0.00875
        ]
    ],
    "nodeCount": 6,
    "edgeCount": 9,
    "tokenCount": 3,
    "nodes": [
        "0x8a148633e126a1d8b0eb9f13ac2f3c4bedaef66f",
        "0x74de5d4fcbf63e00296fd95d33236b9794016631",
        "0x27239549dd40e1d60f5b80b0c4196923745b1fd2",
        "0x88e6a0c2ddd26feeb64f039a2c41296fcb3f5640",
        "0xcaa004418eb42cdf00cb057b7c9e28f0ffd840a5",
        "0x11ededebf63bef0ea2d2d071bdf88f71543ec6fb"
    ],
    "tokens": [
        "0xa0b86991c6218b36c1d19d4a2e9eb0ce3606eb48",
        "0xc02aaa39b223fe8d0a0e5c4f27ead9083c756cc2",
        "0x2a3bff78b79a009976eea096a51a948a3dc00e34"
    ]
}