{
    "hash": "0x2a4c0902b183362bdba338ca690855a148c94b0f465d38e1bb2ba0621d0196c1",
    "chain": "Binance",
    "U": [
        0,
        2,
        1,
        2,
        4,
        2,
        5,
        3,
        0,
        5,
        0
    ],
    "V": [
        1,
        3,
        4,
        3,
        5,
        3,
        0,
        0,
        5,
        0,
        2
    ],
    "feat": [
        [
            1,
            0,
            0,
            0,
            0.2727272727272727,
            0.2727272727272727,
            0.5,
            0.75,
            -0.9978908530983215
        ],
        [
            0,
            0,
            1,
            0,
            0.09090909090909091,
            0.09090909090909091,
            0.25,
            0.25,
            0.0
        ],
        [
            0,
            0,
            0,
            1,
            0.09090909090909091,
            0.2727272727272727,
            0.25,
            0.25,
            0.9937155420008803
        ],
        [
            0,
            1,
            0,
            0,
            0.2727272727272727,
            0.09090909090909091,
            0.25,
            0.25,
            -0.0027133957885307003
        ],
        [
            0,
            0,
            1,
            0,
            0.09090909090909091,
            0.09090909090909091,
            0.25,
            0.25,
            0.0
        ],
        [
            0,
            0,
            1,
            0,
            0.18181818181818182,
            0.18181818181818182,
            0.25,
            0.25,
            0.0068887068859721425
        ]
    ],
    "nodeCount": 6,
    "edgeCount": 11,
    "tokenCount": 4,
    "nodes": [
        "0x1e6ca51af1fa497eff30109bdb95d79061fa342b",
        "0x62c1dec1ff328dcdc157ae0068bb21af3967acd9",
        "0x0000000000000000000000000000000000000000",
        "0x782395303692abed877d2737aa7982345eb44c11",
        "0x223740a259e461abee12d84a9fff5da69ff071dd",
        "0xe1cbe92b5375ee6afe1b22b555d257b4357f6c68"
    ],
    "tokens": [
        "0x55d398326f99059ff775485246999027b3197955",
        "0x9c65ab58d8d978db963e63f2bfb7121627e3a739",
        "0xe9e7cea3dedca5984780bafc599bd69add087d56",
        "0x0000000000004946c0e9f43f4dee607b0ef1fa1c"
    ]
}