{
    "hash": "0x2a611b5b43801df815384331db481031560fd4da9908e7f4a35e1c6bfa4fd0c8",
    "chain": "Ethereum",
    "U": [
        0,
        2,
        1,
        3,
        2,
        4
    ],
    "V": [
        1,
        0,
        2,
        4,
        3,
        2
    ],
    "feat": [
        [
            0,
            1,
            0,
            0,
            0.16666666666666666,
            0.16666666666666666,
            0.25,
            0.25,
            -0.001077801520874222
        ],
        [
            0,
            0,
            1,
            0,
            0.16666666666666666,
            0.16666666666666666,
            0.25,
            0.25,
            0.0
        ],
        [
            1,
            0,
            0,
            0,
            0.3333333333333333,
            0.3333333333333333,
            0.5,
            0.5,
            0.001077801520874111
        ],
        [
            1,
            0,
            0,
            0,
            0.16666666666666666,
            0.16666666666666666,
            0.25,
            0.25,
            0.0
        ],
        [
            0,
            0,
            1,
            0,
            0.16666666666666666,
            0.16666666666666666,
            0.25,
            0.25,
            0.0
        ]
    ],
    "nodeCount": 5,
    "edgeCount": 6,
    "tokenCount": 4,
    "nodes": [
        "0xf87bb87fd9ea1c260ddf77b9c707ad9437ff8364",
        "0x9928e4046d7c6513326ccea028cd3e7a91c7590a",
        "0xf5b4f13bdbe12709bd3ea280ebf4b936e99b20f2",
        "0x5180545835bd68810fb7e11c7160bb7ea4ae8744",
        "0xb4e16d0168e52d35cacd2c6185b44281ec28c9dc"
    ],
    "tokens": [
        "0xc7283b66eb1eb5fb86327f08e1b5816b0720212b",
        "0xc02aaa39b223fe8d0a0e5c4f27ead9083c756cc2",
        "0x956f47f50a910163d8bf957cf5846d573e7f87ca",
        "0xa0b86991c6218b36c1d19d4a2e9eb0ce3606eb48"
    ]
}