{
    "hash": "0x2cf2521ed58194827bccdec0f873bab1b2b930efeea1f8d13be39f65db040a87",
    "chain": "Ethereum",
    "U": [
        0,
        2,
        1,
        3,
        4,
        3,
        2,
        5,
        3,
        4,
        3,
        6,
        2,
        5,
        1,
        3,
        4,
        3
    ],
    "V": [
        1,
        1,
        3,
        4,
        3,
        2,
        5,
        3,
        4,
        3,
        6,
        5,
        7,
        0,
        3,
        4,
        3,
        0
    ],
    "feat": [
        [
            0,
            0,
            0,
            1,
            0.1111111111111111,
            0.05555555555555555,
            0.5,
            0.25,
            -0.0026353212654699476
        ],
        [
            0,
            0,
            1,
            0,
            0.1111111111111111,
            0.1111111111111111,
            0.25,
            0.25,
            0.006867953665284032
        ],
        [
            0,
            0,
            1,
            0,
            0.05555555555555555,
            0.16666666666666666,
            0.25,
            0.5,
            -0.9999999999999998
        ],
        [
            0,
            1,
            0,
            0,
            0.3333333333333333,
            0.3333333333333333,
            0.5,
            0.5,
            4.440892098500626e-16
        ],
        [
            0,
            0,
            1,
            0,
            0.16666666666666666,
            0.16666666666666666,
            0.5,
            0.5,
            -1.1102230246251565e-16
        ],
        [
            1,
            0,
            0,
            0,
            0.1111111111111111,
            0.1111111111111111,
            0.5,
            0.5,
            0.9957673676001859
        ],
        [
            0,
            0,
            1,
            0,
            0.05555555555555555,
            0.05555555555555555,
            0.25,
            0.25,
            -0.33333333333333337
        ],
        [
            0,
            0,
            0,
            1,
            0.05555555555555555,
            0.0,
            0.25,
            0.0,
            0.3333333333333333
        ]
    ],
    "nodeCount": 8,
    "edgeCount": 18,
    "tokenCount": 4,
    "nodes": [
        "0x1709a47ffdb0f070c1ec75c83b205a58fa5e2adf",
        "0xf29dc81a21d4c32781702b2b8b191de664314904",
        "0x55986c1dcbf2fa1f3402c5df256272621624821f",
        "0x7a250d5630b4cf539739df2c5dacb4c659f2488d",
        "0xc02aaa39b223fe8d0a0e5c4f27ead9083c756cc2",
        "0x23e95c1d4b56d0afed041b41db81a30b6ffe85c5",
        "0xbb2b8038a1640196fbe3e38816f3e67cba72d940",
        "0xbd7a87629444279b3da2493a87f41b9935ff4558"
    ],
    "tokens": [
        "0x55986c1dcbf2fa1f3402c5df256272621624821f",
        "0xc02aaa39b223fe8d0a0e5c4f27ead9083c756cc2",
        "native_token",
        "0x2260fac5e5542a773aa44fbcfedf7c193bc2c599"
    ]
}