{
    "hash": "0x2d3db603f0e6693e441aaa7d591c5233105494943f83c53a566eccbf9ed27c7d",
    "chain": "Binance",
    "U": [
        0,
        1,
        2,
        1,
        3,
        1,
        4,
        1,
        1
    ],
    "V": [
        1,
        2,
        1,
        3,
        1,
        4,
        1,
        5,
        0
    ],
    "feat": [
        [
            0,
            0,
            0,
            1,
            0.1111111111111111,
            0.1111111111111111,
            0.25,
            0.25,
            -0.0010000000000000009
        ],
        [
            0,
            1,
            0,
            0,
            0.4444444444444444,
            0.5555555555555556,
            1.0,
            1.0,
            0.0
        ],
        [
            0,
            0,
            1,
            0,
            0.1111111111111111,
            0.1111111111111111,
            0.25,
            0.25,
            0.0
        ],
        [
            0,
            0,
            1,
            0,
            0.1111111111111111,
            0.1111111111111111,
            0.25,
            0.25,
            0.0
        ],
        [
            0,
            1,
            0,
            0,
            0.1111111111111111,
            0.1111111111111111,
            0.25,
            0.25,
            0.0
        ],
        [
            0,
            0,
            0,
            1,
            0.1111111111111111,
            0.0,
            0.25,
            0.0,
            0.001
        ]
    ],
    "nodeCount": 6,
    "edgeCount": 9,
    "tokenCount": 4,
    "nodes": [
        "0x52b5f56d69e5e3df3f259b821d4b2815d4b128e8",
        "0x1da2cfdccd1ac5f1093a8c146260c5dc7159ed47",
        "0x4f76093a28655c8329295eae352d21fd2e27ca4b",
        "0xc7c3ccce4fa25700fd5574da7e200ae28bbd36a3",
        "0xb3f0c9ea1f05e312093fdb031e789a756659b0ac",
        "0x9f1c6b37dede7584e722681c8f9d55e5cf1788f5"
    ],
    "tokens": [
        "0x2223bf1d7c19ef7c06dab88938ec7b85952ccd89",
        "0xbb4cdb9cbd36b01bd1cbaebf2de08d9173bc095c",
        "0x1af3f329e8be154074d8769d1ffa4ee058b1dbc3",
        "0x55d398326f99059ff775485246999027b3197955"
    ]
}