{
    "hash": "0x2d9765d5e5872bf6325bf30bf990e8b9a352ed0d377c170e218391a8c4278344",
    "chain": "Ethereum",
    "U": [
        0,
        1,
        1,
        3,
        1,
        4,
        1,
        5,
        1
    ],
    "V": [
        1,
        2,
        3,
        1,
        4,
        1,
        5,
        1,
        0
    ],
    "feat": [
        [
            0,
            0,
            0,
            1,
            0.1111111111111111,
            0.1111111111111111,
            0.3333333333333333,
            0.3333333333333333,
            0.0
        ],
        [
            1,
            0,
            0,
            0,
            0.4444444444444444,
            0.5555555555555556,
            1.0,
            1.0,
            0.0
        ],
        [
            0,
            0,
            0,
            1,
            0.1111111111111111,
            0.0,
            0.3333333333333333,
            0.0,
            0.005
        ],
        [
            0,
            0,
            1,
            0,
            0.1111111111111111,
            0.1111111111111111,
            0.3333333333333333,
            0.3333333333333333,
            -0.65175
        ],
        [
            0,
            0,
            1,
            0,
            0.1111111111111111,
            0.1111111111111111,
            0.3333333333333333,
            0.3333333333333333,
            0.6513669368725483
        ],
        [
            0,
            0,
            1,
            0,
            0.1111111111111111,
            0.1111111111111111,
            0.3333333333333333,
            0.3333333333333333,
            -0.004616936872548272
        ]
    ],
    "nodeCount": 6,
    "edgeCount": 9,
    "tokenCount": 3,
    "nodes": [
        "0x09ea768029069eeb979015a64f261e7789e5e450",
        "0xb3c9669a5706477a2b237d98edb9b57678926f04",
        "0x382ffce2287252f930e1c8dc9328dac5bf282ba1",
        "0x4042a04c54ef133ac2a3c93db69d43c6c02a330b",
        "0xc02aaa39b223fe8d0a0e5c4f27ead9083c756cc2",
        "0x4df8fdc5c8f9e5d4de2b2ae6fe9c5a2d320544a9"
    ],
    "tokens": [
        "0xaea46a60368a7bd060eec7df8cba43b7ef41ad85",
        "0xc02aaa39b223fe8d0a0e5c4f27ead9083c756cc2",
        "native_token"
    ]
}