{
    "hash": "0x2e80febbd06e70faeac54c276069772d68f5eec6f4f999edceefadbfae5110a8",
    "chain": "Ethereum",
    "U": [
        0,
        2,
        1,
        3,
        1,
        1,
        4,
        5,
        1,
        6,
        1,
        7,
        1,
        1,
        1,
        1
    ],
    "V": [
        1,
        1,
        2,
        1,
        3,
        4,
        1,
        1,
        5,
        1,
        6,
        1,
        7,
        8,
        9,
        0
    ],
    "feat": [
        [
            0,
            0,
            0,
            1,
            0.0625,
            0.0625,
            0.25,
            0.25,
            0.0
        ],
        [
            1,
            0,
            0,
            0,
            0.4375,
            0.5625,
            1.0,
            1.0,
            0.0
        ],
        [
            1,
            0,
            0,
            0,
            0.0625,
            0.0625,
            0.25,
            0.25,
            -0.08959875171754308
        ],
        [
            1,
            0,
            0,
            0,
            0.0625,
            0.0625,
            0.25,
            0.25,
            -0.4104012482824569
        ],
        [
            0,
            1,
            0,
            0,
            0.0625,
            0.0625,
            0.25,
            0.25,
            0.49693061360711843
        ],
        [
            1,
            0,
            0,
            0,
            0.0625,
            0.0625,
            0.25,
            0.25,
            -0.03966646798228788
        ],
        [
            1,
            0,
            0,
            0,
            0.0625,
            0.0625,
            0.25,
            0.25,
            -0.46033353201771204
        ],
        [
            1,
            0,
            0,
            0,
            0.0625,
            0.0625,
            0.25,
            0.25,
            0.49924114163527855
        ],
        [
            0,
            1,
            0,
            0,
            0.0625,
            0.0,
            0.25,
            0.0,
            0.0030669993971997453
        ],
        [
            0,
            0,
            0,
            1,
            0.0625,
            0.0,
            0.25,
            0.0,
            0.0007612453604032974
        ]
    ],
    "nodeCount": 10,
    "edgeCount": 16,
    "tokenCount": 4,
    "nodes": [
        "0x48e4dd3e356823070d9d1b7d162d072ae9efe0cb",
        "0xfd3dfb524b2da40c8a6d703c62be36b5d8540626",
        "0x71d4c0837080dc6dea591db7aafc011dde540d67",
        "0x84383fb05f610222430f69727aa638f8fdbf5cc1",
        "0xbebc44782c7db0a1a60cb6fe97d0b483032ff1c7",
        "0x24dbedb4699eb996a8ceb2baef4a4ae057cf0294",
        "0x9ac681f68a589cc3763bad9ce43be3380696b136",
        "0x0000006daea1723962647b7e189d311d757fb793",
        "0xdd9f24efc84d93deef3c8745c837ab63e80abd27",
        "0x25cc5677c82453ea26642f7a3f733c6006c31011"
    ],
    "tokens": [
        "0x6b4c7a5e3f0b99fcd83e9c089bddd6c7fce5c611",
        "0xa0b86991c6218b36c1d19d4a2e9eb0ce3606eb48",
        "0xdac17f958d2ee523a2206206994597c13d831ec7",
        "0xc02aaa39b223fe8d0a0e5c4f27ead9083c756cc2"
    ]
}