{
    "hash": "0x2e4ad950518f1cb9b028eb20efc3794ad47191a4856d3ee83661a67b57e86a7e",
    "chain": "Ethereum",
    "U": [
        0,
        0,
        2
    ],
    "V": [
        1,
        1,
        0
    ],
    "feat": [
        [
            0,
            0,
            0,
            1,
            0.3333333333333333,
            0.6666666666666666,
            0.3333333333333333,
            0.6666666666666666,
            -1.0
        ],
        [
            0,
            0,
            0,
            1,
            0.6666666666666666,
            0.0,
            0.6666666666666666,
            0.0,
            2.0
        ],
        [
            1,
            0,
            0,
            0,
            0.0,
            0.3333333333333333,
            0.0,
            0.3333333333333333,
            -1.0
        ]
    ],
    "nodeCount": 3,
    "edgeCount": 3,
    "tokenCount": 3,
    "nodes": [
        "0xe11ad4d81aac2fcdbf123f7a08286c265fd1f827",
        "0x0000000000000000000000000000000000000000",
        "0x1ef8d200e0b4127c5e1183670eab37676fedf579"
    ],
    "tokens": [
        "0x010a0288af52ed61e32674d82bbc7ddbfa9a1324",
        "0xffaf22db1ff7e4983b57ca9632f796f68ededef9",
        "0xbcca60bb61934080951369a648fb03df4f96263c"
    ]
}