{
    "hash": "0x2feffa9367c65f623b60b1e1ea4eb8dd5c69ed7b10f23621ed5a6c34ddf622c6",
    "chain": "Binance",
    "U": [
        0,
        0,
        1,
        0,
        0,
        1,
        0,
        0,
        1,
        0,
        0,
        1,
        0,
        0,
        1,
        0,
        1,
        0,
        1,
        1,
        0,
        1,
        1,
        0,
        1,
        1,
        0,
        1,
        2
    ],
    "V": [
        1,
        1,
        0,
        1,
        1,
        0,
        1,
        1,
        0,
        1,
        1,
        0,
        1,
        1,
        0,
        2,
        0,
        1,
        0,
        0,
        1,
        0,
        0,
        1,
        0,
        0,
        1,
        0,
        3
    ],
    "feat": [
        [
            0,
            1,
            0,
            0,
            0.4482758620689655,
            0.5172413793103449,
            1.0,
            1.0,
            -5.978309337299759e-05
        ],
        [
            0,
            0,
            1,
            0,
            0.4827586206896552,
            0.4482758620689655,
            1.0,
            1.0,
            4.4917617843975854e-05
        ],
        [
            0,
            0,
            1,
            0,
            0.034482758620689655,
            0.034482758620689655,
            0.5,
            0.5,
            0.0
        ],
        [
            0,
            0,
            0,
            1,
            0.034482758620689655,
            0.0,
            0.5,
            0.0,
            1.4865475528225418e-05
        ]
    ],
    "nodeCount": 4,
    "edgeCount": 29,
    "tokenCount": 2,
    "nodes": [
        "0xca26a1f9d3e6ec97a555d9444f782d61b64c1b0e",
        "0x882c173bc7ff3b7786ca16dfed3dfffb9ee7847b",
        "0x7255ae13ba4484ed33fb48c4b833000dc12888b4",
        "0x999e77396e78e0b842f2b4622e3ef3164218b7a6"
    ],
    "tokens": [
        "0x7130d2a12b9bcbfae4f2634d864a1ee1ce3ead9c",
        "0x882c173bc7ff3b7786ca16dfed3dfffb9ee7847b"
    ]
}