{
    "hash": "0x30543fe1a7ebfd8b091677d7723be31544dc50e69150e6abf970b5770736e7c8",
    "chain": "Binance",
    "U": [
        0,
        1,
        2,
        1,
        1,
        3
    ],
    "V": [
        1,
        2,
        1,
        2,
        2,
        1
    ],
    "feat": [
        [
            0,
            0,
            0,
            1,
            0.0,
            0.16666666666666666,
            0.0,
            0.3333333333333333,
            -1.0
        ],
        [
            0,
            1,
            0,
            0,
            0.5,
            0.5,
            1.0,
            0.6666666666666666,
            1.0012433353906567
        ],
        [
            0,
            0,
            1,
            0,
            0.5,
            0.16666666666666666,
            0.6666666666666666,
            0.3333333333333333,
            0.9987566646093434
        ],
        [
            0,
            0,
            0,
            1,
            0.0,
            0.16666666666666666,
            0.0,
            0.3333333333333333,
            -1.0
        ]
    ],
    "nodeCount": 4,
    "edgeCount": 6,
    "tokenCount": 3,
    "nodes": [
        "0xdf25f3c1762bedb7a9282ff26a395f7c7fd70ffd",
        "0x4d5626cbe20737a5bf1e41f8ab94186a4f133291",
        "0x44800df6f37f2838bed043929e20ff5059ecbf6f",
        "0x0000000000000000000000000000000000000000"
    ],
    "tokens": [
        "0x55d398326f99059ff775485246999027b3197955",
        "0x82c19905b036bf4e329740989dcf6ae441ae26c1",
        "0x44800df6f37f2838bed043929e20ff5059ecbf6f"
    ]
}