{
    "hash": "0x30a7d444d41eeed4b8b1ce5657262e23d6db34b80b345aaee500d0e90db9d8d2",
    "chain": "Ethereum",
    "U": [
        0,
        2,
        1,
        1,
        3,
        4,
        4,
        4,
        4,
        4,
        4,
        3,
        3,
        3,
        3,
        3
    ],
    "V": [
        1,
        1,
        3,
        3,
        0,
        3,
        3,
        3,
        3,
        3,
        3,
        0,
        5,
        5,
        5,
        5
    ],
    "feat": [
        [
            0,
            0,
            0,
            1,
            0.125,
            0.0625,
            0.2,
            0.2,
            -2.42861286636753e-17
        ],
        [
            0,
            1,
            0,
            0,
            0.125,
            0.125,
            0.4,
            0.4,
            0.9977739310036047
        ],
        [
            0,
            1,
            0,
            0,
            0.0,
            0.0625,
            0.0,
            0.2,
            -1.0
        ],
        [
            0,
            1,
            0,
            0,
            0.5,
            0.375,
            1.0,
            1.0,
            -3.712308238590367e-16
        ],
        [
            0,
            1,
            0,
            0,
            0.0,
            0.375,
            0.0,
            0.6,
            -2.9999999999999996
        ],
        [
            0,
            0,
            0,
            1,
            0.25,
            0.0,
            0.8,
            0.0,
            3.002226068996395
        ]
    ],
    "nodeCount": 6,
    "edgeCount": 16,
    "tokenCount": 5,
    "nodes": [
        "0x0000000000000000000000000000000000000000",
        "0xfdb4f97953150e47c8606758c13e70b5a789a7ec",
        "0xbfcf63294ad7105dea65aa58f8ae5be2d9d0952a",
        "0x42c750024e02816ee32eb2eb4da79ff5bf343d30",
        "0xbebc44782c7db0a1a60cb6fe97d0b483032ff1c7",
        "0x4250b6b5b9a24ac9750a8d02f033299e1d7d32ea"
    ],
    "tokens": [
        "0xd533a949740bb3306d119cc777fa900ba034cd52",
        "0x6c3f90f043a72fa612cbac8115ee7e52bde6e490",
        "0x6b175474e89094c44da98b954eedeac495271d0f",
        "0xa0b86991c6218b36c1d19d4a2e9eb0ce3606eb48",
        "0xdac17f958d2ee523a2206206994597c13d831ec7"
    ]
}