{
    "hash": "0x30a44f2dd400eb4d2824033e5af1f97c4fb48be3aeea02e04a5233db17f03707",
    "chain": "Ethereum",
    "U": [
        0,
        1,
        2,
        2,
        1,
        4,
        5,
        1,
        1
    ],
    "V": [
        1,
        2,
        1,
        3,
        4,
        1,
        1,
        5,
        0
    ],
    "feat": [
        [
            0,
            0,
            0,
            1,
            0.1111111111111111,
            0.1111111111111111,
            0.3333333333333333,
            0.3333333333333333,
            0.0
        ],
        [
            1,
            0,
            0,
            0,
            0.4444444444444444,
            0.4444444444444444,
            1.0,
            1.0,
            1.1102230246251565e-16
        ],
        [
            0,
            0,
            1,
            0,
            0.1111111111111111,
            0.2222222222222222,
            0.3333333333333333,
            0.3333333333333333,
            -0.0003677771050018541
        ],
        [
            0,
            1,
            0,
            0,
            0.1111111111111111,
            0.0,
            0.3333333333333333,
            0.0,
            0.0003312696417540134
        ],
        [
            0,
            0,
            1,
            0,
            0.1111111111111111,
            0.1111111111111111,
            0.3333333333333333,
            0.3333333333333333,
            3.650746324790344e-05
        ],
        [
            1,
            0,
            0,
            0,
            0.1111111111111111,
            0.1111111111111111,
            0.3333333333333333,
            0.3333333333333333,
            0.0
        ]
    ],
    "nodeCount": 6,
    "edgeCount": 9,
    "tokenCount": 3,
    "nodes": [
        "0x775fbbb9ffb27c4ad6d3e2a5c45744da2d75cbc1",
        "0xfd3dfb524b2da40c8a6d703c62be36b5d8540626",
        "0x983dfba1c0724786598af0e63a9a6f94aabd24a1",
        "0x95c4f5b83aa70810d4f142d58e5f7242bd891cb0",
        "0x6469b34a2a4723163c4902dbbdea728d20693c12",
        "0x0000006daea1723962647b7e189d311d757fb793"
    ],
    "tokens": [
        "0x85f17cf997934a597031b2e18a9ab6ebd4b9f6a4",
        "0xc02aaa39b223fe8d0a0e5c4f27ead9083c756cc2",
        "0xdac17f958d2ee523a2206206994597c13d831ec7"
    ]
}