{
    "hash": "0x309377bacee5704c169f148d49dfc6a9c8bd7d495f5b68110a70c1463279c98a",
    "chain": "Binance",
    "U": [
        0,
        1,
        2,
        1,
        3,
        1,
        4,
        1
    ],
    "V": [
        1,
        2,
        1,
        3,
        1,
        4,
        1,
        0
    ],
    "feat": [
        [
            0,
            0,
            0,
            1,
            0.125,
            0.125,
            0.5,
            0.5,
            0.0
        ],
        [
            1,
            0,
            0,
            0,
            0.5,
            0.5,
            1.0,
            1.0,
            -1.1102230246251565e-16
        ],
        [
            0,
            0,
            1,
            0,
            0.125,
            0.125,
            0.5,
            0.5,
            0.0023210223935805976
        ],
        [
            0,
            1,
            0,
            0,
            0.125,
            0.125,
            0.5,
            0.5,
            -0.00016093683608314063
        ],
        [
            0,
            0,
            1,
            0,
            0.125,
            0.125,
            0.5,
            0.5,
            -0.002160085557497471
        ]
    ],
    "nodeCount": 5,
    "edgeCount": 8,
    "tokenCount": 2,
    "nodes": [
        "0x6c9f2b95ca3432e5ec5bcd9c19de0636a23a4994",
        "0xc603a00595d5f8ea8d93c5c338c00ff29dba6258",
        "0x65c1178a1c7c1c2acd498c158fd42a86d80c061d",
        "0xf2d7590cb86bea32193293d1bc9dffaf379c3642",
        "0xd937fb9e6e47f3805981453bfb277a49fffe04d7"
    ],
    "tokens": [
        "0xae9269f27437f0fcbc232d39ec814844a51d6b8f",
        "0xbb4cdb9cbd36b01bd1cbaebf2de08d9173bc095c"
    ]
}