{
    "hash": "0x306e172815f2d7653712353eba5ff9b25000fc1e6c7c8f58ba64d5f72171d3f8",
    "chain": "Ethereum",
    "U": [
        0,
        1,
        1,
        1,
        1,
        1,
        1,
        1,
        1,
        1,
        1,
        1,
        1
    ],
    "V": [
        1,
        1,
        2,
        0,
        1,
        2,
        0,
        1,
        2,
        0,
        1,
        2,
        0
    ],
    "feat": [
        [
            0,
            0,
            0,
            1,
            0.3076923076923077,
            0.07692307692307693,
            0.5,
            0.5,
            2.9990134155148036
        ],
        [
            0,
            1,
            0,
            0,
            0.38461538461538464,
            0.9230769230769231,
            0.5,
            1.0,
            -3.9990134155148036
        ],
        [
            0,
            0,
            0,
            1,
            0.3076923076923077,
            0.0,
            0.5,
            0.0,
            0.999999999999999
        ]
    ],
    "nodeCount": 3,
    "edgeCount": 13,
    "tokenCount": 2,
    "nodes": [
        "0x85dd084d71781504f9c73f59c0b1a111d2cf1bab",
        "0xfbddadd80fe7bda00b901fbaf73803f2238ae655",
        "0x4b5057b2c87ec9e7c047fb00c0e406dff2fdacad"
    ],
    "tokens": [
        "native_token",
        "0x990f341946a3fdb507ae7e52d17851b87168017c"
    ]
}