{
    "hash": "0x31496359c9cb1f4ba0287253a3063af3d71f4116d36c0499740f889d9e0c1493",
    "chain": "Ethereum",
    "U": [
        0,
        1,
        0,
        2,
        0,
        3,
        4,
        5
    ],
    "V": [
        1,
        0,
        2,
        0,
        3,
        4,
        5,
        0
    ],
    "feat": [
        [
            1,
            0,
            0,
            0,
            0.375,
            0.375,
            0.6,
            0.6,
            0.024499584379364947
        ],
        [
            0,
            0,
            1,
            0,
            0.125,
            0.125,
            0.2,
            0.2,
            -0.02449958437936517
        ],
        [
            0,
            1,
            0,
            0,
            0.125,
            0.125,
            0.2,
            0.2,
            0.0
        ],
        [
            0,
            1,
            0,
            0,
            0.125,
            0.125,
            0.2,
            0.2,
            0.0
        ],
        [
            0,
            0,
            1,
            0,
            0.125,
            0.125,
            0.2,
            0.2,
            0.0
        ],
        [
            0,
            0,
            1,
            0,
            0.125,
            0.125,
            0.2,
            0.2,
            0.0
        ]
    ],
    "nodeCount": 6,
    "edgeCount": 8,
    "tokenCount": 5,
    "nodes": [
        "0xa1006d0051a35b0000f961a8000000009ea8d2db",
        "0x15ab0333985fd1e289adf4fbbe19261454776642",
        "0x378e0279431db7d255918b8c53b14c1acfd90106",
        "0x81b5b6fec304349e1b6b852978e99f65077df6c3",
        "0x9d640080af7c81911d87632a7d09cc4ab6b133ac",
        "0x3aa370aacf4cb08c7e1e7aa8e8ff9418d73c7e0f"
    ],
    "tokens": [
        "0xc02aaa39b223fe8d0a0e5c4f27ead9083c756cc2",
        "0xec67005c4e498ec7f55e092bd1d35cbc47c91892",
        "0x1f573d6fb3f13d689ff844b4ce37794d79a7ff1c",
        "0xaa4e3edb11afa93c41db59842b29de64b72e355b",
        "0xa0b86991c6218b36c1d19d4a2e9eb0ce3606eb48"
    ]
}