{
    "hash": "0x314790838f3f34aabfbb5f774d19fe71a9d985ed01fd2b520ed14888ba0f5643",
    "chain": "Ethereum",
    "U": [
        0,
        1,
        1,
        1,
        3,
        4,
        5,
        4,
        3,
        1,
        6,
        1,
        6,
        1
    ],
    "V": [
        1,
        2,
        2,
        3,
        4,
        5,
        4,
        3,
        1,
        6,
        1,
        6,
        1,
        7
    ],
    "feat": [
        [
            0,
            0,
            0,
            1,
            0.0,
            0.07142857142857142,
            0.0,
            0.3333333333333333,
            -1.0
        ],
        [
            0,
            1,
            0,
            0,
            0.2857142857142857,
            0.42857142857142855,
            1.0,
            1.0,
            0.0
        ],
        [
            0,
            0,
            0,
            1,
            0.14285714285714285,
            0.0,
            0.3333333333333333,
            0.0,
            0.004793199820618763
        ],
        [
            0,
            1,
            0,
            0,
            0.14285714285714285,
            0.14285714285714285,
            0.6666666666666666,
            0.6666666666666666,
            0.0
        ],
        [
            0,
            1,
            0,
            0,
            0.14285714285714285,
            0.14285714285714285,
            0.6666666666666666,
            0.6666666666666666,
            0.0
        ],
        [
            0,
            0,
            0,
            1,
            0.07142857142857142,
            0.07142857142857142,
            0.3333333333333333,
            0.3333333333333333,
            -0.004793199820618765
        ],
        [
            0,
            0,
            1,
            0,
            0.14285714285714285,
            0.14285714285714285,
            0.6666666666666666,
            0.6666666666666666,
            0.0
        ],
        [
            0,
            1,
            0,
            0,
            0.07142857142857142,
            0.0,
            0.3333333333333333,
            0.0,
            1.0
        ]
    ],
    "nodeCount": 8,
    "edgeCount": 14,
    "tokenCount": 3,
    "nodes": [
        "0x0000000000000000000000000000000000000000",
        "0x585c9fc5b641510b0e76634906ebef07901a07b4",
        "0x76720ac2574631530ec8163e4085d6f98513fb27",
        "0x0c4e16899f2059f4e41ddb164317414a5c0d2988",
        "0x22f9dcf4647084d6c31b2765f6910cd85c178c18",
        "0x6be36e53242a2224942826afa2d24960419f84ee",
        "0xc02aaa39b223fe8d0a0e5c4f27ead9083c756cc2",
        "0x2f0b23f53734252bda2277357e97e1517d6b042a"
    ],
    "tokens": [
        "0x6b175474e89094c44da98b954eedeac495271d0f",
        "0xc02aaa39b223fe8d0a0e5c4f27ead9083c756cc2",
        "native_token"
    ]
}