{
    "hash": "0x3136081207f271fa8786fb131ccab14fba48d65e47dba312b4b33a6ce232a0e2",
    "chain": "Ethereum",
    "U": [
        0,
        1,
        1,
        1,
        1,
        1,
        1,
        1,
        1,
        1,
        1,
        1,
        1,
        1,
        1,
        1,
        1,
        1,
        1,
        1,
        1,
        1,
        1,
        1,
        1,
        1,
        1,
        1,
        1,
        1,
        1,
        1,
        1,
        1,
        1,
        1,
        1,
        1,
        1,
        1,
        1,
        1,
        1,
        1,
        1,
        1,
        1,
        1,
        1,
        1,
        1,
        1,
        1,
        1,
        1
    ],
    "V": [
        1,
        1,
        2,
        1,
        2,
        1,
        2,
        1,
        2,
        1,
        2,
        1,
        2,
        1,
        2,
        1,
        2,
        1,
        2,
        1,
        2,
        1,
        2,
        1,
        2,
        1,
        2,
        1,
        2,
        1,
        2,
        1,
        2,
        1,
        2,
        1,
        2,
        1,
        2,
        1,
        2,
        1,
        2,
        1,
        2,
        1,
        2,
        1,
        2,
        1,
        2,
        1,
        2,
        1,
        2
    ],
    "feat": [
        [
            0,
            0,
            0,
            1,
            0.0,
            0.01818181818181818,
            0.0,
            1.0,
            -1.0
        ],
        [
            0,
            1,
            0,
            0,
            0.509090909090909,
            0.9818181818181818,
            1.0,
            1.0,
            1.4432899320127035e-15
        ],
        [
            0,
            0,
            0,
            1,
            0.4909090909090909,
            0.0,
            1.0,
            0.0,
            0.9999999999999993
        ]
    ],
    "nodeCount": 3,
    "edgeCount": 55,
    "tokenCount": 1,
    "nodes": [
        "0xc63df9316e969fc366bff3f8988494e7f02753fc",
        "0xfbddadd80fe7bda00b901fbaf73803f2238ae655",
        "0x4b5057b2c87ec9e7c047fb00c0e406dff2fdacad"
    ],
    "tokens": [
        "native_token"
    ]
}