{
    "hash": "0x31c0d254e769fd663ab8b9dfed860d345b01d8683caeff13cfceaf26e2688306",
    "chain": "Ethereum",
    "U": [
        0,
        1,
        2,
        1,
        1,
        3
    ],
    "V": [
        1,
        2,
        1,
        0,
        0,
        4
    ],
    "feat": [
        [
            0,
            0,
            0,
            1,
            0.3333333333333333,
            0.16666666666666666,
            0.6666666666666666,
            0.3333333333333333,
            0.32836092324648436
        ],
        [
            1,
            0,
            0,
            0,
            0.3333333333333333,
            0.5,
            0.6666666666666666,
            0.6666666666666666,
            0.0
        ],
        [
            0,
            1,
            0,
            0,
            0.16666666666666666,
            0.16666666666666666,
            0.3333333333333333,
            0.3333333333333333,
            -0.32836092324648436
        ],
        [
            1,
            0,
            0,
            0,
            0.0,
            0.16666666666666666,
            0.0,
            0.3333333333333333,
            -1.0
        ],
        [
            0,
            0,
            0,
            1,
            0.16666666666666666,
            0.0,
            0.3333333333333333,
            0.0,
            1.0
        ]
    ],
    "nodeCount": 5,
    "edgeCount": 6,
    "tokenCount": 3,
    "nodes": [
        "0x56178a0d5f301baf6cf3e1cd53d9863437345bf9",
        "0xbf3f6477dbd514ef85b7d3ec6ac2205fd0962039",
        "0xe31643ebd9fd29b668c0553c76308a33decffa6d",
        "0xa57bd00134b2850b2a1c55860c9e9ea100fdd6cf",
        "0x0000000000000000000000000000000000000000"
    ],
    "tokens": [
        "0x1f573d6fb3f13d689ff844b4ce37794d79a7ff1c",
        "0x7d1afa7b718fb893db30a3abc0cfc608aacfebb0",
        "0x0000000000004946c0e9f43f4dee607b0ef1fa1c"
    ]
}