{
    "hash": "0x31bc650f232315e59a5952089d1e53ce394a470ec683078ca82e6e2c64a3fe07",
    "chain": "Binance",
    "U": [
        0,
        2,
        1,
        4,
        3,
        2,
        2,
        2,
        3,
        3,
        6,
        2,
        8,
        3,
        3,
        9,
        8,
        1,
        4,
        3
    ],
    "V": [
        1,
        1,
        3,
        3,
        2,
        5,
        3,
        1,
        4,
        1,
        7,
        8,
        3,
        4,
        9,
        8,
        0,
        3,
        3,
        0
    ],
    "feat": [
        [
            0,
            0,
            0,
            1,
            0.1,
            0.05,
            0.4,
            0.2,
            0.03676703088014399
        ],
        [
            0,
            1,
            0,
            0,
            0.2,
            0.1,
            0.4,
            0.2,
            0.0050684773634662025
        ],
        [
            0,
            1,
            0,
            0,
            0.05,
            0.25,
            0.2,
            0.4,
            -0.04262593027245816
        ],
        [
            0,
            1,
            0,
            0,
            0.3,
            0.3,
            0.4,
            0.4,
            1.014445174195766
        ],
        [
            0,
            0,
            1,
            0,
            0.1,
            0.1,
            0.2,
            0.2,
            -1.014445174195766
        ],
        [
            0,
            0,
            0,
            1,
            0.05,
            0.0,
            0.2,
            0.0,
            0.014445174195766144
        ],
        [
            0,
            0,
            0,
            1,
            0.0,
            0.05,
            0.0,
            0.2,
            -1.0
        ],
        [
            0,
            0,
            0,
            1,
            0.05,
            0.0,
            0.2,
            0.0,
            1.0
        ],
        [
            1,
            0,
            0,
            0,
            0.1,
            0.1,
            0.4,
            0.4,
            0.963232969119856
        ],
        [
            0,
            0,
            1,
            0,
            0.05,
            0.05,
            0.2,
            0.2,
            -0.9768877212867741
        ]
    ],
    "nodeCount": 10,
    "edgeCount": 20,
    "tokenCount": 5,
    "nodes": [
        "0xaecc672c408b0ed08252e51dfad2abfb3474a8bf",
        "0x2eca8afac16a4253b626a66ac662506f278f135d",
        "0xc6d923218b304289840345d2099e8a35912e4ede",
        "0x10ed43c718714eb63d5aa57b78b54704e256024e",
        "0xbb4cdb9cbd36b01bd1cbaebf2de08d9173bc095c",
        "0x1531b206bba7c6341657f24b1defe27468ebf636",
        "0x0000000000000000000000000000000000000000",
        "0x000000000000000000000000000000000000dead",
        "0x59bc615347b4c966fd3f64ccfdb5490a5aa66993",
        "0x0ed7e52944161450477ee417de9cd3a859b14fd0"
    ],
    "tokens": [
        "0xc6d923218b304289840345d2099e8a35912e4ede",
        "0xbb4cdb9cbd36b01bd1cbaebf2de08d9173bc095c",
        "native_token",
        "0x2eca8afac16a4253b626a66ac662506f278f135d",
        "0x0e09fabb73bd3ade0a17ecc321fd13a19e81ce82"
    ]
}