{
    "hash": "0x31834d97b35f3823a8530378221b209a9b05d0da38b78fc4052985b9c73eb8f5",
    "chain": "Ethereum",
    "U": [
        0,
        1,
        2,
        1,
        3,
        1,
        4,
        1,
        5,
        1,
        1,
        0
    ],
    "V": [
        1,
        2,
        1,
        3,
        1,
        4,
        1,
        5,
        1,
        0,
        0,
        6
    ],
    "feat": [
        [
            0,
            0,
            0,
            1,
            0.16666666666666666,
            0.16666666666666666,
            0.4,
            0.4,
            -0.8572069799739352
        ],
        [
            1,
            0,
            0,
            0,
            0.4166666666666667,
            0.5,
            0.8,
            0.8,
            0.2999999999999994
        ],
        [
            0,
            1,
            0,
            0,
            0.08333333333333333,
            0.08333333333333333,
            0.2,
            0.2,
            -0.7
        ],
        [
            0,
            1,
            0,
            0,
            0.08333333333333333,
            0.08333333333333333,
            0.2,
            0.2,
            0.0
        ],
        [
            0,
            0,
            1,
            0,
            0.08333333333333333,
            0.08333333333333333,
            0.2,
            0.2,
            0.5572069799739352
        ],
        [
            0,
            0,
            1,
            0,
            0.08333333333333333,
            0.08333333333333333,
            0.2,
            0.2,
            -0.30000000000000004
        ],
        [
            0,
            0,
            0,
            1,
            0.08333333333333333,
            0.0,
            0.2,
            0.0,
            1.0
        ]
    ],
    "nodeCount": 7,
    "edgeCount": 12,
    "tokenCount": 5,
    "nodes": [
        "0x549c0421c69be943a2a60e76b19b4a801682cbd3",
        "0xdb38ae75c5f44276803345f7f02e95a0aeef5944",
        "0x159b8f51ebff910e654f5b02d2127e03dc4df992",
        "0x23d1b2755d6c243dfa9dd06624f1686b9c9e13eb",
        "0xb4e16d0168e52d35cacd2c6185b44281ec28c9dc",
        "0x46af8ac1b82f73db6aacc1645d40c56191ab787b",
        "0x0000000000000000000000000000000000000000"
    ],
    "tokens": [
        "0x86772b1409b61c639eaac9ba0acfbb6e238e5f83",
        "0x1f573d6fb3f13d689ff844b4ce37794d79a7ff1c",
        "0xa0b86991c6218b36c1d19d4a2e9eb0ce3606eb48",
        "0xc02aaa39b223fe8d0a0e5c4f27ead9083c756cc2",
        "0x0000000000004946c0e9f43f4dee607b0ef1fa1c"
    ]
}