{
    "hash": "0x321302ce6b077d7a35388521d805c82760e49916506de80d2b91aa883b354d96",
    "chain": "Ethereum",
    "U": [
        0,
        1,
        2,
        3,
        1,
        1,
        4,
        1,
        1,
        5,
        1
    ],
    "V": [
        1,
        2,
        1,
        1,
        3,
        4,
        1,
        0,
        5,
        1,
        6
    ],
    "feat": [
        [
            0,
            0,
            0,
            1,
            0.09090909090909091,
            0.09090909090909091,
            0.25,
            0.25,
            0.0
        ],
        [
            1,
            0,
            0,
            0,
            0.45454545454545453,
            0.5454545454545454,
            1.0,
            1.0,
            0.0
        ],
        [
            0,
            0,
            1,
            0,
            0.09090909090909091,
            0.09090909090909091,
            0.25,
            0.25,
            -0.0029831797845222274
        ],
        [
            1,
            0,
            0,
            0,
            0.09090909090909091,
            0.09090909090909091,
            0.25,
            0.25,
            0.0
        ],
        [
            0,
            0,
            1,
            0,
            0.09090909090909091,
            0.09090909090909091,
            0.25,
            0.25,
            0.0
        ],
        [
            0,
            0,
            1,
            0,
            0.09090909090909091,
            0.09090909090909091,
            0.25,
            0.25,
            -0.9970168202154778
        ],
        [
            0,
            0,
            0,
            1,
            0.09090909090909091,
            0.0,
            0.25,
            0.0,
            1.0
        ]
    ],
    "nodeCount": 7,
    "edgeCount": 11,
    "tokenCount": 4,
    "nodes": [
        "0xf6da21e95d74767009accb145b96897ac3630bad",
        "0x5e6732d6416d3f3a6574b61ef1c81316cf8d9287",
        "0x94b0a3d511b6ecdb17ebf877278ab030acb0a878",
        "0x5180545835bd68810fb7e11c7160bb7ea4ae8744",
        "0x397ff1542f962076d0bfe58ea045ffa2d347aca0",
        "0xc02aaa39b223fe8d0a0e5c4f27ead9083c756cc2",
        "0xea674fdde714fd979de3edf0f56aa9716b898ec8"
    ],
    "tokens": [
        "0xc02aaa39b223fe8d0a0e5c4f27ead9083c756cc2",
        "0x956f47f50a910163d8bf957cf5846d573e7f87ca",
        "0xa0b86991c6218b36c1d19d4a2e9eb0ce3606eb48",
        "native_token"
    ]
}