{
    "hash": "0x32dfe430a6bb13d2743088ebd942c5653902271ef8d66755953082068530a661",
    "chain": "Ethereum",
    "U": [
        0,
        2,
        2,
        2,
        2,
        2,
        2,
        1,
        4
    ],
    "V": [
        1,
        1,
        3,
        3,
        3,
        3,
        3,
        2,
        1
    ],
    "feat": [
        [
            0,
            1,
            0,
            0,
            0.0,
            0.1111111111111111,
            0.0,
            0.25,
            -1.0
        ],
        [
            0,
            0,
            0,
            1,
            0.3333333333333333,
            0.1111111111111111,
            0.75,
            0.25,
            1.003487347143717
        ],
        [
            0,
            0,
            0,
            1,
            0.1111111111111111,
            0.6666666666666666,
            0.25,
            0.5,
            -1.0069759840031671
        ],
        [
            0,
            1,
            0,
            0,
            0.5555555555555556,
            0.0,
            0.5,
            0.0,
            2.0034886368594504
        ],
        [
            0,
            1,
            0,
            0,
            0.0,
            0.1111111111111111,
            0.0,
            0.25,
            -1.0
        ]
    ],
    "nodeCount": 5,
    "edgeCount": 9,
    "tokenCount": 4,
    "nodes": [
        "0x0fd91a3f5f3d79afc95bf756fea351b1f51a668c",
        "0xb9a708c67e2e13035a5feb0f1a2f9e3b625ebd62",
        "0x0000000000000000000000000000000000000000",
        "0x487502f921ba3dadacf63dbf7a57a978c241b72c",
        "0xc1274d65a01a4e1fd099f14f9a317deb0ea391fc"
    ],
    "tokens": [
        "0x08a75dbc7167714ceac1a8e43a8d643a4edd625a",
        "0x7fe8dab65b9d5bafe587b4a4270408b7064052ac",
        "0xb75fbeb87febf07fb7972363187454f8135592a0",
        "0x9f8f72aa9304c8b593d555f12ef6589cc3a579a2"
    ]
}