{
    "hash": "0x32447c50cc51858c90dce6b30643841b0f8b82f0797d5b6402ebb348e48b14c0",
    "chain": "Ethereum",
    "U": [
        0,
        1,
        0,
        2,
        0,
        0,
        4,
        3,
        0,
        1
    ],
    "V": [
        1,
        0,
        2,
        0,
        3,
        4,
        0,
        5,
        1,
        0
    ],
    "feat": [
        [
            1,
            0,
            0,
            0,
            0.4,
            0.5,
            1.0,
            1.0,
            0.004429718603681909
        ],
        [
            0,
            0,
            1,
            0,
            0.2,
            0.2,
            0.6666666666666666,
            0.6666666666666666,
            0.0
        ],
        [
            0,
            1,
            0,
            0,
            0.1,
            0.1,
            0.3333333333333333,
            0.3333333333333333,
            -0.004573053988116915
        ],
        [
            0,
            1,
            0,
            0,
            0.1,
            0.1,
            0.3333333333333333,
            0.3333333333333333,
            0.0
        ],
        [
            0,
            0,
            0,
            1,
            0.1,
            0.1,
            0.3333333333333333,
            0.3333333333333333,
            0.0
        ],
        [
            0,
            1,
            0,
            0,
            0.1,
            0.0,
            0.3333333333333333,
            0.0,
            0.00014333538443497674
        ]
    ],
    "nodeCount": 6,
    "edgeCount": 10,
    "tokenCount": 3,
    "nodes": [
        "0x0000000000007f150bd6f54c40a34d7c3d5e9f56",
        "0xc02aaa39b223fe8d0a0e5c4f27ead9083c756cc2",
        "0xba12222222228d8ba445958a75a0704d566bf2c8",
        "0x61935cbdd02287b511119ddb11aeb42f1593b7ef",
        "0x1d961312551783d9b77b6f5564b29cf653f73ac8",
        "0xa26e80e7dea86279c6d778d702cc413e6cffa777"
    ],
    "tokens": [
        "native_token",
        "0xc02aaa39b223fe8d0a0e5c4f27ead9083c756cc2",
        "0xa0b86991c6218b36c1d19d4a2e9eb0ce3606eb48"
    ]
}