{
    "hash": "0x32b413f4267588bfa5cf555d4288549f80f20382ac8fbf58e04ac17197111fbe",
    "chain": "Ethereum",
    "U": [
        0,
        2,
        1,
        3,
        4,
        3,
        2,
        2,
        3,
        4,
        3,
        5,
        2,
        1,
        3,
        4,
        3,
        2,
        1,
        3,
        4,
        3
    ],
    "V": [
        1,
        1,
        3,
        4,
        3,
        2,
        3,
        1,
        4,
        3,
        1,
        6,
        1,
        3,
        4,
        3,
        2,
        7,
        3,
        4,
        3,
        0
    ],
    "feat": [
        [
            0,
            0,
            0,
            1,
            0.045454545454545456,
            0.045454545454545456,
            0.25,
            0.25,
            0.0
        ],
        [
            0,
            0,
            1,
            0,
            0.22727272727272727,
            0.13636363636363635,
            0.5,
            0.25,
            0.0001337604400777307
        ],
        [
            0,
            0,
            1,
            0,
            0.09090909090909091,
            0.22727272727272727,
            0.25,
            0.5,
            -0.0002255645458530604
        ],
        [
            0,
            1,
            0,
            0,
            0.36363636363636365,
            0.36363636363636365,
            0.5,
            0.5,
            8.881784197001252e-16
        ],
        [
            0,
            0,
            1,
            0,
            0.18181818181818182,
            0.18181818181818182,
            0.5,
            0.5,
            -2.220446049250313e-16
        ],
        [
            0,
            0,
            0,
            1,
            0.0,
            0.045454545454545456,
            0.0,
            0.25,
            -1.0
        ],
        [
            0,
            0,
            0,
            1,
            0.045454545454545456,
            0.0,
            0.25,
            0.0,
            1.0
        ],
        [
            0,
            0,
            0,
            1,
            0.045454545454545456,
            0.0,
            0.25,
            0.0,
            9.180410577523687e-05
        ]
    ],
    "nodeCount": 8,
    "edgeCount": 22,
    "tokenCount": 4,
    "nodes": [
        "0x016dbc709b8c1667d7303e2c4129167d660dc010",
        "0x8eaa752e4632c4385502608fdc639c4d46c20d0e",
        "0xf4a3ab89ae14b6b82e113d53cd68e34f11bd39c8",
        "0x7a250d5630b4cf539739df2c5dacb4c659f2488d",
        "0xc02aaa39b223fe8d0a0e5c4f27ead9083c756cc2",
        "0x0000000000000000000000000000000000000000",
        "0x000000000000000000000000000000000000dead",
        "0xa14575b0aabf7d8f66d9cc7bdedb7e62dea9a21f"
    ],
    "tokens": [
        "0xf4a3ab89ae14b6b82e113d53cd68e34f11bd39c8",
        "0xc02aaa39b223fe8d0a0e5c4f27ead9083c756cc2",
        "native_token",
        "0x8eaa752e4632c4385502608fdc639c4d46c20d0e"
    ]
}