{
    "hash": "0x3421be0c8576a9b616c1b9cd1fc070759e6ae4c0fe6484ebc5de1112830db0e6",
    "chain": "Binance",
    "U": [
        0,
        2,
        1,
        3,
        1,
        4,
        1,
        5,
        6,
        1,
        1,
        7,
        1
    ],
    "V": [
        1,
        1,
        2,
        1,
        3,
        1,
        4,
        1,
        1,
        6,
        7,
        1,
        0
    ],
    "feat": [
        [
            0,
            0,
            0,
            1,
            0.07692307692307693,
            0.07692307692307693,
            0.25,
            0.25,
            0.0004170091432700307
        ],
        [
            1,
            0,
            0,
            0,
            0.5384615384615384,
            0.46153846153846156,
            1.0,
            1.0,
            2.706168622523819e-16
        ],
        [
            0,
            1,
            0,
            0,
            0.07692307692307693,
            0.07692307692307693,
            0.25,
            0.25,
            -0.0004170091432700307
        ],
        [
            0,
            1,
            0,
            0,
            0.07692307692307693,
            0.07692307692307693,
            0.25,
            0.25,
            0.0
        ],
        [
            0,
            1,
            0,
            0,
            0.07692307692307693,
            0.07692307692307693,
            0.25,
            0.25,
            0.0055409578366895085
        ],
        [
            0,
            1,
            0,
            0,
            0.0,
            0.07692307692307693,
            0.0,
            0.25,
            -1.0
        ],
        [
            0,
            1,
            0,
            0,
            0.07692307692307693,
            0.07692307692307693,
            0.25,
            0.25,
            0.9944332581614928
        ],
        [
            0,
            0,
            1,
            0,
            0.07692307692307693,
            0.07692307692307693,
            0.25,
            0.25,
            2.5784001817710095e-05
        ]
    ],
    "nodeCount": 8,
    "edgeCount": 13,
    "tokenCount": 4,
    "nodes": [
        "0xbd104fc54a1394b295c820f1f5eb0e1b8d896fbf",
        "0x34e32bf092e77082fb50c22246b80cd8d024934f",
        "0x8c583754ce22ab3e7647122c01cdb854c861def9",
        "0x2f649c45c62cc7fb76d4d5b8cd20a8ccac95235e",
        "0x197880438436c426392570cb4782432ec9135f62",
        "0x7e65ad65f07e211998893b7e4a9db26582c1dc3d",
        "0xb140c180f40ddb3401f66bbd3788246ce8b800ea",
        "0x58f876857a02d6762e0101bb5c46a8c1ed44dc16"
    ],
    "tokens": [
        "0xe9e7cea3dedca5984780bafc599bd69add087d56",
        "0xbb4cdb9cbd36b01bd1cbaebf2de08d9173bc095c",
        "0x7130d2a12b9bcbfae4f2634d864a1ee1ce3ead9c",
        "0xc67a54d5e08e59fb70dd29d81350c6ff4562d544"
    ]
}