{
    "hash": "0x35c159bee33aa7915cb8cb01b5e9f4887ba12d65c87d73244d170af73411c560",
    "chain": "Ethereum",
    "U": [
        0,
        1,
        2,
        3,
        1,
        4,
        1,
        1,
        5,
        6,
        1,
        1,
        1
    ],
    "V": [
        1,
        2,
        1,
        1,
        3,
        1,
        4,
        5,
        1,
        1,
        6,
        7,
        0
    ],
    "feat": [
        [
            0,
            0,
            0,
            1,
            0.07692307692307693,
            0.07692307692307693,
            0.25,
            0.25,
            0.0
        ],
        [
            1,
            0,
            0,
            0,
            0.46153846153846156,
            0.5384615384615384,
            1.0,
            1.0,
            0.0
        ],
        [
            0,
            0,
            0,
            1,
            0.07692307692307693,
            0.07692307692307693,
            0.25,
            0.25,
            -0.0008659678879446575
        ],
        [
            0,
            0,
            0,
            1,
            0.07692307692307693,
            0.07692307692307693,
            0.25,
            0.25,
            -0.6
        ],
        [
            1,
            0,
            0,
            0,
            0.07692307692307693,
            0.07692307692307693,
            0.25,
            0.25,
            0.5985146060686692
        ],
        [
            0,
            0,
            1,
            0,
            0.07692307692307693,
            0.07692307692307693,
            0.25,
            0.25,
            -0.5
        ],
        [
            1,
            0,
            0,
            0,
            0.07692307692307693,
            0.07692307692307693,
            0.25,
            0.25,
            0.5017776605653537
        ],
        [
            0,
            1,
            0,
            0,
            0.07692307692307693,
            0.0,
            0.25,
            0.0,
            0.0005737012539217912
        ]
    ],
    "nodeCount": 8,
    "edgeCount": 13,
    "tokenCount": 4,
    "nodes": [
        "0xf1fee38e82d24ab9fcd74af01ce6ec2b3e1e05c6",
        "0x27239549dd40e1d60f5b80b0c4196923745b1fd2",
        "0x1c532083d627ad95de3ea1e392c970fc173066eb",
        "0xa5d07e978398eb1715056d3ca5cb31035c02fdad",
        "0xd8de6af55f618a7bc69835d55ddc6582220c36c0",
        "0x40bbde0ec6f177c4a67360d0f0969cfc464b0bb4",
        "0xad570798fa568d93c52ee0f9839278959b13a49b",
        "0xdd9f24efc84d93deef3c8745c837ab63e80abd27"
    ],
    "tokens": [
        "0xa0b86991c6218b36c1d19d4a2e9eb0ce3606eb48",
        "0x92d6c1e31e14520e676a687f0a93788b716beff5",
        "0xc02aaa39b223fe8d0a0e5c4f27ead9083c756cc2",
        "0xdac17f958d2ee523a2206206994597c13d831ec7"
    ]
}