{
    "hash": "0x35be5951459f9a9d6304ab2760263c68299e70fecdbf1f0d2246320b89ccf64f",
    "chain": "Ethereum",
    "U": [
        0,
        2,
        1,
        1,
        3,
        1,
        4,
        6,
        4,
        1,
        1,
        0
    ],
    "V": [
        1,
        1,
        2,
        3,
        1,
        4,
        5,
        4,
        1,
        7,
        0,
        8
    ],
    "feat": [
        [
            0,
            1,
            0,
            0,
            0.08333333333333333,
            0.16666666666666666,
            0.25,
            0.25,
            1.1102230246251565e-16
        ],
        [
            1,
            0,
            0,
            0,
            0.3333333333333333,
            0.4166666666666667,
            0.75,
            0.75,
            2.7991831075269147e-11
        ],
        [
            0,
            1,
            0,
            0,
            0.08333333333333333,
            0.08333333333333333,
            0.25,
            0.25,
            -0.014666234665290934
        ],
        [
            0,
            0,
            1,
            0,
            0.08333333333333333,
            0.08333333333333333,
            0.25,
            0.25,
            0.0
        ],
        [
            0,
            0,
            1,
            0,
            0.16666666666666666,
            0.16666666666666666,
            0.5,
            0.5,
            0.0
        ],
        [
            0,
            0,
            0,
            1,
            0.08333333333333333,
            0.0,
            0.25,
            0.0,
            1.0
        ],
        [
            0,
            1,
            0,
            0,
            0.0,
            0.08333333333333333,
            0.0,
            0.25,
            -1.0
        ],
        [
            0,
            0,
            0,
            1,
            0.08333333333333333,
            0.0,
            0.25,
            0.0,
            0.014666234609306116
        ],
        [
            0,
            1,
            0,
            0,
            0.08333333333333333,
            0.0,
            0.25,
            0.0,
            2.7992436515985837e-11
        ]
    ],
    "nodeCount": 9,
    "edgeCount": 12,
    "tokenCount": 4,
    "nodes": [
        "0xaae0633e15200bc9c50d45cd762477d268e126bd",
        "0x1c073d5045b1abb6924d5f0f8b2f667b1653a4c3",
        "0x75c23271661d9d143dcb617222bc4bec783eff34",
        "0xf20ef17b889b437c151eb5ba15a47bfc62bff469",
        "0xed279fdd11ca84beef15af5d39bb4d4bee23f0ca",
        "0x0000000000000000000000000000000000000000",
        "0xbebc44782c7db0a1a60cb6fe97d0b483032ff1c7",
        "0x1cb55bf2f895fc0e5b4ac7edae086247a41552a0",
        "0x9a67f1940164d0318612b497e8e6038f902a00a4"
    ],
    "tokens": [
        "0xa0b86991c6218b36c1d19d4a2e9eb0ce3606eb48",
        "0xc02aaa39b223fe8d0a0e5c4f27ead9083c756cc2",
        "0x5f98805a4e8be255a32880fdec7f6728c6568ba0",
        "0x6c3f90f043a72fa612cbac8115ee7e52bde6e490"
    ]
}