{
    "hash": "0x35d654cd44c6ca283ba204e17bfe8e8f3921401f08803505197c64a2d1a4102b",
    "chain": "Binance",
    "U": [
        0,
        1,
        3,
        2,
        0,
        4,
        2,
        2,
        5,
        0,
        4,
        4
    ],
    "V": [
        1,
        2,
        2,
        0,
        4,
        2,
        3,
        5,
        4,
        6,
        7,
        8
    ],
    "feat": [
        [
            0,
            1,
            0,
            0,
            0.08333333333333333,
            0.25,
            0.25,
            0.5,
            -0.8333333333333333
        ],
        [
            0,
            1,
            0,
            0,
            0.08333333333333333,
            0.08333333333333333,
            0.25,
            0.25,
            0.0
        ],
        [
            0,
            1,
            0,
            0,
            0.25,
            0.25,
            0.5,
            0.5,
            0.5
        ],
        [
            0,
            0,
            1,
            0,
            0.08333333333333333,
            0.08333333333333333,
            0.25,
            0.25,
            -0.5
        ],
        [
            1,
            0,
            0,
            0,
            0.16666666666666666,
            0.25,
            0.5,
            0.5,
            0.9304422409960507
        ],
        [
            0,
            0,
            1,
            0,
            0.08333333333333333,
            0.08333333333333333,
            0.25,
            0.25,
            -0.5
        ],
        [
            0,
            0,
            0,
            1,
            0.08333333333333333,
            0.0,
            0.25,
            0.0,
            0.3333333333333333
        ],
        [
            0,
            0,
            0,
            1,
            0.08333333333333333,
            0.0,
            0.25,
            0.0,
            0.06409124429441179
        ],
        [
            0,
            0,
            0,
            1,
            0.08333333333333333,
            0.0,
            0.25,
            0.0,
            0.00546651470953754
        ]
    ],
    "nodeCount": 9,
    "edgeCount": 12,
    "tokenCount": 4,
    "nodes": [
        "0x7612cee75fea795a79e28ce97eddb357588534f1",
        "0x28b1fd272dcd6a0f02745271891682e4bde5d13b",
        "0x10ed43c718714eb63d5aa57b78b54704e256024e",
        "0xbb4cdb9cbd36b01bd1cbaebf2de08d9173bc095c",
        "0x81473b398ab05c11527ff0d08e1e3ffba8ef4ca2",
        "0x5acb99428a29092555dcdc00e4565b05272a3b2b",
        "0x6f394ffa615624a5442586e08145d507cbd8b32e",
        "0xb9266ea41d0a9573463c5d6b1207f84208ff5357",
        "0xd2203010f76e625293688fc030c45d5084bc3f0e"
    ],
    "tokens": [
        "0x7612cee75fea795a79e28ce97eddb357588534f1",
        "0xbb4cdb9cbd36b01bd1cbaebf2de08d9173bc095c",
        "native_token",
        "0xcc42724c6683b7e57334c4e856f4c9965ed682bd"
    ]
}