{
    "hash": "0x35fdb5e0086872f980ea16e442707b3f775515bc7cf8a0dd9209df95cab5a85d",
    "chain": "Ethereum",
    "U": [
        0,
        1,
        2,
        2,
        2,
        1,
        5,
        4,
        4,
        1
    ],
    "V": [
        1,
        2,
        3,
        1,
        1,
        4,
        4,
        5,
        1,
        0
    ],
    "feat": [
        [
            0,
            0,
            0,
            1,
            0.1,
            0.1,
            0.3333333333333333,
            0.3333333333333333,
            0.0
        ],
        [
            0,
            1,
            0,
            0,
            0.4,
            0.3,
            1.0,
            1.0,
            0.0
        ],
        [
            0,
            0,
            1,
            0,
            0.1,
            0.3,
            0.3333333333333333,
            1.0,
            -1.4998836659010926
        ],
        [
            0,
            0,
            0,
            1,
            0.1,
            0.0,
            0.3333333333333333,
            0.0,
            1.0
        ],
        [
            0,
            1,
            0,
            0,
            0.2,
            0.2,
            0.6666666666666666,
            0.6666666666666666,
            0.0
        ],
        [
            1,
            0,
            0,
            0,
            0.1,
            0.1,
            0.3333333333333333,
            0.3333333333333333,
            0.49988366590109257
        ]
    ],
    "nodeCount": 6,
    "edgeCount": 10,
    "tokenCount": 3,
    "nodes": [
        "0xf2620f8c4bdc46a55d0e3f39569d0d154f5d1981",
        "0xfb13b2ae7282cfaca2c0cf62d9aed131db2209f7",
        "0xf91c12dae1313d0be5d7a27aa559b1171cc1eac5",
        "0x0000000000000000000000000000000000000000",
        "0x22f9dcf4647084d6c31b2765f6910cd85c178c18",
        "0x151ccb92bc1ed5c6d0f9adb5cec4763ceb66ac7f"
    ],
    "tokens": [
        "0xf91c12dae1313d0be5d7a27aa559b1171cc1eac5",
        "0xaa6e8127831c9de45ae56bb1b0d4d4da6e5665bd",
        "0xc02aaa39b223fe8d0a0e5c4f27ead9083c756cc2"
    ]
}