{
    "hash": "0x36e6d49597d9a1ea9a94762ef5825c85eb6ea554fcab3fa88a4d8992c20466ce",
    "chain": "Ethereum",
    "U": [
        0,
        2,
        3,
        3,
        1,
        1,
        5,
        1
    ],
    "V": [
        1,
        1,
        4,
        4,
        3,
        3,
        1,
        6
    ],
    "feat": [
        [
            0,
            0,
            1,
            0,
            0.0,
            0.125,
            0.0,
            0.3333333333333333,
            -1.0
        ],
        [
            0,
            1,
            0,
            0,
            0.375,
            0.375,
            1.0,
            1.0,
            0.0
        ],
        [
            0,
            0,
            0,
            1,
            0.0,
            0.125,
            0.0,
            0.3333333333333333,
            -1.0
        ],
        [
            0,
            1,
            0,
            0,
            0.25,
            0.25,
            0.6666666666666666,
            0.6666666666666666,
            1.9997725496754106
        ],
        [
            0,
            1,
            0,
            0,
            0.25,
            0.0,
            0.6666666666666666,
            0.0,
            0.00022745032458925538
        ],
        [
            0,
            0,
            0,
            1,
            0.0,
            0.125,
            0.0,
            0.3333333333333333,
            -1.0
        ],
        [
            0,
            1,
            0,
            0,
            0.125,
            0.0,
            0.3333333333333333,
            0.0,
            1.0
        ]
    ],
    "nodeCount": 7,
    "edgeCount": 8,
    "tokenCount": 3,
    "nodes": [
        "0x1f573d6fb3f13d689ff844b4ce37794d79a7ff1c",
        "0x853c2d147a1bd7eda8fe0f58fb3c5294db07220e",
        "0xfe2c88b7ddcaa5049e1cef2ea035a62f07b87bd2",
        "0xc51bda643afbcf2d5c97678a1abb825f48bf53d8",
        "0xebcc959479634eec5a4d7162e36f8b8cc763f491",
        "0x0000000000000000000000000000000000000000",
        "0xd1d846312b819743974786050848d9b3d06b9b55"
    ],
    "tokens": [
        "0x1f573d6fb3f13d689ff844b4ce37794d79a7ff1c",
        "0x4691937a7508860f876c9c0a2a617e7d9e945d4b",
        "0x30c6fe4d0526c5c6707d7e2ebbd4ffbbdce1728c"
    ]
}