{
    "hash": "0x3695cea52f20bd06d483ee37d88e042b9d42ef6d9d3042c5b5b46ebfae34729c",
    "chain": "Ethereum",
    "U": [
        0,
        0,
        1,
        3,
        3,
        4,
        4,
        1,
        5
    ],
    "V": [
        1,
        1,
        2,
        4,
        4,
        1,
        1,
        5,
        1
    ],
    "feat": [
        [
            0,
            1,
            0,
            0,
            0.0,
            0.2222222222222222,
            0.0,
            0.5,
            -1.0076729757791685
        ],
        [
            0,
            1,
            0,
            0,
            0.5555555555555556,
            0.2222222222222222,
            1.0,
            0.5,
            2.0076729757791685
        ],
        [
            0,
            0,
            0,
            1,
            0.1111111111111111,
            0.0,
            0.25,
            0.0,
            1.0
        ],
        [
            1,
            0,
            0,
            0,
            0.0,
            0.2222222222222222,
            0.0,
            0.5,
            -1.2208628923196674
        ],
        [
            0,
            0,
            1,
            0,
            0.2222222222222222,
            0.2222222222222222,
            0.5,
            0.5,
            -0.7791371076803327
        ],
        [
            0,
            0,
            1,
            0,
            0.1111111111111111,
            0.1111111111111111,
            0.25,
            0.25,
            0.0
        ]
    ],
    "nodeCount": 6,
    "edgeCount": 9,
    "tokenCount": 4,
    "nodes": [
        "0xb75984ec0d81a163b2925ae3ec6797a85bc45553",
        "0x259e20aeb8ee53cddc039ae776cc93035f269f6f",
        "0x0000000000000000000000000000000000000000",
        "0xcba27c8e7115b4eb50aa14999bc0866674a96ecb",
        "0x288a17459b5d0ecc401f5ecdc166f447ea3da13a",
        "0xc02aaa39b223fe8d0a0e5c4f27ead9083c756cc2"
    ],
    "tokens": [
        "0x288a17459b5d0ecc401f5ecdc166f447ea3da13a",
        "0x6f40d4a6237c257fff2db00fa0510deeecd303eb",
        "0xc02aaa39b223fe8d0a0e5c4f27ead9083c756cc2",
        "native_token"
    ]
}