{
    "hash": "0x36c882094e855c5e10201bbe01256768b54c1fe1f974cf6fcc4a362b85eee0b2",
    "chain": "Ethereum",
    "U": [
        0,
        2,
        1,
        4,
        1,
        5,
        2,
        0,
        1
    ],
    "V": [
        1,
        3,
        2,
        1,
        5,
        1,
        3,
        2,
        6
    ],
    "feat": [
        [
            0,
            0,
            0,
            1,
            0.0,
            0.2222222222222222,
            0.0,
            0.4,
            -2.0
        ],
        [
            0,
            1,
            0,
            0,
            0.3333333333333333,
            0.3333333333333333,
            0.6,
            0.6,
            0.0
        ],
        [
            0,
            0,
            0,
            1,
            0.2222222222222222,
            0.2222222222222222,
            0.4,
            0.4,
            0.9999381549792286
        ],
        [
            0,
            1,
            0,
            0,
            0.2222222222222222,
            0.0,
            0.4,
            0.0,
            1.0000618450207714
        ],
        [
            0,
            0,
            1,
            0,
            0.0,
            0.1111111111111111,
            0.0,
            0.2,
            -1.0
        ],
        [
            0,
            0,
            1,
            0,
            0.1111111111111111,
            0.1111111111111111,
            0.2,
            0.2,
            0.0
        ],
        [
            0,
            0,
            1,
            0,
            0.1111111111111111,
            0.0,
            0.2,
            0.0,
            1.0
        ]
    ],
    "nodeCount": 7,
    "edgeCount": 9,
    "tokenCount": 5,
    "nodes": [
        "0xf9f4336cff20bfce1b778a73996dbdf323dddc2e",
        "0x498c5431eb517101582988fbb36431ddaac8f4b1",
        "0x0000000000000000000000000000000000000000",
        "0x464c71f6c2f760dda6093dcb91c24c39e5d6e18c",
        "0xa06bc25b5805d5f8d82847d191cb4af5a3e873e0",
        "0xa2107fa5b38d9bbd2c461d6edf11b11a50f6b974",
        "0x030ba81f1c18d280636f32af80b9aad02cf0854e"
    ],
    "tokens": [
        "0xa06bc25b5805d5f8d82847d191cb4af5a3e873e0",
        "0x514910771af9ca656af840dff83e8264ecf986ca",
        "0xc02aaa39b223fe8d0a0e5c4f27ead9083c756cc2",
        "0x030ba81f1c18d280636f32af80b9aad02cf0854e",
        "0xf63b34710400cad3e044cffdcab00a0f32e33ecf"
    ]
}