{
    "hash": "0x3681f7e594813e58c1df386bfafa06c64a0451ece5cdb77e5e6e14e0ef5d8b44",
    "chain": "Ethereum",
    "U": [
        0,
        1,
        2,
        3,
        1,
        1,
        4,
        5,
        1,
        1,
        6,
        1,
        7,
        1,
        4,
        1,
        1
    ],
    "V": [
        1,
        2,
        1,
        1,
        3,
        4,
        1,
        1,
        5,
        6,
        1,
        7,
        1,
        4,
        1,
        8,
        0
    ],
    "feat": [
        [
            0,
            0,
            0,
            1,
            0.058823529411764705,
            0.058823529411764705,
            0.25,
            0.25,
            0.0
        ],
        [
            1,
            0,
            0,
            0,
            0.47058823529411764,
            0.5294117647058824,
            1.0,
            1.0,
            1.0559238261542703e-08
        ],
        [
            0,
            0,
            1,
            0,
            0.058823529411764705,
            0.058823529411764705,
            0.25,
            0.25,
            -0.8
        ],
        [
            1,
            0,
            0,
            0,
            0.058823529411764705,
            0.058823529411764705,
            0.25,
            0.25,
            0.74826694928588
        ],
        [
            0,
            0,
            1,
            0,
            0.11764705882352941,
            0.11764705882352941,
            0.25,
            0.25,
            0.2513234578915273
        ],
        [
            1,
            0,
            0,
            0,
            0.058823529411764705,
            0.058823529411764705,
            0.25,
            0.25,
            -0.01566821881052284
        ],
        [
            0,
            0,
            1,
            0,
            0.058823529411764705,
            0.058823529411764705,
            0.25,
            0.25,
            -0.0681292067551813
        ],
        [
            0,
            0,
            1,
            0,
            0.058823529411764705,
            0.058823529411764705,
            0.25,
            0.25,
            -0.11620257443429577
        ],
        [
            0,
            1,
            0,
            0,
            0.058823529411764705,
            0.0,
            0.25,
            0.0,
            0.00040958226335456344
        ]
    ],
    "nodeCount": 9,
    "edgeCount": 17,
    "tokenCount": 4,
    "nodes": [
        "0x5247bf8d8962f8c9dbcac5cbce13ad981de676b3",
        "0xfd3dfb524b2da40c8a6d703c62be36b5d8540626",
        "0xd471b6755eba924ad94dd9144ea50022010efccc",
        "0x0000006daea1723962647b7e189d311d757fb793",
        "0xc02aaa39b223fe8d0a0e5c4f27ead9083c756cc2",
        "0x3a5dbafbac514a0b40dcdf3bc3ff7763da9d2d37",
        "0x6d7b6dad6abed1dfa5eba37a6667ba9dcfd49077",
        "0x132eeb05d5cb6829bd34f552cde0b6b708ef5014",
        "0xdd9f24efc84d93deef3c8745c837ab63e80abd27"
    ],
    "tokens": [
        "0x1b40183efb4dd766f11bda7a7c3ad8982e998421",
        "0x111111111117dc0aa78b770fa6a738034120c302",
        "0xc02aaa39b223fe8d0a0e5c4f27ead9083c756cc2",
        "native_token"
    ]
}