{
    "hash": "0x3788af30fa62739997e6e8fb5c0b2a27b5c32cd18c3a50dcd85d43efdd915f71",
    "chain": "Ethereum",
    "U": [
        0,
        1,
        2,
        3,
        5,
        4,
        3,
        3,
        1
    ],
    "V": [
        1,
        2,
        3,
        4,
        3,
        5,
        6,
        1,
        0
    ],
    "feat": [
        [
            0,
            0,
            0,
            1,
            0.1111111111111111,
            0.1111111111111111,
            0.3333333333333333,
            0.3333333333333333,
            -0.0004326108206984536
        ],
        [
            0,
            1,
            0,
            0,
            0.2222222222222222,
            0.2222222222222222,
            0.6666666666666666,
            0.6666666666666666,
            0.0
        ],
        [
            0,
            0,
            1,
            0,
            0.1111111111111111,
            0.1111111111111111,
            0.3333333333333333,
            0.3333333333333333,
            0.0
        ],
        [
            1,
            0,
            0,
            0,
            0.2222222222222222,
            0.3333333333333333,
            0.6666666666666666,
            0.6666666666666666,
            0.0
        ],
        [
            1,
            0,
            0,
            0,
            0.1111111111111111,
            0.1111111111111111,
            0.3333333333333333,
            0.3333333333333333,
            0.0
        ],
        [
            1,
            0,
            0,
            0,
            0.1111111111111111,
            0.1111111111111111,
            0.3333333333333333,
            0.3333333333333333,
            0.0
        ],
        [
            0,
            1,
            0,
            0,
            0.1111111111111111,
            0.0,
            0.3333333333333333,
            0.0,
            0.0004326108206984398
        ]
    ],
    "nodeCount": 7,
    "edgeCount": 9,
    "tokenCount": 3,
    "nodes": [
        "0xcc0cfad37ac02e2c8483883ac6c75ffdfe44eb9b",
        "0xa356867fdcea8e71aeaf87805808803806231fdc",
        "0x06da0fd433c1a5d7a4faa01111c044910a184553",
        "0xdb38ae75c5f44276803345f7f02e95a0aeef5944",
        "0xfd3dfb524b2da40c8a6d703c62be36b5d8540626",
        "0x22a80b1365b651eb61ed90f5d732be7735efc43f",
        "0xdd9f24efc84d93deef3c8745c837ab63e80abd27"
    ],
    "tokens": [
        "0xdac17f958d2ee523a2206206994597c13d831ec7",
        "0xc02aaa39b223fe8d0a0e5c4f27ead9083c756cc2",
        "0x50de6856358cc35f3a9a57eaaa34bd4cb707d2cd"
    ]
}