{
    "hash": "0x3766d2eda753b95e92c6f69709ff8e4f96e084019c7af0a5fe6471fef16d93ad",
    "chain": "Binance",
    "U": [
        0,
        1,
        3,
        2,
        0,
        1,
        4,
        5,
        5
    ],
    "V": [
        1,
        2,
        2,
        0,
        1,
        4,
        5,
        6,
        7
    ],
    "feat": [
        [
            0,
            0,
            0,
            1,
            0.1111111111111111,
            0.2222222222222222,
            0.25,
            0.25,
            -0.0030090270812437314
        ],
        [
            0,
            1,
            0,
            0,
            0.2222222222222222,
            0.2222222222222222,
            0.25,
            0.5,
            -4.336808689942018e-19
        ],
        [
            0,
            1,
            0,
            0,
            0.2222222222222222,
            0.1111111111111111,
            0.5,
            0.25,
            1.0
        ],
        [
            0,
            0,
            1,
            0,
            0.0,
            0.1111111111111111,
            0.0,
            0.25,
            -1.0
        ],
        [
            0,
            1,
            0,
            0,
            0.1111111111111111,
            0.1111111111111111,
            0.25,
            0.25,
            -0.9969909729187563
        ],
        [
            0,
            1,
            0,
            0,
            0.1111111111111111,
            0.2222222222222222,
            0.25,
            0.25,
            0.6
        ],
        [
            0,
            1,
            0,
            0,
            0.1111111111111111,
            0.0,
            0.25,
            0.0,
            0.12
        ],
        [
            0,
            0,
            0,
            1,
            0.1111111111111111,
            0.0,
            0.25,
            0.0,
            0.28
        ]
    ],
    "nodeCount": 8,
    "edgeCount": 9,
    "tokenCount": 4,
    "nodes": [
        "0x7669e5d0168db5d7641591e7486f3250df155430",
        "0xee679facdac1a80e05e1f749ac451b98c4a33b0e",
        "0xbf6527834dbb89cdc97a79fcd62e6c08b19f8ec0",
        "0xbb4cdb9cbd36b01bd1cbaebf2de08d9173bc095c",
        "0x25d09281680acf2437b4a8567a3bae5c05f4a1c9",
        "0x86a327715d707bca24983b1145d1f6c40c5d4a74",
        "0x9154c2684aef8d106babcb19aa81d4fabf7581ec",
        "0x0000000000000000000000000000000000000000"
    ],
    "tokens": [
        "0xafe24e29da7e9b3e8a25c9478376b6ad6ad788dd",
        "0xbb4cdb9cbd36b01bd1cbaebf2de08d9173bc095c",
        "native_token",
        "0xae9269f27437f0fcbc232d39ec814844a51d6b8f"
    ]
}