{
    "hash": "0x372331ff213eb71783385e646c87e7a078e78dc83d10ed8c7710f97230c7029b",
    "chain": "Ethereum",
    "U": [
        0,
        1,
        1,
        1,
        1,
        1,
        1,
        1,
        1,
        1,
        1,
        1,
        1,
        1,
        1,
        1,
        1,
        1,
        1,
        1,
        1,
        1,
        1,
        1,
        1,
        1,
        1,
        1,
        1,
        1,
        1,
        1,
        1,
        1,
        1,
        1,
        1,
        1,
        1,
        1,
        1,
        1,
        1,
        1,
        1,
        1,
        1,
        1,
        1,
        1,
        1,
        1
    ],
    "V": [
        1,
        1,
        2,
        0,
        1,
        2,
        0,
        1,
        2,
        0,
        1,
        2,
        0,
        1,
        2,
        0,
        1,
        2,
        0,
        1,
        2,
        0,
        1,
        2,
        0,
        1,
        2,
        0,
        1,
        2,
        0,
        1,
        2,
        0,
        1,
        2,
        0,
        1,
        2,
        0,
        1,
        2,
        0,
        1,
        2,
        0,
        1,
        2,
        0,
        1,
        2,
        0
    ],
    "feat": [
        [
            0,
            0,
            0,
            1,
            0.3269230769230769,
            0.019230769230769232,
            0.5,
            0.5,
            12.307692307502956
        ],
        [
            0,
            1,
            0,
            0,
            0.34615384615384615,
            0.9807692307692307,
            0.5,
            1.0,
            -13.307692307502949
        ],
        [
            0,
            0,
            0,
            1,
            0.3269230769230769,
            0.0,
            0.5,
            0.0,
            0.9999999999999941
        ]
    ],
    "nodeCount": 3,
    "edgeCount": 52,
    "tokenCount": 2,
    "nodes": [
        "0x8385c6498e4515ef6b599944a3756719c32afcf2",
        "0xfbddadd80fe7bda00b901fbaf73803f2238ae655",
        "0x4b5057b2c87ec9e7c047fb00c0e406dff2fdacad"
    ],
    "tokens": [
        "native_token",
        "0x990f341946a3fdb507ae7e52d17851b87168017c"
    ]
}