{
    "hash": "0x37bbd7907fdd2eac213dac4082dd17ac91ab1021f59e9dc565878519a5cd50ab",
    "chain": "Ethereum",
    "U": [
        0,
        1,
        3,
        2,
        2,
        4
    ],
    "V": [
        1,
        2,
        2,
        3,
        4,
        0
    ],
    "feat": [
        [
            1,
            0,
            0,
            0,
            0.16666666666666666,
            0.16666666666666666,
            0.3333333333333333,
            0.3333333333333333,
            0.01309736687508345
        ],
        [
            0,
            0,
            1,
            0,
            0.16666666666666666,
            0.16666666666666666,
            0.3333333333333333,
            0.3333333333333333,
            -0.013097366875016503
        ],
        [
            1,
            0,
            0,
            0,
            0.3333333333333333,
            0.3333333333333333,
            0.6666666666666666,
            0.6666666666666666,
            3.758515720875266e-11
        ],
        [
            0,
            0,
            1,
            0,
            0.16666666666666666,
            0.16666666666666666,
            0.3333333333333333,
            0.3333333333333333,
            0.0
        ],
        [
            0,
            0,
            1,
            0,
            0.16666666666666666,
            0.16666666666666666,
            0.3333333333333333,
            0.3333333333333333,
            -3.765221467944002e-11
        ]
    ],
    "nodeCount": 5,
    "edgeCount": 6,
    "tokenCount": 3,
    "nodes": [
        "0xdfee68a9adb981cd08699891a11cabe10f25ec44",
        "0xf55c33d94150d93c2cfb833bcca30be388b14964",
        "0x0000000000007f150bd6f54c40a34d7c3d5e9f56",
        "0x126c121f99e1e211df2e5f8de2d96fa36647c855",
        "0xfaad1072e259b5ed342d3f16277477b46d379abc"
    ],
    "tokens": [
        "0xc02aaa39b223fe8d0a0e5c4f27ead9083c756cc2",
        "0xa1faa113cbe53436df28ff0aee54275c13b40975",
        "0x126c121f99e1e211df2e5f8de2d96fa36647c855"
    ]
}