{
    "hash": "0x37d31bf38f260a1e23c0e95034fc3715b1ef570e22d4a6074f383939accf4236",
    "chain": "Ethereum",
    "U": [
        0,
        2,
        1,
        2
    ],
    "V": [
        1,
        3,
        4,
        1
    ],
    "feat": [
        [
            0,
            0,
            0,
            1,
            0.0,
            0.25,
            0.0,
            0.5,
            -1.0
        ],
        [
            0,
            1,
            0,
            0,
            0.5,
            0.25,
            1.0,
            0.5,
            1.0
        ],
        [
            0,
            0,
            0,
            1,
            0.0,
            0.5,
            0.0,
            0.5,
            -1.0006508833701349
        ],
        [
            0,
            1,
            0,
            0,
            0.25,
            0.0,
            0.5,
            0.0,
            0.0006508833701349088
        ],
        [
            0,
            0,
            1,
            0,
            0.25,
            0.0,
            0.5,
            0.0,
            1.0
        ]
    ],
    "nodeCount": 5,
    "edgeCount": 4,
    "tokenCount": 2,
    "nodes": [
        "0xb15e535dffdf3fe70290ab89aecc3f18c7078cdc",
        "0x99230f93135f3650ab5706b7b6d4b30b4ee961c9",
        "0x0000000000000000000000000000000000000000",
        "0x464c71f6c2f760dda6093dcb91c24c39e5d6e18c",
        "0xbcca60bb61934080951369a648fb03df4f96263c"
    ],
    "tokens": [
        "0xa0b86991c6218b36c1d19d4a2e9eb0ce3606eb48",
        "0xbcca60bb61934080951369a648fb03df4f96263c"
    ]
}