{
    "hash": "0x378ec75d9cb8d6aaf1afd3e3873cc58f85313569afc3a9de671f9c25f085f268",
    "chain": "Binance",
    "U": [
        0,
        2,
        2,
        4,
        1,
        4,
        6,
        5,
        2,
        2,
        2
    ],
    "V": [
        1,
        3,
        4,
        1,
        4,
        5,
        5,
        7,
        5,
        8,
        9
    ],
    "feat": [
        [
            0,
            0,
            0,
            1,
            0.0,
            0.09090909090909091,
            0.0,
            0.25,
            -0.9567799735661726
        ],
        [
            0,
            1,
            0,
            0,
            0.18181818181818182,
            0.09090909090909091,
            0.5,
            0.25,
            0.65346702862189
        ],
        [
            0,
            0,
            0,
            1,
            0.0,
            0.45454545454545453,
            0.0,
            0.75,
            -3.2111
        ],
        [
            0,
            1,
            0,
            0,
            0.09090909090909091,
            0.0,
            0.25,
            0.0,
            0.11109999999999999
        ],
        [
            0,
            1,
            0,
            0,
            0.18181818181818182,
            0.18181818181818182,
            0.5,
            0.5,
            0.34653297137811
        ],
        [
            0,
            1,
            0,
            0,
            0.2727272727272727,
            0.09090909090909091,
            0.5,
            0.25,
            0.9639041132806627
        ],
        [
            0,
            0,
            1,
            0,
            0.0,
            0.09090909090909091,
            0.0,
            0.25,
            -0.007124139714490125
        ],
        [
            0,
            1,
            0,
            0,
            0.09090909090909091,
            0.0,
            0.25,
            0.0,
            1.0
        ],
        [
            0,
            1,
            0,
            0,
            0.09090909090909091,
            0.0,
            0.25,
            0.0,
            1.0
        ],
        [
            0,
            0,
            0,
            1,
            0.09090909090909091,
            0.0,
            0.25,
            0.0,
            0.09999999999999998
        ]
    ],
    "nodeCount": 10,
    "edgeCount": 11,
    "tokenCount": 4,
    "nodes": [
        "0xdb4f7db91482ce3f8393db0725ef94ba7237bbef",
        "0xfddd5025af59a8b704afc6c27211b1fcddca710d",
        "0x0000000000000000000000000000000000000000",
        "0xc0dda6d4dd7b38e99452fa99b6090637353e4064",
        "0x33adbf5f1ec364a4ea3a5ca8f310b597b8afdee3",
        "0x7207712971ea788813c70d58f1601dec95ceb10e",
        "0x009cf7bc57584b7998236eff51b98a168dcea9b0",
        "0x73feaa1ee314f8c655e354234017be2193c9e24e",
        "0xe2009352ae22cd1cfd4c89110fb0e9225a89cf8c",
        "0x71d7e2a8268c42364f8a430f4f4671dcb24c5ff5"
    ],
    "tokens": [
        "0x0e09fabb73bd3ade0a17ecc321fd13a19e81ce82",
        "0xc5a49b4cbe004b6fd55b30ba1de6ac360ff9765d",
        "0x009cf7bc57584b7998236eff51b98a168dcea9b0",
        "0x8cef274596d334ffa10f8976a920ddc81ba6e29b"
    ]
}