{
    "hash": "0x37942a3b703ed717ea5c153b7a01ade46e711f2e6eda1891e44288a87abcbb82",
    "chain": "Ethereum",
    "U": [
        0,
        1,
        1,
        1,
        1,
        1,
        1,
        1,
        1,
        1,
        1,
        1,
        1,
        1,
        1,
        1,
        1,
        1,
        1,
        1,
        1,
        1,
        1,
        1,
        1,
        1,
        1,
        1,
        1,
        1,
        1,
        1,
        1,
        1,
        1,
        1,
        1,
        1,
        1,
        1,
        1,
        1,
        1,
        1,
        1,
        1,
        1,
        1,
        1,
        1,
        1,
        1,
        1,
        1,
        1
    ],
    "V": [
        1,
        0,
        2,
        0,
        2,
        0,
        2,
        0,
        2,
        0,
        2,
        0,
        2,
        0,
        2,
        0,
        2,
        0,
        2,
        0,
        2,
        0,
        2,
        0,
        2,
        0,
        2,
        0,
        2,
        0,
        2,
        0,
        2,
        0,
        2,
        0,
        2,
        0,
        2,
        0,
        2,
        0,
        2,
        0,
        2,
        0,
        2,
        0,
        2,
        0,
        2,
        0,
        2,
        0,
        2
    ],
    "feat": [
        [
            0,
            0,
            0,
            1,
            0.4909090909090909,
            0.01818181818181818,
            0.5,
            0.5,
            25.31481451019891
        ],
        [
            0,
            1,
            0,
            0,
            0.01818181818181818,
            0.9818181818181818,
            0.5,
            1.0,
            -26.314814510198907
        ],
        [
            0,
            0,
            0,
            1,
            0.4909090909090909,
            0.0,
            0.5,
            0.0,
            1.0000000000000002
        ]
    ],
    "nodeCount": 3,
    "edgeCount": 55,
    "tokenCount": 2,
    "nodes": [
        "0xc97eef36f34606186869763e4b90114832afb0bf",
        "0xc5622f143972a5da6aabc5f5379311ee5eb48568",
        "0x4b5057b2c87ec9e7c047fb00c0e406dff2fdacad"
    ],
    "tokens": [
        "native_token",
        "0x990f341946a3fdb507ae7e52d17851b87168017c"
    ]
}