{
    "hash": "0x38cc66eed6325a2e57aa919949149d3f1950b5aa4cc8e1675c56f4e88b067de3",
    "chain": "Ethereum",
    "U": [
        0,
        1,
        2,
        2,
        4,
        2,
        5,
        2,
        6,
        7,
        2,
        8,
        2,
        9,
        2,
        1
    ],
    "V": [
        1,
        2,
        3,
        4,
        2,
        5,
        2,
        6,
        7,
        2,
        8,
        2,
        9,
        2,
        1,
        0
    ],
    "feat": [
        [
            0,
            0,
            0,
            1,
            0.0625,
            0.0625,
            0.2,
            0.2,
            0.0
        ],
        [
            0,
            1,
            0,
            0,
            0.125,
            0.125,
            0.4,
            0.4,
            0.0
        ],
        [
            1,
            0,
            0,
            0,
            0.375,
            0.4375,
            1.0,
            1.0,
            1.1102230246251565e-16
        ],
        [
            0,
            0,
            0,
            1,
            0.0625,
            0.0,
            0.2,
            0.0,
            0.025
        ],
        [
            0,
            0,
            1,
            0,
            0.0625,
            0.0625,
            0.2,
            0.2,
            -0.5125
        ],
        [
            0,
            0,
            1,
            0,
            0.0625,
            0.0625,
            0.2,
            0.2,
            0.4863771051732507
        ],
        [
            1,
            0,
            0,
            0,
            0.0625,
            0.0625,
            0.2,
            0.2,
            0.0
        ],
        [
            1,
            0,
            0,
            0,
            0.0625,
            0.0625,
            0.2,
            0.2,
            -0.5125
        ],
        [
            0,
            1,
            0,
            0,
            0.0625,
            0.0625,
            0.2,
            0.2,
            0.0
        ],
        [
            0,
            1,
            0,
            0,
            0.0625,
            0.0625,
            0.2,
            0.2,
            0.5136228948267493
        ]
    ],
    "nodeCount": 10,
    "edgeCount": 16,
    "tokenCount": 5,
    "nodes": [
        "0xca31adb98a82e834b182c155d0d4b202d82f30e4",
        "0x1111111254fb6c44bac0bed2854e76f90643097d",
        "0x220bda5c8994804ac96ebe4df184d25e5c2196d4",
        "0x87a265c93d2a92c6eeec002283beaebb4564fd20",
        "0xc02aaa39b223fe8d0a0e5c4f27ead9083c756cc2",
        "0x1a1fe6f955b6567a75dddec526320a4a1a214fa9",
        "0xa18607ca4a3804cc3cd5730eafefcc47a7641643",
        "0xfc7b1dad07111c77c5d619043d75ac9a19680760",
        "0xcba47689202d31575bfa204efe70e2c83d29da4d",
        "0x0c898e4e13b73364648c20d9e3c7ddb3a2a6788e"
    ],
    "tokens": [
        "native_token",
        "0xc02aaa39b223fe8d0a0e5c4f27ead9083c756cc2",
        "0x0f71b8de197a1c84d31de0f1fa7926c365f052b3",
        "0x2260fac5e5542a773aa44fbcfedf7c193bc2c599",
        "0x1f573d6fb3f13d689ff844b4ce37794d79a7ff1c"
    ]
}