{
    "hash": "0x38d765f62da5a796095e737db0c3bb6ddf2f1730ba7943c9fb9de51d54ae9405",
    "chain": "Ethereum",
    "U": [
        0,
        1,
        1,
        1,
        1,
        1,
        1,
        1,
        1,
        1,
        1,
        1,
        1,
        1,
        1,
        1,
        1,
        1,
        1,
        1,
        1,
        1,
        1,
        1,
        1,
        1,
        1,
        1,
        1,
        1,
        1,
        1,
        1,
        1,
        1,
        1,
        1,
        1,
        1,
        1,
        1,
        1,
        1,
        1,
        1,
        1,
        1,
        1,
        1,
        1,
        1,
        1,
        1,
        1,
        1,
        1,
        1,
        1,
        1,
        1,
        1
    ],
    "V": [
        1,
        1,
        2,
        0,
        1,
        2,
        0,
        1,
        2,
        0,
        1,
        2,
        0,
        1,
        2,
        0,
        1,
        2,
        0,
        1,
        2,
        0,
        1,
        2,
        0,
        1,
        2,
        0,
        1,
        2,
        0,
        1,
        2,
        0,
        1,
        2,
        0,
        1,
        2,
        0,
        1,
        2,
        0,
        1,
        2,
        0,
        1,
        2,
        0,
        1,
        2,
        0,
        1,
        2,
        0,
        1,
        2,
        0,
        1,
        2,
        0
    ],
    "feat": [
        [
            0,
            0,
            0,
            1,
            0.32786885245901637,
            0.01639344262295082,
            0.5,
            0.5,
            16.88888888888919
        ],
        [
            0,
            1,
            0,
            0,
            0.3442622950819672,
            0.9836065573770492,
            0.5,
            1.0,
            -17.888888888889184
        ],
        [
            0,
            0,
            0,
            1,
            0.32786885245901637,
            0.0,
            0.5,
            0.0,
            0.9999999999999928
        ]
    ],
    "nodeCount": 3,
    "edgeCount": 61,
    "tokenCount": 2,
    "nodes": [
        "0xf2238e1659ccf330ae4993e3169b896bbe85b7ed",
        "0xfbddadd80fe7bda00b901fbaf73803f2238ae655",
        "0x4b5057b2c87ec9e7c047fb00c0e406dff2fdacad"
    ],
    "tokens": [
        "native_token",
        "0x990f341946a3fdb507ae7e52d17851b87168017c"
    ]
}