{
    "hash": "0x389b19b4ec6c90a71fa9ff5d31cb0c148408ba5ec25460023a7b73df99dc11f8",
    "chain": "Binance",
    "U": [
        0,
        1,
        3,
        4,
        2,
        2
    ],
    "V": [
        1,
        2,
        4,
        2,
        5,
        4
    ],
    "feat": [
        [
            0,
            0,
            0,
            1,
            0.0,
            0.16666666666666666,
            0.0,
            0.5,
            -1.0
        ],
        [
            1,
            0,
            0,
            0,
            0.16666666666666666,
            0.16666666666666666,
            0.5,
            0.5,
            0.0
        ],
        [
            1,
            0,
            0,
            0,
            0.3333333333333333,
            0.3333333333333333,
            1.0,
            1.0,
            0.0
        ],
        [
            0,
            0,
            0,
            1,
            0.0,
            0.16666666666666666,
            0.0,
            0.5,
            -1.0
        ],
        [
            0,
            1,
            0,
            0,
            0.3333333333333333,
            0.16666666666666666,
            1.0,
            0.5,
            1.7797698048701764
        ],
        [
            1,
            0,
            0,
            0,
            0.16666666666666666,
            0.0,
            0.5,
            0.0,
            0.22023019512982356
        ]
    ],
    "nodeCount": 6,
    "edgeCount": 6,
    "tokenCount": 2,
    "nodes": [
        "0x173c441ddf05c82cacb48c28dff5ccd42c3e82e0",
        "0xada5598d0e19b4d3c64585b4135c5860d4a0881f",
        "0xc413c59ca59c44a2e0dbed892aea943c7bd1c9c8",
        "0x0000000000000000000000000000000000000000",
        "0xc48fe252aa631017df253578b1405ea399728a50",
        "0xdc8f328d648b047ad4df0be8105d6226e57f4531"
    ],
    "tokens": [
        "0x223740a259e461abee12d84a9fff5da69ff071dd",
        "0x9c65ab58d8d978db963e63f2bfb7121627e3a739"
    ]
}