{
    "hash": "0x39d06dc6990f37764c302bdc20ce5a7311e7f9e6a0e4318f164bbe37191181ed",
    "chain": "Binance",
    "U": [
        0,
        0,
        2,
        4,
        3,
        3,
        3,
        0,
        5,
        6,
        0,
        6,
        0,
        6,
        5
    ],
    "V": [
        1,
        2,
        3,
        3,
        0,
        5,
        4,
        3,
        6,
        7,
        6,
        8,
        6,
        7,
        8
    ],
    "feat": [
        [
            0,
            0,
            0,
            1,
            0.06666666666666667,
            0.3333333333333333,
            0.3333333333333333,
            1.0,
            -3.0025481903039912
        ],
        [
            0,
            1,
            0,
            0,
            0.06666666666666667,
            0.0,
            0.3333333333333333,
            0.0,
            0.1
        ],
        [
            0,
            0,
            1,
            0,
            0.06666666666666667,
            0.06666666666666667,
            0.3333333333333333,
            0.3333333333333333,
            0.9110405538382929
        ],
        [
            0,
            1,
            0,
            0,
            0.2,
            0.2,
            0.6666666666666666,
            0.6666666666666666,
            0.7525481903039912
        ],
        [
            0,
            1,
            0,
            0,
            0.06666666666666667,
            0.06666666666666667,
            0.3333333333333333,
            0.3333333333333333,
            0.06694627021943805
        ],
        [
            0,
            1,
            0,
            0,
            0.06666666666666667,
            0.13333333333333333,
            0.3333333333333333,
            0.3333333333333333,
            0.0
        ],
        [
            0,
            1,
            0,
            0,
            0.2,
            0.2,
            0.6666666666666666,
            0.6666666666666666,
            8.326672684688674e-17
        ],
        [
            0,
            1,
            0,
            0,
            0.13333333333333333,
            0.0,
            0.6666666666666666,
            0.0,
            0.15660395278268072
        ],
        [
            0,
            0,
            0,
            1,
            0.13333333333333333,
            0.0,
            0.6666666666666666,
            0.0,
            1.0154092231595884
        ]
    ],
    "nodeCount": 9,
    "edgeCount": 15,
    "tokenCount": 3,
    "nodes": [
        "0x0000000000000000000000000000000000000000",
        "0x8488cb2f54ecb9aa1cdc1bc83bc1d200bb2f216b",
        "0x009cf7bc57584b7998236eff51b98a168dcea9b0",
        "0xedfcb78e73f7ba6ad2d829bf5d462a0924da28ed",
        "0x73feaa1ee314f8c655e354234017be2193c9e24e",
        "0x203ee29ba85bbdfa23bfae5d77620aefdaf92cb1",
        "0x8cb88701790f650f273c8bb2cc4c5f439cd65219",
        "0x0989091f27708bc92ea4ca60073e03592b94c0ee",
        "0x0403d6d288db8908b5ff21b60d347c6e450eb828"
    ],
    "tokens": [
        "0x0e09fabb73bd3ade0a17ecc321fd13a19e81ce82",
        "0x009cf7bc57584b7998236eff51b98a168dcea9b0",
        "0xc9849e6fdb743d08faee3e34dd2d1bc69ea11a51"
    ]
}