{
    "hash": "0x3955232861af82d11f04c69bba9085dd319f26a84911331b03bd72ee857beca8",
    "chain": "Binance",
    "U": [
        0,
        2,
        1,
        4,
        3,
        2,
        2,
        3,
        3,
        1,
        1,
        7
    ],
    "V": [
        1,
        1,
        3,
        3,
        2,
        5,
        3,
        4,
        1,
        6,
        7,
        0
    ],
    "feat": [
        [
            0,
            0,
            0,
            1,
            0.08333333333333333,
            0.08333333333333333,
            0.25,
            0.25,
            0.7751778036887167
        ],
        [
            0,
            1,
            0,
            0,
            0.25,
            0.25,
            0.5,
            0.5,
            0.06957681054666875
        ],
        [
            0,
            0,
            1,
            0,
            0.08333333333333333,
            0.25,
            0.25,
            0.5,
            -0.796894042950139
        ],
        [
            0,
            1,
            0,
            0,
            0.25,
            0.25,
            0.5,
            0.5,
            0.5364392903831943
        ],
        [
            0,
            0,
            1,
            0,
            0.08333333333333333,
            0.08333333333333333,
            0.25,
            0.25,
            -0.5364392903831943
        ],
        [
            0,
            0,
            0,
            1,
            0.08333333333333333,
            0.0,
            0.25,
            0.0,
            0.3333333333333333
        ],
        [
            0,
            0,
            0,
            1,
            0.08333333333333333,
            0.0,
            0.25,
            0.0,
            0.3920799845221602
        ],
        [
            0,
            0,
            1,
            0,
            0.08333333333333333,
            0.08333333333333333,
            0.25,
            0.25,
            -0.7732738891407398
        ]
    ],
    "nodeCount": 8,
    "edgeCount": 12,
    "tokenCount": 4,
    "nodes": [
        "0xfb8bf4c210a03d8c1855d6a9993de57d39da7fbd",
        "0xe76fa13dddd561fb2933fc62a11980f8bcfc646f",
        "0x6a350b5d1110f8c8044c31eddee1773592def9b4",
        "0x10ed43c718714eb63d5aa57b78b54704e256024e",
        "0xbb4cdb9cbd36b01bd1cbaebf2de08d9173bc095c",
        "0x66ec552b5334df99fec98dde5593d0ec57852eab",
        "0x000000000000000000000000000000000000dead",
        "0x16b9a82891338f9ba80e2d6970fdda79d1eb0dae"
    ],
    "tokens": [
        "0x6a350b5d1110f8c8044c31eddee1773592def9b4",
        "0xbb4cdb9cbd36b01bd1cbaebf2de08d9173bc095c",
        "native_token",
        "0x55d398326f99059ff775485246999027b3197955"
    ]
}