{
    "hash": "0x39bf62b9449860fbc2976b47b03871aff748e54bc607d8497f0b455909614f4b",
    "chain": "Ethereum",
    "U": [
        0,
        1,
        1,
        1,
        1,
        1,
        1,
        1,
        1,
        1,
        1,
        1,
        1,
        1,
        1,
        1,
        1,
        1,
        1,
        1,
        1,
        1,
        1,
        1,
        1,
        1,
        1,
        1,
        1,
        1,
        1,
        1,
        1,
        1,
        1,
        1,
        1,
        1,
        1,
        1,
        1,
        1,
        1,
        1,
        1,
        1,
        1,
        1,
        1
    ],
    "V": [
        1,
        1,
        2,
        0,
        1,
        2,
        0,
        1,
        2,
        0,
        1,
        2,
        0,
        1,
        2,
        0,
        1,
        2,
        0,
        1,
        2,
        0,
        1,
        2,
        0,
        1,
        2,
        0,
        1,
        2,
        0,
        1,
        2,
        0,
        1,
        2,
        0,
        1,
        2,
        0,
        1,
        2,
        0,
        1,
        2,
        0,
        1,
        2,
        0
    ],
    "feat": [
        [
            0,
            0,
            0,
            1,
            0.32653061224489793,
            0.02040816326530612,
            0.5,
            0.5,
            15.0
        ],
        [
            0,
            1,
            0,
            0,
            0.3469387755102041,
            0.9795918367346939,
            0.5,
            1.0,
            -15.99999999999999
        ],
        [
            0,
            0,
            0,
            1,
            0.32653061224489793,
            0.0,
            0.5,
            0.0,
            0.999999999999991
        ]
    ],
    "nodeCount": 3,
    "edgeCount": 49,
    "tokenCount": 2,
    "nodes": [
        "0xa12744c9972ed33532c83d1e3f71d2a663474cf9",
        "0xfbddadd80fe7bda00b901fbaf73803f2238ae655",
        "0x4b5057b2c87ec9e7c047fb00c0e406dff2fdacad"
    ],
    "tokens": [
        "native_token",
        "0x990f341946a3fdb507ae7e52d17851b87168017c"
    ]
}