{
    "hash": "0x3af5468a400bcf81ddbb04b36f5b92d516ebaea6121547c587c25ef0b75c2d66",
    "chain": "Binance",
    "U": [
        0,
        1,
        2,
        1,
        3,
        1,
        4,
        1
    ],
    "V": [
        1,
        2,
        1,
        3,
        1,
        4,
        1,
        0
    ],
    "feat": [
        [
            0,
            0,
            0,
            1,
            0.125,
            0.125,
            0.3333333333333333,
            0.3333333333333333,
            0.0
        ],
        [
            1,
            0,
            0,
            0,
            0.5,
            0.5,
            1.0,
            1.0,
            1.1102230246251565e-16
        ],
        [
            0,
            0,
            1,
            0,
            0.125,
            0.125,
            0.3333333333333333,
            0.3333333333333333,
            2.5321233506847562e-05
        ],
        [
            0,
            0,
            1,
            0,
            0.125,
            0.125,
            0.3333333333333333,
            0.3333333333333333,
            -2.5321233506847562e-05
        ],
        [
            0,
            0,
            1,
            0,
            0.125,
            0.125,
            0.3333333333333333,
            0.3333333333333333,
            0.0
        ]
    ],
    "nodeCount": 5,
    "edgeCount": 8,
    "tokenCount": 3,
    "nodes": [
        "0xa787f09349999a61434cfb75118c6a9d0cac9406",
        "0xbaf9a5d4b0052359326a6cdab54babaa3a3a9643",
        "0xe1e33459505bb3763843a426f7fd9933418184ae",
        "0x81d776c90c89b8d51e9497d58338933127e2fa80",
        "0x6216e04cd40db2c6fbed64f1b5830a98d3a91740"
    ],
    "tokens": [
        "0x5986d5c77c65e5801a5caa4fae80089f870a71da",
        "0x7130d2a12b9bcbfae4f2634d864a1ee1ce3ead9c",
        "0x2170ed0880ac9a755fd29b2688956bd959f933f8"
    ]
}