{
    "hash": "0x3a6d65cf358707793e138e5c34533bce2429156b612ab1c2063629e7956d0ec8",
    "chain": "Ethereum",
    "U": [
        0,
        1,
        1,
        1,
        1,
        1,
        1,
        1,
        1,
        1,
        1,
        1,
        1,
        1,
        1,
        1,
        1,
        1,
        1,
        1,
        1,
        1,
        1,
        1,
        1,
        1,
        1,
        1,
        1,
        1,
        1,
        1,
        1,
        1,
        1,
        1,
        1,
        1,
        1,
        1,
        1,
        1,
        1
    ],
    "V": [
        1,
        1,
        2,
        1,
        2,
        1,
        2,
        1,
        2,
        1,
        2,
        1,
        2,
        1,
        2,
        1,
        2,
        1,
        2,
        1,
        2,
        1,
        2,
        1,
        2,
        1,
        2,
        1,
        2,
        1,
        2,
        1,
        2,
        1,
        2,
        1,
        2,
        1,
        2,
        1,
        2,
        1,
        2
    ],
    "feat": [
        [
            0,
            0,
            0,
            1,
            0.0,
            0.023255813953488372,
            0.0,
            1.0,
            -1.0
        ],
        [
            0,
            1,
            0,
            0,
            0.5116279069767442,
            0.9767441860465116,
            1.0,
            1.0,
            -8.326672684688674e-16
        ],
        [
            0,
            0,
            0,
            1,
            0.4883720930232558,
            0.0,
            1.0,
            0.0,
            1.0000000000000004
        ]
    ],
    "nodeCount": 3,
    "edgeCount": 43,
    "tokenCount": 1,
    "nodes": [
        "0x798ffe6427072a92eaebb575eb2ed843e60b3762",
        "0xfbddadd80fe7bda00b901fbaf73803f2238ae655",
        "0x4b5057b2c87ec9e7c047fb00c0e406dff2fdacad"
    ],
    "tokens": [
        "native_token"
    ]
}