{
    "hash": "0x3af4e14c48d8b1074bf5b2a0a5626d94fbef3c58ba8d04fcd5e014376002c49e",
    "chain": "Ethereum",
    "U": [
        0,
        2,
        3,
        2,
        4,
        5,
        6,
        7,
        6,
        8,
        6,
        5
    ],
    "V": [
        1,
        1,
        2,
        4,
        5,
        6,
        1,
        6,
        1,
        6,
        5,
        9
    ],
    "feat": [
        [
            0,
            1,
            0,
            0,
            0.0,
            0.08333333333333333,
            0.0,
            0.2,
            -1.0
        ],
        [
            0,
            0,
            0,
            1,
            0.3333333333333333,
            0.0,
            0.8,
            0.0,
            4.0
        ],
        [
            0,
            1,
            0,
            0,
            0.08333333333333333,
            0.16666666666666666,
            0.2,
            0.4,
            -1.0
        ],
        [
            0,
            0,
            1,
            0,
            0.0,
            0.08333333333333333,
            0.0,
            0.2,
            -1.0
        ],
        [
            0,
            1,
            0,
            0,
            0.08333333333333333,
            0.08333333333333333,
            0.2,
            0.2,
            0.0
        ],
        [
            0,
            1,
            0,
            0,
            0.16666666666666666,
            0.16666666666666666,
            0.4,
            0.4,
            0.0
        ],
        [
            0,
            1,
            0,
            0,
            0.25,
            0.25,
            0.6,
            0.6,
            0.0
        ],
        [
            0,
            1,
            0,
            0,
            0.0,
            0.08333333333333333,
            0.0,
            0.2,
            -1.0
        ],
        [
            0,
            1,
            0,
            0,
            0.0,
            0.08333333333333333,
            0.0,
            0.2,
            -1.0
        ],
        [
            0,
            1,
            0,
            0,
            0.08333333333333333,
            0.0,
            0.2,
            0.0,
            1.0
        ]
    ],
    "nodeCount": 10,
    "edgeCount": 12,
    "tokenCount": 5,
    "nodes": [
        "0x61d741045ccaa5a215cf4e5e55f20e1199b4b843",
        "0x0000000000000000000000000000000000000000",
        "0x989aeb4d175e16225e39e87d0d97a3360524ad80",
        "0xdfc7adfa664b08767b735de28f9e84cd30492aee",
        "0xf403c135812408bfbe8713b5a23a04b3d48aae31",
        "0x07da6bba8529fc564f930ab7ccb7d7abbe6ff56b",
        "0xc45b2eee6e09ca176ca3bb5f7eee7c47bf93c756",
        "0x071c661b4deefb59e2a3ddb20db036821eee8f4b",
        "0x7fc77b5c7614e1533320ea6ddc2eb61fa00a9714",
        "0x0349cf57bae5c0d9be56b9c478ea3797c7bcfddb"
    ],
    "tokens": [
        "0x2e1f902b9067b5fdd7af29ef05d4ff6212588388",
        "0xdfc7adfa664b08767b735de28f9e84cd30492aee",
        "0x410e3e86ef427e30b9235497143881f717d93c2a",
        "0x075b1bb99792c9e1041ba13afef80c91a1e70fb3",
        "0x2260fac5e5542a773aa44fbcfedf7c193bc2c599"
    ]
}