{
    "hash": "0x3b3a7e341e1d4898c5e3f90a9cca899e30d8670a428655174bbf0d364d4b4eb6",
    "chain": "Ethereum",
    "U": [
        0,
        1,
        2,
        1,
        3,
        1,
        4,
        1,
        1,
        0
    ],
    "V": [
        1,
        2,
        1,
        3,
        1,
        4,
        1,
        5,
        0,
        6
    ],
    "feat": [
        [
            0,
            0,
            0,
            1,
            0.1,
            0.2,
            0.25,
            0.5,
            -1.003653477910973
        ],
        [
            1,
            0,
            0,
            0,
            0.4,
            0.5,
            0.75,
            0.75,
            1.1102230246251565e-16
        ],
        [
            0,
            0,
            1,
            0,
            0.1,
            0.1,
            0.25,
            0.25,
            -0.0002919956028420434
        ],
        [
            0,
            0,
            1,
            0,
            0.1,
            0.1,
            0.25,
            0.25,
            0.0002919956028419879
        ],
        [
            0,
            0,
            1,
            0,
            0.1,
            0.1,
            0.25,
            0.25,
            0.0
        ],
        [
            0,
            1,
            0,
            0,
            0.1,
            0.0,
            0.25,
            0.0,
            0.0036534779109730626
        ],
        [
            0,
            0,
            0,
            1,
            0.1,
            0.0,
            0.25,
            0.0,
            1.0
        ]
    ],
    "nodeCount": 7,
    "edgeCount": 10,
    "tokenCount": 4,
    "nodes": [
        "0x6959754dde646f5366a80cce848daa606aef7f16",
        "0xdb38ae75c5f44276803345f7f02e95a0aeef5944",
        "0x62ccb80f72cc5c975c5bc7fb4433d3c336ce5ceb",
        "0x25647e01bd0967c1b9599fa3521939871d1d0888",
        "0x44c21f5dcb285d92320ae345c92e8b6204be8cdf",
        "0xdd9f24efc84d93deef3c8745c837ab63e80abd27",
        "0x0000000000000000000000000000000000000000"
    ],
    "tokens": [
        "0xe53ec727dbdeb9e2d5456c3be40cff031ab40a55",
        "0xc02aaa39b223fe8d0a0e5c4f27ead9083c756cc2",
        "0xee06a81a695750e71a662b51066f2c74cf4478a0",
        "0x0000000000004946c0e9f43f4dee607b0ef1fa1c"
    ]
}