{
    "hash": "0x3bb2d6c97036cba8dc996c90ee503f83e840f92f8797cbd63b1cac7ef25a2cac",
    "chain": "Binance",
    "U": [
        0,
        1,
        1,
        3,
        0,
        1,
        1,
        3,
        0,
        1,
        1,
        3,
        0,
        1,
        1,
        3,
        0,
        1,
        1,
        3
    ],
    "V": [
        1,
        2,
        3,
        4,
        1,
        2,
        3,
        4,
        1,
        2,
        3,
        4,
        1,
        2,
        3,
        4,
        1,
        2,
        3,
        4
    ],
    "feat": [
        [
            1,
            0,
            0,
            0,
            0.0,
            0.25,
            0.0,
            0.3333333333333333,
            -5.0
        ],
        [
            0,
            1,
            0,
            0,
            0.25,
            0.5,
            0.3333333333333333,
            0.6666666666666666,
            -5.0
        ],
        [
            0,
            0,
            1,
            0,
            0.25,
            0.0,
            0.3333333333333333,
            0.0,
            5.0
        ],
        [
            0,
            0,
            1,
            0,
            0.25,
            0.25,
            0.3333333333333333,
            0.3333333333333333,
            0.010412763875097042
        ],
        [
            0,
            0,
            0,
            1,
            0.25,
            0.0,
            0.3333333333333333,
            0.0,
            4.989587236124903
        ]
    ],
    "nodeCount": 5,
    "edgeCount": 20,
    "tokenCount": 3,
    "nodes": [
        "0x90d4845b6957b717544de1dc36ad536c9ead6833",
        "0x10ed43c718714eb63d5aa57b78b54704e256024e",
        "0xbb4cdb9cbd36b01bd1cbaebf2de08d9173bc095c",
        "0x57558c2992d5885d5ca736bb3edd86649a5a1ef5",
        "0xa7cc7c1522f529320776d27d9340f534d3a73b7f"
    ],
    "tokens": [
        "native_token",
        "0xbb4cdb9cbd36b01bd1cbaebf2de08d9173bc095c",
        "0x4c768c9062f43565cd7655d48b140000e8f5f06f"
    ]
}