{
    "hash": "0x3ca80f21108b404e5898975494344b895cb2f2fc607752073b068b90c12ea23d",
    "chain": "Ethereum",
    "U": [
        0,
        2,
        1,
        3,
        4,
        3,
        2,
        2,
        3,
        4,
        3,
        5,
        3,
        2,
        1,
        8
    ],
    "V": [
        1,
        1,
        3,
        4,
        3,
        2,
        3,
        1,
        4,
        3,
        1,
        6,
        2,
        7,
        8,
        0
    ],
    "feat": [
        [
            0,
            0,
            0,
            1,
            0.0625,
            0.0625,
            0.2,
            0.2,
            0.0
        ],
        [
            0,
            0,
            1,
            0,
            0.25,
            0.125,
            0.4,
            0.2,
            0.24310762446729395
        ],
        [
            0,
            0,
            1,
            0,
            0.125,
            0.25,
            0.2,
            0.4,
            -0.5750397523276365
        ],
        [
            0,
            1,
            0,
            0,
            0.25,
            0.3125,
            0.4,
            0.4,
            1.1102230246251565e-16
        ],
        [
            0,
            0,
            1,
            0,
            0.125,
            0.125,
            0.4,
            0.4,
            -0.3883161149246856
        ],
        [
            0,
            0,
            0,
            1,
            0.0,
            0.0625,
            0.0,
            0.2,
            -1.0
        ],
        [
            0,
            0,
            0,
            1,
            0.0625,
            0.0,
            0.2,
            0.0,
            1.0
        ],
        [
            0,
            0,
            0,
            1,
            0.0625,
            0.0,
            0.2,
            0.0,
            0.7202482427850282
        ],
        [
            0,
            0,
            1,
            0,
            0.0625,
            0.0625,
            0.2,
            0.2,
            0.0
        ]
    ],
    "nodeCount": 9,
    "edgeCount": 16,
    "tokenCount": 5,
    "nodes": [
        "0x35e0e833c10801ee7e37192912e0a5dfb8528b4e",
        "0xdb1b1f1556f1f3109941063af08c236a8693f391",
        "0xbe3ee40726c1578581a92b4a9fa4acfce65a4e10",
        "0x7a250d5630b4cf539739df2c5dacb4c659f2488d",
        "0xc02aaa39b223fe8d0a0e5c4f27ead9083c756cc2",
        "0x0000000000000000000000000000000000000000",
        "0xb3767a8bb95855d474ce33b86cf0ad96e0cac6bc",
        "0x0b0de9ee9059aaa1869c072749a84839c4898dfc",
        "0x63b61e73d3fa1fb96d51ce457cabe89fffa7a1f1"
    ],
    "tokens": [
        "0xbe3ee40726c1578581a92b4a9fa4acfce65a4e10",
        "0xc02aaa39b223fe8d0a0e5c4f27ead9083c756cc2",
        "native_token",
        "0xdb1b1f1556f1f3109941063af08c236a8693f391",
        "0xab167e816e4d76089119900e941befdfa37d6b32"
    ]
}