{
    "hash": "0x3d16a1b9855804f7be83663350f3425e27dc470922225c5b48a7deba5546c71a",
    "chain": "Binance",
    "U": [
        0,
        1,
        2,
        1,
        4,
        3,
        4,
        5,
        1,
        6,
        1,
        0
    ],
    "V": [
        1,
        2,
        1,
        3,
        5,
        1,
        5,
        1,
        6,
        1,
        0,
        4
    ],
    "feat": [
        [
            0,
            0,
            0,
            1,
            0.08333333333333333,
            0.16666666666666666,
            0.25,
            0.5,
            -0.9998922649391591
        ],
        [
            1,
            0,
            0,
            0,
            0.4166666666666667,
            0.3333333333333333,
            0.75,
            0.75,
            6.028164079019405e-17
        ],
        [
            0,
            1,
            0,
            0,
            0.08333333333333333,
            0.08333333333333333,
            0.25,
            0.25,
            -0.00010773506084094109
        ],
        [
            0,
            0,
            1,
            0,
            0.08333333333333333,
            0.08333333333333333,
            0.25,
            0.25,
            0.0029793293574794655
        ],
        [
            0,
            0,
            0,
            1,
            0.08333333333333333,
            0.16666666666666666,
            0.25,
            0.25,
            0.5519279592747316
        ],
        [
            0,
            1,
            0,
            0,
            0.16666666666666666,
            0.08333333333333333,
            0.25,
            0.25,
            -0.5519279592747316
        ],
        [
            0,
            0,
            1,
            0,
            0.08333333333333333,
            0.08333333333333333,
            0.25,
            0.25,
            0.9970206706425205
        ]
    ],
    "nodeCount": 7,
    "edgeCount": 12,
    "tokenCount": 4,
    "nodes": [
        "0x3f675bfbc1d9caa68f6064102461c77fab90e6f0",
        "0x26503d2e3cde2e8da3ac5eef32efdec1b33d307a",
        "0x160caed03795365f3a589f10c379ffa7d75d4e76",
        "0x62c1dec1ff328dcdc157ae0068bb21af3967acd9",
        "0x0000000000000000000000000000000000000000",
        "0x782395303692abed877d2737aa7982345eb44c11",
        "0xe1cbe92b5375ee6afe1b22b555d257b4357f6c68"
    ],
    "tokens": [
        "0x55d398326f99059ff775485246999027b3197955",
        "0xe9e7cea3dedca5984780bafc599bd69add087d56",
        "0x9c65ab58d8d978db963e63f2bfb7121627e3a739",
        "0x0000000000004946c0e9f43f4dee607b0ef1fa1c"
    ]
}