{
    "hash": "0x3de2e760456685a2e07638a5813b2a72f6842666d10d20d6cc4a403386c8530b",
    "chain": "Ethereum",
    "U": [
        0,
        1,
        1,
        1,
        1,
        1,
        1,
        1,
        1,
        1,
        1,
        1,
        1,
        1,
        1,
        1,
        1,
        1,
        1,
        1,
        1,
        1,
        1,
        1,
        1,
        1,
        1,
        1,
        1,
        1,
        1,
        1,
        1,
        1,
        1,
        1,
        1,
        1,
        1,
        1,
        1,
        1,
        1,
        1,
        1,
        1,
        1,
        1,
        1,
        1,
        1,
        1,
        1,
        1,
        1
    ],
    "V": [
        1,
        1,
        2,
        0,
        1,
        2,
        0,
        1,
        2,
        0,
        1,
        2,
        0,
        1,
        2,
        0,
        1,
        2,
        0,
        1,
        2,
        0,
        1,
        2,
        0,
        1,
        2,
        0,
        1,
        2,
        0,
        1,
        2,
        0,
        1,
        2,
        0,
        1,
        2,
        0,
        1,
        2,
        0,
        1,
        2,
        0,
        1,
        2,
        0,
        1,
        2,
        0,
        1,
        2,
        0
    ],
    "feat": [
        [
            0,
            0,
            0,
            1,
            0.32727272727272727,
            0.01818181818181818,
            0.5,
            0.5,
            13.307692307502956
        ],
        [
            0,
            1,
            0,
            0,
            0.34545454545454546,
            0.9818181818181818,
            0.5,
            1.0,
            -14.307692307502954
        ],
        [
            0,
            0,
            0,
            1,
            0.32727272727272727,
            0.0,
            0.5,
            0.0,
            0.9999999999999977
        ]
    ],
    "nodeCount": 3,
    "edgeCount": 55,
    "tokenCount": 2,
    "nodes": [
        "0x40f81068a43248d0bd3aee989b2855274d7a4d7e",
        "0xfbddadd80fe7bda00b901fbaf73803f2238ae655",
        "0x4b5057b2c87ec9e7c047fb00c0e406dff2fdacad"
    ],
    "tokens": [
        "native_token",
        "0x990f341946a3fdb507ae7e52d17851b87168017c"
    ]
}