{
    "hash": "0x3db92d4bda2388046a168f50a5b319bba09fc27e3ce2f193c731621e92ec6787",
    "chain": "Binance",
    "U": [
        0,
        2,
        1,
        4,
        3,
        2,
        5,
        3,
        3,
        6,
        2,
        5,
        1,
        4,
        3
    ],
    "V": [
        1,
        1,
        3,
        3,
        2,
        5,
        3,
        4,
        6,
        5,
        7,
        0,
        3,
        3,
        0
    ],
    "feat": [
        [
            0,
            0,
            0,
            1,
            0.13333333333333333,
            0.06666666666666667,
            0.5,
            0.25,
            0.05446279782799501
        ],
        [
            0,
            0,
            1,
            0,
            0.13333333333333333,
            0.13333333333333333,
            0.25,
            0.25,
            0.06663910493198588
        ],
        [
            0,
            0,
            1,
            0,
            0.06666666666666667,
            0.2,
            0.25,
            0.5,
            -1.0
        ],
        [
            0,
            1,
            0,
            0,
            0.3333333333333333,
            0.26666666666666666,
            0.5,
            0.5,
            1.2987191048733355
        ],
        [
            0,
            0,
            1,
            0,
            0.06666666666666667,
            0.13333333333333333,
            0.25,
            0.25,
            -1.2987191048733353
        ],
        [
            1,
            0,
            0,
            0,
            0.13333333333333333,
            0.13333333333333333,
            0.5,
            0.5,
            0.8788980972400192
        ],
        [
            0,
            0,
            1,
            0,
            0.06666666666666667,
            0.06666666666666667,
            0.25,
            0.25,
            -0.6666666666666667
        ],
        [
            0,
            0,
            0,
            1,
            0.06666666666666667,
            0.0,
            0.25,
            0.0,
            0.6666666666666666
        ]
    ],
    "nodeCount": 8,
    "edgeCount": 15,
    "tokenCount": 4,
    "nodes": [
        "0xfc51472b34eefea70bace9e999a3e879d41aba66",
        "0x594d1b8c3cc4d0a2c537c034a9e00e324ba35031",
        "0x1631eb0ccfb8baaa1325909178777cbf7b05a650",
        "0x10ed43c718714eb63d5aa57b78b54704e256024e",
        "0xbb4cdb9cbd36b01bd1cbaebf2de08d9173bc095c",
        "0x7b2624fa753d85e73b2a1a233ad26fe197770cc8",
        "0x0ed7e52944161450477ee417de9cd3a859b14fd0",
        "0x80a88b50b817dd968e086143057b81cd131e48fc"
    ],
    "tokens": [
        "0x1631eb0ccfb8baaa1325909178777cbf7b05a650",
        "0xbb4cdb9cbd36b01bd1cbaebf2de08d9173bc095c",
        "native_token",
        "0x0e09fabb73bd3ade0a17ecc321fd13a19e81ce82"
    ]
}