{
    "hash": "0x3f4120d45c7e536d7b75a0337cadd81964bd2e9f7ca51538058be82427acf28b",
    "chain": "Binance",
    "U": [
        0,
        2,
        1,
        4,
        3,
        2,
        2,
        3,
        3,
        5,
        2,
        1,
        4,
        3,
        2,
        2,
        1,
        4,
        3
    ],
    "V": [
        1,
        1,
        3,
        3,
        2,
        3,
        1,
        4,
        1,
        5,
        1,
        3,
        3,
        2,
        6,
        7,
        3,
        3,
        0
    ],
    "feat": [
        [
            0,
            0,
            0,
            1,
            0.05263157894736842,
            0.05263157894736842,
            0.25,
            0.25,
            0.0
        ],
        [
            0,
            0,
            1,
            0,
            0.2631578947368421,
            0.15789473684210525,
            0.5,
            0.25,
            0.015712612600367055
        ],
        [
            0,
            0,
            1,
            0,
            0.10526315789473684,
            0.3157894736842105,
            0.25,
            0.5,
            -0.0364904185471777
        ],
        [
            0,
            1,
            0,
            0,
            0.3684210526315789,
            0.2631578947368421,
            0.5,
            0.5,
            1.0207778059468104
        ],
        [
            0,
            0,
            1,
            0,
            0.05263157894736842,
            0.15789473684210525,
            0.25,
            0.25,
            -1.0207778059468107
        ],
        [
            0,
            0,
            0,
            1,
            0.05263157894736842,
            0.05263157894736842,
            0.25,
            0.25,
            0.0
        ],
        [
            0,
            0,
            0,
            1,
            0.05263157894736842,
            0.0,
            0.25,
            0.0,
            0.010388902973405374
        ],
        [
            0,
            0,
            0,
            1,
            0.05263157894736842,
            0.0,
            0.25,
            0.0,
            0.010388902973405376
        ]
    ],
    "nodeCount": 8,
    "edgeCount": 19,
    "tokenCount": 4,
    "nodes": [
        "0x39c3ed8ce78cfd957aa21943ef73d9d38e4a8db0",
        "0x99f513a5b7e2830afb57dd425ee91d64a5453f65",
        "0x5e5c9001aa81332d405d993ffd1468751d659d1e",
        "0x10ed43c718714eb63d5aa57b78b54704e256024e",
        "0xbb4cdb9cbd36b01bd1cbaebf2de08d9173bc095c",
        "0x0000000000000000000000000000000000000000",
        "0xbc7f4c527ff4da9e809ed2be48d32829e43d9dcc",
        "0xbe2f9f7d7717ae2b9b5a969a3c270aac06f62ed7"
    ],
    "tokens": [
        "0x5e5c9001aa81332d405d993ffd1468751d659d1e",
        "0xbb4cdb9cbd36b01bd1cbaebf2de08d9173bc095c",
        "native_token",
        "0x99f513a5b7e2830afb57dd425ee91d64a5453f65"
    ]
}