{
    "hash": "0x410899ea10dc3fc3f44f66aa06fce7736c0eea799d642d21ffd3e1b02f0e8c33",
    "chain": "Ethereum",
    "U": [
        0,
        0,
        2,
        3,
        4,
        5,
        3,
        3,
        2
    ],
    "V": [
        1,
        2,
        3,
        4,
        3,
        3,
        5,
        2,
        0
    ],
    "feat": [
        [
            0,
            0,
            0,
            1,
            0.1111111111111111,
            0.2222222222222222,
            0.3333333333333333,
            0.3333333333333333,
            -0.010101010101010166
        ],
        [
            0,
            0,
            0,
            1,
            0.1111111111111111,
            0.0,
            0.3333333333333333,
            0.0,
            0.010101010101010102
        ],
        [
            0,
            1,
            0,
            0,
            0.2222222222222222,
            0.2222222222222222,
            0.6666666666666666,
            0.6666666666666666,
            0.0
        ],
        [
            0,
            1,
            0,
            0,
            0.3333333333333333,
            0.3333333333333333,
            1.0,
            1.0,
            0.0
        ],
        [
            0,
            0,
            1,
            0,
            0.1111111111111111,
            0.1111111111111111,
            0.3333333333333333,
            0.3333333333333333,
            0.0
        ],
        [
            1,
            0,
            0,
            0,
            0.1111111111111111,
            0.1111111111111111,
            0.3333333333333333,
            0.3333333333333333,
            0.0
        ]
    ],
    "nodeCount": 6,
    "edgeCount": 9,
    "tokenCount": 3,
    "nodes": [
        "0x4bdbde4a725a83820b7a94cd5db523eb4515ddad",
        "0x382ffce2287252f930e1c8dc9328dac5bf282ba1",
        "0xe66b31678d6c16e9ebf358268a790b763c133750",
        "0x22f9dcf4647084d6c31b2765f6910cd85c178c18",
        "0x60270a3b7c4be0aff35299fe401c612cb7e1e173",
        "0x88e6a0c2ddd26feeb64f039a2c41296fcb3f5640"
    ],
    "tokens": [
        "0xd85a6ae55a7f33b0ee113c234d2ee308edeaf7fd",
        "0xc02aaa39b223fe8d0a0e5c4f27ead9083c756cc2",
        "0xa0b86991c6218b36c1d19d4a2e9eb0ce3606eb48"
    ]
}