{
    "hash": "0x4191391bc70cfb390b80237dd211832d424e4210337e2d623023beec2ef0c8a8",
    "chain": "Binance",
    "U": [
        0,
        1,
        2,
        3,
        2,
        0,
        4,
        2,
        1,
        2,
        5,
        2
    ],
    "V": [
        1,
        2,
        3,
        2,
        0,
        4,
        2,
        1,
        2,
        5,
        2,
        0
    ],
    "feat": [
        [
            1,
            0,
            0,
            0,
            0.16666666666666666,
            0.16666666666666666,
            0.6666666666666666,
            0.6666666666666666,
            0.0021248509057261167
        ],
        [
            0,
            1,
            0,
            0,
            0.16666666666666666,
            0.16666666666666666,
            0.3333333333333333,
            0.3333333333333333,
            -0.00213192840244536
        ],
        [
            1,
            0,
            0,
            0,
            0.4166666666666667,
            0.4166666666666667,
            1.0,
            1.0,
            0.0
        ],
        [
            0,
            0,
            1,
            0,
            0.08333333333333333,
            0.08333333333333333,
            0.3333333333333333,
            0.3333333333333333,
            -0.0010594516725596081
        ],
        [
            0,
            0,
            1,
            0,
            0.08333333333333333,
            0.08333333333333333,
            0.3333333333333333,
            0.3333333333333333,
            0.0010665291692787404
        ],
        [
            0,
            0,
            1,
            0,
            0.08333333333333333,
            0.08333333333333333,
            0.3333333333333333,
            0.3333333333333333,
            0.0
        ]
    ],
    "nodeCount": 6,
    "edgeCount": 12,
    "tokenCount": 3,
    "nodes": [
        "0x7b7ebf21e88b17778cec91e1867902db41f0af2b",
        "0xc73a8dcac88498fd4b4b1b2aaa37b0a2614ff67b",
        "0xc1e16013a158d57a60d6aa5bb3108722b0ac6df5",
        "0x8fe32329c4dbe8d29b9c8874ef0f52ccd8c7d3f0",
        "0x4d0228ebeb39f6d2f29ba528e2d15fc9121ead56",
        "0x51e6d27fa57373d8d4c256231241053a70cb1d93"
    ],
    "tokens": [
        "0xbb4cdb9cbd36b01bd1cbaebf2de08d9173bc095c",
        "0xe9e7cea3dedca5984780bafc599bd69add087d56",
        "0xa184088a740c695e156f91f5cc086a06bb78b827"
    ]
}