{
    "hash": "0x410f69764cd289ce3c0b3c5cd161143345b56073c90fd4a5e8a3a8af8739b7d0",
    "chain": "Ethereum",
    "U": [
        0,
        1,
        2,
        1,
        3,
        4,
        1,
        1
    ],
    "V": [
        1,
        2,
        1,
        3,
        1,
        1,
        4,
        0
    ],
    "feat": [
        [
            0,
            0,
            0,
            1,
            0.125,
            0.125,
            0.3333333333333333,
            0.3333333333333333,
            0.0
        ],
        [
            1,
            0,
            0,
            0,
            0.5,
            0.5,
            1.0,
            1.0,
            0.0
        ],
        [
            0,
            0,
            1,
            0,
            0.125,
            0.125,
            0.3333333333333333,
            0.3333333333333333,
            0.0018656053957675223
        ],
        [
            0,
            0,
            1,
            0,
            0.125,
            0.125,
            0.3333333333333333,
            0.3333333333333333,
            -0.0018656053957675223
        ],
        [
            0,
            1,
            0,
            0,
            0.125,
            0.125,
            0.3333333333333333,
            0.3333333333333333,
            0.0
        ]
    ],
    "nodeCount": 5,
    "edgeCount": 8,
    "tokenCount": 3,
    "nodes": [
        "0x7263198c709a456cfdb9d968c9ec56dfb111e5b2",
        "0x27239549dd40e1d60f5b80b0c4196923745b1fd2",
        "0x62f22a47e5d2f8b71cc44fd85863753618312f67",
        "0x0652687e87a4b8b5370b05bc298ff00d205d9b5f",
        "0x11b815efb8f581194ae79006d24e0d814b7697f6"
    ],
    "tokens": [
        "0xe0ad1806fd3e7edf6ff52fdb822432e847411033",
        "0xc02aaa39b223fe8d0a0e5c4f27ead9083c756cc2",
        "0xdac17f958d2ee523a2206206994597c13d831ec7"
    ]
}