{
    "hash": "0x4277d1229b72d435c480a859fcc5cc61146edd2f567cdad939ea9225d2e8dc1e",
    "chain": "Binance",
    "U": [
        0,
        2,
        1,
        0,
        1
    ],
    "V": [
        1,
        3,
        0,
        1,
        0
    ],
    "feat": [
        [
            1,
            0,
            0,
            0,
            0.4,
            0.4,
            0.6666666666666666,
            0.6666666666666666,
            -0.005990593957286516
        ],
        [
            0,
            0,
            1,
            0,
            0.4,
            0.4,
            0.6666666666666666,
            0.6666666666666666,
            0.005990593957286627
        ],
        [
            0,
            0,
            0,
            1,
            0.0,
            0.2,
            0.0,
            0.3333333333333333,
            -1.0
        ],
        [
            0,
            1,
            0,
            0,
            0.2,
            0.0,
            0.3333333333333333,
            0.0,
            1.0
        ]
    ],
    "nodeCount": 4,
    "edgeCount": 5,
    "tokenCount": 3,
    "nodes": [
        "0x551e668d75ae61597410aea9babb8e7e0b8a543f",
        "0x09cb618bf5ef305fadfd2c8fc0c26eecf8c6d5fd",
        "0x0000000000000000000000000000000000000000",
        "0x782395303692abed877d2737aa7982345eb44c11"
    ],
    "tokens": [
        "0x55d398326f99059ff775485246999027b3197955",
        "0x9c65ab58d8d978db963e63f2bfb7121627e3a739",
        "0xbb4cdb9cbd36b01bd1cbaebf2de08d9173bc095c"
    ]
}