{
    "hash": "0x42fc8171915fb6ae2ece4973bf67f983abda25a9690cc4158f8ee9a97ad477b8",
    "chain": "Ethereum",
    "U": [
        0,
        1,
        3,
        3,
        1,
        1
    ],
    "V": [
        1,
        2,
        1,
        1,
        4,
        5
    ],
    "feat": [
        [
            0,
            1,
            0,
            0,
            0.0,
            0.16666666666666666,
            0.0,
            0.3333333333333333,
            -1.0
        ],
        [
            0,
            1,
            0,
            0,
            0.5,
            0.5,
            1.0,
            1.0,
            0.0
        ],
        [
            0,
            0,
            0,
            1,
            0.16666666666666666,
            0.0,
            0.3333333333333333,
            0.0,
            1.0
        ],
        [
            0,
            1,
            0,
            0,
            0.0,
            0.3333333333333333,
            0.0,
            0.6666666666666666,
            -2.0
        ],
        [
            0,
            0,
            0,
            1,
            0.16666666666666666,
            0.0,
            0.3333333333333333,
            0.0,
            1.0
        ],
        [
            0,
            0,
            1,
            0,
            0.16666666666666666,
            0.0,
            0.3333333333333333,
            0.0,
            1.0
        ]
    ],
    "nodeCount": 6,
    "edgeCount": 6,
    "tokenCount": 3,
    "nodes": [
        "0xd1d846312b819743974786050848d9b3d06b9b55",
        "0x853c2d147a1bd7eda8fe0f58fb3c5294db07220e",
        "0x0000000000000000000000000000000000000000",
        "0xdf3fdfbce72da4fd42e7cfde7249e15357c7d808",
        "0x8e2436d4aef18364b0aefdc4dff197dc08b66bfd",
        "0x1f573d6fb3f13d689ff844b4ce37794d79a7ff1c"
    ],
    "tokens": [
        "0xabf26410b1cff45641af087ee939e52e328cee46",
        "0x1f573d6fb3f13d689ff844b4ce37794d79a7ff1c",
        "0x8888801af4d980682e47f1a9036e589479e835c5"
    ]
}