{
    "hash": "0x42f69c71a6937dfaefdc9763cd2226f761429a39c2b10797aa5e651775d0a65b",
    "chain": "Ethereum",
    "U": [
        0,
        1,
        2,
        1,
        3
    ],
    "V": [
        1,
        2,
        1,
        3,
        0
    ],
    "feat": [
        [
            0,
            0,
            0,
            1,
            0.2,
            0.2,
            0.3333333333333333,
            0.3333333333333333,
            0.0
        ],
        [
            0,
            1,
            0,
            0,
            0.4,
            0.4,
            0.6666666666666666,
            0.6666666666666666,
            0.0
        ],
        [
            0,
            0,
            1,
            0,
            0.2,
            0.2,
            0.3333333333333333,
            0.3333333333333333,
            0.0
        ],
        [
            0,
            0,
            1,
            0,
            0.2,
            0.2,
            0.3333333333333333,
            0.3333333333333333,
            0.0
        ]
    ],
    "nodeCount": 4,
    "edgeCount": 5,
    "tokenCount": 3,
    "nodes": [
        "0xbfe1bd8cd51677854da8d53fc1bf4f02879f0036",
        "0xd9e1ce17f2641f24ae83637ab66a2cca9c378b9f",
        "0xc02aaa39b223fe8d0a0e5c4f27ead9083c756cc2",
        "0xc7ff546c6cbc87ad9f6f557db5a0df5c742ca440"
    ],
    "tokens": [
        "native_token",
        "0xc02aaa39b223fe8d0a0e5c4f27ead9083c756cc2",
        "0x2aa5ce395b00cc486159adbdd97c55b535cf2cf9"
    ]
}