{
    "hash": "0x426ed5b05aef03098998661c4b586421681edf53f5ca6ca49f2cabea90c876ed",
    "chain": "Binance",
    "U": [
        0,
        1,
        2,
        1,
        0,
        3,
        4,
        5,
        0
    ],
    "V": [
        1,
        2,
        1,
        0,
        3,
        4,
        5,
        0,
        6
    ],
    "feat": [
        [
            1,
            0,
            0,
            0,
            0.2222222222222222,
            0.3333333333333333,
            0.4,
            0.6,
            -0.9979644253112383
        ],
        [
            0,
            1,
            0,
            0,
            0.2222222222222222,
            0.2222222222222222,
            0.4,
            0.4,
            1.1102230246251565e-16
        ],
        [
            0,
            1,
            0,
            0,
            0.1111111111111111,
            0.1111111111111111,
            0.2,
            0.2,
            -0.0020355746887615878
        ],
        [
            0,
            0,
            1,
            0,
            0.1111111111111111,
            0.1111111111111111,
            0.2,
            0.2,
            0.0
        ],
        [
            0,
            0,
            1,
            0,
            0.1111111111111111,
            0.1111111111111111,
            0.2,
            0.2,
            0.0
        ],
        [
            0,
            0,
            1,
            0,
            0.1111111111111111,
            0.1111111111111111,
            0.2,
            0.2,
            0.0
        ],
        [
            0,
            0,
            0,
            1,
            0.1111111111111111,
            0.0,
            0.2,
            0.0,
            1.0
        ]
    ],
    "nodeCount": 7,
    "edgeCount": 9,
    "tokenCount": 5,
    "nodes": [
        "0x5a4dbcb37bfe02d869e437ce63750602c7428256",
        "0xc6a752948627becab5474a10821df73ff4771a49",
        "0x160caed03795365f3a589f10c379ffa7d75d4e76",
        "0xff44e10662e1cd4f7afe399144636c74b0d05d80",
        "0xa007ac283a4e9c915337d8a6c89fe7c9064e7522",
        "0x4ddd56e2f34338839bb5953515833950ea680afb",
        "0x0000000000000000000000000000000000000000"
    ],
    "tokens": [
        "0xe9e7cea3dedca5984780bafc599bd69add087d56",
        "0x55d398326f99059ff775485246999027b3197955",
        "0x7083609fce4d1d8dc0c979aab8c869ea2c873402",
        "0x0112e557d400474717056c4e6d40edd846f38351",
        "0x0000000000004946c0e9f43f4dee607b0ef1fa1c"
    ]
}