{
    "hash": "0x44c4e4bc82b6faead2e196f966f8862d40648eb99c2028dcde9c9a25f2247c88",
    "chain": "Ethereum",
    "U": [
        0,
        0
    ],
    "V": [
        1,
        2
    ],
    "feat": [
        [
            0,
            0,
            0,
            1,
            0.0,
            1.0,
            0.0,
            1.0,
            -1.0025062656641603
        ],
        [
            0,
            0,
            0,
            1,
            0.5,
            0.0,
            1.0,
            0.0,
            1.0
        ],
        [
            0,
            0,
            0,
            1,
            0.5,
            0.0,
            1.0,
            0.0,
            0.002506265664160401
        ]
    ],
    "nodeCount": 3,
    "edgeCount": 2,
    "tokenCount": 1,
    "nodes": [
        "0x0000000000000000000000000000000000000000",
        "0x367ad4160a1cf17b05fa0699c593bccc977e47cc",
        "0xfeefeefeefeefeefeefeefeefeefeefeefeefeef"
    ],
    "tokens": [
        "0x57ab1ec28d129707052df4df418d58a2d46d5f51"
    ]
}