{
    "hash": "0x444b620c5ac4d21aeebc1c21b01ff9964e3b09c3bceed70bb50f87496aad6ef6",
    "chain": "Binance",
    "U": [
        0,
        0,
        0,
        0,
        0,
        0,
        0
    ],
    "V": [
        1,
        1,
        1,
        1,
        1,
        1,
        1
    ],
    "feat": [
        [
            0,
            1,
            0,
            0,
            0.0,
            1.0,
            0.0,
            1.0,
            -1.8933073478863967
        ],
        [
            0,
            0,
            0,
            1,
            1.0,
            0.0,
            1.0,
            0.0,
            1.8933073478863967
        ]
    ],
    "nodeCount": 2,
    "edgeCount": 7,
    "tokenCount": 1,
    "nodes": [
        "0xfd36e2c2a6789db23113685031d7f16329158384",
        "0xa3f98886815002145485e1297ba9014b27d87e0b"
    ],
    "tokens": [
        "0xcf6bb5389c92bdda8a3747ddb454cb7a64626c63"
    ]
}