{
    "hash": "0x45f57fb423a3ea1e5f5941abad492bcd9123d81069ae57aba8a8a0281b12fc19",
    "chain": "Binance",
    "U": [
        0,
        1,
        1
    ],
    "V": [
        1,
        2,
        0
    ],
    "feat": [
        [
            0,
            0,
            0,
            1,
            0.3333333333333333,
            0.3333333333333333,
            0.5,
            0.5,
            0.0
        ],
        [
            0,
            0,
            1,
            0,
            0.3333333333333333,
            0.6666666666666666,
            0.5,
            0.5,
            -0.00010001000100001711
        ],
        [
            0,
            1,
            0,
            0,
            0.3333333333333333,
            0.0,
            0.5,
            0.0,
            0.00010001000100010001
        ]
    ],
    "nodeCount": 3,
    "edgeCount": 3,
    "tokenCount": 2,
    "nodes": [
        "0xb40748c7ab4cdfdb0b4d5bed96dcc9c37535b760",
        "0x151b1e2635a717bcdc836ecd6fbb62b674fe3e1d",
        "0xf322942f644a996a617bd29c16bd7d231d9f35e9"
    ],
    "tokens": [
        "0x151b1e2635a717bcdc836ecd6fbb62b674fe3e1d",
        "0xcf6bb5389c92bdda8a3747ddb454cb7a64626c63"
    ]
}