{
    "hash": "0x4537820e75b7989b359ab67af46038deb0a55bee1d07119536c891c3623e6fb4",
    "chain": "Binance",
    "U": [
        0,
        0,
        2,
        3,
        5,
        4,
        2,
        2,
        2,
        4,
        4,
        7,
        1,
        3,
        0
    ],
    "V": [
        1,
        1,
        3,
        4,
        4,
        2,
        6,
        4,
        3,
        5,
        3,
        6,
        3,
        0,
        1
    ],
    "feat": [
        [
            0,
            0,
            1,
            0,
            0.06666666666666667,
            0.2,
            0.25,
            0.5,
            -5.66861783957151e-07
        ],
        [
            0,
            0,
            0,
            1,
            0.2,
            0.06666666666666667,
            0.5,
            0.25,
            0.32581029721004484
        ],
        [
            0,
            0,
            1,
            0,
            0.06666666666666667,
            0.26666666666666666,
            0.25,
            0.5,
            0.06831354887160224
        ],
        [
            0,
            0,
            1,
            0,
            0.26666666666666666,
            0.13333333333333333,
            0.5,
            0.5,
            -0.14090987436668145
        ],
        [
            0,
            1,
            0,
            0,
            0.2,
            0.2,
            0.5,
            0.5,
            0.08011992848015204
        ],
        [
            0,
            0,
            1,
            0,
            0.06666666666666667,
            0.06666666666666667,
            0.25,
            0.25,
            -0.6666666666666669
        ],
        [
            0,
            0,
            0,
            1,
            0.13333333333333333,
            0.0,
            0.5,
            0.0,
            1.333333333333333
        ],
        [
            0,
            0,
            0,
            1,
            0.0,
            0.06666666666666667,
            0.0,
            0.25,
            -1.0
        ]
    ],
    "nodeCount": 8,
    "edgeCount": 15,
    "tokenCount": 4,
    "nodes": [
        "0x6259fa468fc76515372c39f9fb16fb07ec15c7b5",
        "0x864b5f747bdf89ed1a4e66a83eabb7d4d609f769",
        "0xf0ab4b8daa51f6abf6b4c9fef0cca5d127029aa9",
        "0x91e4e48d699bb2bb92a40c7e0642660d0755fd1c",
        "0x05ff2b0db69458a0750badebc4f9e13add608c7f",
        "0xbb4cdb9cbd36b01bd1cbaebf2de08d9173bc095c",
        "0x2ab7f9f7fc2a02cfea25e3f4c83336a907bc3b92",
        "0x0000000000000000000000000000000000000000"
    ],
    "tokens": [
        "0xbb4cdb9cbd36b01bd1cbaebf2de08d9173bc095c",
        "0xf0ab4b8daa51f6abf6b4c9fef0cca5d127029aa9",
        "native_token",
        "0x91e4e48d699bb2bb92a40c7e0642660d0755fd1c"
    ]
}