{
    "hash": "0x45d1a0c1e65cd51455b4afd241f5ecc0ac76f166b7499b9a84b66a467725bab1",
    "chain": "Ethereum",
    "U": [
        0,
        1,
        0,
        2,
        3,
        4,
        0
    ],
    "V": [
        1,
        0,
        2,
        3,
        4,
        0,
        5
    ],
    "feat": [
        [
            1,
            0,
            0,
            0,
            0.2857142857142857,
            0.42857142857142855,
            0.4,
            0.6,
            -1.0
        ],
        [
            0,
            0,
            1,
            0,
            0.14285714285714285,
            0.14285714285714285,
            0.2,
            0.2,
            0.0
        ],
        [
            0,
            1,
            0,
            0,
            0.14285714285714285,
            0.14285714285714285,
            0.2,
            0.2,
            0.0
        ],
        [
            0,
            1,
            0,
            0,
            0.14285714285714285,
            0.14285714285714285,
            0.2,
            0.2,
            0.0
        ],
        [
            0,
            1,
            0,
            0,
            0.14285714285714285,
            0.14285714285714285,
            0.2,
            0.2,
            0.0
        ],
        [
            0,
            0,
            0,
            1,
            0.14285714285714285,
            0.0,
            0.2,
            0.0,
            1.0
        ]
    ],
    "nodeCount": 6,
    "edgeCount": 7,
    "tokenCount": 5,
    "nodes": [
        "0x4d246be90c2f36730bb853ad41d0a189061192d3",
        "0xc02aaa39b223fe8d0a0e5c4f27ead9083c756cc2",
        "0x2f9ec37d6ccfff1cab21733bdadede11c823ccb0",
        "0xe24c8bbdba150aa3cb13c785d3a19d012ddc1e86",
        "0xb72c2fd2a73aceb1b61ccbb8d4ff993ba4b34f55",
        "0x0000000000000000000000000000000000000000"
    ],
    "tokens": [
        "0xc02aaa39b223fe8d0a0e5c4f27ead9083c756cc2",
        "native_token",
        "0x1f573d6fb3f13d689ff844b4ce37794d79a7ff1c",
        "0x0d8775f648430679a709e98d2b0cb6250d2887ef",
        "0x0000000000004946c0e9f43f4dee607b0ef1fa1c"
    ]
}