{
    "hash": "0x455e239c345f4a8c50e0a2b4a4ae7a45dd00e3d3d2ef389adb629468ceba78ed",
    "chain": "Ethereum",
    "U": [
        0,
        2,
        3,
        2
    ],
    "V": [
        1,
        3,
        2,
        0
    ],
    "feat": [
        [
            0,
            0,
            0,
            1,
            0.25,
            0.25,
            0.3333333333333333,
            0.3333333333333333,
            0.0
        ],
        [
            0,
            0,
            0,
            1,
            0.25,
            0.0,
            0.3333333333333333,
            0.0,
            1.0
        ],
        [
            0,
            1,
            0,
            0,
            0.25,
            0.5,
            0.3333333333333333,
            0.6666666666666666,
            -1.0
        ],
        [
            0,
            0,
            1,
            0,
            0.25,
            0.25,
            0.3333333333333333,
            0.3333333333333333,
            0.0
        ]
    ],
    "nodeCount": 4,
    "edgeCount": 4,
    "tokenCount": 3,
    "nodes": [
        "0x446e77d66f802a13f9b100177df1d8c112709fed",
        "0x0000000000000000000000000000000000000000",
        "0xde9ec95d7708b8319ccca4b8bc92c0a3b70bf416",
        "0x39aa39c021dfbae8fac545936693ac917d5e7563"
    ],
    "tokens": [
        "0xd81b1a8b1ad00baa2d6609e0bae28a38713872f7",
        "0x39aa39c021dfbae8fac545936693ac917d5e7563",
        "0xa0b86991c6218b36c1d19d4a2e9eb0ce3606eb48"
    ]
}