{
    "hash": "0x4510ca4ce8332f72c6d7cdb436886dd3509d9039d108999eb33349cb0042b123",
    "chain": "Ethereum",
    "U": [
        0,
        1,
        2,
        3,
        4,
        2,
        2,
        1,
        1
    ],
    "V": [
        1,
        2,
        3,
        2,
        2,
        4,
        1,
        5,
        0
    ],
    "feat": [
        [
            0,
            0,
            0,
            1,
            0.1111111111111111,
            0.1111111111111111,
            0.5,
            0.5,
            0.0
        ],
        [
            1,
            0,
            0,
            0,
            0.2222222222222222,
            0.3333333333333333,
            1.0,
            1.0,
            0.0
        ],
        [
            1,
            0,
            0,
            0,
            0.3333333333333333,
            0.3333333333333333,
            1.0,
            1.0,
            -1.1102230246251565e-16
        ],
        [
            0,
            0,
            1,
            0,
            0.1111111111111111,
            0.1111111111111111,
            0.5,
            0.5,
            -0.0021558653564254238
        ],
        [
            1,
            0,
            0,
            0,
            0.1111111111111111,
            0.1111111111111111,
            0.5,
            0.5,
            -0.006594134643574501
        ],
        [
            0,
            0,
            0,
            1,
            0.1111111111111111,
            0.0,
            0.5,
            0.0,
            0.00875
        ]
    ],
    "nodeCount": 6,
    "edgeCount": 9,
    "tokenCount": 2,
    "nodes": [
        "0xf95278883eddab915a9ea71f41efec963d4c3096",
        "0x74de5d4fcbf63e00296fd95d33236b9794016631",
        "0x7c6ce24d013cd4ddf4c193ce318e3d5533a33f42",
        "0x61b62c5d56ccd158a38367ef2f539668a06356ab",
        "0x94b4ba66da4faa4fe09e17c0a8810d2afee70163",
        "0x11ededebf63bef0ea2d2d071bdf88f71543ec6fb"
    ],
    "tokens": [
        "0xdac17f958d2ee523a2206206994597c13d831ec7",
        "0xb5fe099475d3030dde498c3bb6f3854f762a48ad"
    ]
}