{
    "hash": "0x46bde987dd91f8975ede5637ddd61d60c22ecda5af72208de222105439fbe6f4",
    "chain": "Ethereum",
    "U": [
        0,
        0,
        0,
        0,
        0,
        0,
        0,
        0,
        0,
        0,
        0,
        0,
        0,
        0,
        0,
        0,
        0,
        0,
        0,
        0,
        0,
        0,
        0,
        0,
        0,
        0,
        0,
        0,
        0,
        0,
        0,
        0,
        0,
        0,
        0,
        0,
        0,
        0,
        0,
        0,
        0,
        0,
        0,
        0,
        0,
        0,
        0,
        0,
        0,
        0,
        0,
        0,
        0,
        0
    ],
    "V": [
        0,
        1,
        2,
        0,
        1,
        2,
        0,
        1,
        2,
        0,
        1,
        2,
        0,
        1,
        2,
        0,
        1,
        2,
        0,
        1,
        2,
        0,
        1,
        2,
        0,
        1,
        2,
        0,
        1,
        2,
        0,
        1,
        2,
        0,
        1,
        2,
        0,
        1,
        2,
        0,
        1,
        2,
        0,
        1,
        2,
        0,
        1,
        2,
        0,
        1,
        2,
        0,
        1,
        2
    ],
    "feat": [
        [
            0,
            1,
            0,
            0,
            0.3333333333333333,
            1.0,
            0.5,
            1.0,
            -32.727769243898976
        ],
        [
            0,
            0,
            0,
            1,
            0.3333333333333333,
            0.0,
            0.5,
            0.0,
            16.36388462194961
        ],
        [
            0,
            0,
            0,
            1,
            0.3333333333333333,
            0.0,
            0.5,
            0.0,
            16.36388462194936
        ]
    ],
    "nodeCount": 3,
    "edgeCount": 54,
    "tokenCount": 2,
    "nodes": [
        "0xfbddadd80fe7bda00b901fbaf73803f2238ae655",
        "0x4b5057b2c87ec9e7c047fb00c0e406dff2fdacad",
        "0x7f1b9db920dac4525c4e2e4b66c1898a1c8a0909"
    ],
    "tokens": [
        "native_token",
        "0x990f341946a3fdb507ae7e52d17851b87168017c"
    ]
}