{
    "hash": "0x4768595e77f993b69fe5654c41b6858194770a34ab1b1df886045c0618e4f7b2",
    "chain": "Binance",
    "U": [
        0,
        2,
        1,
        3,
        2,
        2,
        4,
        4,
        1
    ],
    "V": [
        1,
        1,
        3,
        2,
        1,
        1,
        2,
        0,
        5
    ],
    "feat": [
        [
            0,
            0,
            0,
            1,
            0.1111111111111111,
            0.1111111111111111,
            0.25,
            0.25,
            0.0
        ],
        [
            0,
            0,
            1,
            0,
            0.4444444444444444,
            0.2222222222222222,
            0.5,
            0.25,
            0.11361944588972198
        ],
        [
            0,
            0,
            1,
            0,
            0.2222222222222222,
            0.3333333333333333,
            0.5,
            0.5,
            0.886380554110278
        ],
        [
            1,
            0,
            0,
            0,
            0.1111111111111111,
            0.1111111111111111,
            0.25,
            0.25,
            0.0
        ],
        [
            0,
            0,
            0,
            1,
            0.0,
            0.2222222222222222,
            0.0,
            0.5,
            -2.0
        ],
        [
            0,
            0,
            0,
            1,
            0.1111111111111111,
            0.0,
            0.25,
            0.0,
            1.0
        ]
    ],
    "nodeCount": 6,
    "edgeCount": 9,
    "tokenCount": 4,
    "nodes": [
        "0x60a970fa861f4951e2574904c1d22f662e8c5040",
        "0x21db597f9efa538be75a67d1cbd3d672dc1fddf3",
        "0x2ce6d3b1ddd7b263c118cef2e50b03ea2a28ec0d",
        "0x33e16693d1a9267e1842213ed70b5536f124ff3a",
        "0x0000000000000000000000000000000000000000",
        "0x2481a7b31a4ad939d26651bf43dac55bc9c3af82"
    ],
    "tokens": [
        "0x2ce6d3b1ddd7b263c118cef2e50b03ea2a28ec0d",
        "0xe9e7cea3dedca5984780bafc599bd69add087d56",
        "0x21db597f9efa538be75a67d1cbd3d672dc1fddf3",
        "0x7fea7a3d15518065f0bc28e0fbef3236fb7534fc"
    ]
}