{
    "hash": "0x4739224275a8da7d28ee217037a4e902ce12df6449c42a83814969d2cd38b125",
    "chain": "Binance",
    "U": [
        0,
        0,
        2,
        4,
        3,
        3,
        5,
        0,
        5,
        0,
        5,
        3,
        3,
        0
    ],
    "V": [
        1,
        2,
        3,
        3,
        0,
        5,
        6,
        5,
        7,
        5,
        6,
        7,
        4,
        3
    ],
    "feat": [
        [
            0,
            0,
            0,
            1,
            0.07142857142857142,
            0.35714285714285715,
            0.3333333333333333,
            1.0,
            -0.7289415711991221
        ],
        [
            0,
            1,
            0,
            0,
            0.07142857142857142,
            0.0,
            0.3333333333333333,
            0.0,
            0.013983150606172225
        ],
        [
            0,
            0,
            1,
            0,
            0.07142857142857142,
            0.07142857142857142,
            0.3333333333333333,
            0.3333333333333333,
            -0.2852954084695054
        ],
        [
            0,
            1,
            0,
            0,
            0.21428571428571427,
            0.2857142857142857,
            0.6666666666666666,
            0.6666666666666666,
            -0.5748730854687724
        ],
        [
            0,
            1,
            0,
            0,
            0.07142857142857142,
            0.07142857142857142,
            0.3333333333333333,
            0.3333333333333333,
            -0.5748730854687724
        ],
        [
            0,
            1,
            0,
            0,
            0.21428571428571427,
            0.21428571428571427,
            0.6666666666666666,
            0.6666666666666666,
            8.326672684688674e-17
        ],
        [
            0,
            1,
            0,
            0,
            0.14285714285714285,
            0.0,
            0.6666666666666666,
            0.0,
            0.15639578672220178
        ],
        [
            0,
            0,
            0,
            1,
            0.14285714285714285,
            0.0,
            0.6666666666666666,
            0.0,
            1.9936042132777982
        ]
    ],
    "nodeCount": 8,
    "edgeCount": 14,
    "tokenCount": 3,
    "nodes": [
        "0x0000000000000000000000000000000000000000",
        "0x8488cb2f54ecb9aa1cdc1bc83bc1d200bb2f216b",
        "0x009cf7bc57584b7998236eff51b98a168dcea9b0",
        "0xedfcb78e73f7ba6ad2d829bf5d462a0924da28ed",
        "0x73feaa1ee314f8c655e354234017be2193c9e24e",
        "0x8cb88701790f650f273c8bb2cc4c5f439cd65219",
        "0x0989091f27708bc92ea4ca60073e03592b94c0ee",
        "0xe022d237a3bf134b2932879b30a59b6c3694473c"
    ],
    "tokens": [
        "0x0e09fabb73bd3ade0a17ecc321fd13a19e81ce82",
        "0x009cf7bc57584b7998236eff51b98a168dcea9b0",
        "0xc9849e6fdb743d08faee3e34dd2d1bc69ea11a51"
    ]
}