{
    "hash": "0x47f4ba2ebd061275a63744ec2650b9289e5241a6ca4659979dbf86533934bb5f",
    "chain": "Ethereum",
    "U": [
        0,
        2,
        1,
        1,
        3,
        4,
        1,
        5,
        1,
        1,
        1,
        7
    ],
    "V": [
        1,
        1,
        2,
        3,
        1,
        1,
        4,
        1,
        5,
        6,
        7,
        0
    ],
    "feat": [
        [
            0,
            0,
            0,
            1,
            0.08333333333333333,
            0.08333333333333333,
            0.3333333333333333,
            0.3333333333333333,
            -1.6340216928312223e-05
        ],
        [
            1,
            0,
            0,
            0,
            0.4166666666666667,
            0.5,
            1.0,
            1.0,
            0.0
        ],
        [
            0,
            0,
            0,
            1,
            0.08333333333333333,
            0.08333333333333333,
            0.3333333333333333,
            0.3333333333333333,
            -0.0011012505981585624
        ],
        [
            0,
            0,
            1,
            0,
            0.08333333333333333,
            0.08333333333333333,
            0.3333333333333333,
            0.3333333333333333,
            0.00013122530490661255
        ],
        [
            1,
            0,
            0,
            0,
            0.08333333333333333,
            0.08333333333333333,
            0.3333333333333333,
            0.3333333333333333,
            0.0009700252932519637
        ],
        [
            1,
            0,
            0,
            0,
            0.08333333333333333,
            0.08333333333333333,
            0.3333333333333333,
            0.3333333333333333,
            0.0
        ],
        [
            0,
            1,
            0,
            0,
            0.08333333333333333,
            0.0,
            0.3333333333333333,
            0.0,
            1.6340216928342635e-05
        ],
        [
            0,
            1,
            0,
            0,
            0.08333333333333333,
            0.08333333333333333,
            0.3333333333333333,
            0.3333333333333333,
            0.0
        ]
    ],
    "nodeCount": 8,
    "edgeCount": 12,
    "tokenCount": 3,
    "nodes": [
        "0x6914fc70fac4cab20a8922e900c4ba57feecf8e1",
        "0x220bda5c8994804ac96ebe4df184d25e5c2196d4",
        "0x945bcf562085de2d5875b9e2012ed5fd5cfab927",
        "0xe4ebd836832f1a8a81641111a5b081a2f90b9430",
        "0xd8de6af55f618a7bc69835d55ddc6582220c36c0",
        "0x88e6a0c2ddd26feeb64f039a2c41296fcb3f5640",
        "0xdd9f24efc84d93deef3c8745c837ab63e80abd27",
        "0x1111111254fb6c44bac0bed2854e76f90643097d"
    ],
    "tokens": [
        "0x92d6c1e31e14520e676a687f0a93788b716beff5",
        "0xc02aaa39b223fe8d0a0e5c4f27ead9083c756cc2",
        "0xa0b86991c6218b36c1d19d4a2e9eb0ce3606eb48"
    ]
}