{
    "hash": "0x48aadcc89a9305eaec3cc329cb255fcd5d79962cc4af5afb9b8607274d8d1b66",
    "chain": "Ethereum",
    "U": [
        0,
        1,
        1,
        1,
        1,
        1,
        1,
        1,
        1,
        1
    ],
    "V": [
        1,
        1,
        2,
        0,
        1,
        2,
        0,
        1,
        2,
        0
    ],
    "feat": [
        [
            0,
            0,
            0,
            1,
            0.3,
            0.1,
            0.5,
            0.5,
            1.9998689527137707
        ],
        [
            0,
            1,
            0,
            0,
            0.4,
            0.9,
            0.5,
            1.0,
            -2.9998689527137707
        ],
        [
            0,
            0,
            0,
            1,
            0.3,
            0.0,
            0.5,
            0.0,
            1.0
        ]
    ],
    "nodeCount": 3,
    "edgeCount": 10,
    "tokenCount": 2,
    "nodes": [
        "0xed9b879cadc34a046ff8547c60ec16fcbefb8dce",
        "0xfbddadd80fe7bda00b901fbaf73803f2238ae655",
        "0x4b5057b2c87ec9e7c047fb00c0e406dff2fdacad"
    ],
    "tokens": [
        "native_token",
        "0x990f341946a3fdb507ae7e52d17851b87168017c"
    ]
}