{
    "hash": "0x49f470cff4e5d582f4c9c202ca3f972b1f1d344a93db4b8702b9a238df428f53",
    "chain": "Binance",
    "U": [
        0,
        2,
        1,
        4,
        3,
        2,
        5,
        3,
        3,
        6,
        2,
        1,
        4,
        3
    ],
    "V": [
        1,
        1,
        3,
        3,
        2,
        5,
        3,
        4,
        6,
        5,
        7,
        3,
        3,
        0
    ],
    "feat": [
        [
            0,
            0,
            0,
            1,
            0.07142857142857142,
            0.07142857142857142,
            0.25,
            0.25,
            -0.0013527734062974694
        ],
        [
            0,
            0,
            1,
            0,
            0.14285714285714285,
            0.14285714285714285,
            0.25,
            0.25,
            0.0013527734062974694
        ],
        [
            0,
            0,
            1,
            0,
            0.07142857142857142,
            0.21428571428571427,
            0.25,
            0.5,
            -0.9999999999999998
        ],
        [
            0,
            1,
            0,
            0,
            0.35714285714285715,
            0.2857142857142857,
            0.5,
            0.5,
            1.3168290447755209
        ],
        [
            0,
            0,
            1,
            0,
            0.07142857142857142,
            0.14285714285714285,
            0.25,
            0.25,
            -1.3168290447755209
        ],
        [
            1,
            0,
            0,
            0,
            0.14285714285714285,
            0.07142857142857142,
            0.5,
            0.25,
            1.0
        ],
        [
            0,
            0,
            1,
            0,
            0.07142857142857142,
            0.07142857142857142,
            0.25,
            0.25,
            -0.31818181818181823
        ],
        [
            0,
            0,
            0,
            1,
            0.07142857142857142,
            0.0,
            0.25,
            0.0,
            0.3181818181818182
        ]
    ],
    "nodeCount": 8,
    "edgeCount": 14,
    "tokenCount": 4,
    "nodes": [
        "0xafd75dc6910d65170a4830ae824b44cd47e21030",
        "0xccb0e4d1c7b6723a659d2af868fe479ce53b27e8",
        "0xee0ef5e211a6736e0e8cdeac5bd61a4cfa75f0aa",
        "0x10ed43c718714eb63d5aa57b78b54704e256024e",
        "0xbb4cdb9cbd36b01bd1cbaebf2de08d9173bc095c",
        "0xeee313cb210f0e866ba5edfb5c9c7d0dc224b5dd",
        "0x0ed7e52944161450477ee417de9cd3a859b14fd0",
        "0xc431f423b3145b074564ef506d3c0fd667e7acb2"
    ],
    "tokens": [
        "0xee0ef5e211a6736e0e8cdeac5bd61a4cfa75f0aa",
        "0xbb4cdb9cbd36b01bd1cbaebf2de08d9173bc095c",
        "native_token",
        "0x0e09fabb73bd3ade0a17ecc321fd13a19e81ce82"
    ]
}