{
    "hash": "0x49434e368b783934f18017203e4e14cdbb6c931e9ab16deaab4400598e8b721e",
    "chain": "Ethereum",
    "U": [
        0,
        1,
        2,
        3,
        1,
        4,
        5,
        1,
        1
    ],
    "V": [
        1,
        2,
        3,
        1,
        4,
        1,
        1,
        5,
        0
    ],
    "feat": [
        [
            0,
            0,
            0,
            1,
            0.1111111111111111,
            0.1111111111111111,
            0.2,
            0.2,
            0.0
        ],
        [
            0,
            1,
            0,
            0,
            0.4444444444444444,
            0.4444444444444444,
            0.8,
            0.8,
            0.0
        ],
        [
            0,
            1,
            0,
            0,
            0.1111111111111111,
            0.1111111111111111,
            0.2,
            0.2,
            0.0
        ],
        [
            0,
            1,
            0,
            0,
            0.1111111111111111,
            0.1111111111111111,
            0.2,
            0.2,
            0.0
        ],
        [
            0,
            0,
            1,
            0,
            0.1111111111111111,
            0.1111111111111111,
            0.2,
            0.2,
            0.0
        ],
        [
            1,
            0,
            0,
            0,
            0.1111111111111111,
            0.1111111111111111,
            0.2,
            0.2,
            0.0
        ]
    ],
    "nodeCount": 6,
    "edgeCount": 9,
    "tokenCount": 5,
    "nodes": [
        "0xeeb47852b124034f8c38ad44443858d7de94b883",
        "0x22f9dcf4647084d6c31b2765f6910cd85c178c18",
        "0xb0536a57a8d8f5327c62d0fecba23c5a27b5118b",
        "0x4c9a2bd661d640da3634a4988a9bd2bc0f18e5a9",
        "0xc02aaa39b223fe8d0a0e5c4f27ead9083c756cc2",
        "0xe42318ea3b998e8355a3da364eb9d48ec725eb45"
    ],
    "tokens": [
        "0xc011a73ee8576fb46f5e1c5751ca3b9fe0af2a6f",
        "0x1f573d6fb3f13d689ff844b4ce37794d79a7ff1c",
        "native_token",
        "0xc02aaa39b223fe8d0a0e5c4f27ead9083c756cc2",
        "0xd33526068d116ce69f19a9ee46f0bd304f21a51f"
    ]
}