{
    "hash": "0x49750e1cb970babee638bd59d83da2542b50d96e14d7d5ab3600fe2056221aae",
    "chain": "Ethereum",
    "U": [
        0,
        1,
        3,
        2
    ],
    "V": [
        1,
        2,
        2,
        3
    ],
    "feat": [
        [
            0,
            0,
            0,
            1,
            0.0,
            0.25,
            0.0,
            0.3333333333333333,
            -1.0
        ],
        [
            0,
            0,
            0,
            1,
            0.25,
            0.25,
            0.3333333333333333,
            0.3333333333333333,
            0.0
        ],
        [
            0,
            1,
            0,
            0,
            0.5,
            0.25,
            0.6666666666666666,
            0.3333333333333333,
            1.0
        ],
        [
            0,
            0,
            1,
            0,
            0.25,
            0.25,
            0.3333333333333333,
            0.3333333333333333,
            0.0
        ]
    ],
    "nodeCount": 4,
    "edgeCount": 4,
    "tokenCount": 3,
    "nodes": [
        "0x0000000000000000000000000000000000000000",
        "0x453f36dd4cfcead6b7627472239440984d553d73",
        "0xde9ec95d7708b8319ccca4b8bc92c0a3b70bf416",
        "0x39aa39c021dfbae8fac545936693ac917d5e7563"
    ],
    "tokens": [
        "0xd81b1a8b1ad00baa2d6609e0bae28a38713872f7",
        "0xa0b86991c6218b36c1d19d4a2e9eb0ce3606eb48",
        "0x39aa39c021dfbae8fac545936693ac917d5e7563"
    ]
}