{
    "hash": "0x4a4e3b23177d19fec8d52e011b341adb4c60ae5d1c45d583fbf21ff0da7db261",
    "chain": "Binance",
    "U": [
        0,
        1,
        2,
        3
    ],
    "V": [
        1,
        2,
        3,
        0
    ],
    "feat": [
        [
            0,
            0,
            0,
            1,
            0.25,
            0.25,
            0.3333333333333333,
            0.3333333333333333,
            -0.0008962586106390225
        ],
        [
            0,
            0,
            1,
            0,
            0.25,
            0.25,
            0.3333333333333333,
            0.3333333333333333,
            0.0
        ],
        [
            0,
            0,
            1,
            0,
            0.25,
            0.25,
            0.3333333333333333,
            0.3333333333333333,
            0.0
        ],
        [
            0,
            0,
            1,
            0,
            0.25,
            0.25,
            0.3333333333333333,
            0.3333333333333333,
            0.0008962586106390225
        ]
    ],
    "nodeCount": 4,
    "edgeCount": 4,
    "tokenCount": 3,
    "nodes": [
        "0x1b7537af216f07193c1b157bc25ddf360310493d",
        "0x2b30c317cedfb554ec525f85e79538d59970beb0",
        "0x46492b26639df0cda9b2769429845cb991591e0a",
        "0x8840c6252e2e86e545defb6da98b2a0e26d8c1ba"
    ],
    "tokens": [
        "0x55d398326f99059ff775485246999027b3197955",
        "0x965f527d9159dce6288a2219db51fc6eef120dd1",
        "0xbb4cdb9cbd36b01bd1cbaebf2de08d9173bc095c"
    ]
}