{
    "hash": "0x4a4020183cdb8623f810fed0ad05ca634a2893a469afaae6f726a9f78f067a37",
    "chain": "Ethereum",
    "U": [
        0,
        1,
        2,
        3,
        2,
        4,
        2,
        5,
        2,
        6,
        7,
        2,
        2,
        8,
        2
    ],
    "V": [
        1,
        2,
        3,
        2,
        4,
        2,
        5,
        2,
        6,
        2,
        2,
        7,
        8,
        2,
        0
    ],
    "feat": [
        [
            0,
            0,
            0,
            1,
            0.06666666666666667,
            0.06666666666666667,
            0.25,
            0.25,
            0.0
        ],
        [
            0,
            1,
            0,
            0,
            0.06666666666666667,
            0.06666666666666667,
            0.25,
            0.25,
            0.0
        ],
        [
            1,
            0,
            0,
            0,
            0.4666666666666667,
            0.4666666666666667,
            1.0,
            1.0,
            -2.220446049250313e-16
        ],
        [
            0,
            0,
            1,
            0,
            0.06666666666666667,
            0.06666666666666667,
            0.25,
            0.25,
            -2.1204497793338162e-05
        ],
        [
            0,
            0,
            1,
            0,
            0.06666666666666667,
            0.06666666666666667,
            0.25,
            0.25,
            -0.040000000000000036
        ],
        [
            0,
            0,
            1,
            0,
            0.06666666666666667,
            0.06666666666666667,
            0.25,
            0.25,
            0.005158252609262948
        ],
        [
            0,
            0,
            1,
            0,
            0.06666666666666667,
            0.06666666666666667,
            0.25,
            0.25,
            0.015605058551476092
        ],
        [
            0,
            1,
            0,
            0,
            0.06666666666666667,
            0.06666666666666667,
            0.25,
            0.25,
            0.0192578933370543
        ],
        [
            0,
            1,
            0,
            0,
            0.06666666666666667,
            0.06666666666666667,
            0.25,
            0.25,
            0.0
        ]
    ],
    "nodeCount": 9,
    "edgeCount": 15,
    "tokenCount": 4,
    "nodes": [
        "0x8a767d56f67426ac3fa5bfac569b84340df9f62b",
        "0x11111112542d85b3ef69ae05771c2dccff4faa26",
        "0x0bf16c34b38648bb08deacf4dd4b239c44bb33c1",
        "0xe82906b6b1b04f631d126c974af57a3a7b6a99d9",
        "0xc02aaa39b223fe8d0a0e5c4f27ead9083c756cc2",
        "0x86cccda3799a43fbceb4cec6ad8b028f5bf8b3dd",
        "0x1cf68bbc2b6d3c6cfe1bd3590cf0e10b06a05f17",
        "0xcbcdf9626bc03e24f779434178a73a0b4bad62ed",
        "0x4ca9b3063ec5866a4b82e437059d2c43d1be596f"
    ],
    "tokens": [
        "native_token",
        "0x2260fac5e5542a773aa44fbcfedf7c193bc2c599",
        "0xc02aaa39b223fe8d0a0e5c4f27ead9083c756cc2",
        "0x0316eb71485b0ab14103307bf65a021042c6d380"
    ]
}