{
    "hash": "0x4a7a31451f561770f61ae6c4ea2d4141bb4c632ceba76a4ee8c8711fa69e41aa",
    "chain": "Ethereum",
    "U": [
        0,
        2,
        3,
        2,
        3,
        4,
        3,
        0
    ],
    "V": [
        1,
        3,
        1,
        3,
        4,
        3,
        0,
        5
    ],
    "feat": [
        [
            0,
            1,
            0,
            0,
            0.125,
            0.25,
            0.25,
            0.5,
            -0.023400036189963558
        ],
        [
            0,
            0,
            0,
            1,
            0.25,
            0.0,
            0.5,
            0.0,
            2.0
        ],
        [
            0,
            1,
            0,
            0,
            0.0,
            0.25,
            0.0,
            0.5,
            -2.0
        ],
        [
            0,
            1,
            0,
            0,
            0.375,
            0.375,
            0.75,
            0.75,
            0.0
        ],
        [
            0,
            0,
            1,
            0,
            0.125,
            0.125,
            0.25,
            0.25,
            0.0
        ],
        [
            0,
            0,
            0,
            1,
            0.125,
            0.0,
            0.25,
            0.0,
            0.02340003618996346
        ]
    ],
    "nodeCount": 6,
    "edgeCount": 8,
    "tokenCount": 4,
    "nodes": [
        "0xa9526adc16a34e3a7087516294512f9d42a0d09f",
        "0x0000000000000000000000000000000000000000",
        "0x5b67871c3a857de81a1ca0f9f7945e5670d986dc",
        "0xceda8318522d348f1d1aca48b24629b8fbf09020",
        "0xc02aaa39b223fe8d0a0e5c4f27ead9083c756cc2",
        "0x482579f93dc13e6b434e38b5a0447ca543d88a46"
    ],
    "tokens": [
        "0x542156d51d10db5accb99f9db7e7c91b74e80a2c",
        "0x6cdfce320f3b94412e8be99be8a41c6b624b3ea4",
        "0xc02aaa39b223fe8d0a0e5c4f27ead9083c756cc2",
        "native_token"
    ]
}