{
    "hash": "0x4a2243d24e0570585a215525b3d7f6c1f7e6a14eae1781ed72b51ab0d140c7a7",
    "chain": "Binance",
    "U": [
        0,
        1,
        1
    ],
    "V": [
        1,
        0,
        2
    ],
    "feat": [
        [
            0,
            0,
            0,
            1,
            0.3333333333333333,
            0.3333333333333333,
            0.5,
            0.5,
            0.0
        ],
        [
            0,
            0,
            0,
            1,
            0.3333333333333333,
            0.6666666666666666,
            0.5,
            1.0,
            -0.00029999999999996696
        ],
        [
            0,
            0,
            0,
            1,
            0.3333333333333333,
            0.0,
            0.5,
            0.0,
            0.00030000000000000003
        ]
    ],
    "nodeCount": 3,
    "edgeCount": 3,
    "tokenCount": 2,
    "nodes": [
        "0xbff2afd145a575255782ff4473084341c4fb9b1b",
        "0x0000000000000000000000000000000000000000",
        "0xfeefeefeefeefeefeefeefeefeefeefeefeefeef"
    ],
    "tokens": [
        "0x6bf2be9468314281cd28a94c35f967cafd388325",
        "0xc826a8e4249bc312e21e00e6ae461986cb0d2e78"
    ]
}