{
    "hash": "0x4b3cff5c965cccfbf2b551a2110a4173315c5eff159ea2016dd8a2ea31cfe03b",
    "chain": "Ethereum",
    "U": [
        0,
        1,
        1,
        1,
        1,
        1,
        1,
        1,
        1,
        1,
        1,
        1,
        1,
        1,
        1,
        1,
        1,
        1,
        1,
        1,
        1,
        1,
        1,
        1,
        1,
        1,
        1,
        1,
        1,
        1,
        1,
        1,
        1,
        1,
        1,
        1,
        1,
        1,
        1,
        1,
        1,
        1,
        1,
        1,
        1,
        1,
        1,
        1,
        1,
        1,
        1,
        1
    ],
    "V": [
        1,
        1,
        2,
        0,
        1,
        2,
        0,
        1,
        2,
        0,
        1,
        2,
        0,
        1,
        2,
        0,
        1,
        2,
        0,
        1,
        2,
        0,
        1,
        2,
        0,
        1,
        2,
        0,
        1,
        2,
        0,
        1,
        2,
        0,
        1,
        2,
        0,
        1,
        2,
        0,
        1,
        2,
        0,
        1,
        2,
        0,
        1,
        2,
        0,
        1,
        2,
        0
    ],
    "feat": [
        [
            0,
            0,
            0,
            1,
            0.3269230769230769,
            0.019230769230769232,
            0.5,
            0.5,
            14.222222222222479
        ],
        [
            0,
            1,
            0,
            0,
            0.34615384615384615,
            0.9807692307692307,
            0.5,
            1.0,
            -15.222222222222475
        ],
        [
            0,
            0,
            0,
            1,
            0.3269230769230769,
            0.0,
            0.5,
            0.0,
            0.9999999999999973
        ]
    ],
    "nodeCount": 3,
    "edgeCount": 52,
    "tokenCount": 2,
    "nodes": [
        "0x4c4489ec9c3091dd79453cf84c559fb96a51d1df",
        "0xfbddadd80fe7bda00b901fbaf73803f2238ae655",
        "0x4b5057b2c87ec9e7c047fb00c0e406dff2fdacad"
    ],
    "tokens": [
        "native_token",
        "0x990f341946a3fdb507ae7e52d17851b87168017c"
    ]
}