{
    "hash": "0x4b48829c973528f0754e8700c086fad8df20ef93663a8178ae8046b07064b5d6",
    "chain": "Ethereum",
    "U": [
        0,
        1,
        2,
        3,
        3,
        3,
        5,
        5,
        6,
        5,
        2,
        3,
        5,
        6,
        5,
        2,
        1,
        7
    ],
    "V": [
        1,
        2,
        3,
        4,
        5,
        5,
        2,
        6,
        5,
        2,
        3,
        5,
        6,
        5,
        2,
        1,
        7,
        8
    ],
    "feat": [
        [
            0,
            1,
            0,
            0,
            0.0,
            0.05555555555555555,
            0.0,
            0.25,
            -1.0
        ],
        [
            0,
            1,
            0,
            0,
            0.1111111111111111,
            0.1111111111111111,
            0.5,
            0.5,
            0.0
        ],
        [
            0,
            1,
            0,
            0,
            0.2222222222222222,
            0.16666666666666666,
            0.75,
            0.75,
            5.551115123125783e-17
        ],
        [
            0,
            0,
            1,
            0,
            0.1111111111111111,
            0.2222222222222222,
            0.5,
            0.75,
            -1.9939598759988888
        ],
        [
            0,
            0,
            0,
            1,
            0.05555555555555555,
            0.0,
            0.25,
            0.0,
            1.0
        ],
        [
            0,
            1,
            0,
            0,
            0.2777777777777778,
            0.2777777777777778,
            0.75,
            0.75,
            -4.996003610813204e-16
        ],
        [
            0,
            0,
            1,
            0,
            0.1111111111111111,
            0.1111111111111111,
            0.25,
            0.25,
            0.9939598759988887
        ],
        [
            0,
            0,
            1,
            0,
            0.05555555555555555,
            0.05555555555555555,
            0.25,
            0.25,
            0.3808879541635325
        ],
        [
            0,
            0,
            0,
            1,
            0.05555555555555555,
            0.0,
            0.25,
            0.0,
            0.6191120458364675
        ]
    ],
    "nodeCount": 9,
    "edgeCount": 18,
    "tokenCount": 4,
    "nodes": [
        "0x6c3e4cb2e96b01f4b866965a91ed4437839a121a",
        "0x4668ff4d478c5459d6023c4a7efda853412fb999",
        "0x12a1b67bc18ecb3a4c3b55b527af237bc6596507",
        "0x0d4a11d5eeaac28ec3f61d100daf4d40471f1852",
        "0x0000000000000000000000000000000000000000",
        "0x7a250d5630b4cf539739df2c5dacb4c659f2488d",
        "0xc02aaa39b223fe8d0a0e5c4f27ead9083c756cc2",
        "0x67b66c99d3eb37fa76aa3ed1ff33e8e39f0b9c7a",
        "0x4b070c428ddbb49524abf2d4be4998c1e3b6f3a5"
    ],
    "tokens": [
        "0x0d4a11d5eeaac28ec3f61d100daf4d40471f1852",
        "0xc02aaa39b223fe8d0a0e5c4f27ead9083c756cc2",
        "0xdac17f958d2ee523a2206206994597c13d831ec7",
        "native_token"
    ]
}