{
    "hash": "0x4bd0d4fb791fb2c1dfab01758a39b220c866899583f5d10ff241706bbb7a0c27",
    "chain": "Binance",
    "U": [
        0,
        2,
        1,
        4,
        3,
        2,
        2,
        3,
        3,
        5,
        1,
        6
    ],
    "V": [
        1,
        1,
        3,
        3,
        2,
        3,
        1,
        4,
        1,
        2,
        6,
        0
    ],
    "feat": [
        [
            0,
            0,
            0,
            1,
            0.08333333333333333,
            0.08333333333333333,
            0.2,
            0.2,
            0.0
        ],
        [
            0,
            0,
            1,
            0,
            0.3333333333333333,
            0.16666666666666666,
            0.4,
            0.2,
            0.052451352652088425
        ],
        [
            0,
            0,
            1,
            0,
            0.16666666666666666,
            0.25,
            0.4,
            0.4,
            1.642460724200662
        ],
        [
            0,
            1,
            0,
            0,
            0.25,
            0.25,
            0.4,
            0.4,
            0.1050879231472498
        ],
        [
            0,
            0,
            1,
            0,
            0.08333333333333333,
            0.08333333333333333,
            0.2,
            0.2,
            -0.8000000000000002
        ],
        [
            0,
            0,
            0,
            1,
            0.0,
            0.08333333333333333,
            0.0,
            0.2,
            -1.0
        ],
        [
            0,
            0,
            1,
            0,
            0.08333333333333333,
            0.08333333333333333,
            0.2,
            0.2,
            0.0
        ]
    ],
    "nodeCount": 7,
    "edgeCount": 12,
    "tokenCount": 5,
    "nodes": [
        "0xc31f72bc79a37417d5ac88ffe1186702012fb5f7",
        "0x86b0ed9dbbdfae18c7f520cc37f97520be3b0109",
        "0x38bd8cd90374dbc903aed9d2ee28f5ab856342ce",
        "0x10ed43c718714eb63d5aa57b78b54704e256024e",
        "0xbb4cdb9cbd36b01bd1cbaebf2de08d9173bc095c",
        "0x0000000000000000000000000000000000000000",
        "0x58f876857a02d6762e0101bb5c46a8c1ed44dc16"
    ],
    "tokens": [
        "0x38bd8cd90374dbc903aed9d2ee28f5ab856342ce",
        "0xbb4cdb9cbd36b01bd1cbaebf2de08d9173bc095c",
        "native_token",
        "0x86b0ed9dbbdfae18c7f520cc37f97520be3b0109",
        "0xe9e7cea3dedca5984780bafc599bd69add087d56"
    ]
}