{
    "hash": "0x4cb4051e9c139ac6332f040c87eeba68e71a227f4c2f4f5da2ded9e3161ccae3",
    "chain": "Ethereum",
    "U": [
        0,
        1,
        2,
        1,
        3,
        1
    ],
    "V": [
        1,
        2,
        1,
        3,
        1,
        0
    ],
    "feat": [
        [
            0,
            0,
            0,
            1,
            0.16666666666666666,
            0.16666666666666666,
            0.3333333333333333,
            0.3333333333333333,
            0.0
        ],
        [
            1,
            0,
            0,
            0,
            0.5,
            0.5,
            1.0,
            1.0,
            0.0
        ],
        [
            0,
            1,
            0,
            0,
            0.16666666666666666,
            0.16666666666666666,
            0.3333333333333333,
            0.3333333333333333,
            0.0
        ],
        [
            0,
            1,
            0,
            0,
            0.16666666666666666,
            0.16666666666666666,
            0.3333333333333333,
            0.3333333333333333,
            0.0
        ]
    ],
    "nodeCount": 4,
    "edgeCount": 6,
    "tokenCount": 3,
    "nodes": [
        "0xcfb464585241eab3ecb392011648a8e829b951ed",
        "0xdb38ae75c5f44276803345f7f02e95a0aeef5944",
        "0x1d9d70233427ecb3167a302d67ba0ae3435cc87a",
        "0x44360fb15a2f17715e5052cf5994b23978081d9e"
    ],
    "tokens": [
        "0x967da4048cd07ab37855c090aaf366e4ce1b9f48",
        "0x1f573d6fb3f13d689ff844b4ce37794d79a7ff1c",
        "0xa0b86991c6218b36c1d19d4a2e9eb0ce3606eb48"
    ]
}