{
    "hash": "0x4cfa6e4fe4038462663ff342061d6b5367becb06aec94edf3f4e875069c7a92c",
    "chain": "Binance",
    "U": [
        0,
        0,
        0,
        0,
        0,
        0,
        0,
        0,
        0,
        0,
        0,
        0,
        0,
        0,
        0,
        0,
        0,
        0,
        0,
        0,
        0,
        0,
        0,
        0
    ],
    "V": [
        1,
        2,
        1,
        2,
        1,
        2,
        1,
        2,
        1,
        2,
        1,
        2,
        1,
        2,
        1,
        2,
        1,
        2,
        1,
        2,
        1,
        2,
        1,
        2
    ],
    "feat": [
        [
            0,
            0,
            0,
            1,
            0.0,
            1.0,
            0.0,
            1.0,
            -2.541499999999999
        ],
        [
            0,
            0,
            0,
            1,
            0.5,
            0.0,
            1.0,
            0.0,
            0.09775
        ],
        [
            0,
            1,
            0,
            0,
            0.5,
            0.0,
            1.0,
            0.0,
            2.4437499999999996
        ]
    ],
    "nodeCount": 3,
    "edgeCount": 24,
    "tokenCount": 1,
    "nodes": [
        "0x0000000000000000000000000000000000000000",
        "0x7184e5f430829181dace00827efb91cb3bf95e30",
        "0x077f9e86b53ac32187f479a096af0362825ed651"
    ],
    "tokens": [
        "0x67ed0a0b32f239a3fcd1b8c21bef7d86578f106b"
    ]
}