{
    "hash": "0x4cf7c54df45ffbf2e08919b9f63abf6307acc44f298d489bc1b81b87afea8a41",
    "chain": "Binance",
    "U": [
        0,
        1,
        2,
        1,
        3,
        1,
        4,
        1,
        5,
        1,
        1
    ],
    "V": [
        1,
        2,
        1,
        3,
        1,
        4,
        1,
        5,
        1,
        6,
        0
    ],
    "feat": [
        [
            0,
            0,
            0,
            1,
            0.09090909090909091,
            0.09090909090909091,
            0.25,
            0.25,
            0.0
        ],
        [
            0,
            1,
            0,
            0,
            0.45454545454545453,
            0.5454545454545454,
            1.0,
            1.0,
            3.885780586188048e-16
        ],
        [
            0,
            1,
            0,
            0,
            0.09090909090909091,
            0.09090909090909091,
            0.25,
            0.25,
            0.0
        ],
        [
            0,
            0,
            1,
            0,
            0.09090909090909091,
            0.09090909090909091,
            0.25,
            0.25,
            0.0
        ],
        [
            0,
            0,
            1,
            0,
            0.09090909090909091,
            0.09090909090909091,
            0.25,
            0.25,
            -0.0014125654117050912
        ],
        [
            0,
            0,
            1,
            0,
            0.09090909090909091,
            0.09090909090909091,
            0.25,
            0.25,
            0.00041156441070405725
        ],
        [
            0,
            0,
            0,
            1,
            0.09090909090909091,
            0.0,
            0.25,
            0.0,
            0.001001001001001001
        ]
    ],
    "nodeCount": 7,
    "edgeCount": 11,
    "tokenCount": 4,
    "nodes": [
        "0x92795668a59dfbf0cefac596cb72b83f61f5895c",
        "0x1da2cfdccd1ac5f1093a8c146260c5dc7159ed47",
        "0x88cbf433471a0cd8240d2a12354362988b4593e5",
        "0x89ee0491ce55d2f7472a97602a95426216167189",
        "0x9661a41eea814a9b13f2c1d844106cef6c3a4a43",
        "0xb08eb7ee7792d4ca7f265aec0604cde2e6846f7a",
        "0x9f1c6b37dede7584e722681c8f9d55e5cf1788f5"
    ],
    "tokens": [
        "0xe9e7cea3dedca5984780bafc599bd69add087d56",
        "0x4691937a7508860f876c9c0a2a617e7d9e945d4b",
        "0xbb4cdb9cbd36b01bd1cbaebf2de08d9173bc095c",
        "0x802a183ac9f6b082716dfee55432ed0c04acb49a"
    ]
}