{
    "hash": "0x4d9f78ed53e4a066d5c91da8a7979fe080576ee9d5d1b7b4599a38b05cf2a1e1",
    "chain": "Binance",
    "U": [
        0,
        1,
        2,
        3,
        3,
        2,
        5,
        2,
        1
    ],
    "V": [
        1,
        2,
        3,
        2,
        4,
        5,
        2,
        1,
        0
    ],
    "feat": [
        [
            0,
            0,
            0,
            1,
            0.1111111111111111,
            0.1111111111111111,
            0.5,
            0.5,
            0.0
        ],
        [
            0,
            1,
            0,
            0,
            0.2222222222222222,
            0.2222222222222222,
            1.0,
            1.0,
            0.0
        ],
        [
            0,
            1,
            0,
            0,
            0.3333333333333333,
            0.3333333333333333,
            1.0,
            1.0,
            5.551115123125783e-17
        ],
        [
            0,
            0,
            1,
            0,
            0.1111111111111111,
            0.2222222222222222,
            0.5,
            0.5,
            -0.017338029307118363
        ],
        [
            0,
            1,
            0,
            0,
            0.1111111111111111,
            0.0,
            0.5,
            0.0,
            0.0005472160806913072
        ],
        [
            0,
            0,
            1,
            0,
            0.1111111111111111,
            0.1111111111111111,
            0.5,
            0.5,
            0.01679081322642706
        ]
    ],
    "nodeCount": 6,
    "edgeCount": 9,
    "tokenCount": 2,
    "nodes": [
        "0x1d583c4820ed6ccf66571c0e3c5623796830d437",
        "0x8f8dd7db1bda5ed3da8c9daf3bfa471c12d58486",
        "0xdb6f1920a889355780af7570773609bd8cb1f498",
        "0x7489a38687058065fc04756c0694e045ec4ead8b",
        "0xcaa42f09af66a8bae3a7445a7f63dad97c11638b",
        "0x5da401fe0e71cf925c35e0f48833a5e667f86853"
    ],
    "tokens": [
        "0x55d398326f99059ff775485246999027b3197955",
        "0x74c22834744e8d5e36c79420ff7b057964aba8a7"
    ]
}