{
    "hash": "0x4dd1fac90de64ebbe4b665076ed8ab01ca91eb6ebba74a8eb23abcf85b62c015",
    "chain": "Binance",
    "U": [
        0,
        2,
        0,
        0,
        0,
        0,
        0,
        0,
        0,
        0,
        0,
        0,
        0,
        0,
        0,
        0,
        0,
        0,
        0,
        0,
        0,
        0,
        0,
        0,
        0,
        0,
        0,
        0,
        0,
        0,
        0,
        0,
        2,
        0,
        0,
        0,
        0,
        0,
        0,
        0,
        0,
        0,
        0,
        0,
        0,
        0,
        0
    ],
    "V": [
        1,
        3,
        1,
        1,
        1,
        1,
        1,
        1,
        1,
        1,
        1,
        2,
        1,
        1,
        1,
        1,
        1,
        1,
        1,
        1,
        1,
        1,
        1,
        1,
        1,
        1,
        1,
        1,
        1,
        1,
        1,
        1,
        3,
        1,
        1,
        1,
        1,
        1,
        1,
        1,
        1,
        1,
        1,
        1,
        1,
        1,
        1
    ],
    "feat": [
        [
            0,
            0,
            0,
            1,
            0.0,
            0.9574468085106383,
            0.0,
            1.0,
            -0.017087290652989494
        ],
        [
            1,
            0,
            0,
            0,
            0.9361702127659575,
            0.0,
            1.0,
            0.0,
            0.017087290652989494
        ],
        [
            0,
            1,
            0,
            0,
            0.02127659574468085,
            0.0425531914893617,
            1.0,
            1.0,
            -1.01643914546809
        ],
        [
            0,
            0,
            0,
            1,
            0.0425531914893617,
            0.0,
            1.0,
            0.0,
            1.01643914546809
        ]
    ],
    "nodeCount": 4,
    "edgeCount": 47,
    "tokenCount": 1,
    "nodes": [
        "0x0000000000000000000000000000000000000000",
        "0xe32c5352d3ba108374701d5333daa3db35345cf0",
        "0x14a495b23a6fe7938ae5da73cfa153b5e67f2681",
        "0xb0a47a1352f25a5eb056d8db31ba07f6d6423c96"
    ],
    "tokens": [
        "0x9a78649501bbaac285ea4187299471b7ad4abd35"
    ]
}