{
    "hash": "0x4dcd011941d354054d8fcc30cbab61e48f2ae156b2d7d509acb6bf72be984b58",
    "chain": "Binance",
    "U": [
        0,
        1,
        2,
        1,
        3,
        1,
        4,
        1,
        1
    ],
    "V": [
        1,
        2,
        1,
        3,
        1,
        4,
        1,
        5,
        0
    ],
    "feat": [
        [
            0,
            0,
            0,
            1,
            0.1111111111111111,
            0.1111111111111111,
            0.3333333333333333,
            0.3333333333333333,
            0.0
        ],
        [
            1,
            0,
            0,
            0,
            0.4444444444444444,
            0.5555555555555556,
            1.0,
            1.0,
            0.0
        ],
        [
            0,
            0,
            1,
            0,
            0.1111111111111111,
            0.1111111111111111,
            0.3333333333333333,
            0.3333333333333333,
            -0.0008543116882511748
        ],
        [
            0,
            0,
            1,
            0,
            0.1111111111111111,
            0.1111111111111111,
            0.3333333333333333,
            0.3333333333333333,
            0.0008543116882511193
        ],
        [
            0,
            0,
            0,
            1,
            0.1111111111111111,
            0.1111111111111111,
            0.3333333333333333,
            0.3333333333333333,
            0.0
        ],
        [
            0,
            1,
            0,
            0,
            0.1111111111111111,
            0.0,
            0.3333333333333333,
            0.0,
            1.3162595916765037e-21
        ]
    ],
    "nodeCount": 6,
    "edgeCount": 9,
    "tokenCount": 3,
    "nodes": [
        "0x9b6a1051286a1cb79cc951b3d6a045c342d0a2a9",
        "0xc1e16013a158d57a60d6aa5bb3108722b0ac6df5",
        "0x396e3474a8d1b5882072a4a181b80c52b9fed479",
        "0x02b0b1229a918815e872c1e4d4c27d1df8290c90",
        "0x8da68803ea594863a8b361c38a56f6e6dc25d7a6",
        "0x98468c0e9342d4e0ac3e09257251fab192992092"
    ],
    "tokens": [
        "0x5921dee8556c4593eefcfad3ca5e2f618606483b",
        "0xe9e7cea3dedca5984780bafc599bd69add087d56",
        "0x8ac76a51cc950d9822d68b83fe1ad97b32cd580d"
    ]
}