{
    "hash": "0x4e551186420dca29a8c7e621378a75d4573e8a70eada39bc409c0a5ecd849277",
    "chain": "Ethereum",
    "U": [
        0,
        1,
        2,
        3,
        4,
        4,
        6,
        2,
        7,
        2,
        8,
        2,
        1,
        1
    ],
    "V": [
        1,
        2,
        3,
        4,
        5,
        6,
        2,
        7,
        2,
        8,
        2,
        1,
        9,
        0
    ],
    "feat": [
        [
            0,
            0,
            0,
            1,
            0.07142857142857142,
            0.07142857142857142,
            0.2,
            0.2,
            0.0
        ],
        [
            1,
            0,
            0,
            0,
            0.14285714285714285,
            0.21428571428571427,
            0.4,
            0.4,
            0.0
        ],
        [
            0,
            1,
            0,
            0,
            0.2857142857142857,
            0.2857142857142857,
            0.8,
            0.8,
            0.0
        ],
        [
            0,
            1,
            0,
            0,
            0.07142857142857142,
            0.07142857142857142,
            0.2,
            0.2,
            -0.008750000000000036
        ],
        [
            0,
            1,
            0,
            0,
            0.07142857142857142,
            0.14285714285714285,
            0.2,
            0.2,
            0.0
        ],
        [
            0,
            1,
            0,
            0,
            0.07142857142857142,
            0.0,
            0.2,
            0.0,
            9.999999999999997e-07
        ],
        [
            0,
            1,
            0,
            0,
            0.07142857142857142,
            0.07142857142857142,
            0.2,
            0.2,
            -1.0000000000287557e-06
        ],
        [
            0,
            0,
            1,
            0,
            0.07142857142857142,
            0.07142857142857142,
            0.2,
            0.2,
            0.0
        ],
        [
            0,
            0,
            1,
            0,
            0.07142857142857142,
            0.07142857142857142,
            0.2,
            0.2,
            0.0
        ],
        [
            0,
            1,
            0,
            0,
            0.07142857142857142,
            0.0,
            0.2,
            0.0,
            0.00875
        ]
    ],
    "nodeCount": 10,
    "edgeCount": 14,
    "tokenCount": 5,
    "nodes": [
        "0x77b13b881ccec49f721a76c38c4ebe09004ae042",
        "0x74de5d4fcbf63e00296fd95d33236b9794016631",
        "0xdef171fe48cf0115b1d80b88dc8eab59176fee57",
        "0x079ca3f710599739a22673c2856202f90d3a8806",
        "0x2f9ec37d6ccfff1cab21733bdadede11c823ccb0",
        "0x3dfd23a6c5e8bbcfc9581d2e864a68feb6a076d3",
        "0x4c9a2bd661d640da3634a4988a9bd2bc0f18e5a9",
        "0xc02aaa39b223fe8d0a0e5c4f27ead9083c756cc2",
        "0x0e26a21013f2f8c0362cfae608b4e69a249d5efc",
        "0xc4d57904c4435a9348b56051e4dea6055d85a6a9"
    ],
    "tokens": [
        "0x1f9840a85d5af5bf1d1762f925bdaddc4201f984",
        "0x1f573d6fb3f13d689ff844b4ce37794d79a7ff1c",
        "native_token",
        "0xc02aaa39b223fe8d0a0e5c4f27ead9083c756cc2",
        "0x4e15361fd6b4bb609fa63c81a2be19d873717870"
    ]
}