{
    "hash": "0x4e0ad60cebdca40b202e8f1379875997ee89a1a32312751b5eaf35bb49732868",
    "chain": "Binance",
    "U": [
        0,
        2,
        1,
        4,
        3,
        2,
        2,
        3,
        3,
        5,
        2,
        1,
        4,
        3,
        2,
        1,
        4,
        3
    ],
    "V": [
        1,
        1,
        3,
        3,
        2,
        3,
        1,
        4,
        1,
        5,
        1,
        3,
        3,
        2,
        6,
        3,
        3,
        0
    ],
    "feat": [
        [
            0,
            0,
            0,
            1,
            0.05555555555555555,
            0.05555555555555555,
            0.25,
            0.25,
            0.0
        ],
        [
            0,
            0,
            1,
            0,
            0.2777777777777778,
            0.16666666666666666,
            0.5,
            0.25,
            0.25592179018508276
        ],
        [
            0,
            0,
            1,
            0,
            0.1111111111111111,
            0.2777777777777778,
            0.25,
            0.5,
            -0.6621302647044471
        ],
        [
            0,
            1,
            0,
            0,
            0.3888888888888889,
            0.2777777777777778,
            0.5,
            0.5,
            1.4062084745193646
        ],
        [
            0,
            0,
            1,
            0,
            0.05555555555555555,
            0.16666666666666666,
            0.25,
            0.25,
            -1.4062084745193644
        ],
        [
            0,
            0,
            0,
            1,
            0.05555555555555555,
            0.05555555555555555,
            0.25,
            0.25,
            0.0
        ],
        [
            0,
            0,
            0,
            1,
            0.05555555555555555,
            0.0,
            0.25,
            0.0,
            0.40620847451936437
        ]
    ],
    "nodeCount": 7,
    "edgeCount": 18,
    "tokenCount": 4,
    "nodes": [
        "0x8e6f4edabb94a1c9a4d99e50f5729c6ea534b568",
        "0x4784d38909e0c627c7481b6d50edc645d5a5ffe7",
        "0x93d2d206a3b08a5ae6e3e4f30d09ef3c6aeae5f9",
        "0x10ed43c718714eb63d5aa57b78b54704e256024e",
        "0xbb4cdb9cbd36b01bd1cbaebf2de08d9173bc095c",
        "0x0000000000000000000000000000000000000000",
        "0x78bedc8e87e3df9eb8eb5059fd02f4d76f55cb81"
    ],
    "tokens": [
        "0x93d2d206a3b08a5ae6e3e4f30d09ef3c6aeae5f9",
        "0xbb4cdb9cbd36b01bd1cbaebf2de08d9173bc095c",
        "native_token",
        "0x4784d38909e0c627c7481b6d50edc645d5a5ffe7"
    ]
}