{
    "hash": "0x4ef2bbcc5d70ed8633493acdbe2dc3303bc5e11ae9065dc243dbf804bdca01c5",
    "chain": "Binance",
    "U": [
        0,
        1,
        2,
        3,
        2,
        4,
        2,
        1,
        1
    ],
    "V": [
        1,
        2,
        3,
        2,
        4,
        2,
        1,
        5,
        0
    ],
    "feat": [
        [
            0,
            0,
            0,
            1,
            0.1111111111111111,
            0.1111111111111111,
            0.3333333333333333,
            0.3333333333333333,
            0.0
        ],
        [
            1,
            0,
            0,
            0,
            0.2222222222222222,
            0.3333333333333333,
            0.6666666666666666,
            0.6666666666666666,
            0.0
        ],
        [
            0,
            1,
            0,
            0,
            0.3333333333333333,
            0.3333333333333333,
            1.0,
            1.0,
            0.0
        ],
        [
            0,
            0,
            1,
            0,
            0.1111111111111111,
            0.1111111111111111,
            0.3333333333333333,
            0.3333333333333333,
            -0.008750000000000036
        ],
        [
            0,
            0,
            1,
            0,
            0.1111111111111111,
            0.1111111111111111,
            0.3333333333333333,
            0.3333333333333333,
            0.0
        ],
        [
            0,
            0,
            0,
            1,
            0.1111111111111111,
            0.0,
            0.3333333333333333,
            0.0,
            0.00875
        ]
    ],
    "nodeCount": 6,
    "edgeCount": 9,
    "tokenCount": 3,
    "nodes": [
        "0xace0416790f083e2db1812e4d31b03c807d8a735",
        "0xc590175e458b83680867afd273527ff58f74c02b",
        "0xdb6f1920a889355780af7570773609bd8cb1f498",
        "0x9ec271c041a18aa7bef070a1f196eea1d06ab7cb",
        "0x249a963e6632e539765ea9bd8e896f377b69bcee",
        "0x11ededebf63bef0ea2d2d071bdf88f71543ec6fb"
    ],
    "tokens": [
        "0x55d398326f99059ff775485246999027b3197955",
        "0xbb4cdb9cbd36b01bd1cbaebf2de08d9173bc095c",
        "0x31471e0791fcdbe82fbf4c44943255e923f1b794"
    ]
}