{
    "hash": "0x50ee45d7a9eaab99b41b4f21e3988d967fa6550a5dfccc8ca09f111cce064b6e",
    "chain": "Ethereum",
    "U": [
        0,
        1,
        3
    ],
    "V": [
        1,
        2,
        0
    ],
    "feat": [
        [
            0,
            0,
            0,
            1,
            0.3333333333333333,
            0.3333333333333333,
            0.5,
            0.5,
            0.0
        ],
        [
            0,
            1,
            0,
            0,
            0.3333333333333333,
            0.3333333333333333,
            0.5,
            0.5,
            0.0
        ],
        [
            0,
            0,
            1,
            0,
            0.3333333333333333,
            0.0,
            0.5,
            0.0,
            1.0
        ],
        [
            0,
            0,
            0,
            1,
            0.0,
            0.3333333333333333,
            0.0,
            0.5,
            -1.0
        ]
    ],
    "nodeCount": 4,
    "edgeCount": 3,
    "tokenCount": 2,
    "nodes": [
        "0x65458efe2af00b7ca0dec9c0c91ae2ff363da719",
        "0xeead394a017b8428e2d5a976a054f303f78f3c0c",
        "0x1f573d6fb3f13d689ff844b4ce37794d79a7ff1c",
        "0x0000000000000000000000000000000000000000"
    ],
    "tokens": [
        "0x1f573d6fb3f13d689ff844b4ce37794d79a7ff1c",
        "0x48fb253446873234f2febbf9bdeaa72d9d387f94"
    ]
}