{
    "hash": "0x507f6f449beab54401caf8234cda06105fb54b34315d596a9305861ec235fdcc",
    "chain": "Ethereum",
    "U": [
        0,
        1,
        2,
        2,
        2,
        1,
        4,
        2,
        4,
        5,
        4,
        1,
        5,
        1
    ],
    "V": [
        1,
        2,
        3,
        1,
        1,
        4,
        2,
        4,
        5,
        4,
        1,
        5,
        1,
        0
    ],
    "feat": [
        [
            0,
            0,
            0,
            1,
            0.07142857142857142,
            0.07142857142857142,
            0.25,
            0.25,
            0.0
        ],
        [
            0,
            1,
            0,
            0,
            0.35714285714285715,
            0.2857142857142857,
            1.0,
            1.0,
            0.0
        ],
        [
            0,
            0,
            1,
            0,
            0.14285714285714285,
            0.2857142857142857,
            0.5,
            0.75,
            -1.995205924050707
        ],
        [
            0,
            0,
            0,
            1,
            0.07142857142857142,
            0.0,
            0.25,
            0.0,
            1.0
        ],
        [
            0,
            1,
            0,
            0,
            0.21428571428571427,
            0.21428571428571427,
            0.75,
            0.75,
            0.0
        ],
        [
            0,
            0,
            1,
            0,
            0.14285714285714285,
            0.14285714285714285,
            0.25,
            0.25,
            0.9952059240507071
        ]
    ],
    "nodeCount": 6,
    "edgeCount": 14,
    "tokenCount": 4,
    "nodes": [
        "0x8c4eb6988a199dabcae0ce31052b3f3ac591787e",
        "0xfb13b2ae7282cfaca2c0cf62d9aed131db2209f7",
        "0x0e8cc25eac180d68ff214bb9d4b2a043af764a28",
        "0x0000000000000000000000000000000000000000",
        "0x22f9dcf4647084d6c31b2765f6910cd85c178c18",
        "0xc02aaa39b223fe8d0a0e5c4f27ead9083c756cc2"
    ],
    "tokens": [
        "0x0e8cc25eac180d68ff214bb9d4b2a043af764a28",
        "0x340d2bde5eb28c1eed91b2f790723e3b160613b7",
        "0xc02aaa39b223fe8d0a0e5c4f27ead9083c756cc2",
        "native_token"
    ]
}