{
    "hash": "0x50b8ae665cd3bc2f5e9f2aadfe70de7986f9b141deb6896c6dd1f13dca4d0dff",
    "chain": "Binance",
    "U": [
        0,
        2,
        1,
        3,
        1,
        4,
        1,
        5,
        6,
        1,
        1,
        7,
        1
    ],
    "V": [
        1,
        1,
        2,
        1,
        3,
        1,
        4,
        1,
        1,
        6,
        7,
        1,
        0
    ],
    "feat": [
        [
            0,
            0,
            0,
            1,
            0.07692307692307693,
            0.07692307692307693,
            0.2,
            0.2,
            0.0005548452806756199
        ],
        [
            1,
            0,
            0,
            0,
            0.5384615384615384,
            0.46153846153846156,
            1.0,
            1.0,
            -1.5265566588595902e-16
        ],
        [
            0,
            1,
            0,
            0,
            0.07692307692307693,
            0.07692307692307693,
            0.2,
            0.2,
            -0.0005548452806756199
        ],
        [
            0,
            1,
            0,
            0,
            0.07692307692307693,
            0.07692307692307693,
            0.2,
            0.2,
            0.0
        ],
        [
            0,
            1,
            0,
            0,
            0.07692307692307693,
            0.07692307692307693,
            0.2,
            0.2,
            0.0053277175218066075
        ],
        [
            0,
            1,
            0,
            0,
            0.0,
            0.07692307692307693,
            0.0,
            0.2,
            -1.0
        ],
        [
            0,
            1,
            0,
            0,
            0.07692307692307693,
            0.07692307692307693,
            0.2,
            0.2,
            0.0
        ],
        [
            0,
            0,
            1,
            0,
            0.07692307692307693,
            0.07692307692307693,
            0.2,
            0.2,
            0.9946722824781934
        ]
    ],
    "nodeCount": 8,
    "edgeCount": 13,
    "tokenCount": 5,
    "nodes": [
        "0xbd104fc54a1394b295c820f1f5eb0e1b8d896fbf",
        "0x5f25d045a36ccf68c90b3af6de8f0e5cf1083fc0",
        "0x5de4c0980bcf4f78b3912eb9ef2e3be6c61fb7e5",
        "0xff7b81fe69b9b280b30c91fb1a9e9a6de85761e5",
        "0x197880438436c426392570cb4782432ec9135f62",
        "0x7e65ad65f07e211998893b7e4a9db26582c1dc3d",
        "0xb140c180f40ddb3401f66bbd3788246ce8b800ea",
        "0x58f876857a02d6762e0101bb5c46a8c1ed44dc16"
    ],
    "tokens": [
        "0xe9e7cea3dedca5984780bafc599bd69add087d56",
        "0x2170ed0880ac9a755fd29b2688956bd959f933f8",
        "0x7130d2a12b9bcbfae4f2634d864a1ee1ce3ead9c",
        "0xc67a54d5e08e59fb70dd29d81350c6ff4562d544",
        "0xbb4cdb9cbd36b01bd1cbaebf2de08d9173bc095c"
    ]
}