{
    "hash": "0x51e34164e8482d1940a8a280aee9a959c9a9d42f156c6e1e4295928a3ceb3637",
    "chain": "Binance",
    "U": [
        0,
        2,
        1,
        4,
        3,
        2,
        2,
        3,
        3,
        1,
        1,
        4,
        3
    ],
    "V": [
        1,
        1,
        3,
        3,
        2,
        5,
        3,
        4,
        1,
        6,
        3,
        3,
        0
    ],
    "feat": [
        [
            0,
            0,
            0,
            1,
            0.07692307692307693,
            0.07692307692307693,
            0.3333333333333333,
            0.3333333333333333,
            0.0
        ],
        [
            0,
            0,
            1,
            0,
            0.23076923076923078,
            0.23076923076923078,
            0.6666666666666666,
            0.6666666666666666,
            0.06126743777419291
        ],
        [
            0,
            0,
            1,
            0,
            0.07692307692307693,
            0.23076923076923078,
            0.3333333333333333,
            0.6666666666666666,
            -0.5016114793720478
        ],
        [
            0,
            1,
            0,
            0,
            0.38461538461538464,
            0.3076923076923077,
            0.6666666666666666,
            0.6666666666666666,
            0.5234741106816112
        ],
        [
            0,
            0,
            1,
            0,
            0.07692307692307693,
            0.15384615384615385,
            0.3333333333333333,
            0.3333333333333333,
            -0.5234741106816112
        ],
        [
            0,
            0,
            0,
            1,
            0.07692307692307693,
            0.0,
            0.3333333333333333,
            0.0,
            0.010329505330655585
        ],
        [
            0,
            0,
            0,
            1,
            0.07692307692307693,
            0.0,
            0.3333333333333333,
            0.0,
            0.43001453626719915
        ]
    ],
    "nodeCount": 7,
    "edgeCount": 13,
    "tokenCount": 3,
    "nodes": [
        "0x6973ad43c2daa87e749f05541806c5941136b66c",
        "0xf09b7eb9dfb93cc02a2fd6d4c683715c8bde5b30",
        "0xeb35acbd23cf9d1c13d276815b9969effc5c878f",
        "0x10ed43c718714eb63d5aa57b78b54704e256024e",
        "0xbb4cdb9cbd36b01bd1cbaebf2de08d9173bc095c",
        "0xdaa30e72befc8179bd8f9f4a9566bf11b3126fac",
        "0x000000000000000000000000000000000000dead"
    ],
    "tokens": [
        "0xeb35acbd23cf9d1c13d276815b9969effc5c878f",
        "0xbb4cdb9cbd36b01bd1cbaebf2de08d9173bc095c",
        "native_token"
    ]
}