{
    "hash": "0x5189c4d6fc1676f46aeb9f20ce1549961a838849d53ae6647e60c65f72542b66",
    "chain": "Binance",
    "U": [
        0,
        1,
        2,
        3,
        4,
        2,
        2,
        5,
        2,
        2,
        6,
        2,
        2,
        1
    ],
    "V": [
        1,
        2,
        3,
        2,
        2,
        4,
        5,
        2,
        4,
        6,
        2,
        7,
        1,
        0
    ],
    "feat": [
        [
            0,
            0,
            0,
            1,
            0.07142857142857142,
            0.07142857142857142,
            0.25,
            0.25,
            0.0
        ],
        [
            0,
            1,
            0,
            0,
            0.14285714285714285,
            0.14285714285714285,
            0.5,
            0.5,
            0.0
        ],
        [
            0,
            1,
            0,
            0,
            0.35714285714285715,
            0.5,
            1.0,
            1.0,
            1.1102230246251565e-16
        ],
        [
            0,
            0,
            1,
            0,
            0.07142857142857142,
            0.07142857142857142,
            0.25,
            0.25,
            0.0
        ],
        [
            0,
            0,
            1,
            0,
            0.14285714285714285,
            0.07142857142857142,
            0.25,
            0.25,
            0.0
        ],
        [
            0,
            0,
            1,
            0,
            0.07142857142857142,
            0.07142857142857142,
            0.25,
            0.25,
            -0.00018176300884409358
        ],
        [
            0,
            0,
            1,
            0,
            0.07142857142857142,
            0.07142857142857142,
            0.25,
            0.25,
            0.00018173164185053547
        ],
        [
            0,
            0,
            0,
            1,
            0.07142857142857142,
            0.0,
            0.25,
            0.0,
            3.1366993573913705e-08
        ]
    ],
    "nodeCount": 8,
    "edgeCount": 14,
    "tokenCount": 4,
    "nodes": [
        "0xc5c58b4f4c2a4e4e67882e712744638bdcdc5e41",
        "0x8f8dd7db1bda5ed3da8c9daf3bfa471c12d58486",
        "0xdef171fe48cf0115b1d80b88dc8eab59176fee57",
        "0x8840c6252e2e86e545defb6da98b2a0e26d8c1ba",
        "0xbb4cdb9cbd36b01bd1cbaebf2de08d9173bc095c",
        "0x046a9b3a9b743340ee2bc4c6ddd35543e237c6c2",
        "0x119d6ebe840966c9cf4ff6603e76208d30ba2179",
        "0x50c491ffda25f9e472d467d60835468c522e7d3a"
    ],
    "tokens": [
        "0x55d398326f99059ff775485246999027b3197955",
        "0xbb4cdb9cbd36b01bd1cbaebf2de08d9173bc095c",
        "native_token",
        "0xe0f94ac5462997d2bc57287ac3a3ae4c31345d66"
    ]
}