{
    "hash": "0x52b8c726fbcb549420aa0a12fce03a28d67c012ad8853ff492ee93ec71a057c8",
    "chain": "Ethereum",
    "U": [
        0,
        1,
        2,
        2,
        1,
        2,
        2,
        1,
        2,
        2,
        1,
        2,
        2
    ],
    "V": [
        1,
        2,
        3,
        4,
        2,
        3,
        5,
        2,
        3,
        6,
        2,
        3,
        7
    ],
    "feat": [
        [
            0,
            0,
            0,
            1,
            0.0,
            0.07692307692307693,
            0.0,
            1.0,
            -1.0
        ],
        [
            0,
            1,
            0,
            0,
            0.07692307692307693,
            0.3076923076923077,
            1.0,
            1.0,
            0.0
        ],
        [
            0,
            1,
            0,
            0,
            0.3076923076923077,
            0.6153846153846154,
            1.0,
            1.0,
            5.551115123125783e-17
        ],
        [
            0,
            0,
            0,
            1,
            0.3076923076923077,
            0.0,
            1.0,
            0.0,
            0.04
        ],
        [
            0,
            0,
            0,
            1,
            0.07692307692307693,
            0.0,
            1.0,
            0.0,
            0.23719115734720417
        ],
        [
            0,
            0,
            0,
            1,
            0.07692307692307693,
            0.0,
            1.0,
            0.0,
            0.23719115734720417
        ],
        [
            0,
            0,
            0,
            1,
            0.07692307692307693,
            0.0,
            1.0,
            0.0,
            0.2434330299089727
        ],
        [
            0,
            0,
            0,
            1,
            0.07692307692307693,
            0.0,
            1.0,
            0.0,
            0.242184655396619
        ]
    ],
    "nodeCount": 8,
    "edgeCount": 13,
    "tokenCount": 1,
    "nodes": [
        "0xd89b835e9064d5f623f720ba368232d3c0a42886",
        "0x0a267cf51ef038fc00e71801f5a524aec06e4f07",
        "0x7be8076f4ea4a4ad08075c2508e481d6c946d12b",
        "0x5b3256965e7c3cf26e11fcaf296dfc8807c01073",
        "0x99e73a69536f7365fd4f2f2e5391f5daa484b99b",
        "0x62ec7b6661b259fc7527003f9cd5f4bba5f7336b",
        "0xdbd5db30fb66425d40c936f6ce510098c8c2cd71",
        "0xa85fa1b4b064fbe4f111da849d1288418f92b9a8"
    ],
    "tokens": [
        "native_token"
    ]
}