{
    "hash": "0x53cf227b9458a80fe70dc87f57a0f8c2f462a4efca49ab6d46b1aeec156ae737",
    "chain": "Ethereum",
    "U": [
        0,
        1,
        2,
        1,
        3,
        1,
        1,
        4,
        1
    ],
    "V": [
        1,
        2,
        1,
        3,
        1,
        3,
        3,
        1,
        0
    ],
    "feat": [
        [
            0,
            0,
            0,
            1,
            0.1111111111111111,
            0.1111111111111111,
            0.25,
            0.25,
            0.0
        ],
        [
            0,
            1,
            0,
            0,
            0.4444444444444444,
            0.5555555555555556,
            1.0,
            1.0,
            0.0
        ],
        [
            0,
            0,
            0,
            1,
            0.1111111111111111,
            0.1111111111111111,
            0.25,
            0.25,
            0.0
        ],
        [
            0,
            0,
            1,
            0,
            0.3333333333333333,
            0.1111111111111111,
            0.5,
            0.25,
            1.0
        ],
        [
            0,
            0,
            0,
            1,
            0.0,
            0.1111111111111111,
            0.0,
            0.25,
            -1.0
        ]
    ],
    "nodeCount": 5,
    "edgeCount": 9,
    "tokenCount": 4,
    "nodes": [
        "0xd674d9dbea02b7457408ed2cd21051498ec8d13c",
        "0x5acedba6c402e2682d312a7b4982eda0ccf2d2e3",
        "0x6be36e53242a2224942826afa2d24960419f84ee",
        "0x6d76f7d16ca40dd13e52df3e1615318f763c0241",
        "0x0000000000000000000000000000000000000000"
    ],
    "tokens": [
        "0x6b175474e89094c44da98b954eedeac495271d0f",
        "0xc02aaa39b223fe8d0a0e5c4f27ead9083c756cc2",
        "0x70401dfd142a16dc7031c56e862fc88cb9537ce0",
        "0x6d76f7d16ca40dd13e52df3e1615318f763c0241"
    ]
}