{
    "hash": "0x53b093cf1e602a47d1d187a0b39700339ba262bbb66d3d48e21ab3cf1732264f",
    "chain": "Binance",
    "U": [
        0,
        1,
        2,
        2,
        4,
        2,
        5,
        6,
        2,
        2
    ],
    "V": [
        1,
        2,
        3,
        4,
        2,
        5,
        6,
        2,
        7,
        0
    ],
    "feat": [
        [
            0,
            0,
            0,
            1,
            0.1,
            0.1,
            0.25,
            0.25,
            -0.004966210785842473
        ],
        [
            0,
            1,
            0,
            0,
            0.1,
            0.1,
            0.25,
            0.25,
            0.0
        ],
        [
            0,
            1,
            0,
            0,
            0.3,
            0.5,
            0.75,
            1.0,
            -1.0
        ],
        [
            0,
            0,
            1,
            0,
            0.1,
            0.0,
            0.25,
            0.0,
            1.0
        ],
        [
            0,
            1,
            0,
            0,
            0.1,
            0.1,
            0.25,
            0.25,
            0.0
        ],
        [
            0,
            0,
            1,
            0,
            0.1,
            0.1,
            0.25,
            0.25,
            0.0015044047937674554
        ],
        [
            0,
            0,
            1,
            0,
            0.1,
            0.1,
            0.25,
            0.25,
            -0.0015044047937674554
        ],
        [
            0,
            0,
            0,
            1,
            0.1,
            0.0,
            0.25,
            0.0,
            0.004966210785842511
        ]
    ],
    "nodeCount": 8,
    "edgeCount": 10,
    "tokenCount": 4,
    "nodes": [
        "0xd1ef6a8f0ed5392a579d720d2a49a003341f9c5c",
        "0xdef1c0ded9bec7f1a1670819833240f027b25eff",
        "0xdb6f1920a889355780af7570773609bd8cb1f498",
        "0xbb4cdb9cbd36b01bd1cbaebf2de08d9173bc095c",
        "0x0fe261aee0d1c4dfddee4102e82dd425999065f4",
        "0x58f876857a02d6762e0101bb5c46a8c1ed44dc16",
        "0x7396ff557cdf8af80ed8aa92b910eab2a278bda3",
        "0x96c195f6643a3d797cb90cb6ba0ae2776d51b5f3"
    ],
    "tokens": [
        "native_token",
        "0xbb4cdb9cbd36b01bd1cbaebf2de08d9173bc095c",
        "0xe9e7cea3dedca5984780bafc599bd69add087d56",
        "0x72eb7ca07399ec402c5b7aa6a65752b6a1dc0c27"
    ]
}