{
    "hash": "0x548b0524ae35e6a098754d25854c9532eb227a7a768bece00d3f19d9ed6a4b8a",
    "chain": "Ethereum",
    "U": [
        0,
        2,
        3,
        1,
        1,
        4,
        1
    ],
    "V": [
        1,
        0,
        1,
        3,
        4,
        1,
        2
    ],
    "feat": [
        [
            1,
            0,
            0,
            0,
            0.14285714285714285,
            0.14285714285714285,
            0.25,
            0.25,
            0.0
        ],
        [
            0,
            1,
            0,
            0,
            0.42857142857142855,
            0.42857142857142855,
            0.75,
            0.75,
            0.0
        ],
        [
            0,
            0,
            0,
            1,
            0.14285714285714285,
            0.14285714285714285,
            0.25,
            0.25,
            0.0
        ],
        [
            1,
            0,
            0,
            0,
            0.14285714285714285,
            0.14285714285714285,
            0.25,
            0.25,
            0.0
        ],
        [
            0,
            0,
            1,
            0,
            0.14285714285714285,
            0.14285714285714285,
            0.25,
            0.25,
            0.0
        ]
    ],
    "nodeCount": 5,
    "edgeCount": 7,
    "tokenCount": 4,
    "nodes": [
        "0x6a9850e46518231b23e50467c975fa94026be5d5",
        "0xdef1c0ded9bec7f1a1670819833240f027b25eff",
        "0xd3e8f8457649365fe41dcc046233b289e72ca61b",
        "0x88e6a0c2ddd26feeb64f039a2c41296fcb3f5640",
        "0xc02aaa39b223fe8d0a0e5c4f27ead9083c756cc2"
    ],
    "tokens": [
        "0xa0b86991c6218b36c1d19d4a2e9eb0ce3606eb48",
        "0x57ab1ec28d129707052df4df418d58a2d46d5f51",
        "0xc02aaa39b223fe8d0a0e5c4f27ead9083c756cc2",
        "native_token"
    ]
}