{
    "hash": "0x54dc55958e4003c90f5a9b8d4bd0d72f5d053775dbe6c2964fd63a5b40b9df67",
    "chain": "Ethereum",
    "U": [
        0,
        1,
        2,
        0,
        3,
        0,
        4,
        0,
        5,
        0
    ],
    "V": [
        1,
        0,
        0,
        2,
        0,
        3,
        0,
        4,
        0,
        5
    ],
    "feat": [
        [
            1,
            0,
            0,
            0,
            0.5,
            0.5,
            1.0,
            1.0,
            0.00307766878362159
        ],
        [
            0,
            0,
            1,
            0,
            0.1,
            0.1,
            0.2,
            0.2,
            -0.003077668783621257
        ],
        [
            0,
            1,
            0,
            0,
            0.1,
            0.1,
            0.2,
            0.2,
            0.0
        ],
        [
            1,
            0,
            0,
            0,
            0.1,
            0.1,
            0.2,
            0.2,
            0.0
        ],
        [
            1,
            0,
            0,
            0,
            0.1,
            0.1,
            0.2,
            0.2,
            0.0
        ],
        [
            0,
            1,
            0,
            0,
            0.1,
            0.1,
            0.2,
            0.2,
            0.0
        ]
    ],
    "nodeCount": 6,
    "edgeCount": 10,
    "tokenCount": 5,
    "nodes": [
        "0x0000000089341e263b85d84a0eea39f47c37a9d2",
        "0xb4e16d0168e52d35cacd2c6185b44281ec28c9dc",
        "0x7858e59e0c01ea06df3af3d20ac7b0003275d4bf",
        "0x6f48eca74b38d2936b02ab603ff4e36a6c0e3a77",
        "0x0923b26b1874d76e9141450cc69241229e04914d",
        "0xf87bb87fd9ea1c260ddf77b9c707ad9437ff8364"
    ],
    "tokens": [
        "0xc02aaa39b223fe8d0a0e5c4f27ead9083c756cc2",
        "0xa0b86991c6218b36c1d19d4a2e9eb0ce3606eb48",
        "0xdac17f958d2ee523a2206206994597c13d831ec7",
        "0x6b175474e89094c44da98b954eedeac495271d0f",
        "0xc7283b66eb1eb5fb86327f08e1b5816b0720212b"
    ]
}