{
    "hash": "0x54c1dd52edfd23ad7082f1651db54247e59535837350aadcf46784d4245f2763",
    "chain": "Ethereum",
    "U": [
        0,
        1,
        1,
        1,
        1,
        1,
        1,
        1,
        1,
        1,
        1,
        1,
        1,
        1,
        1,
        1,
        1,
        1,
        1,
        1,
        1,
        1,
        1,
        1,
        1,
        1,
        1,
        1,
        1,
        1,
        1,
        1,
        1,
        1,
        1,
        1,
        1,
        1,
        1,
        1,
        1
    ],
    "V": [
        1,
        1,
        2,
        1,
        2,
        1,
        2,
        1,
        2,
        1,
        2,
        1,
        2,
        1,
        2,
        1,
        2,
        1,
        2,
        1,
        2,
        1,
        2,
        1,
        2,
        1,
        2,
        1,
        2,
        1,
        2,
        1,
        2,
        1,
        2,
        1,
        2,
        1,
        2,
        1,
        2
    ],
    "feat": [
        [
            0,
            0,
            0,
            1,
            0.0,
            0.024390243902439025,
            0.0,
            1.0,
            -1.0
        ],
        [
            0,
            1,
            0,
            0,
            0.5121951219512195,
            0.975609756097561,
            1.0,
            1.0,
            -5.134781488891349e-16
        ],
        [
            0,
            0,
            0,
            1,
            0.4878048780487805,
            0.0,
            1.0,
            0.0,
            1.0000000000000002
        ]
    ],
    "nodeCount": 3,
    "edgeCount": 41,
    "tokenCount": 1,
    "nodes": [
        "0x5cea0036b06904f1e1a8f092ed3983b9fe60af2d",
        "0xfbddadd80fe7bda00b901fbaf73803f2238ae655",
        "0x4b5057b2c87ec9e7c047fb00c0e406dff2fdacad"
    ],
    "tokens": [
        "native_token"
    ]
}