{
    "hash": "0x550861e0ab874d3c48ad55f6a6f7d8189aa3561057fe8199a7c6a02d555295cf",
    "chain": "Ethereum",
    "U": [
        0,
        0,
        3,
        2,
        5,
        4,
        2
    ],
    "V": [
        1,
        2,
        4,
        3,
        2,
        5,
        0
    ],
    "feat": [
        [
            0,
            0,
            0,
            1,
            0.14285714285714285,
            0.2857142857142857,
            0.3333333333333333,
            0.3333333333333333,
            -0.010101010101010166
        ],
        [
            0,
            0,
            0,
            1,
            0.14285714285714285,
            0.0,
            0.3333333333333333,
            0.0,
            0.010101010101010102
        ],
        [
            0,
            1,
            0,
            0,
            0.2857142857142857,
            0.2857142857142857,
            0.6666666666666666,
            0.6666666666666666,
            0.0
        ],
        [
            1,
            0,
            0,
            0,
            0.14285714285714285,
            0.14285714285714285,
            0.3333333333333333,
            0.3333333333333333,
            0.0
        ],
        [
            0,
            1,
            0,
            0,
            0.14285714285714285,
            0.14285714285714285,
            0.3333333333333333,
            0.3333333333333333,
            0.0
        ],
        [
            0,
            1,
            0,
            0,
            0.14285714285714285,
            0.14285714285714285,
            0.3333333333333333,
            0.3333333333333333,
            0.0
        ]
    ],
    "nodeCount": 6,
    "edgeCount": 7,
    "tokenCount": 3,
    "nodes": [
        "0x79834dbad3bb2e421db3286227f53b3e1b0d150a",
        "0x382ffce2287252f930e1c8dc9328dac5bf282ba1",
        "0xe66b31678d6c16e9ebf358268a790b763c133750",
        "0x88e6a0c2ddd26feeb64f039a2c41296fcb3f5640",
        "0xdef1c0ded9bec7f1a1670819833240f027b25eff",
        "0xf4ad61db72f114be877e87d62dc5e7bd52df4d9b"
    ],
    "tokens": [
        "0xa0b86991c6218b36c1d19d4a2e9eb0ce3606eb48",
        "0xc02aaa39b223fe8d0a0e5c4f27ead9083c756cc2",
        "0x5a98fcbea516cf06857215779fd812ca3bef1b32"
    ]
}