{
    "hash": "0x55098a392af1409509fa9ef3083ac1ac0f7fd9a1e52370f45b029e5e3ec699c9",
    "chain": "Binance",
    "U": [
        0,
        1,
        2,
        2,
        4,
        2,
        5,
        6,
        2,
        2
    ],
    "V": [
        1,
        2,
        3,
        4,
        2,
        5,
        6,
        7,
        7,
        7
    ],
    "feat": [
        [
            0,
            0,
            0,
            1,
            0.0,
            0.1,
            0.0,
            0.25,
            -1.0
        ],
        [
            0,
            1,
            0,
            0,
            0.1,
            0.1,
            0.25,
            0.25,
            0.0
        ],
        [
            0,
            1,
            0,
            0,
            0.2,
            0.5,
            0.5,
            1.0,
            -1.98
        ],
        [
            0,
            0,
            1,
            0,
            0.1,
            0.0,
            0.25,
            0.0,
            1.0
        ],
        [
            0,
            1,
            0,
            0,
            0.1,
            0.1,
            0.25,
            0.25,
            0.0
        ],
        [
            0,
            0,
            1,
            0,
            0.1,
            0.1,
            0.25,
            0.25,
            0.002134488186983252
        ],
        [
            0,
            0,
            1,
            0,
            0.1,
            0.1,
            0.25,
            0.25,
            -0.002134488186983252
        ],
        [
            0,
            0,
            0,
            1,
            0.3,
            0.0,
            0.25,
            0.0,
            1.98
        ]
    ],
    "nodeCount": 8,
    "edgeCount": 10,
    "tokenCount": 4,
    "nodes": [
        "0x72045593685ceeeafe7d2b803d7545a031525ab6",
        "0xdef1c0ded9bec7f1a1670819833240f027b25eff",
        "0xdb6f1920a889355780af7570773609bd8cb1f498",
        "0xbb4cdb9cbd36b01bd1cbaebf2de08d9173bc095c",
        "0x0fe261aee0d1c4dfddee4102e82dd425999065f4",
        "0x58f876857a02d6762e0101bb5c46a8c1ed44dc16",
        "0xd7d71bb508a06275574ac2b65c195c5b6cf3e405",
        "0x0000000000000000000000000000000000000000"
    ],
    "tokens": [
        "native_token",
        "0xbb4cdb9cbd36b01bd1cbaebf2de08d9173bc095c",
        "0xe9e7cea3dedca5984780bafc599bd69add087d56",
        "0xe6e2454bd6d85e52309bfb6a3e3521e83c53da8a"
    ]
}