{
    "hash": "0x55d8c9f05662cc4697b1436f82c2a3e7b9e82d18c6e70f7876329160a7ef19d5",
    "chain": "Ethereum",
    "U": [
        0,
        1,
        3
    ],
    "V": [
        1,
        2,
        4
    ],
    "feat": [
        [
            0,
            0,
            0,
            1,
            0.0,
            0.3333333333333333,
            0.0,
            0.5,
            -1.0
        ],
        [
            0,
            1,
            0,
            0,
            0.3333333333333333,
            0.3333333333333333,
            0.5,
            0.5,
            0.0
        ],
        [
            0,
            0,
            0,
            1,
            0.3333333333333333,
            0.0,
            0.5,
            0.0,
            1.0
        ],
        [
            0,
            0,
            1,
            0,
            0.0,
            0.3333333333333333,
            0.0,
            0.5,
            -1.0
        ],
        [
            0,
            1,
            0,
            0,
            0.3333333333333333,
            0.0,
            0.5,
            0.0,
            1.0
        ]
    ],
    "nodeCount": 5,
    "edgeCount": 3,
    "tokenCount": 2,
    "nodes": [
        "0x7bfee91193d9df2ac0bfe90191d40f23c773c060",
        "0x42743f4d9f139bfd04680df50bce2d7dd8816f90",
        "0x0000000000000000000000000000000000000000",
        "0x1f573d6fb3f13d689ff844b4ce37794d79a7ff1c",
        "0xd1d846312b819743974786050848d9b3d06b9b55"
    ],
    "tokens": [
        "0x48fb253446873234f2febbf9bdeaa72d9d387f94",
        "0x1f573d6fb3f13d689ff844b4ce37794d79a7ff1c"
    ]
}