{
    "hash": "0x56071fb92f01fad3a4e99c5062d3a299cfdfcac67fb98700b5a8ef7f81be6832",
    "chain": "Ethereum",
    "U": [
        0,
        1,
        2,
        3,
        4,
        2,
        5,
        2,
        2,
        6,
        2
    ],
    "V": [
        1,
        2,
        3,
        2,
        2,
        4,
        2,
        5,
        6,
        2,
        0
    ],
    "feat": [
        [
            0,
            0,
            0,
            1,
            0.09090909090909091,
            0.09090909090909091,
            0.25,
            0.25,
            0.0
        ],
        [
            0,
            0,
            1,
            0,
            0.09090909090909091,
            0.09090909090909091,
            0.25,
            0.25,
            0.0
        ],
        [
            1,
            0,
            0,
            0,
            0.45454545454545453,
            0.45454545454545453,
            0.75,
            0.75,
            0.0
        ],
        [
            0,
            0,
            1,
            0,
            0.09090909090909091,
            0.09090909090909091,
            0.25,
            0.25,
            -0.010535389567070605
        ],
        [
            1,
            0,
            0,
            0,
            0.09090909090909091,
            0.09090909090909091,
            0.25,
            0.25,
            -0.09999999999999998
        ],
        [
            1,
            0,
            0,
            0,
            0.09090909090909091,
            0.09090909090909091,
            0.25,
            0.25,
            0.042144676095742795
        ],
        [
            0,
            0,
            1,
            0,
            0.09090909090909091,
            0.09090909090909091,
            0.25,
            0.25,
            0.06839071347132786
        ]
    ],
    "nodeCount": 7,
    "edgeCount": 11,
    "tokenCount": 4,
    "nodes": [
        "0xaef5865760687580de4af074ed56ff9b6e6aa1e3",
        "0x3058ef90929cb8180174d74c507176cca6835d73",
        "0xfd3dfb524b2da40c8a6d703c62be36b5d8540626",
        "0xfb07fa808061d5cf17fc324a92f4e0eb753b9f67",
        "0x60594a405d53811d3bc4766596efd80fd545a270",
        "0x80c7770b4399ae22149db17e97f9fc8a10ca5100",
        "0xd583d0824ed78767e0e35b9bf7a636c81c665aa8"
    ],
    "tokens": [
        "0xdac17f958d2ee523a2206206994597c13d831ec7",
        "0x6b175474e89094c44da98b954eedeac495271d0f",
        "0xc02aaa39b223fe8d0a0e5c4f27ead9083c756cc2",
        "0xa8b919680258d369114910511cc87595aec0be6d"
    ]
}