{
    "hash": "0x562af042f57b6cde9323f31ab2fc133524c1d82b4f42fb1775451c0386fe222c",
    "chain": "Ethereum",
    "U": [
        0,
        1,
        2,
        3,
        1,
        4,
        5,
        1,
        1
    ],
    "V": [
        1,
        2,
        3,
        1,
        4,
        1,
        1,
        5,
        0
    ],
    "feat": [
        [
            0,
            0,
            0,
            1,
            0.1111111111111111,
            0.1111111111111111,
            0.2,
            0.2,
            0.0
        ],
        [
            0,
            1,
            0,
            0,
            0.4444444444444444,
            0.4444444444444444,
            0.8,
            0.8,
            0.0
        ],
        [
            0,
            1,
            0,
            0,
            0.1111111111111111,
            0.1111111111111111,
            0.2,
            0.2,
            0.0
        ],
        [
            0,
            1,
            0,
            0,
            0.1111111111111111,
            0.1111111111111111,
            0.2,
            0.2,
            0.0
        ],
        [
            0,
            0,
            1,
            0,
            0.1111111111111111,
            0.1111111111111111,
            0.2,
            0.2,
            0.0
        ],
        [
            1,
            0,
            0,
            0,
            0.1111111111111111,
            0.1111111111111111,
            0.2,
            0.2,
            0.0
        ]
    ],
    "nodeCount": 6,
    "edgeCount": 9,
    "tokenCount": 5,
    "nodes": [
        "0x4bdfc44bfb2f5329cd1647002cbb664a43dcf945",
        "0x22f9dcf4647084d6c31b2765f6910cd85c178c18",
        "0x8df51a9714ae6357a5b829cc8d677b43d7e8bd53",
        "0x4c9a2bd661d640da3634a4988a9bd2bc0f18e5a9",
        "0xc02aaa39b223fe8d0a0e5c4f27ead9083c756cc2",
        "0x88e6a0c2ddd26feeb64f039a2c41296fcb3f5640"
    ],
    "tokens": [
        "0x514910771af9ca656af840dff83e8264ecf986ca",
        "0x1f573d6fb3f13d689ff844b4ce37794d79a7ff1c",
        "native_token",
        "0xc02aaa39b223fe8d0a0e5c4f27ead9083c756cc2",
        "0xa0b86991c6218b36c1d19d4a2e9eb0ce3606eb48"
    ]
}