{
    "hash": "0x565d2d2437d5b3c6a62dd323beb9efce455eb5de34c12067ec708649eb16c74a",
    "chain": "Ethereum",
    "U": [
        0,
        1,
        0,
        2,
        3,
        0,
        0,
        0,
        5,
        4,
        0,
        1
    ],
    "V": [
        1,
        0,
        2,
        0,
        0,
        3,
        4,
        5,
        0,
        6,
        1,
        0
    ],
    "feat": [
        [
            1,
            0,
            0,
            0,
            0.4166666666666667,
            0.5,
            1.0,
            1.0,
            0.0031711230228164133
        ],
        [
            0,
            0,
            1,
            0,
            0.16666666666666666,
            0.16666666666666666,
            0.5,
            0.5,
            1.1102230246251565e-16
        ],
        [
            0,
            0,
            1,
            0,
            0.08333333333333333,
            0.08333333333333333,
            0.25,
            0.25,
            -0.0032334230226339633
        ],
        [
            1,
            0,
            0,
            0,
            0.08333333333333333,
            0.08333333333333333,
            0.25,
            0.25,
            -1.8385293287792592e-13
        ],
        [
            0,
            1,
            0,
            0,
            0.08333333333333333,
            0.08333333333333333,
            0.25,
            0.25,
            0.0
        ],
        [
            0,
            0,
            0,
            1,
            0.08333333333333333,
            0.08333333333333333,
            0.25,
            0.25,
            0.0
        ],
        [
            0,
            1,
            0,
            0,
            0.08333333333333333,
            0.0,
            0.25,
            0.0,
            6.2300000000875e-05
        ]
    ],
    "nodeCount": 7,
    "edgeCount": 12,
    "tokenCount": 4,
    "nodes": [
        "0x0000000000007f150bd6f54c40a34d7c3d5e9f56",
        "0xc02aaa39b223fe8d0a0e5c4f27ead9083c756cc2",
        "0x94b0a3d511b6ecdb17ebf877278ab030acb0a878",
        "0x5180545835bd68810fb7e11c7160bb7ea4ae8744",
        "0x61935cbdd02287b511119ddb11aeb42f1593b7ef",
        "0x7b1886e49ab5433bb46f7258548092dc8cdca28b",
        "0xa26e80e7dea86279c6d778d702cc413e6cffa777"
    ],
    "tokens": [
        "native_token",
        "0xc02aaa39b223fe8d0a0e5c4f27ead9083c756cc2",
        "0x956f47f50a910163d8bf957cf5846d573e7f87ca",
        "0xa0b86991c6218b36c1d19d4a2e9eb0ce3606eb48"
    ]
}