{
    "hash": "0x566d9e16fe098fc294c5836112f8d5abe0223bfb2af738373538d6c450813a81",
    "chain": "Binance",
    "U": [
        0,
        2,
        1,
        3,
        1,
        5
    ],
    "V": [
        1,
        1,
        3,
        4,
        5,
        0
    ],
    "feat": [
        [
            0,
            0,
            0,
            1,
            0.16666666666666666,
            0.16666666666666666,
            0.25,
            0.25,
            0.0
        ],
        [
            0,
            0,
            1,
            0,
            0.3333333333333333,
            0.3333333333333333,
            0.25,
            0.25,
            -2.616968085719651e-06
        ],
        [
            0,
            0,
            1,
            0,
            0.0,
            0.16666666666666666,
            0.0,
            0.25,
            -0.08333333333333333
        ],
        [
            0,
            0,
            1,
            0,
            0.16666666666666666,
            0.16666666666666666,
            0.25,
            0.25,
            -0.916664049698581
        ],
        [
            0,
            0,
            0,
            1,
            0.16666666666666666,
            0.0,
            0.25,
            0.0,
            1.0
        ],
        [
            0,
            0,
            1,
            0,
            0.16666666666666666,
            0.16666666666666666,
            0.25,
            0.25,
            0.0
        ]
    ],
    "nodeCount": 6,
    "edgeCount": 6,
    "tokenCount": 4,
    "nodes": [
        "0x6a153b17e0d250357c1f880f776103bfaf211006",
        "0x445e40dc6a03a601ce8fc7b604a45307947ce127",
        "0xb8e3bb633f7276cc17735d86154e0ad5ec9928c0",
        "0x48d807e5cb92617953a88cce78dcf31012f4d6b6",
        "0x86459a6ce2eea6f86f3618895370ab47e1737acf",
        "0x1baa21674cd0c493b1e6c7e03f9c2917ea6cc201"
    ],
    "tokens": [
        "0xb8e3bb633f7276cc17735d86154e0ad5ec9928c0",
        "0xbb4cdb9cbd36b01bd1cbaebf2de08d9173bc095c",
        "0xe9c803f48dffe50180bd5b01dc04da939e3445fc",
        "0xdb0170e2d0c1cc1b2e7a90313d9b9afa4f250289"
    ]
}