{
    "hash": "0x570cfc471363a9b4fab955f5cd3dbcd50fb4dda559f976e79c689cb687a8d59b",
    "chain": "Ethereum",
    "U": [
        0,
        1,
        0,
        2,
        0,
        3,
        4,
        0,
        1
    ],
    "V": [
        1,
        0,
        2,
        0,
        3,
        4,
        0,
        1,
        0
    ],
    "feat": [
        [
            1,
            0,
            0,
            0,
            0.4444444444444444,
            0.4444444444444444,
            0.75,
            0.75,
            0.02065764416682825
        ],
        [
            0,
            0,
            1,
            0,
            0.2222222222222222,
            0.2222222222222222,
            0.5,
            0.5,
            0.0
        ],
        [
            0,
            0,
            1,
            0,
            0.1111111111111111,
            0.1111111111111111,
            0.25,
            0.25,
            -0.020657643876380805
        ],
        [
            0,
            1,
            0,
            0,
            0.1111111111111111,
            0.1111111111111111,
            0.25,
            0.25,
            -2.9044766591823645e-10
        ],
        [
            0,
            0,
            1,
            0,
            0.1111111111111111,
            0.1111111111111111,
            0.25,
            0.25,
            0.0
        ]
    ],
    "nodeCount": 5,
    "edgeCount": 9,
    "tokenCount": 4,
    "nodes": [
        "0x0000000000007f150bd6f54c40a34d7c3d5e9f56",
        "0xc02aaa39b223fe8d0a0e5c4f27ead9083c756cc2",
        "0xeeb82fa092e3cecb1ba99f8342775b70efb40cf8",
        "0x5b8fb733f1a427e68533db48b7210d1548ee1dcd",
        "0x8d9b9e25b208cac58415d915898c2ffa3a530aa1"
    ],
    "tokens": [
        "native_token",
        "0xc02aaa39b223fe8d0a0e5c4f27ead9083c756cc2",
        "0xa0b86991c6218b36c1d19d4a2e9eb0ce3606eb48",
        "0xba9d4199fab4f26efe3551d490e3821486f135ba"
    ]
}