{
    "hash": "0x577bc7acd7ae10fbb7fc0e8fd8a0bb0eb53794054e82d69ea4733d070783354b",
    "chain": "Ethereum",
    "U": [
        0,
        2,
        1,
        1,
        3,
        4,
        1,
        1,
        5,
        7,
        5,
        1,
        8
    ],
    "V": [
        1,
        1,
        2,
        3,
        1,
        1,
        4,
        5,
        6,
        5,
        1,
        8,
        0
    ],
    "feat": [
        [
            0,
            0,
            0,
            1,
            0.07692307692307693,
            0.07692307692307693,
            0.2,
            0.2,
            0.0
        ],
        [
            1,
            0,
            0,
            0,
            0.38461538461538464,
            0.38461538461538464,
            0.8,
            0.8,
            0.0
        ],
        [
            1,
            0,
            0,
            0,
            0.07692307692307693,
            0.07692307692307693,
            0.2,
            0.2,
            -0.00014923297466257202
        ],
        [
            0,
            0,
            1,
            0,
            0.07692307692307693,
            0.07692307692307693,
            0.2,
            0.2,
            0.00014923297466262753
        ],
        [
            1,
            0,
            0,
            0,
            0.07692307692307693,
            0.07692307692307693,
            0.2,
            0.2,
            0.0
        ],
        [
            0,
            0,
            1,
            0,
            0.15384615384615385,
            0.15384615384615385,
            0.4,
            0.4,
            0.0
        ],
        [
            0,
            1,
            0,
            0,
            0.07692307692307693,
            0.0,
            0.2,
            0.0,
            1.0
        ],
        [
            0,
            0,
            0,
            1,
            0.0,
            0.07692307692307693,
            0.0,
            0.2,
            -1.0
        ],
        [
            0,
            1,
            0,
            0,
            0.07692307692307693,
            0.07692307692307693,
            0.2,
            0.2,
            0.0
        ]
    ],
    "nodeCount": 9,
    "edgeCount": 13,
    "tokenCount": 5,
    "nodes": [
        "0x94a468fcb53a043bf5cd95ef21892e02c71134be",
        "0x2057cfb9fd11837d61b294d514c5bd03e5e7189a",
        "0xfebf38b1d34818d4827034f97b7d6d77c79d4997",
        "0xb5de0c3753b6e1b4dba616db82767f17513e6d4e",
        "0xb3c839dbde6b96d37c56ee4f9dad3390d49310aa",
        "0x5a6a4d54456819380173272a5e8e9b9904bdf41b",
        "0xbebc44782c7db0a1a60cb6fe97d0b483032ff1c7",
        "0x0000000000000000000000000000000000000000",
        "0x1111111254fb6c44bac0bed2854e76f90643097d"
    ],
    "tokens": [
        "0x090185f2135308bad17527004364ebcc2d37e5f6",
        "0xc02aaa39b223fe8d0a0e5c4f27ead9083c756cc2",
        "0xdac17f958d2ee523a2206206994597c13d831ec7",
        "0x6c3f90f043a72fa612cbac8115ee7e52bde6e490",
        "0x99d8a9c45b2eca8864373a26d1459e3dff1e17f3"
    ]
}