{
    "hash": "0x57d7d57cfdf11362e8c6d5a154e18bee54402e9457c7260659b054c1ce0cc356",
    "chain": "Binance",
    "U": [
        0,
        2,
        1,
        1,
        1,
        3,
        4,
        5,
        3,
        5,
        3,
        5,
        4
    ],
    "V": [
        1,
        1,
        3,
        4,
        2,
        1,
        5,
        6,
        5,
        7,
        5,
        6,
        7
    ],
    "feat": [
        [
            0,
            0,
            1,
            0,
            0.0,
            0.07692307692307693,
            0.0,
            0.3333333333333333,
            -0.0024543433418179614
        ],
        [
            0,
            1,
            0,
            0,
            0.23076923076923078,
            0.23076923076923078,
            0.6666666666666666,
            0.6666666666666666,
            -0.9975456566581818
        ],
        [
            0,
            1,
            0,
            0,
            0.07692307692307693,
            0.07692307692307693,
            0.3333333333333333,
            0.3333333333333333,
            -0.9975456566581821
        ],
        [
            0,
            0,
            0,
            1,
            0.07692307692307693,
            0.23076923076923078,
            0.3333333333333333,
            0.6666666666666666,
            -0.15245434334181795
        ],
        [
            0,
            1,
            0,
            0,
            0.07692307692307693,
            0.15384615384615385,
            0.3333333333333333,
            0.3333333333333333,
            0.0
        ],
        [
            0,
            1,
            0,
            0,
            0.23076923076923078,
            0.23076923076923078,
            0.6666666666666666,
            0.6666666666666666,
            8.326672684688674e-17
        ],
        [
            0,
            1,
            0,
            0,
            0.15384615384615385,
            0.0,
            0.6666666666666666,
            0.0,
            0.44999999999999996
        ],
        [
            0,
            0,
            0,
            1,
            0.15384615384615385,
            0.0,
            0.6666666666666666,
            0.0,
            1.7
        ]
    ],
    "nodeCount": 8,
    "edgeCount": 13,
    "tokenCount": 3,
    "nodes": [
        "0x009cf7bc57584b7998236eff51b98a168dcea9b0",
        "0xedfcb78e73f7ba6ad2d829bf5d462a0924da28ed",
        "0x73feaa1ee314f8c655e354234017be2193c9e24e",
        "0x0000000000000000000000000000000000000000",
        "0x203ee29ba85bbdfa23bfae5d77620aefdaf92cb1",
        "0x8cb88701790f650f273c8bb2cc4c5f439cd65219",
        "0x0989091f27708bc92ea4ca60073e03592b94c0ee",
        "0x514bc8e22d055791995fcf137509be95dc20d48c"
    ],
    "tokens": [
        "0x0e09fabb73bd3ade0a17ecc321fd13a19e81ce82",
        "0x009cf7bc57584b7998236eff51b98a168dcea9b0",
        "0xc9849e6fdb743d08faee3e34dd2d1bc69ea11a51"
    ]
}