{
    "hash": "0x5739f715127b1d1b259bb502666b11a577d9a5b40d38774017b5301f5f0b27d4",
    "chain": "Binance",
    "U": [
        0,
        2,
        1,
        4,
        3,
        2,
        5,
        3,
        3,
        6,
        2,
        2,
        3,
        3,
        1,
        5,
        1,
        4,
        3
    ],
    "V": [
        1,
        1,
        3,
        3,
        2,
        5,
        3,
        4,
        6,
        5,
        7,
        3,
        4,
        1,
        8,
        0,
        3,
        3,
        0
    ],
    "feat": [
        [
            0,
            0,
            0,
            1,
            0.10526315789473684,
            0.05263157894736842,
            0.5,
            0.25,
            0.00032348235402315296
        ],
        [
            0,
            0,
            1,
            0,
            0.15789473684210525,
            0.15789473684210525,
            0.5,
            0.5,
            0.00012089602019559054
        ],
        [
            0,
            0,
            1,
            0,
            0.05263157894736842,
            0.21052631578947367,
            0.25,
            0.5,
            -0.8713020275681977
        ],
        [
            0,
            1,
            0,
            0,
            0.3157894736842105,
            0.3157894736842105,
            0.5,
            0.5,
            0.3787046998471556
        ],
        [
            0,
            0,
            1,
            0,
            0.10526315789473684,
            0.10526315789473684,
            0.25,
            0.25,
            -0.37870469984715616
        ],
        [
            0,
            1,
            0,
            0,
            0.10526315789473684,
            0.10526315789473684,
            0.5,
            0.5,
            0.9996765058909658
        ],
        [
            0,
            0,
            1,
            0,
            0.05263157894736842,
            0.05263157894736842,
            0.25,
            0.25,
            -0.41666666666666663
        ],
        [
            0,
            0,
            0,
            1,
            0.05263157894736842,
            0.0,
            0.25,
            0.0,
            0.25
        ],
        [
            0,
            0,
            0,
            1,
            0.05263157894736842,
            0.0,
            0.25,
            0.0,
            0.03784780996968
        ]
    ],
    "nodeCount": 9,
    "edgeCount": 19,
    "tokenCount": 4,
    "nodes": [
        "0xea6a81a4a5aa52387189aeaacd7943c948973193",
        "0x3351696d1538a3b38ea1d90c7ae9b3f3a4f58c7e",
        "0x7c4f83697da7341e2e6766fede02f3b685343551",
        "0x10ed43c718714eb63d5aa57b78b54704e256024e",
        "0xbb4cdb9cbd36b01bd1cbaebf2de08d9173bc095c",
        "0x5c110bedd567d5ac2bb72c62bc4bf53bb29e4520",
        "0xc2d00de94795e60fb76bc37d899170996cbda436",
        "0x6461dcb3e0d44415b72c2d268f949d14c275880b",
        "0x000000000000000000000000000000000000dead"
    ],
    "tokens": [
        "0x7c4f83697da7341e2e6766fede02f3b685343551",
        "0xbb4cdb9cbd36b01bd1cbaebf2de08d9173bc095c",
        "native_token",
        "0x715d400f88c167884bbcc41c5fea407ed4d2f8a0"
    ]
}