{
    "hash": "0x58e25ced06c8e85095b5f9c88133830d67e890a2b1d54c7478e1112510d778ff",
    "chain": "Ethereum",
    "U": [
        0,
        1,
        2,
        3,
        4,
        5,
        0,
        0
    ],
    "V": [
        1,
        2,
        3,
        4,
        5,
        0,
        6,
        7
    ],
    "feat": [
        [
            1,
            0,
            0,
            0,
            0.125,
            0.375,
            0.14285714285714285,
            0.42857142857142855,
            -1.9831261887189973
        ],
        [
            0,
            0,
            1,
            0,
            0.125,
            0.125,
            0.14285714285714285,
            0.14285714285714285,
            -0.016873811281002515
        ],
        [
            0,
            0,
            1,
            0,
            0.125,
            0.125,
            0.14285714285714285,
            0.14285714285714285,
            0.0
        ],
        [
            0,
            0,
            1,
            0,
            0.125,
            0.125,
            0.14285714285714285,
            0.14285714285714285,
            0.0
        ],
        [
            0,
            0,
            1,
            0,
            0.125,
            0.125,
            0.14285714285714285,
            0.14285714285714285,
            0.0
        ],
        [
            0,
            0,
            1,
            0,
            0.125,
            0.125,
            0.14285714285714285,
            0.14285714285714285,
            0.0
        ],
        [
            0,
            0,
            0,
            1,
            0.125,
            0.0,
            0.14285714285714285,
            0.0,
            1.0
        ],
        [
            0,
            0,
            0,
            1,
            0.125,
            0.0,
            0.14285714285714285,
            0.0,
            1.0
        ]
    ],
    "nodeCount": 8,
    "edgeCount": 8,
    "tokenCount": 7,
    "nodes": [
        "0x3c653f8fed7b0f51c1cadf46e7c798b476ca8d3a",
        "0xf274d21e16cd7fa726585c6b12f817b81f7ced22",
        "0x1c19fd9bd77d4383c66d9a6ecf1bc67d462c477f",
        "0xae461ca67b15dc8dc81ce7615e0320da1a9ab8d5",
        "0xa9d0d2290e9b672532b983c5981e1ea420005cbc",
        "0x9c6c852a56de59a59f7a4527724a2a0a87f7d223",
        "0x5a0b54d5dc17e0aadc383d2db43b0a0d3e029c4c",
        "0x0000000000000000000000000000000000000000"
    ],
    "tokens": [
        "0xc02aaa39b223fe8d0a0e5c4f27ead9083c756cc2",
        "0x9393fdc77090f31c7db989390d43f454b1a6e7f3",
        "0x6b175474e89094c44da98b954eedeac495271d0f",
        "0xa0b86991c6218b36c1d19d4a2e9eb0ce3606eb48",
        "0x539f3615c1dbafa0d008d87504667458acbd16fa",
        "native_token",
        "0x0000000000004946c0e9f43f4dee607b0ef1fa1c"
    ]
}