{
    "hash": "0x580552ed108fe8957277e8d14d6bf083e85c197235e554e8005711d4dbab6b33",
    "chain": "Binance",
    "U": [
        0,
        1,
        1
    ],
    "V": [
        1,
        2,
        3
    ],
    "feat": [
        [
            0,
            0,
            0,
            1,
            0.0,
            0.3333333333333333,
            0.0,
            1.0,
            -1.0
        ],
        [
            1,
            0,
            0,
            0,
            0.3333333333333333,
            0.6666666666666666,
            1.0,
            1.0,
            0.0
        ],
        [
            0,
            0,
            0,
            1,
            0.3333333333333333,
            0.0,
            1.0,
            0.0,
            0.05
        ],
        [
            0,
            0,
            0,
            1,
            0.3333333333333333,
            0.0,
            1.0,
            0.0,
            0.95
        ]
    ],
    "nodeCount": 4,
    "edgeCount": 3,
    "tokenCount": 1,
    "nodes": [
        "0x2a79c6026e0ed7939b1cfcd4e9d45afea595aaaa",
        "0xadbcac8c7ecb25c5f338b697a1e47f700b032d43",
        "0x4e1d26bfef49938673227a80ecc732bead86735b",
        "0x5dfc06ab0b83b6ee9e3645aa9b6254fa5740a250"
    ],
    "tokens": [
        "0x12bb890508c125661e03b09ec06e404bc9289040"
    ]
}