{
    "hash": "0x58bf054648630c1351dbdcccba0b29776d7a823a18a772c86d2a4b36aaec5748",
    "chain": "Ethereum",
    "U": [
        0,
        2,
        1,
        4,
        3,
        1,
        5,
        6,
        1,
        1
    ],
    "V": [
        1,
        3,
        2,
        1,
        4,
        5,
        6,
        1,
        7,
        0
    ],
    "feat": [
        [
            0,
            0,
            0,
            1,
            0.1,
            0.1,
            0.25,
            0.25,
            0.0
        ],
        [
            0,
            1,
            0,
            0,
            0.3,
            0.4,
            0.5,
            0.5,
            -3.885780586188048e-16
        ],
        [
            1,
            0,
            0,
            0,
            0.1,
            0.1,
            0.25,
            0.25,
            -0.3774868741674937
        ],
        [
            0,
            1,
            0,
            0,
            0.1,
            0.1,
            0.25,
            0.25,
            0.0
        ],
        [
            0,
            1,
            0,
            0,
            0.1,
            0.1,
            0.25,
            0.25,
            0.3883189609564912
        ],
        [
            0,
            0,
            1,
            0,
            0.1,
            0.1,
            0.25,
            0.25,
            -0.6225131258325063
        ],
        [
            0,
            0,
            1,
            0,
            0.1,
            0.1,
            0.25,
            0.25,
            0.6112092870509387
        ],
        [
            0,
            0,
            0,
            1,
            0.1,
            0.0,
            0.25,
            0.0,
            0.0004717519925702153
        ]
    ],
    "nodeCount": 8,
    "edgeCount": 10,
    "tokenCount": 4,
    "nodes": [
        "0x632503d87f81667b400fb05b41d771a3a62d777d",
        "0x22f9dcf4647084d6c31b2765f6910cd85c178c18",
        "0xc03d732277a05088497ef83f856965b63774a5be",
        "0xe592427a0aece92de3edee1f18e0157c05861564",
        "0x11b815efb8f581194ae79006d24e0d814b7697f6",
        "0xccc99cdbb177acdc12a64cdf8dfb59c5634f6e44",
        "0x3041cbd36888becc7bbcbc0045e3b1f144466f5f",
        "0x62959d2c9d519c8ba3b93d17166a6a594d5f9467"
    ],
    "tokens": [
        "0x9fd1d329bb687fef164f529f6f6dcd6f69e7b978",
        "0xc02aaa39b223fe8d0a0e5c4f27ead9083c756cc2",
        "0xdac17f958d2ee523a2206206994597c13d831ec7",
        "0xa0b86991c6218b36c1d19d4a2e9eb0ce3606eb48"
    ]
}