{
    "hash": "0x58ee3fa786fa59e03a622bc5c7ae0d654f6e82959cc7dc7d8a39b3e84a11c67b",
    "chain": "Binance",
    "U": [
        0,
        0,
        2,
        2,
        2,
        2,
        2,
        2,
        2,
        2,
        2,
        2,
        2,
        2,
        2,
        2,
        2,
        2,
        2,
        2,
        2,
        2,
        2,
        2,
        2,
        2,
        2,
        2,
        2,
        2,
        2,
        2,
        2,
        2,
        2,
        2,
        2,
        2,
        2,
        2,
        2,
        2,
        2,
        2,
        2,
        2,
        2,
        2,
        2,
        2,
        2
    ],
    "V": [
        1,
        2,
        0,
        0,
        0,
        0,
        0,
        0,
        0,
        0,
        0,
        0,
        0,
        0,
        0,
        0,
        0,
        0,
        0,
        0,
        0,
        0,
        0,
        0,
        0,
        0,
        0,
        0,
        0,
        0,
        0,
        0,
        0,
        0,
        0,
        0,
        0,
        0,
        0,
        0,
        0,
        0,
        0,
        0,
        0,
        0,
        0,
        0,
        0,
        0,
        0
    ],
    "feat": [
        [
            0,
            0,
            0,
            1,
            0.9607843137254902,
            0.0392156862745098,
            0.75,
            0.25,
            47.96907216494846
        ],
        [
            1,
            0,
            0,
            0,
            0.0196078431372549,
            0.0,
            0.25,
            0.0,
            1.0
        ],
        [
            0,
            0,
            0,
            1,
            0.0196078431372549,
            0.9607843137254902,
            0.25,
            0.75,
            -48.96907216494845
        ]
    ],
    "nodeCount": 3,
    "edgeCount": 51,
    "tokenCount": 4,
    "nodes": [
        "0xa05f8c428feac2214a84fa9a4eec8ac12daca0f6",
        "0x1e2e1296285e149242bee23a16ec137fee9f0510",
        "0x0000000000000000000000000000000000000000"
    ],
    "tokens": [
        "0xbcc60f96eaafc409bd914f6890e8dd0a6cf3234f",
        "0xf592faf13721839db3d743c13fc3dbf2179b9d30",
        "0x413f22bacb885143de12a77da54d670fc72ba2d6",
        "0x3a6e7fdc786d7393522bce1d2c266561fb1c6f53"
    ]
}