{
    "hash": "0x58bbc15b02066db7db64509a8e92c9eff09593820bc9b53543adf7aa2d6cc88d",
    "chain": "Ethereum",
    "U": [
        0,
        1,
        3,
        2
    ],
    "V": [
        1,
        2,
        2,
        3
    ],
    "feat": [
        [
            0,
            0,
            0,
            1,
            0.0,
            0.25,
            0.0,
            0.3333333333333333,
            -1.0
        ],
        [
            0,
            0,
            0,
            1,
            0.25,
            0.25,
            0.3333333333333333,
            0.3333333333333333,
            0.0
        ],
        [
            0,
            1,
            0,
            0,
            0.5,
            0.25,
            0.6666666666666666,
            0.3333333333333333,
            1.0
        ],
        [
            0,
            0,
            1,
            0,
            0.25,
            0.25,
            0.3333333333333333,
            0.3333333333333333,
            0.0
        ]
    ],
    "nodeCount": 4,
    "edgeCount": 4,
    "tokenCount": 3,
    "nodes": [
        "0x0000000000000000000000000000000000000000",
        "0x74102c0bc3d662592f740f9c3df0a07128fb2ba4",
        "0xebfb47a7ad0fd6e57323c8a42b2e5a6a4f68fc1a",
        "0x5d3a536e4d6dbd6114cc1ead35777bab948e3643"
    ],
    "tokens": [
        "0x334cbb5858417aee161b53ee0d5349ccf54514cf",
        "0x6b175474e89094c44da98b954eedeac495271d0f",
        "0x5d3a536e4d6dbd6114cc1ead35777bab948e3643"
    ]
}