{
    "hash": "0x596fa7db43a70e6f63cab55c3e83cdd4ea941d64874f792bbb8445ae1b8f633f",
    "chain": "Binance",
    "U": [
        0,
        1,
        2,
        2,
        3,
        3,
        5
    ],
    "V": [
        1,
        2,
        3,
        4,
        5,
        4,
        0
    ],
    "feat": [
        [
            0,
            0,
            0,
            1,
            0.14285714285714285,
            0.14285714285714285,
            0.25,
            0.25,
            0.010358332137536785
        ],
        [
            0,
            0,
            1,
            0,
            0.14285714285714285,
            0.14285714285714285,
            0.25,
            0.25,
            -0.010358332137536785
        ],
        [
            0,
            0,
            1,
            0,
            0.14285714285714285,
            0.2857142857142857,
            0.25,
            0.5,
            -0.0015000000000000568
        ],
        [
            0,
            0,
            1,
            0,
            0.14285714285714285,
            0.2857142857142857,
            0.25,
            0.5,
            -0.0015000000000000568
        ],
        [
            0,
            1,
            0,
            0,
            0.2857142857142857,
            0.0,
            0.5,
            0.0,
            0.0029999999999999996
        ],
        [
            0,
            0,
            1,
            0,
            0.14285714285714285,
            0.14285714285714285,
            0.25,
            0.25,
            0.0
        ]
    ],
    "nodeCount": 6,
    "edgeCount": 7,
    "tokenCount": 4,
    "nodes": [
        "0x864b5f747bdf89ed1a4e66a83eabb7d4d609f769",
        "0x276afa8f87166ee15996619df0a630077f319fcb",
        "0x016aaece9c13f09ad8fad1a104266795df97d3a7",
        "0x7496bfbdf1b26eff11b9311900ab5cc0fee4c16c",
        "0xd7d41a17a9c963e91bdfad5f85d901e64c9d3dbc",
        "0x7eddeb9459a810576c8af917fbf938ab132f5e66"
    ],
    "tokens": [
        "0xbb4cdb9cbd36b01bd1cbaebf2de08d9173bc095c",
        "0x5f20559235479f5b6abb40dfc6f55185b74e7b55",
        "0xa2ca18fc541b7b101c64e64bbc2834b05066248b",
        "0xa4d872235dde5694af92a1d0df20d723e8e9e5fc"
    ]
}