{
    "hash": "0x59dacc251f411b2761070d92d9de358490a7b1a768f89ac5650bf306581cba1f",
    "chain": "Binance",
    "U": [
        0,
        2,
        1,
        4,
        3,
        2,
        2,
        6,
        3,
        3,
        7,
        6,
        1,
        4,
        3
    ],
    "V": [
        1,
        1,
        3,
        3,
        2,
        5,
        6,
        3,
        4,
        7,
        6,
        0,
        3,
        3,
        0
    ],
    "feat": [
        [
            0,
            0,
            0,
            1,
            0.13333333333333333,
            0.06666666666666667,
            0.5,
            0.25,
            1.0
        ],
        [
            0,
            0,
            1,
            0,
            0.13333333333333333,
            0.13333333333333333,
            0.25,
            0.25,
            -0.000309382608578157
        ],
        [
            0,
            1,
            0,
            0,
            0.06666666666666667,
            0.2,
            0.25,
            0.5,
            -0.07339703988067148
        ],
        [
            0,
            1,
            0,
            0,
            0.3333333333333333,
            0.26666666666666666,
            0.5,
            0.5,
            1.0184266056223126
        ],
        [
            0,
            0,
            1,
            0,
            0.06666666666666667,
            0.13333333333333333,
            0.25,
            0.25,
            -1.0184266056223126
        ],
        [
            0,
            0,
            0,
            1,
            0.06666666666666667,
            0.0,
            0.25,
            0.0,
            0.018426605622312405
        ],
        [
            1,
            0,
            0,
            0,
            0.13333333333333333,
            0.13333333333333333,
            0.5,
            0.5,
            -0.7632806765057066
        ],
        [
            0,
            0,
            1,
            0,
            0.06666666666666667,
            0.06666666666666667,
            0.25,
            0.25,
            -0.18143950662735614
        ]
    ],
    "nodeCount": 8,
    "edgeCount": 15,
    "tokenCount": 4,
    "nodes": [
        "0x2f7b7338db0ec66cde0228a257ad7a7d8eed1795",
        "0x15f21dcc4cfb8c1279660c84d7ef3c423ff03cb2",
        "0x55c2544c988878e03f46626f526c081d1daee853",
        "0x10ed43c718714eb63d5aa57b78b54704e256024e",
        "0xbb4cdb9cbd36b01bd1cbaebf2de08d9173bc095c",
        "0xf18393981732a7ff40a207d266ca8bd5de056da7",
        "0xdd0865b94c49d366144df692a70d0c225a8bdef1",
        "0x0ed7e52944161450477ee417de9cd3a859b14fd0"
    ],
    "tokens": [
        "0x55c2544c988878e03f46626f526c081d1daee853",
        "0xbb4cdb9cbd36b01bd1cbaebf2de08d9173bc095c",
        "native_token",
        "0x0e09fabb73bd3ade0a17ecc321fd13a19e81ce82"
    ]
}