{
    "hash": "0x599748c9b26aafce02f92976eb8b6974c07250d78c9a6fdcab8943de6b060ef4",
    "chain": "Ethereum",
    "U": [
        0,
        1,
        2,
        3,
        2,
        2,
        2,
        2,
        2,
        1,
        6,
        1,
        3,
        1,
        1
    ],
    "V": [
        1,
        2,
        3,
        2,
        4,
        4,
        5,
        4,
        1,
        6,
        1,
        3,
        1,
        7,
        0
    ],
    "feat": [
        [
            0,
            1,
            0,
            0,
            0.06666666666666667,
            0.06666666666666667,
            0.3333333333333333,
            0.3333333333333333,
            0.00074199414049958
        ],
        [
            0,
            1,
            0,
            0,
            0.26666666666666666,
            0.3333333333333333,
            1.0,
            1.0,
            6.938893903907228e-16
        ],
        [
            0,
            1,
            0,
            0,
            0.13333333333333333,
            0.4,
            0.6666666666666666,
            1.0,
            -1.0108154462910517
        ],
        [
            0,
            0,
            1,
            0,
            0.13333333333333333,
            0.13333333333333333,
            0.6666666666666666,
            0.6666666666666666,
            0.03373368848267011
        ],
        [
            0,
            0,
            1,
            0,
            0.2,
            0.0,
            0.3333333333333333,
            0.0,
            0.9640613121302747
        ],
        [
            0,
            0,
            0,
            1,
            0.06666666666666667,
            0.0,
            0.3333333333333333,
            0.0,
            0.010547131876441943
        ],
        [
            0,
            0,
            1,
            0,
            0.06666666666666667,
            0.06666666666666667,
            0.3333333333333333,
            0.3333333333333333,
            0.0
        ],
        [
            0,
            0,
            0,
            1,
            0.06666666666666667,
            0.0,
            0.3333333333333333,
            0.0,
            0.0017313196611656587
        ]
    ],
    "nodeCount": 8,
    "edgeCount": 15,
    "tokenCount": 3,
    "nodes": [
        "0x00000000454a11ca3a574738c0aab442b62d5d45",
        "0x0000fee6275dab194ab538a01dd8b18b02b20000",
        "0xd8ee69652e4e4838f2531732a46d1f7f584f0b7f",
        "0xc02aaa39b223fe8d0a0e5c4f27ead9083c756cc2",
        "0xb983e01458529665007ff7e0cddecdb74b967eb6",
        "0x81e51982fd8ad1dc72c265e80a54c0fc241d55de",
        "0xb9b752f7f4a4680eeb327ffe728f46666763a796",
        "0x5a0b54d5dc17e0aadc383d2db43b0a0d3e029c4c"
    ],
    "tokens": [
        "native_token",
        "0xc02aaa39b223fe8d0a0e5c4f27ead9083c756cc2",
        "0x56d811088235f11c8920698a204a5010a788f4b3"
    ]
}