{
    "hash": "0x5980c3bdb536778c3d21c88963b05b0a24ad6851bb5457d8cb4a3589b426c95a",
    "chain": "Ethereum",
    "U": [
        0,
        2,
        1,
        1,
        3,
        1,
        4,
        1,
        1
    ],
    "V": [
        1,
        1,
        2,
        3,
        1,
        4,
        1,
        5,
        0
    ],
    "feat": [
        [
            0,
            0,
            0,
            1,
            0.1111111111111111,
            0.1111111111111111,
            0.25,
            0.25,
            -9.899010098990413e-05
        ],
        [
            0,
            1,
            0,
            0,
            0.4444444444444444,
            0.5555555555555556,
            1.0,
            1.0,
            0.0
        ],
        [
            0,
            0,
            1,
            0,
            0.1111111111111111,
            0.1111111111111111,
            0.25,
            0.25,
            0.0
        ],
        [
            0,
            0,
            1,
            0,
            0.1111111111111111,
            0.1111111111111111,
            0.25,
            0.25,
            0.0
        ],
        [
            0,
            0,
            1,
            0,
            0.1111111111111111,
            0.1111111111111111,
            0.25,
            0.25,
            0.0
        ],
        [
            0,
            0,
            0,
            1,
            0.1111111111111111,
            0.0,
            0.25,
            0.0,
            9.899010098990101e-05
        ]
    ],
    "nodeCount": 6,
    "edgeCount": 9,
    "tokenCount": 4,
    "nodes": [
        "0x0f47710607503feef7cdc3d39feba9e9fd43ab9f",
        "0x22f9dcf4647084d6c31b2765f6910cd85c178c18",
        "0x97dec872013f6b5fb443861090ad931542878126",
        "0xc02aaa39b223fe8d0a0e5c4f27ead9083c756cc2",
        "0xb2a85b7ac5d78f3a262e9bf2534dd2806557a346",
        "0x5bd68b4d6f90bcc9f3a9456791c0db5a43df676d"
    ],
    "tokens": [
        "0xa0b86991c6218b36c1d19d4a2e9eb0ce3606eb48",
        "native_token",
        "0xc02aaa39b223fe8d0a0e5c4f27ead9083c756cc2",
        "0xd18a8abed9274edbeace4b12d86a8633283435da"
    ]
}