{
    "hash": "0x5bef23ebdaecb98d683a8b318672ae1e78ed4795b887360a470d13185ca95d4e",
    "chain": "Ethereum",
    "U": [
        0,
        1,
        1,
        1,
        1,
        1,
        1,
        1,
        1,
        1,
        1,
        1,
        1,
        1,
        1,
        1,
        1,
        1,
        1,
        1,
        1,
        1,
        1,
        1,
        1,
        1,
        1,
        1,
        1,
        1,
        1,
        1,
        1,
        1,
        1,
        1,
        1,
        1,
        1,
        1,
        1,
        1,
        1,
        1,
        1,
        1,
        1,
        1,
        1,
        1,
        1,
        1,
        1,
        1,
        1,
        1,
        1,
        1,
        1,
        1,
        1
    ],
    "V": [
        1,
        1,
        2,
        0,
        1,
        2,
        0,
        1,
        2,
        0,
        1,
        2,
        0,
        1,
        2,
        0,
        1,
        2,
        0,
        1,
        2,
        0,
        1,
        2,
        0,
        1,
        2,
        0,
        1,
        2,
        0,
        1,
        2,
        0,
        1,
        2,
        0,
        1,
        2,
        0,
        1,
        2,
        0,
        1,
        2,
        0,
        1,
        2,
        0,
        1,
        2,
        0,
        1,
        2,
        0,
        1,
        2,
        0,
        1,
        2,
        0
    ],
    "feat": [
        [
            0,
            0,
            0,
            1,
            0.32786885245901637,
            0.01639344262295082,
            0.5,
            0.5,
            18.999776865405213
        ],
        [
            0,
            1,
            0,
            0,
            0.3442622950819672,
            0.9836065573770492,
            0.5,
            1.0,
            -19.999776865405213
        ],
        [
            0,
            0,
            0,
            1,
            0.32786885245901637,
            0.0,
            0.5,
            0.0,
            0.999999999999999
        ]
    ],
    "nodeCount": 3,
    "edgeCount": 61,
    "tokenCount": 2,
    "nodes": [
        "0x71bcf30d21b36290d0b077fc204525f6a7e42b49",
        "0xfbddadd80fe7bda00b901fbaf73803f2238ae655",
        "0x4b5057b2c87ec9e7c047fb00c0e406dff2fdacad"
    ],
    "tokens": [
        "native_token",
        "0x990f341946a3fdb507ae7e52d17851b87168017c"
    ]
}