{
    "hash": "0x5c5b7fe661a75e95140f9713a68f2421762b3d4ef843a9f89bc2e9fcc470e572",
    "chain": "Ethereum",
    "U": [
        0,
        2,
        3,
        4,
        3,
        5,
        6,
        7
    ],
    "V": [
        1,
        1,
        1,
        3,
        5,
        6,
        7,
        0
    ],
    "feat": [
        [
            0,
            0,
            0,
            1,
            0.125,
            0.125,
            0.25,
            0.25,
            0.0
        ],
        [
            0,
            0,
            0,
            1,
            0.375,
            0.0,
            0.75,
            0.0,
            3.0
        ],
        [
            0,
            1,
            0,
            0,
            0.0,
            0.125,
            0.0,
            0.25,
            -1.0
        ],
        [
            0,
            1,
            0,
            0,
            0.125,
            0.25,
            0.25,
            0.5,
            -1.0
        ],
        [
            0,
            0,
            1,
            0,
            0.0,
            0.125,
            0.0,
            0.25,
            -0.9332413156329181
        ],
        [
            0,
            1,
            0,
            0,
            0.125,
            0.125,
            0.25,
            0.25,
            0.0
        ],
        [
            0,
            1,
            0,
            0,
            0.125,
            0.125,
            0.25,
            0.25,
            0.0
        ],
        [
            0,
            0,
            1,
            0,
            0.125,
            0.125,
            0.25,
            0.25,
            -0.06675868436708188
        ]
    ],
    "nodeCount": 8,
    "edgeCount": 8,
    "tokenCount": 4,
    "nodes": [
        "0x5668ead1edb8e2a4d724c8fb9cb5ffeabeb422dc",
        "0x0000000000000000000000000000000000000000",
        "0x0392321e86f42c2f94fbb0c6853052487db521f0",
        "0x989aeb4d175e16225e39e87d0d97a3360524ad80",
        "0x903da6213a5a12b61c821598154efad98c3b20e4",
        "0xf403c135812408bfbe8713b5a23a04b3d48aae31",
        "0xaf6f42bfb29e90dfe51f2341ff1b1f99fd776a70",
        "0x4560b99c904aad03027b5178cca81584744ac01f"
    ],
    "tokens": [
        "0x4560b99c904aad03027b5178cca81584744ac01f",
        "0x8fdf7cabfec73d5ffd1447867834b4cf39b745b7",
        "0x903da6213a5a12b61c821598154efad98c3b20e4",
        "0x9d0464996170c6b9e75eed71c68b99ddedf279e8"
    ]
}