{
    "hash": "0x5cee362857a66ebff62403ba54e5b144ade33209a33826188cda74af007f5ccf",
    "chain": "Binance",
    "U": [
        0,
        1,
        2,
        0,
        1,
        1,
        3,
        3,
        2,
        3,
        3
    ],
    "V": [
        1,
        2,
        0,
        1,
        1,
        3,
        4,
        5,
        3,
        4,
        5
    ],
    "feat": [
        [
            0,
            0,
            0,
            1,
            0.09090909090909091,
            0.18181818181818182,
            0.3333333333333333,
            0.3333333333333333,
            -0.0030090270812437314
        ],
        [
            0,
            1,
            0,
            0,
            0.2727272727272727,
            0.2727272727272727,
            0.3333333333333333,
            0.6666666666666666,
            5.184280078561997e-06
        ],
        [
            0,
            1,
            0,
            0,
            0.09090909090909091,
            0.18181818181818182,
            0.3333333333333333,
            0.6666666666666666,
            -0.0029999999999998916
        ],
        [
            0,
            1,
            0,
            0,
            0.18181818181818182,
            0.36363636363636365,
            0.3333333333333333,
            0.3333333333333333,
            0.0036023056806990996
        ],
        [
            0,
            1,
            0,
            0,
            0.18181818181818182,
            0.0,
            0.3333333333333333,
            0.0,
            0.0007204611361398198
        ],
        [
            0,
            0,
            0,
            1,
            0.18181818181818182,
            0.0,
            0.3333333333333333,
            0.0,
            0.0016810759843262474
        ]
    ],
    "nodeCount": 6,
    "edgeCount": 11,
    "tokenCount": 3,
    "nodes": [
        "0x9231839f4112672494d561540c66f6ffd850b1ab",
        "0x75ea2c842dc49983b67e6eedf4eba027698e20d7",
        "0x2de6b467f2163d289f8bbdda5fad99470352a56f",
        "0x86a327715d707bca24983b1145d1f6c40c5d4a74",
        "0x9154c2684aef8d106babcb19aa81d4fabf7581ec",
        "0x0000000000000000000000000000000000000000"
    ],
    "tokens": [
        "0xe9e7cea3dedca5984780bafc599bd69add087d56",
        "0xae9269f27437f0fcbc232d39ec814844a51d6b8f",
        "0xe6df05ce8c8301223373cf5b969afcb1498c5528"
    ]
}