{
    "hash": "0x5c816d6ddb5f990888735f0b5926b448b7ca1f887c5581332f3da0e269229cba",
    "chain": "Binance",
    "U": [
        0,
        1,
        3,
        2,
        3,
        3,
        2,
        3,
        3,
        2,
        3,
        3,
        2,
        3
    ],
    "V": [
        1,
        2,
        2,
        3,
        2,
        2,
        3,
        2,
        2,
        3,
        2,
        2,
        3,
        2
    ],
    "feat": [
        [
            0,
            0,
            0,
            1,
            0.0,
            0.07142857142857142,
            0.0,
            0.5,
            -1.0
        ],
        [
            0,
            0,
            1,
            0,
            0.07142857142857142,
            0.07142857142857142,
            0.5,
            0.5,
            0.0
        ],
        [
            0,
            1,
            0,
            0,
            0.6428571428571429,
            0.2857142857142857,
            1.0,
            0.5,
            2.224676959396737
        ],
        [
            0,
            0,
            1,
            0,
            0.2857142857142857,
            0.5714285714285714,
            0.5,
            1.0,
            -1.224676959396737
        ]
    ],
    "nodeCount": 4,
    "edgeCount": 14,
    "tokenCount": 2,
    "nodes": [
        "0x7c9e80caa89f94188250066f78b5f53ff2039ccd",
        "0x7255ae13ba4484ed33fb48c4b833000dc12888b4",
        "0xca26a1f9d3e6ec97a555d9444f782d61b64c1b0e",
        "0x882c173bc7ff3b7786ca16dfed3dfffb9ee7847b"
    ],
    "tokens": [
        "0x7130d2a12b9bcbfae4f2634d864a1ee1ce3ead9c",
        "0x882c173bc7ff3b7786ca16dfed3dfffb9ee7847b"
    ]
}