{
    "hash": "0x5cd31d1413d8a49b396cd86e0be0fde505355ea8cc101e2d088ae5d79f862d71",
    "chain": "Binance",
    "U": [
        0,
        0,
        1,
        1,
        3,
        3,
        4,
        1,
        0,
        0,
        5,
        5,
        3,
        3,
        4,
        5
    ],
    "V": [
        1,
        1,
        2,
        2,
        1,
        4,
        1,
        4,
        5,
        5,
        6,
        6,
        5,
        4,
        5,
        4
    ],
    "feat": [
        [
            0,
            1,
            0,
            0,
            0.0,
            0.25,
            0.0,
            0.6,
            -3.006905567073344
        ],
        [
            0,
            1,
            0,
            0,
            0.25,
            0.1875,
            0.6,
            0.6,
            0.17090870718122456
        ],
        [
            0,
            0,
            1,
            0,
            0.125,
            0.0,
            0.4,
            0.0,
            1.006905567073344
        ],
        [
            0,
            0,
            0,
            1,
            0.0,
            0.25,
            0.0,
            0.6,
            -3.7092824192051856
        ],
        [
            0,
            1,
            0,
            0,
            0.25,
            0.125,
            0.6,
            0.2,
            3.4418440155329617
        ],
        [
            0,
            1,
            0,
            0,
            0.25,
            0.1875,
            0.8,
            0.6,
            0.09652969649099931
        ],
        [
            0,
            0,
            1,
            0,
            0.125,
            0.0,
            0.4,
            0.0,
            2.0
        ]
    ],
    "nodeCount": 7,
    "edgeCount": 16,
    "tokenCount": 5,
    "nodes": [
        "0x7033a512639119c759a51b250bfa461ae100894b",
        "0x97f28c7b6f591070a37182b43d5ba7b3f4cd0bbc",
        "0x223740a259e461abee12d84a9fff5da69ff071dd",
        "0x0000000000000000000000000000000000000000",
        "0xc48fe252aa631017df253578b1405ea399728a50",
        "0xca0eb2134858a624ab2d274ee3636828e15d38a5",
        "0xc0ba2569e473974e9004ceeeae76aeaea521525c"
    ],
    "tokens": [
        "0x9c65ab58d8d978db963e63f2bfb7121627e3a739",
        "0xe9e7cea3dedca5984780bafc599bd69add087d56",
        "0x223740a259e461abee12d84a9fff5da69ff071dd",
        "0x2170ed0880ac9a755fd29b2688956bd959f933f8",
        "0xc0ba2569e473974e9004ceeeae76aeaea521525c"
    ]
}