{
    "hash": "0x5c823460b054a6367b917d046891e8797ff4d9408775985c932d63817f200f64",
    "chain": "Ethereum",
    "U": [
        0,
        1,
        2,
        0,
        0,
        3,
        4,
        3,
        3,
        5
    ],
    "V": [
        1,
        0,
        0,
        2,
        3,
        4,
        3,
        0,
        5,
        6
    ],
    "feat": [
        [
            1,
            0,
            0,
            0,
            0.3,
            0.3,
            1.0,
            1.0,
            0.00901637022458901
        ],
        [
            0,
            0,
            1,
            0,
            0.1,
            0.1,
            0.3333333333333333,
            0.3333333333333333,
            -0.010016370224589233
        ],
        [
            0,
            1,
            0,
            0,
            0.1,
            0.1,
            0.3333333333333333,
            0.3333333333333333,
            0.0
        ],
        [
            0,
            1,
            0,
            0,
            0.2,
            0.3,
            0.6666666666666666,
            0.6666666666666666,
            0.0
        ],
        [
            0,
            1,
            0,
            0,
            0.1,
            0.1,
            0.3333333333333333,
            0.3333333333333333,
            0.0
        ],
        [
            0,
            1,
            0,
            0,
            0.1,
            0.1,
            0.3333333333333333,
            0.3333333333333333,
            0.0002725000000000003
        ],
        [
            0,
            1,
            0,
            0,
            0.1,
            0.0,
            0.3333333333333333,
            0.0,
            0.0007274999999999993
        ]
    ],
    "nodeCount": 7,
    "edgeCount": 10,
    "tokenCount": 3,
    "nodes": [
        "0x0000000000007f150bd6f54c40a34d7c3d5e9f56",
        "0xc02aaa39b223fe8d0a0e5c4f27ead9083c756cc2",
        "0x24ee2c6b9597f035088cda8575e9d5e15a84b9df",
        "0x7c66550c9c730b6fdd4c03bc2e73c5462c5f7acc",
        "0x773a58c0ae122f56d6747bc1264f00174b3144c3",
        "0x9fb131efbac23b735d7764ab12f9e52cc68401ca",
        "0x0e590bb5f02a0c38888bffb45dee050b8fb60bda"
    ],
    "tokens": [
        "native_token",
        "0xc02aaa39b223fe8d0a0e5c4f27ead9083c756cc2",
        "0x4a220e6096b25eadb88358cb44068a3248254675"
    ]
}