{
    "hash": "0x5da28385f4f8068e8e17d521054a829566aed1f437ebf227c3b80a3b0ec60a53",
    "chain": "Binance",
    "U": [
        0,
        0,
        2,
        3,
        1,
        4,
        5,
        1,
        1,
        6,
        4,
        5,
        5,
        1,
        1,
        9
    ],
    "V": [
        1,
        2,
        1,
        1,
        4,
        5,
        1,
        3,
        6,
        5,
        7,
        0,
        8,
        3,
        2,
        0
    ],
    "feat": [
        [
            0,
            0,
            0,
            1,
            0.125,
            0.125,
            0.4,
            0.4,
            -1.4163097117325663e-07
        ],
        [
            0,
            1,
            0,
            0,
            0.25,
            0.3125,
            0.4,
            0.4,
            0.4666665202735826
        ],
        [
            0,
            0,
            1,
            0,
            0.125,
            0.0625,
            0.4,
            0.2,
            1.4639308443217497e-07
        ],
        [
            0,
            0,
            1,
            0,
            0.125,
            0.0625,
            0.2,
            0.2,
            -0.46666652027358224
        ],
        [
            0,
            0,
            1,
            0,
            0.0625,
            0.125,
            0.2,
            0.2,
            0.2666666666666666
        ],
        [
            0,
            1,
            0,
            0,
            0.125,
            0.1875,
            0.4,
            0.4,
            0.9999507254570965
        ],
        [
            0,
            0,
            1,
            0,
            0.0625,
            0.0625,
            0.2,
            0.2,
            -0.4666666666666667
        ],
        [
            0,
            0,
            0,
            1,
            0.0625,
            0.0,
            0.2,
            0.0,
            0.2
        ],
        [
            0,
            0,
            0,
            1,
            0.0625,
            0.0,
            0.2,
            0.0,
            4.92697807902173e-05
        ],
        [
            0,
            0,
            0,
            1,
            0.0,
            0.0625,
            0.0,
            0.2,
            -1.0
        ]
    ],
    "nodeCount": 10,
    "edgeCount": 16,
    "tokenCount": 5,
    "nodes": [
        "0xead160dde796274f7c61b31513ce5c44e4c7d65b",
        "0x10ed43c718714eb63d5aa57b78b54704e256024e",
        "0xd9e38dd052bb997d3c983bf9b49d30fa133f7cf9",
        "0xbb4cdb9cbd36b01bd1cbaebf2de08d9173bc095c",
        "0x099f551ea3cb85707cac6ac507cbc36c96ec64ff",
        "0x09eb555fd56491f7f7c3a8e2c1639f289f875dc3",
        "0xff3dd404afba451328de089424c74685bf0a43c9",
        "0x1d07fe70647c40638965fb2b550597028e4405fd",
        "0x5d6823d2a245358dbbd5cf75f9f0d007d474a475",
        "0x0000000000000000000000000000000000000000"
    ],
    "tokens": [
        "native_token",
        "0x099f551ea3cb85707cac6ac507cbc36c96ec64ff",
        "0xbb4cdb9cbd36b01bd1cbaebf2de08d9173bc095c",
        "0x8076c74c5e3f5852037f31ff0093eeb8c8add8d3",
        "0xd9e38dd052bb997d3c983bf9b49d30fa133f7cf9"
    ]
}