{
    "hash": "0x5d65cbd8085a6bc4f24c6814163a8a8c750764a60b4f858532cf6195bea35fe9",
    "chain": "Binance",
    "U": [
        0,
        2,
        1,
        2,
        4,
        5
    ],
    "V": [
        1,
        3,
        4,
        3,
        5,
        0
    ],
    "feat": [
        [
            0,
            0,
            0,
            1,
            0.16666666666666666,
            0.16666666666666666,
            0.2,
            0.2,
            0.0
        ],
        [
            0,
            0,
            1,
            0,
            0.16666666666666666,
            0.16666666666666666,
            0.2,
            0.2,
            0.0
        ],
        [
            0,
            0,
            0,
            1,
            0.0,
            0.3333333333333333,
            0.0,
            0.2,
            -1.1631799163179917
        ],
        [
            0,
            1,
            0,
            0,
            0.3333333333333333,
            0.0,
            0.2,
            0.0,
            1.1631799163179917
        ],
        [
            0,
            0,
            1,
            0,
            0.16666666666666666,
            0.16666666666666666,
            0.2,
            0.2,
            0.0
        ],
        [
            0,
            1,
            0,
            0,
            0.16666666666666666,
            0.16666666666666666,
            0.2,
            0.2,
            0.0
        ]
    ],
    "nodeCount": 6,
    "edgeCount": 6,
    "tokenCount": 5,
    "nodes": [
        "0x4154d6a368d16a15238ee256dcbccdb8930d2f60",
        "0xa13afe2df0fa0bb11f2aeaaaf98ac1d591e108d1",
        "0x0000000000000000000000000000000000000000",
        "0x782395303692abed877d2737aa7982345eb44c11",
        "0x340192d37d95fb609874b1db6145ed26d1e47744",
        "0xc6461385bff14a462367c33bd53f745a89eef88a"
    ],
    "tokens": [
        "0x0e09fabb73bd3ade0a17ecc321fd13a19e81ce82",
        "0x9c65ab58d8d978db963e63f2bfb7121627e3a739",
        "0xbb4cdb9cbd36b01bd1cbaebf2de08d9173bc095c",
        "0xe9e7cea3dedca5984780bafc599bd69add087d56",
        "0xaee4164c1ee46ed0bbc34790f1a3d1fc87796668"
    ]
}