{
    "hash": "0x5dfba4fb5547facaa4c753955c00747b38ce852a48d6515a3c61059dcb96077d",
    "chain": "Binance",
    "U": [
        0,
        1,
        2,
        1,
        3,
        1,
        4,
        1
    ],
    "V": [
        1,
        2,
        1,
        3,
        1,
        4,
        1,
        0
    ],
    "feat": [
        [
            0,
            0,
            0,
            1,
            0.125,
            0.125,
            0.3333333333333333,
            0.3333333333333333,
            0.0
        ],
        [
            0,
            1,
            0,
            0,
            0.5,
            0.5,
            1.0,
            1.0,
            4.163336342344337e-17
        ],
        [
            0,
            0,
            1,
            0,
            0.125,
            0.125,
            0.3333333333333333,
            0.3333333333333333,
            -0.0004141292176188527
        ],
        [
            0,
            0,
            1,
            0,
            0.125,
            0.125,
            0.3333333333333333,
            0.3333333333333333,
            -0.9386843213749855
        ],
        [
            0,
            0,
            1,
            0,
            0.125,
            0.125,
            0.3333333333333333,
            0.3333333333333333,
            0.9390984505926043
        ]
    ],
    "nodeCount": 5,
    "edgeCount": 8,
    "tokenCount": 3,
    "nodes": [
        "0x4e028103f2cd169e9e48836b38defd8b7022fd5f",
        "0xb7e19a1188776f32e8c2b790d9ca578f2896da7c",
        "0x1e1916b3fadccb6c73fa938c91300c70a486276c",
        "0x5d69a0e5e91d1e66459a76da2a4d8863e97cd90d",
        "0x083f8fd2e4ef068e84db3742b1e8b03a3d8a363a"
    ],
    "tokens": [
        "0xc1edcc306e6faab9da629efca48670be4678779d",
        "0x35e869b7456462b81cdb5e6e42434bd27f3f788c",
        "0xbb4cdb9cbd36b01bd1cbaebf2de08d9173bc095c"
    ]
}