{
    "hash": "0x5dbdb71334cb07a198eb4307f552ee9445f81a32e257b541efc68a3e290b1324",
    "chain": "Ethereum",
    "U": [
        0,
        1,
        0
    ],
    "V": [
        1,
        0,
        2
    ],
    "feat": [
        [
            0,
            1,
            0,
            0,
            0.3333333333333333,
            0.6666666666666666,
            0.5,
            1.0,
            -1.0
        ],
        [
            0,
            0,
            1,
            0,
            0.3333333333333333,
            0.3333333333333333,
            0.5,
            0.5,
            0.0
        ],
        [
            0,
            0,
            0,
            1,
            0.3333333333333333,
            0.0,
            0.5,
            0.0,
            1.0
        ]
    ],
    "nodeCount": 3,
    "edgeCount": 3,
    "tokenCount": 2,
    "nodes": [
        "0x2d15fcd5d6849a72f0bda676a1f2f1aede7467f5",
        "0x4ddc2d193948926d02f9b1fe9e1daa0718270ed5",
        "0x61c808d82a3ac53231750dadc13c777b59310bd9"
    ],
    "tokens": [
        "0x4ddc2d193948926d02f9b1fe9e1daa0718270ed5",
        "native_token"
    ]
}