{
    "hash": "0x5dce044d6fe24cc6ddea684b30c945fe012d442146349102e3efc48f0d31a07e",
    "chain": "Ethereum",
    "U": [
        0,
        1,
        1,
        1,
        1,
        1,
        1,
        1,
        1,
        1,
        1,
        1,
        1,
        1,
        1,
        1,
        1,
        1,
        1,
        1,
        1,
        1,
        1,
        1,
        1,
        1,
        1,
        1,
        1,
        1,
        1,
        1,
        1,
        1,
        1,
        1,
        1,
        1,
        1,
        1,
        1,
        1,
        1
    ],
    "V": [
        1,
        1,
        2,
        0,
        1,
        2,
        0,
        1,
        2,
        0,
        1,
        2,
        0,
        1,
        2,
        0,
        1,
        2,
        0,
        1,
        2,
        0,
        1,
        2,
        0,
        1,
        2,
        0,
        1,
        2,
        0,
        1,
        2,
        0,
        1,
        2,
        0,
        1,
        2,
        0,
        1,
        2,
        0
    ],
    "feat": [
        [
            0,
            0,
            0,
            1,
            0.32558139534883723,
            0.023255813953488372,
            0.5,
            0.5,
            12.99974232200087
        ],
        [
            0,
            1,
            0,
            0,
            0.3488372093023256,
            0.9767441860465116,
            0.5,
            1.0,
            -13.999742322000866
        ],
        [
            0,
            0,
            0,
            1,
            0.32558139534883723,
            0.0,
            0.5,
            0.0,
            0.9999999999999983
        ]
    ],
    "nodeCount": 3,
    "edgeCount": 43,
    "tokenCount": 2,
    "nodes": [
        "0x35d7e666af25a8b0341d8ce04c1aa6d1f14780dd",
        "0xfbddadd80fe7bda00b901fbaf73803f2238ae655",
        "0x4b5057b2c87ec9e7c047fb00c0e406dff2fdacad"
    ],
    "tokens": [
        "native_token",
        "0x990f341946a3fdb507ae7e52d17851b87168017c"
    ]
}