{
    "hash": "0x5dcae06f928b4d5cd983c1886875b252f87dff4dbd20249fedc2e5820bb4d71c",
    "chain": "Ethereum",
    "U": [
        0,
        1,
        2,
        3,
        1,
        1
    ],
    "V": [
        1,
        2,
        3,
        1,
        4,
        0
    ],
    "feat": [
        [
            0,
            0,
            0,
            1,
            0.16666666666666666,
            0.16666666666666666,
            0.3333333333333333,
            0.3333333333333333,
            -9.946122858528472e-05
        ],
        [
            0,
            1,
            0,
            0,
            0.3333333333333333,
            0.5,
            0.6666666666666666,
            0.6666666666666666,
            0.0
        ],
        [
            0,
            1,
            0,
            0,
            0.16666666666666666,
            0.16666666666666666,
            0.3333333333333333,
            0.3333333333333333,
            0.0
        ],
        [
            0,
            1,
            0,
            0,
            0.16666666666666666,
            0.16666666666666666,
            0.3333333333333333,
            0.3333333333333333,
            0.0
        ],
        [
            0,
            0,
            0,
            1,
            0.16666666666666666,
            0.0,
            0.3333333333333333,
            0.0,
            9.946122858533782e-05
        ]
    ],
    "nodeCount": 5,
    "edgeCount": 6,
    "tokenCount": 3,
    "nodes": [
        "0x42026b4309154b97a2d4bcae6d47d32c21e6a150",
        "0x22f9dcf4647084d6c31b2765f6910cd85c178c18",
        "0x44360fb15a2f17715e5052cf5994b23978081d9e",
        "0x6c96693580caa51515fc7fe9ae7a088ccb8451a5",
        "0x5bd68b4d6f90bcc9f3a9456791c0db5a43df676d"
    ],
    "tokens": [
        "0xa0b86991c6218b36c1d19d4a2e9eb0ce3606eb48",
        "0x1f573d6fb3f13d689ff844b4ce37794d79a7ff1c",
        "0x7b0c06043468469967dba22d1af33d77d44056c8"
    ]
}