{
    "hash": "0x5e30b9674b910d9782158b96b607e5f72dcca0d0914385e234d46b93ffc2a021",
    "chain": "Ethereum",
    "U": [
        0,
        2,
        1,
        1,
        3,
        1
    ],
    "V": [
        1,
        1,
        2,
        3,
        1,
        0
    ],
    "feat": [
        [
            0,
            0,
            0,
            1,
            0.16666666666666666,
            0.16666666666666666,
            0.3333333333333333,
            0.3333333333333333,
            0.0
        ],
        [
            1,
            0,
            0,
            0,
            0.5,
            0.5,
            1.0,
            1.0,
            0.0
        ],
        [
            1,
            0,
            0,
            0,
            0.16666666666666666,
            0.16666666666666666,
            0.3333333333333333,
            0.3333333333333333,
            0.0
        ],
        [
            0,
            1,
            0,
            0,
            0.16666666666666666,
            0.16666666666666666,
            0.3333333333333333,
            0.3333333333333333,
            0.0
        ]
    ],
    "nodeCount": 4,
    "edgeCount": 6,
    "tokenCount": 3,
    "nodes": [
        "0x3955a53fa0ee308d5a8b7b7a1f94c0b10c4fa63b",
        "0xfd3dfb524b2da40c8a6d703c62be36b5d8540626",
        "0xbd5fdda17bc27bb90e37df7a838b1bfc0dc997f5",
        "0x3333333acdedbbc9ad7bda0876e60714195681c5"
    ],
    "tokens": [
        "0xdb25f211ab05b1c97d595516f45794528a807ad8",
        "0xa0b86991c6218b36c1d19d4a2e9eb0ce3606eb48",
        "0x6b175474e89094c44da98b954eedeac495271d0f"
    ]
}