{
    "hash": "0x5eb4e242f65e7da368154f031dacea06bdb7fc12e8054163f4b8a97bef877ec2",
    "chain": "Ethereum",
    "U": [
        0,
        1,
        3,
        4,
        1,
        5,
        2,
        2,
        2,
        2
    ],
    "V": [
        1,
        2,
        4,
        1,
        5,
        6,
        7,
        8,
        9,
        10
    ],
    "feat": [
        [
            0,
            0,
            0,
            1,
            0.0,
            0.1,
            0.0,
            0.5,
            -1.0
        ],
        [
            0,
            1,
            0,
            0,
            0.2,
            0.2,
            1.0,
            1.0,
            -4.336808689942018e-18
        ],
        [
            0,
            1,
            0,
            0,
            0.1,
            0.4,
            0.5,
            0.5,
            0.0
        ],
        [
            0,
            1,
            0,
            0,
            0.0,
            0.1,
            0.0,
            0.5,
            -0.0199413120331631
        ],
        [
            0,
            0,
            1,
            0,
            0.1,
            0.1,
            0.5,
            0.5,
            0.01449206438184961
        ],
        [
            1,
            0,
            0,
            0,
            0.1,
            0.1,
            0.5,
            0.5,
            -0.9945507523486865
        ],
        [
            0,
            1,
            0,
            0,
            0.1,
            0.0,
            0.5,
            0.0,
            1.0
        ],
        [
            0,
            0,
            0,
            1,
            0.1,
            0.0,
            0.5,
            0.0,
            0.01
        ],
        [
            0,
            1,
            0,
            0,
            0.1,
            0.0,
            0.5,
            0.0,
            0.84
        ],
        [
            0,
            1,
            0,
            0,
            0.1,
            0.0,
            0.5,
            0.0,
            0.1
        ],
        [
            0,
            1,
            0,
            0,
            0.1,
            0.0,
            0.5,
            0.0,
            0.05
        ]
    ],
    "nodeCount": 11,
    "edgeCount": 10,
    "tokenCount": 2,
    "nodes": [
        "0x0000000000000000000000000000000000000000",
        "0x989aeb4d175e16225e39e87d0d97a3360524ad80",
        "0xf403c135812408bfbe8713b5a23a04b3d48aae31",
        "0xeb31da939878d1d780fdbcc244531c0fb80a2cf3",
        "0x9b8519a9a00100720ccdc8a120fbed319ca47a14",
        "0x06d972728a9d05ca6f27edc01e20b50a60b1deed",
        "0x55d59b791f06dc519b176791c4e037e8cf2f6361",
        "0xf5f6da1b9b2416b1fc824a119e5b9a95c537669a",
        "0x2ad92a7ae036a038ff02b96c88de868ddf3f8190",
        "0x3fe65692bfcd0e6cf84cb1e7d24108e434a7587e",
        "0xcf50b810e57ac33b91dcf525c6ddd9881b139332"
    ],
    "tokens": [
        "0xd533a949740bb3306d119cc777fa900ba034cd52",
        "0x6dea81c8171d0ba574754ef6f8b412f2ed88c54d"
    ]
}