{
    "hash": "0x5ebd87557b1e6a990d1331aed29c0b324de2d8661c5c5a5342af6a93ac09aba0",
    "chain": "Ethereum",
    "U": [
        0,
        2,
        1,
        0,
        3,
        1,
        1,
        1,
        5,
        1
    ],
    "V": [
        1,
        1,
        2,
        1,
        1,
        3,
        4,
        4,
        1,
        0
    ],
    "feat": [
        [
            0,
            0,
            0,
            1,
            0.1,
            0.2,
            0.2,
            0.4,
            -1.0
        ],
        [
            0,
            1,
            0,
            0,
            0.5,
            0.5,
            1.0,
            1.0,
            -8.01805829632185e-05
        ],
        [
            0,
            0,
            1,
            0,
            0.1,
            0.1,
            0.2,
            0.2,
            0.0
        ],
        [
            0,
            0,
            1,
            0,
            0.1,
            0.1,
            0.2,
            0.2,
            0.0
        ],
        [
            0,
            1,
            0,
            0,
            0.2,
            0.0,
            0.4,
            0.0,
            2.0
        ],
        [
            0,
            0,
            0,
            1,
            0.0,
            0.1,
            0.0,
            0.2,
            -0.9999198194170368
        ]
    ],
    "nodeCount": 6,
    "edgeCount": 10,
    "tokenCount": 5,
    "nodes": [
        "0xe1b22a485696e30a23b8b53758d166706110caae",
        "0xeb21209ae4c2c9ff2a86aca31e123764a3b6bc06",
        "0x5d3a536e4d6dbd6114cc1ead35777bab948e3643",
        "0x39aa39c021dfbae8fac545936693ac917d5e7563",
        "0xa2b47e3d5c44877cca798226b7b8118f9bfb7a56",
        "0x0000000000000000000000000000000000000000"
    ],
    "tokens": [
        "0x6b175474e89094c44da98b954eedeac495271d0f",
        "0x5d3a536e4d6dbd6114cc1ead35777bab948e3643",
        "0xa0b86991c6218b36c1d19d4a2e9eb0ce3606eb48",
        "0x39aa39c021dfbae8fac545936693ac917d5e7563",
        "0x845838df265dcd2c412a1dc9e959c7d08537f8a2"
    ]
}