{
    "hash": "0x5fa6a6a1cfd68fd2b192e1395bcd94478884af88a4f2b44fe2705ce244e2f26d",
    "chain": "Binance",
    "U": [
        0,
        1,
        1,
        3,
        1,
        4,
        1
    ],
    "V": [
        1,
        2,
        3,
        1,
        4,
        1,
        0
    ],
    "feat": [
        [
            0,
            0,
            1,
            0,
            0.14285714285714285,
            0.14285714285714285,
            0.3333333333333333,
            0.3333333333333333,
            0.0
        ],
        [
            1,
            0,
            0,
            0,
            0.42857142857142855,
            0.5714285714285714,
            1.0,
            1.0,
            0.0
        ],
        [
            0,
            0,
            0,
            1,
            0.14285714285714285,
            0.0,
            0.3333333333333333,
            0.0,
            0.0024826403870038634
        ],
        [
            0,
            1,
            0,
            0,
            0.14285714285714285,
            0.14285714285714285,
            0.3333333333333333,
            0.3333333333333333,
            -0.002482640387003854
        ],
        [
            0,
            1,
            0,
            0,
            0.14285714285714285,
            0.14285714285714285,
            0.3333333333333333,
            0.3333333333333333,
            0.0
        ]
    ],
    "nodeCount": 5,
    "edgeCount": 7,
    "tokenCount": 3,
    "nodes": [
        "0x2e28b9b74d6d99d4697e913b82b41ef1cac51c6c",
        "0xcc5eaa3546c63591e14ce594939bd87f334ef5f1",
        "0x84811d901063391658ddacb6dbc6926d9014038d",
        "0x36e04b29169313d93a056289109ba8a8291e69ab",
        "0x938afafb36e8b1ab3347427eb44537f543475cf9"
    ],
    "tokens": [
        "0x14016e85a25aeb13065688cafb43044c2ef86784",
        "0x8ac76a51cc950d9822d68b83fe1ad97b32cd580d",
        "0xe9e7cea3dedca5984780bafc599bd69add087d56"
    ]
}