{
    "hash": "0x60cec6f68c3576d7cbbcbe4d8e7b6bbf43ee1faa251ab5f1178432741e4a880f",
    "chain": "Ethereum",
    "U": [
        0,
        1,
        2,
        3,
        4,
        5,
        6,
        4,
        4,
        2,
        2
    ],
    "V": [
        1,
        2,
        3,
        4,
        5,
        4,
        4,
        6,
        2,
        7,
        0
    ],
    "feat": [
        [
            0,
            0,
            0,
            1,
            0.09090909090909091,
            0.09090909090909091,
            0.3333333333333333,
            0.3333333333333333,
            0.0
        ],
        [
            1,
            0,
            0,
            0,
            0.09090909090909091,
            0.09090909090909091,
            0.3333333333333333,
            0.3333333333333333,
            0.0
        ],
        [
            1,
            0,
            0,
            0,
            0.18181818181818182,
            0.2727272727272727,
            0.6666666666666666,
            0.6666666666666666,
            0.0
        ],
        [
            0,
            1,
            0,
            0,
            0.09090909090909091,
            0.09090909090909091,
            0.3333333333333333,
            0.3333333333333333,
            0.0
        ],
        [
            1,
            0,
            0,
            0,
            0.2727272727272727,
            0.2727272727272727,
            1.0,
            1.0,
            0.0
        ],
        [
            0,
            0,
            1,
            0,
            0.09090909090909091,
            0.09090909090909091,
            0.3333333333333333,
            0.3333333333333333,
            -0.008750000000000036
        ],
        [
            1,
            0,
            0,
            0,
            0.09090909090909091,
            0.09090909090909091,
            0.3333333333333333,
            0.3333333333333333,
            0.0
        ],
        [
            0,
            0,
            0,
            1,
            0.09090909090909091,
            0.0,
            0.3333333333333333,
            0.0,
            0.00875
        ]
    ],
    "nodeCount": 8,
    "edgeCount": 11,
    "tokenCount": 3,
    "nodes": [
        "0x35fb7d627bd325a436fa9af0160a05ff1feb253c",
        "0x881d40237659c251811cec9c364ef91dc08d300c",
        "0x74de5d4fcbf63e00296fd95d33236b9794016631",
        "0x11111112542d85b3ef69ae05771c2dccff4faa26",
        "0x0bf16c34b38648bb08deacf4dd4b239c44bb33c1",
        "0xe82906b6b1b04f631d126c974af57a3a7b6a99d9",
        "0x69d91b94f0aaf8e8a2586909fa77a5c2c89818d5",
        "0x11ededebf63bef0ea2d2d071bdf88f71543ec6fb"
    ],
    "tokens": [
        "native_token",
        "0xa0b86991c6218b36c1d19d4a2e9eb0ce3606eb48",
        "0x2b591e99afe9f32eaa6214f7b7629768c40eeb39"
    ]
}