{
    "hash": "0x6000bcafd50333abc7741f9133f5213ce32cb9b927757d7e33b54541591c332c",
    "chain": "Ethereum",
    "U": [
        0,
        1,
        0,
        0,
        2,
        0,
        0,
        0
    ],
    "V": [
        1,
        0,
        1,
        1,
        3,
        4,
        5,
        4
    ],
    "feat": [
        [
            0,
            1,
            0,
            0,
            0.125,
            0.75,
            0.25,
            0.75,
            -2.7457800102643963
        ],
        [
            0,
            0,
            1,
            0,
            0.375,
            0.125,
            0.5,
            0.25,
            1.2054301373964442
        ],
        [
            0,
            0,
            0,
            1,
            0.0,
            0.125,
            0.0,
            0.25,
            0
        ],
        [
            0,
            1,
            0,
            0,
            0.125,
            0.0,
            0.25,
            0.0,
            0
        ],
        [
            0,
            0,
            0,
            1,
            0.25,
            0.0,
            0.5,
            0.0,
            0.540349872867952
        ],
        [
            0,
            0,
            0,
            1,
            0.125,
            0.0,
            0.25,
            0.0,
            1.0
        ]
    ],
    "nodeCount": 6,
    "edgeCount": 8,
    "tokenCount": 4,
    "nodes": [
        "0x3eedc524c234a5b72c09a4b052e7da695e9e7713",
        "0x01d9984489bd4c5f372a6e6eca1f22c27a77e355",
        "0x0000000000000000000000000000000000000000",
        "0x673662e97b05e001816c380ba5a628d2e29f55d1",
        "0xac18a5a07e333d69b59a13bc5a36586cfa2f2cf5",
        "0x8971dc0105a22e54d81593af02167fc82af935e3"
    ],
    "tokens": [
        "0xa0b86991c6218b36c1d19d4a2e9eb0ce3606eb48",
        "0x6b175474e89094c44da98b954eedeac495271d0f",
        "0x01d9984489bd4c5f372a6e6eca1f22c27a77e355",
        "native_token"
    ]
}