{
    "hash": "0x608a11745df8fb2fbab8326cd8336f7a4105273ff9dce4602d0713fd610fdbc6",
    "chain": "Ethereum",
    "U": [
        0,
        0,
        3
    ],
    "V": [
        1,
        2,
        2
    ],
    "feat": [
        [
            0,
            0,
            0,
            1,
            0.0,
            0.6666666666666666,
            0.0,
            0.6666666666666666,
            -2.0
        ],
        [
            0,
            1,
            0,
            0,
            0.3333333333333333,
            0.0,
            0.3333333333333333,
            0.0,
            1.0
        ],
        [
            0,
            0,
            0,
            1,
            0.6666666666666666,
            0.0,
            0.6666666666666666,
            0.0,
            2.0
        ],
        [
            0,
            0,
            1,
            0,
            0.0,
            0.3333333333333333,
            0.0,
            0.3333333333333333,
            -1.0
        ]
    ],
    "nodeCount": 4,
    "edgeCount": 3,
    "tokenCount": 3,
    "nodes": [
        "0x0000000000000000000000000000000000000000",
        "0x464c71f6c2f760dda6093dcb91c24c39e5d6e18c",
        "0x7b49adb56ff4f1c6cdf4d486edce2ee7cc69422b",
        "0xbcca60bb61934080951369a648fb03df4f96263c"
    ],
    "tokens": [
        "0xbcca60bb61934080951369a648fb03df4f96263c",
        "0x619beb58998ed2278e08620f97007e1116d5d25b",
        "0xa0b86991c6218b36c1d19d4a2e9eb0ce3606eb48"
    ]
}