{
    "hash": "0x60ef493e13026f266ca7f17d65d0d92716db9eaa8c2f7db271af5cefb2dbfa26",
    "chain": "Binance",
    "U": [
        0,
        0,
        2,
        3,
        3,
        4,
        5,
        3,
        3,
        3,
        3,
        0,
        7,
        6,
        3,
        0
    ],
    "V": [
        1,
        2,
        3,
        0,
        4,
        5,
        3,
        6,
        7,
        8,
        9,
        3,
        6,
        3,
        9,
        3
    ],
    "feat": [
        [
            0,
            0,
            0,
            1,
            0.0625,
            0.25,
            0.25,
            0.5,
            -1.4615244458974177
        ],
        [
            0,
            1,
            0,
            0,
            0.0625,
            0.0,
            0.25,
            0.0,
            0.04104021373743602
        ],
        [
            0,
            0,
            1,
            0,
            0.0625,
            0.0625,
            0.25,
            0.25,
            0.39794237012386025
        ],
        [
            0,
            1,
            0,
            0,
            0.3125,
            0.4375,
            0.75,
            0.75,
            1.0100820947856217
        ],
        [
            0,
            0,
            1,
            0,
            0.0625,
            0.0625,
            0.25,
            0.25,
            -0.9976223275351216
        ],
        [
            0,
            0,
            1,
            0,
            0.0625,
            0.0625,
            0.25,
            0.25,
            0.0
        ],
        [
            0,
            1,
            0,
            0,
            0.125,
            0.0625,
            0.5,
            0.25,
            0.7
        ],
        [
            0,
            0,
            0,
            1,
            0.0625,
            0.0625,
            0.25,
            0.25,
            -0.94
        ],
        [
            0,
            1,
            0,
            0,
            0.0625,
            0.0,
            0.25,
            0.0,
            0.24
        ],
        [
            0,
            1,
            0,
            0,
            0.125,
            0.0,
            0.25,
            0.0,
            1.0100820947856215
        ]
    ],
    "nodeCount": 10,
    "edgeCount": 16,
    "tokenCount": 4,
    "nodes": [
        "0x0000000000000000000000000000000000000000",
        "0xceba60280fb0ecd9a5a26a1552b90944770a4a0e",
        "0x009cf7bc57584b7998236eff51b98a168dcea9b0",
        "0xe80d364be7e15286ec70971d3cca5c630ebcfbed",
        "0x0ed7e52944161450477ee417de9cd3a859b14fd0",
        "0x942b294e59a8c47a0f7f20df105b082710f7c305",
        "0x5fff11d368a5621c69bce287e277c9caf20cf06f",
        "0x0a87aabd9935451e8ec8d06fdd4d1a66fa0b0f5f",
        "0x2b27348bf560150ea1988ed2f93c820299ac5c7e",
        "0x73feaa1ee314f8c655e354234017be2193c9e24e"
    ],
    "tokens": [
        "0x0e09fabb73bd3ade0a17ecc321fd13a19e81ce82",
        "0x009cf7bc57584b7998236eff51b98a168dcea9b0",
        "0xbb4cdb9cbd36b01bd1cbaebf2de08d9173bc095c",
        "0xd41fdb03ba84762dd66a0af1a6c8540ff1ba5dfb"
    ]
}