{
    "hash": "0x61d517f2809039520b5ab69b028e3cd3f0920dadc5e1d3426bd927cc51276deb",
    "chain": "Binance",
    "U": [
        0,
        2,
        1,
        0,
        1,
        2,
        3,
        0,
        4,
        5
    ],
    "V": [
        1,
        3,
        0,
        1,
        0,
        3,
        0,
        4,
        5,
        0
    ],
    "feat": [
        [
            1,
            0,
            0,
            0,
            0.4,
            0.3,
            0.75,
            0.75,
            3.759489694079264e-05
        ],
        [
            0,
            0,
            1,
            0,
            0.2,
            0.2,
            0.5,
            0.5,
            0.005989109290783112
        ],
        [
            0,
            0,
            0,
            1,
            0.0,
            0.2,
            0.0,
            0.25,
            -0.2458378923517558
        ],
        [
            0,
            1,
            0,
            0,
            0.2,
            0.1,
            0.25,
            0.25,
            -0.7541621076482442
        ],
        [
            0,
            0,
            1,
            0,
            0.1,
            0.1,
            0.25,
            0.25,
            0.0
        ],
        [
            0,
            0,
            1,
            0,
            0.1,
            0.1,
            0.25,
            0.25,
            0.9939732958122761
        ]
    ],
    "nodeCount": 6,
    "edgeCount": 10,
    "tokenCount": 4,
    "nodes": [
        "0x79c77677dca7f50a62ce659af8fd3b4ac32bb922",
        "0x577d005912c49b1679b4c21e334fdb650e92c077",
        "0x0000000000000000000000000000000000000000",
        "0x782395303692abed877d2737aa7982345eb44c11",
        "0x223740a259e461abee12d84a9fff5da69ff071dd",
        "0xc0ba2569e473974e9004ceeeae76aeaea521525c"
    ],
    "tokens": [
        "0x2170ed0880ac9a755fd29b2688956bd959f933f8",
        "0x9c65ab58d8d978db963e63f2bfb7121627e3a739",
        "0x7130d2a12b9bcbfae4f2634d864a1ee1ce3ead9c",
        "0xe9e7cea3dedca5984780bafc599bd69add087d56"
    ]
}