{
    "hash": "0x62b8cbf2d51e0889054014330ea10fdd187d8b4314c41874fca38bce00b79663",
    "chain": "Binance",
    "U": [
        0,
        1,
        1,
        3,
        4,
        1,
        5,
        1,
        1,
        6,
        1
    ],
    "V": [
        1,
        2,
        3,
        4,
        2,
        5,
        1,
        5,
        5,
        1,
        0
    ],
    "feat": [
        [
            0,
            1,
            0,
            0,
            0.09090909090909091,
            0.09090909090909091,
            0.25,
            0.25,
            0.0
        ],
        [
            0,
            1,
            0,
            0,
            0.2727272727272727,
            0.5454545454545454,
            0.75,
            0.75,
            -0.002620297159841023
        ],
        [
            0,
            1,
            0,
            0,
            0.18181818181818182,
            0.0,
            0.5,
            0.0,
            1.0050204446258666
        ],
        [
            0,
            0,
            1,
            0,
            0.09090909090909091,
            0.09090909090909091,
            0.25,
            0.25,
            -0.020800096502436048
        ],
        [
            0,
            0,
            1,
            0,
            0.09090909090909091,
            0.09090909090909091,
            0.25,
            0.25,
            -0.959218533886615
        ],
        [
            0,
            0,
            1,
            0,
            0.2727272727272727,
            0.09090909090909091,
            0.5,
            0.25,
            0.9776184829230256
        ],
        [
            0,
            0,
            0,
            1,
            0.0,
            0.09090909090909091,
            0.0,
            0.25,
            -1.0
        ]
    ],
    "nodeCount": 7,
    "edgeCount": 11,
    "tokenCount": 4,
    "nodes": [
        "0x6a8dbbfbb5a57d07d14e63e757fb80b4a7494f81",
        "0xf6c0f634ceeac73e99e01ba7b949bd35399c61e2",
        "0x0bd2eca2d6616acca0a0392b6b1a4f585dd26483",
        "0x434c8f02e173a3345fe709c1588dbd37db13593d",
        "0xf4558da592605586829244ed80aee9a9dcdefe43",
        "0xc2eed0f5a0dc28cfa895084bc0a9b8b8279ae492",
        "0x0000000000000000000000000000000000000000"
    ],
    "tokens": [
        "0xe02df9e3e622debdd69fb838bb799e3f168902c5",
        "0xbb4cdb9cbd36b01bd1cbaebf2de08d9173bc095c",
        "0x8db702d9d561921c45be8df38830a653e4bc0299",
        "0xc2eed0f5a0dc28cfa895084bc0a9b8b8279ae492"
    ]
}