{
    "hash": "0x62838c8c00370a077dcedb6f994c4ed256ffc92bd42e98a0399e90dd23c33b30",
    "chain": "Binance",
    "U": [
        0,
        1,
        2,
        4,
        5,
        6,
        5,
        7,
        4
    ],
    "V": [
        1,
        2,
        3,
        1,
        6,
        5,
        7,
        4,
        0
    ],
    "feat": [
        [
            0,
            0,
            0,
            1,
            0.1111111111111111,
            0.1111111111111111,
            0.2,
            0.2,
            0.0
        ],
        [
            0,
            0,
            0,
            1,
            0.2222222222222222,
            0.1111111111111111,
            0.4,
            0.2,
            2.0
        ],
        [
            0,
            1,
            0,
            0,
            0.1111111111111111,
            0.1111111111111111,
            0.2,
            0.2,
            0
        ],
        [
            0,
            1,
            0,
            0,
            0.1111111111111111,
            0.0,
            0.2,
            0.0,
            0
        ],
        [
            0,
            0,
            1,
            0,
            0.1111111111111111,
            0.2222222222222222,
            0.2,
            0.4,
            -1.0
        ],
        [
            0,
            1,
            0,
            0,
            0.1111111111111111,
            0.2222222222222222,
            0.2,
            0.4,
            -1.0
        ],
        [
            0,
            0,
            1,
            0,
            0.1111111111111111,
            0.1111111111111111,
            0.2,
            0.2,
            0.0
        ],
        [
            0,
            0,
            1,
            0,
            0.1111111111111111,
            0.1111111111111111,
            0.2,
            0.2,
            0.0
        ]
    ],
    "nodeCount": 8,
    "edgeCount": 9,
    "tokenCount": 5,
    "nodes": [
        "0x61c659b292d61a134f035b8d214b0f63c3790996",
        "0x0000000000000000000000000000000000000000",
        "0x6ef9f79c4cd898843f960f3d5eb025bb32cc6c82",
        "0xc78248d676debb4597e88071d3d889eca70e5469",
        "0xaa20e8cb61299df2357561c2ac2e1172bc68bc25",
        "0x504ff86d1165f120eafd5bf3bba2cc50b0f9b1d7",
        "0xf508fcd89b8bd15579dc79a6827cb4686a3592c8",
        "0x7d0168e0bc515c3501d293c18354da2623b7c310"
    ],
    "tokens": [
        "0xaa20e8cb61299df2357561c2ac2e1172bc68bc25",
        "0xe2272a850188b43e94ed6df5b75f1a2fdcd5ac26",
        "0x2170ed0880ac9a755fd29b2688956bd959f933f8",
        "0x7d0168e0bc515c3501d293c18354da2623b7c310",
        "0xf508fcd89b8bd15579dc79a6827cb4686a3592c8"
    ]
}