{
    "hash": "0x63308783f71545becc0076bf132f2e53d2dd1273fb106e03484bedda30b73f99",
    "chain": "Binance",
    "U": [
        0,
        2,
        1,
        4,
        3,
        2,
        2,
        2,
        2,
        3,
        3,
        6,
        1,
        7
    ],
    "V": [
        1,
        1,
        3,
        3,
        2,
        5,
        5,
        3,
        1,
        4,
        1,
        5,
        7,
        0
    ],
    "feat": [
        [
            0,
            0,
            0,
            1,
            0.07142857142857142,
            0.07142857142857142,
            0.2,
            0.2,
            0.9409918248781396
        ],
        [
            0,
            0,
            1,
            0,
            0.2857142857142857,
            0.14285714285714285,
            0.4,
            0.2,
            0.6658429024738962
        ],
        [
            0,
            0,
            1,
            0,
            0.07142857142857142,
            0.35714285714285715,
            0.2,
            0.4,
            -1.3325337459904256
        ],
        [
            0,
            1,
            0,
            0,
            0.21428571428571427,
            0.21428571428571427,
            0.4,
            0.4,
            0.6666666666666667
        ],
        [
            0,
            0,
            1,
            0,
            0.07142857142857142,
            0.07142857142857142,
            0.2,
            0.2,
            -0.6666666666666667
        ],
        [
            0,
            0,
            0,
            1,
            0.21428571428571427,
            0.0,
            0.4,
            0.0,
            1.6666666666666665
        ],
        [
            0,
            0,
            0,
            1,
            0.0,
            0.07142857142857142,
            0.0,
            0.2,
            -1.0
        ],
        [
            0,
            0,
            1,
            0,
            0.07142857142857142,
            0.07142857142857142,
            0.2,
            0.2,
            -0.9409676480282767
        ]
    ],
    "nodeCount": 8,
    "edgeCount": 14,
    "tokenCount": 5,
    "nodes": [
        "0x5e045362da8f6b94da9329ad184b627439e6865a",
        "0x8d6f5556fda740dc13afab3009e277c15bf686d2",
        "0x6507458bb53aec6be863161641ec28739c41cc97",
        "0x10ed43c718714eb63d5aa57b78b54704e256024e",
        "0xbb4cdb9cbd36b01bd1cbaebf2de08d9173bc095c",
        "0x2cb3bfd4d9722208c162e05abda1160b41833974",
        "0x0000000000000000000000000000000000000000",
        "0x16b9a82891338f9ba80e2d6970fdda79d1eb0dae"
    ],
    "tokens": [
        "0x6507458bb53aec6be863161641ec28739c41cc97",
        "0xbb4cdb9cbd36b01bd1cbaebf2de08d9173bc095c",
        "native_token",
        "0x8d6f5556fda740dc13afab3009e277c15bf686d2",
        "0x55d398326f99059ff775485246999027b3197955"
    ]
}