{
    "hash": "0x63e756c3dc78c784417647081b6d7c07a1f95c6178ff8456b7e72b7f77236858",
    "chain": "Ethereum",
    "U": [
        0,
        1,
        0,
        2,
        2,
        0,
        4,
        4,
        5,
        0,
        0,
        1
    ],
    "V": [
        1,
        0,
        2,
        0,
        3,
        4,
        0,
        3,
        0,
        5,
        1,
        0
    ],
    "feat": [
        [
            1,
            0,
            0,
            0,
            0.4166666666666667,
            0.4166666666666667,
            1.0,
            1.0,
            0.044077954080822046
        ],
        [
            0,
            0,
            1,
            0,
            0.16666666666666666,
            0.16666666666666666,
            0.5,
            0.5,
            0.0
        ],
        [
            0,
            0,
            1,
            0,
            0.08333333333333333,
            0.16666666666666666,
            0.25,
            0.5,
            -0.044555914783027895
        ],
        [
            0,
            0,
            0,
            1,
            0.16666666666666666,
            0.0,
            0.5,
            0.0,
            0.0009779610231200452
        ],
        [
            0,
            0,
            1,
            0,
            0.08333333333333333,
            0.16666666666666666,
            0.25,
            0.5,
            -0.0004999999999999449
        ],
        [
            1,
            0,
            0,
            0,
            0.08333333333333333,
            0.08333333333333333,
            0.25,
            0.25,
            -3.2091362900388276e-10
        ]
    ],
    "nodeCount": 6,
    "edgeCount": 12,
    "tokenCount": 4,
    "nodes": [
        "0x0000000000007f150bd6f54c40a34d7c3d5e9f56",
        "0xc02aaa39b223fe8d0a0e5c4f27ead9083c756cc2",
        "0x7409b0ca346b6f14f3124c850714cd866db0b9c1",
        "0x667911bc8b5775616ebcf13d49734cff96d4ec39",
        "0xf178b9fde275e6ba985f0fd4f5390cd49cb1685c",
        "0x88e6a0c2ddd26feeb64f039a2c41296fcb3f5640"
    ],
    "tokens": [
        "native_token",
        "0xc02aaa39b223fe8d0a0e5c4f27ead9083c756cc2",
        "0xe1b583dc66e0a24fd9af2dc665f6f5e48978e106",
        "0xa0b86991c6218b36c1d19d4a2e9eb0ce3606eb48"
    ]
}