{
    "hash": "0x63d4ecfef143e79217536a63ae4a13f91febe4bff5a77890d344947db2b03863",
    "chain": "Binance",
    "U": [
        0,
        1,
        2,
        3,
        1,
        2,
        3,
        1,
        2,
        3,
        1,
        2,
        3,
        1,
        2,
        3,
        1,
        2,
        3,
        1,
        2,
        3,
        1,
        2,
        3,
        1,
        2,
        3,
        1,
        2,
        3,
        1,
        2,
        3,
        1,
        2,
        3,
        1,
        2,
        3,
        1,
        2,
        3,
        1,
        2,
        3,
        1,
        2,
        3,
        1,
        2,
        3,
        1,
        2,
        3,
        1,
        2,
        3,
        1,
        2,
        3,
        1
    ],
    "V": [
        1,
        2,
        3,
        1,
        2,
        3,
        1,
        2,
        3,
        1,
        2,
        3,
        1,
        2,
        3,
        1,
        2,
        3,
        1,
        2,
        3,
        1,
        2,
        3,
        1,
        2,
        3,
        1,
        2,
        3,
        1,
        2,
        3,
        1,
        2,
        3,
        1,
        2,
        3,
        1,
        2,
        3,
        1,
        2,
        3,
        1,
        2,
        3,
        1,
        2,
        3,
        1,
        2,
        3,
        1,
        2,
        3,
        1,
        2,
        3,
        1,
        0
    ],
    "feat": [
        [
            0,
            0,
            0,
            1,
            0.016129032258064516,
            0.016129032258064516,
            1.0,
            1.0,
            0.9999999836065576
        ],
        [
            1,
            0,
            0,
            0,
            0.3387096774193548,
            0.3387096774193548,
            1.0,
            1.0,
            -0.34426228943832277
        ],
        [
            1,
            0,
            0,
            0,
            0.3225806451612903,
            0.3225806451612903,
            1.0,
            1.0,
            -0.3278688470841166
        ],
        [
            1,
            0,
            0,
            0,
            0.3225806451612903,
            0.3225806451612903,
            1.0,
            1.0,
            -0.3278688470841178
        ]
    ],
    "nodeCount": 4,
    "edgeCount": 62,
    "tokenCount": 1,
    "nodes": [
        "0x2b25521556aa4c49ca5698ee3ce0e84ee3d53651",
        "0xd3ae25466a72887ccadd026e6eddb4d5160b000d",
        "0x2553c5530eaf0adfcf9d1ffc3f22ff5d8e88f0cd",
        "0x023c063f5827b0a7c6ad186c2170c62015f0e5d7"
    ],
    "tokens": [
        "0x0be62cf4dd563ec326391b55ec31e4dbf7db376d"
    ]
}