{
    "hash": "0x64b4e73c7dc2b24fa4ecf84de7fcb493fa7289a185543725b46ebd48fa389a0a",
    "chain": "Binance",
    "U": [
        0,
        0,
        2,
        4,
        3,
        3,
        5,
        0,
        5,
        0,
        5,
        3,
        3,
        0
    ],
    "V": [
        1,
        2,
        3,
        3,
        0,
        5,
        6,
        5,
        7,
        5,
        6,
        7,
        4,
        3
    ],
    "feat": [
        [
            0,
            0,
            0,
            1,
            0.07142857142857142,
            0.35714285714285715,
            0.3333333333333333,
            1.0,
            -0.16946678372606705
        ],
        [
            0,
            1,
            0,
            0,
            0.07142857142857142,
            0.0,
            0.3333333333333333,
            0.0,
            0.0007052414059753696
        ],
        [
            0,
            0,
            1,
            0,
            0.07142857142857142,
            0.07142857142857142,
            0.3333333333333333,
            0.3333333333333333,
            -0.00465671420058449
        ],
        [
            0,
            1,
            0,
            0,
            0.21428571428571427,
            0.2857142857142857,
            0.6666666666666666,
            0.6666666666666666,
            -0.9882908717396618
        ],
        [
            0,
            1,
            0,
            0,
            0.07142857142857142,
            0.07142857142857142,
            0.3333333333333333,
            0.3333333333333333,
            -0.9882908717396618
        ],
        [
            0,
            1,
            0,
            0,
            0.21428571428571427,
            0.21428571428571427,
            0.6666666666666666,
            0.6666666666666666,
            8.326672684688674e-17
        ],
        [
            0,
            1,
            0,
            0,
            0.14285714285714285,
            0.0,
            0.6666666666666666,
            0.0,
            0.15081559946934125
        ],
        [
            0,
            0,
            0,
            1,
            0.14285714285714285,
            0.0,
            0.6666666666666666,
            0.0,
            1.9991844005306587
        ]
    ],
    "nodeCount": 8,
    "edgeCount": 14,
    "tokenCount": 3,
    "nodes": [
        "0x0000000000000000000000000000000000000000",
        "0x8488cb2f54ecb9aa1cdc1bc83bc1d200bb2f216b",
        "0x009cf7bc57584b7998236eff51b98a168dcea9b0",
        "0xedfcb78e73f7ba6ad2d829bf5d462a0924da28ed",
        "0x73feaa1ee314f8c655e354234017be2193c9e24e",
        "0x8cb88701790f650f273c8bb2cc4c5f439cd65219",
        "0x0989091f27708bc92ea4ca60073e03592b94c0ee",
        "0x4080e3319de269e33c23dd68f60198e8bd322867"
    ],
    "tokens": [
        "0x0e09fabb73bd3ade0a17ecc321fd13a19e81ce82",
        "0x009cf7bc57584b7998236eff51b98a168dcea9b0",
        "0xc9849e6fdb743d08faee3e34dd2d1bc69ea11a51"
    ]
}