{
    "hash": "0x6439847aafe81d81b38c1d46e44269069c30cf109b9c54f5b1da771bf950a911",
    "chain": "Ethereum",
    "U": [
        0,
        1,
        1,
        1,
        1,
        1,
        1,
        1,
        1,
        1,
        1,
        1,
        1,
        1,
        1,
        1,
        1,
        1,
        1,
        1,
        1,
        1,
        1,
        1,
        1,
        1,
        1,
        1
    ],
    "V": [
        1,
        1,
        2,
        0,
        1,
        2,
        0,
        1,
        2,
        0,
        1,
        2,
        0,
        1,
        2,
        0,
        1,
        2,
        0,
        1,
        2,
        0,
        1,
        2,
        0,
        1,
        2,
        0
    ],
    "feat": [
        [
            0,
            0,
            0,
            1,
            0.32142857142857145,
            0.03571428571428571,
            0.5,
            0.5,
            8.0
        ],
        [
            0,
            1,
            0,
            0,
            0.35714285714285715,
            0.9642857142857143,
            0.5,
            1.0,
            -9.0
        ],
        [
            0,
            0,
            0,
            1,
            0.32142857142857145,
            0.0,
            0.5,
            0.0,
            0.9999999999999986
        ]
    ],
    "nodeCount": 3,
    "edgeCount": 28,
    "tokenCount": 2,
    "nodes": [
        "0xff12a96e5e676d3efcffedcd3c60ab9937806b80",
        "0xfbddadd80fe7bda00b901fbaf73803f2238ae655",
        "0x4b5057b2c87ec9e7c047fb00c0e406dff2fdacad"
    ],
    "tokens": [
        "native_token",
        "0x990f341946a3fdb507ae7e52d17851b87168017c"
    ]
}