{
    "hash": "0x651d0ef1e03ee4a122a2e02f03f2fb546fae2ce992d54f544af9c63b3fdbccfb",
    "chain": "Binance",
    "U": [
        0,
        2,
        1,
        2,
        1,
        4,
        5
    ],
    "V": [
        1,
        1,
        2,
        3,
        4,
        5,
        0
    ],
    "feat": [
        [
            0,
            0,
            0,
            1,
            0.14285714285714285,
            0.14285714285714285,
            0.25,
            0.25,
            0.0
        ],
        [
            1,
            0,
            0,
            0,
            0.2857142857142857,
            0.2857142857142857,
            0.5,
            0.5,
            0.0
        ],
        [
            0,
            1,
            0,
            0,
            0.14285714285714285,
            0.2857142857142857,
            0.25,
            0.25,
            -1.999999999990898e-05
        ],
        [
            0,
            1,
            0,
            0,
            0.14285714285714285,
            0.0,
            0.25,
            0.0,
            1.9999999999999998e-05
        ],
        [
            0,
            1,
            0,
            0,
            0.14285714285714285,
            0.14285714285714285,
            0.25,
            0.25,
            0.0
        ],
        [
            0,
            0,
            1,
            0,
            0.14285714285714285,
            0.14285714285714285,
            0.25,
            0.25,
            0.0
        ]
    ],
    "nodeCount": 6,
    "edgeCount": 7,
    "tokenCount": 4,
    "nodes": [
        "0x2f5589dd273867638e08217e4f1584b79fd9e437",
        "0x8e4842d0570c85ba3805a9508dce7c6a458359d0",
        "0xbe60d4c4250438344bec816ec2dec99925deb4c7",
        "0xcaa42f09af66a8bae3a7445a7f63dad97c11638b",
        "0x0fe261aee0d1c4dfddee4102e82dd425999065f4",
        "0xb450cbf17f6723ef9c1bf3c3f0e0aba368d09bf5"
    ],
    "tokens": [
        "0x55d398326f99059ff775485246999027b3197955",
        "0xe9e7cea3dedca5984780bafc599bd69add087d56",
        "0xbb4cdb9cbd36b01bd1cbaebf2de08d9173bc095c",
        "0xa57ac35ce91ee92caefaa8dc04140c8e232c2e50"
    ]
}