{
    "hash": "0x65b027067433c01876b36d4e77a886b3475865d4d5888662efb1e5a3ba239c0d",
    "chain": "Binance",
    "U": [
        0,
        0,
        2,
        3,
        4,
        5,
        3,
        4,
        6,
        3,
        3,
        0,
        3,
        3,
        3
    ],
    "V": [
        1,
        2,
        3,
        4,
        5,
        3,
        4,
        6,
        3,
        7,
        7,
        3,
        8,
        8,
        9
    ],
    "feat": [
        [
            0,
            0,
            0,
            1,
            0.0,
            0.2,
            0.0,
            0.4,
            -2.1
        ],
        [
            0,
            0,
            0,
            1,
            0.06666666666666667,
            0.0,
            0.2,
            0.0,
            0.1
        ],
        [
            0,
            0,
            1,
            0,
            0.06666666666666667,
            0.06666666666666667,
            0.2,
            0.2,
            0.9657151896048943
        ],
        [
            0,
            1,
            0,
            0,
            0.26666666666666666,
            0.4666666666666667,
            0.8,
            0.8,
            -0.3518907612893889
        ],
        [
            0,
            0,
            1,
            0,
            0.13333333333333333,
            0.13333333333333333,
            0.2,
            0.2,
            -1.6138242799654285
        ],
        [
            0,
            0,
            1,
            0,
            0.06666666666666667,
            0.06666666666666667,
            0.2,
            0.2,
            0.0
        ],
        [
            0,
            0,
            1,
            0,
            0.06666666666666667,
            0.06666666666666667,
            0.2,
            0.2,
            -1.4835007688951407e-07
        ],
        [
            0,
            0,
            1,
            0,
            0.13333333333333333,
            0.0,
            0.4,
            0.0,
            1.99944408057371
        ],
        [
            0,
            0,
            0,
            1,
            0.13333333333333333,
            0.0,
            0.4,
            0.0,
            0.0005559194262901373
        ],
        [
            0,
            1,
            0,
            0,
            0.06666666666666667,
            0.0,
            0.2,
            0.0,
            1.0
        ]
    ],
    "nodeCount": 10,
    "edgeCount": 15,
    "tokenCount": 5,
    "nodes": [
        "0x0000000000000000000000000000000000000000",
        "0xd4cfec77cdc21573982ec85cf33cfde6cc677e74",
        "0x009cf7bc57584b7998236eff51b98a168dcea9b0",
        "0xc0314bbe19d4d5b048d3a3b974f0ca1b2cee5ef3",
        "0xa527a61703d82139f8a06bc30097cc9caa2df5a6",
        "0x20bcc3b8a0091ddac2d0bc30f68e6cbb97de59cd",
        "0x1b96b92314c44b159149f7e0303511fb2fc4774f",
        "0xc15fa3e22c912a276550f3e5fe3b0deb87b55acd",
        "0x793074d9799dc3c6039f8056f1ba884a73462051",
        "0x73feaa1ee314f8c655e354234017be2193c9e24e"
    ],
    "tokens": [
        "0x0e09fabb73bd3ade0a17ecc321fd13a19e81ce82",
        "0xbb4cdb9cbd36b01bd1cbaebf2de08d9173bc095c",
        "0x55d398326f99059ff775485246999027b3197955",
        "0xe9e7cea3dedca5984780bafc599bd69add087d56",
        "0xc15fa3e22c912a276550f3e5fe3b0deb87b55acd"
    ]
}