{
    "hash": "0x666dc350b19e0575928c46c1f229c46f8bbd81ac7a11ae91a70891bf08159f92",
    "chain": "Ethereum",
    "U": [
        0,
        1,
        1,
        1,
        4,
        3,
        3,
        1
    ],
    "V": [
        1,
        2,
        2,
        3,
        3,
        4,
        1,
        5
    ],
    "feat": [
        [
            0,
            0,
            0,
            1,
            0.0,
            0.125,
            0.0,
            0.5,
            -1.0
        ],
        [
            0,
            1,
            0,
            0,
            0.25,
            0.5,
            1.0,
            1.0,
            0.0
        ],
        [
            0,
            0,
            0,
            1,
            0.25,
            0.0,
            0.5,
            0.0,
            0.04045643409155407
        ],
        [
            0,
            1,
            0,
            0,
            0.25,
            0.25,
            1.0,
            1.0,
            0.0
        ],
        [
            0,
            0,
            0,
            1,
            0.125,
            0.125,
            0.5,
            0.5,
            -0.04045643409155408
        ],
        [
            0,
            1,
            0,
            0,
            0.125,
            0.0,
            0.5,
            0.0,
            1.0
        ]
    ],
    "nodeCount": 6,
    "edgeCount": 8,
    "tokenCount": 2,
    "nodes": [
        "0x0000000000000000000000000000000000000000",
        "0x4ac979b324806a96f529a2e001bf7a4df3821cb2",
        "0x76720ac2574631530ec8163e4085d6f98513fb27",
        "0x5f3e654edeedf8f236b8a8bc4b459ae4fed7f44d",
        "0x56178a0d5f301baf6cf3e1cd53d9863437345bf9",
        "0x24e459f61ceaa7b1ce70dbaea938940a7c5ad46e"
    ],
    "tokens": [
        "0x6b175474e89094c44da98b954eedeac495271d0f",
        "0x7fc66500c84a76ad7e9c93437bfc5ac33e2ddae9"
    ]
}