{
    "hash": "0x665fe41512046eb8bdf921e7d954f8e30748659104d124dbe3ebdb7e4f5e517f",
    "chain": "Binance",
    "U": [
        0,
        0,
        0,
        3,
        0,
        0,
        3,
        4,
        4,
        0,
        1,
        6,
        4
    ],
    "V": [
        1,
        2,
        3,
        4,
        2,
        3,
        4,
        0,
        5,
        4,
        6,
        4,
        5
    ],
    "feat": [
        [
            0,
            0,
            0,
            1,
            0.07692307692307693,
            0.46153846153846156,
            0.25,
            0.75,
            -3.223020943176172
        ],
        [
            0,
            0,
            0,
            1,
            0.07692307692307693,
            0.07692307692307693,
            0.25,
            0.25,
            0.0
        ],
        [
            0,
            0,
            0,
            1,
            0.15384615384615385,
            0.0,
            0.25,
            0.0,
            0.1111837221069247
        ],
        [
            0,
            0,
            1,
            0,
            0.15384615384615385,
            0.15384615384615385,
            0.25,
            0.25,
            0.1118372210692471
        ],
        [
            0,
            1,
            0,
            0,
            0.3076923076923077,
            0.23076923076923078,
            0.75,
            0.75,
            1.0
        ],
        [
            0,
            1,
            0,
            0,
            0.15384615384615385,
            0.0,
            0.5,
            0.0,
            2.0
        ],
        [
            0,
            0,
            1,
            0,
            0.07692307692307693,
            0.07692307692307693,
            0.25,
            0.25,
            0.0
        ]
    ],
    "nodeCount": 7,
    "edgeCount": 13,
    "tokenCount": 4,
    "nodes": [
        "0x0000000000000000000000000000000000000000",
        "0xda26028cc892bae7a96546b8f7f5eaac9afbdcf2",
        "0xcef34e4db130c8a64493517985b23af5b13e8cc6",
        "0x86ef5e73edb2fea111909fe35afcc564572acc06",
        "0xcd1cf0cd72beb00be79aa7b6b9fcb0b02a703399",
        "0x5c8d727b265dbafaba67e050f2f739caeeb4a6f9",
        "0xa126c7f00875343f233e3c2f95067c80ab5b068a"
    ],
    "tokens": [
        "0xa126c7f00875343f233e3c2f95067c80ab5b068a",
        "0x603c7f932ed1fc6575303d8fb018fdcbb0f39a95",
        "0x86ef5e73edb2fea111909fe35afcc564572acc06",
        "0xf65c1c0478efde3c19b49ecbe7acc57bb6b1d713"
    ]
}