{
    "hash": "0x67fdd3d3af6ebde853ce7e4e9cab84614f5740ffa1e3932bdfe397e33b6b68c4",
    "chain": "Binance",
    "U": [
        0,
        1,
        2,
        3,
        2,
        0,
        4,
        0
    ],
    "V": [
        1,
        2,
        3,
        2,
        0,
        4,
        0,
        5
    ],
    "feat": [
        [
            1,
            0,
            0,
            0,
            0.25,
            0.375,
            0.5,
            0.75,
            0.005267210525107924
        ],
        [
            0,
            1,
            0,
            0,
            0.125,
            0.125,
            0.25,
            0.25,
            -0.005267210525107924
        ],
        [
            1,
            0,
            0,
            0,
            0.25,
            0.25,
            0.5,
            0.5,
            0.0
        ],
        [
            0,
            0,
            0,
            1,
            0.125,
            0.125,
            0.25,
            0.25,
            0.0
        ],
        [
            0,
            0,
            1,
            0,
            0.125,
            0.125,
            0.25,
            0.25,
            0.0
        ],
        [
            0,
            0,
            0,
            1,
            0.125,
            0.0,
            0.25,
            0.0,
            0
        ]
    ],
    "nodeCount": 6,
    "edgeCount": 8,
    "tokenCount": 4,
    "nodes": [
        "0x262c806a708452d92f0ca5f857025c9b16b7ccd8",
        "0x0fe261aee0d1c4dfddee4102e82dd425999065f4",
        "0xbaf9a5d4b0052359326a6cdab54babaa3a3a9643",
        "0x7a16ff8270133f063aab6c9977183d9e72835428",
        "0xdde420cbb3794ebd8ffc3ac69f9c78e5d1411870",
        "0x0000000000000000000000000000000000000000"
    ],
    "tokens": [
        "0xbb4cdb9cbd36b01bd1cbaebf2de08d9173bc095c",
        "0xe9e7cea3dedca5984780bafc599bd69add087d56",
        "0xa7f552078dcc247c2684336020c03648500c6d9f",
        "0x0000000000004946c0e9f43f4dee607b0ef1fa1c"
    ]
}