{
    "hash": "0x67d96039e9e0290d6e63f4dd5aa1fd3ce9a565ad7e7f161c58a7b0bd2477f019",
    "chain": "Ethereum",
    "U": [
        0,
        1,
        2,
        1,
        3,
        1,
        4,
        5,
        1,
        1,
        6,
        1,
        1,
        1
    ],
    "V": [
        1,
        2,
        1,
        3,
        1,
        4,
        1,
        1,
        5,
        6,
        1,
        7,
        8,
        0
    ],
    "feat": [
        [
            0,
            0,
            0,
            1,
            0.07142857142857142,
            0.07142857142857142,
            0.25,
            0.25,
            0.0
        ],
        [
            1,
            0,
            0,
            0,
            0.42857142857142855,
            0.5714285714285714,
            1.0,
            1.0,
            -3.3306690738754696e-16
        ],
        [
            0,
            1,
            0,
            0,
            0.07142857142857142,
            0.07142857142857142,
            0.25,
            0.25,
            -0.75
        ],
        [
            0,
            1,
            0,
            0,
            0.07142857142857142,
            0.07142857142857142,
            0.25,
            0.25,
            0.7498561850776921
        ],
        [
            0,
            0,
            1,
            0,
            0.07142857142857142,
            0.07142857142857142,
            0.25,
            0.25,
            -0.08166702536485262
        ],
        [
            0,
            0,
            0,
            1,
            0.07142857142857142,
            0.07142857142857142,
            0.25,
            0.25,
            -0.1683329746351474
        ],
        [
            0,
            0,
            1,
            0,
            0.07142857142857142,
            0.07142857142857142,
            0.25,
            0.25,
            0.2497778656192966
        ],
        [
            0,
            1,
            0,
            0,
            0.07142857142857142,
            0.0,
            0.25,
            0.0,
            0.0003659493030112214
        ],
        [
            0,
            0,
            0,
            1,
            0.07142857142857142,
            0.0,
            0.25,
            0.0,
            2.0192172972972974e-17
        ]
    ],
    "nodeCount": 9,
    "edgeCount": 14,
    "tokenCount": 4,
    "nodes": [
        "0x024bcbcaad82e67f721799e259ca60bc7d363419",
        "0xdb38ae75c5f44276803345f7f02e95a0aeef5944",
        "0x8942d4129003f92bcfc35715f8b5363f5e0a3eb8",
        "0xe24c8bbdba150aa3cb13c785d3a19d012ddc1e86",
        "0x7afe74ae3c19f070c109a38c286684256adc656c",
        "0xa5d07e978398eb1715056d3ca5cb31035c02fdad",
        "0xc02aaa39b223fe8d0a0e5c4f27ead9083c756cc2",
        "0xdd9f24efc84d93deef3c8745c837ab63e80abd27",
        "0x910bf2d50fa5e014fd06666f456182d4ab7c8bd2"
    ],
    "tokens": [
        "0x6b175474e89094c44da98b954eedeac495271d0f",
        "0x1f573d6fb3f13d689ff844b4ce37794d79a7ff1c",
        "native_token",
        "0xc02aaa39b223fe8d0a0e5c4f27ead9083c756cc2"
    ]
}