{
    "hash": "0x679b882a7c493a07a01c8f99acfbb8c4f0f9c3f11a6bfdf7ed4d287fcd4a4c4f",
    "chain": "Ethereum",
    "U": [
        0,
        2,
        1,
        3,
        2,
        5
    ],
    "V": [
        1,
        1,
        3,
        4,
        5,
        6
    ],
    "feat": [
        [
            0,
            0,
            0,
            1,
            0.0,
            0.16666666666666666,
            0.0,
            0.3333333333333333,
            -1.0
        ],
        [
            0,
            1,
            0,
            0,
            0.3333333333333333,
            0.16666666666666666,
            0.6666666666666666,
            0.3333333333333333,
            1.0
        ],
        [
            0,
            0,
            0,
            1,
            0.0,
            0.3333333333333333,
            0.0,
            0.6666666666666666,
            -2.0
        ],
        [
            0,
            0,
            1,
            0,
            0.16666666666666666,
            0.16666666666666666,
            0.3333333333333333,
            0.3333333333333333,
            0.0
        ],
        [
            0,
            1,
            0,
            0,
            0.16666666666666666,
            0.0,
            0.3333333333333333,
            0.0,
            1.0
        ],
        [
            0,
            1,
            0,
            0,
            0.16666666666666666,
            0.16666666666666666,
            0.3333333333333333,
            0.3333333333333333,
            0.0
        ],
        [
            0,
            1,
            0,
            0,
            0.16666666666666666,
            0.0,
            0.3333333333333333,
            0.0,
            1.0
        ]
    ],
    "nodeCount": 7,
    "edgeCount": 6,
    "tokenCount": 3,
    "nodes": [
        "0xc3c4746fc63763930b01a93eda9ec53a72b9ea4c",
        "0x989aeb4d175e16225e39e87d0d97a3360524ad80",
        "0x0000000000000000000000000000000000000000",
        "0x9582c4adacb3bce56fea3e590f05c3ca2fb9c477",
        "0xb76256d1091e93976c61449d6e500d9f46d827d4",
        "0xf403c135812408bfbe8713b5a23a04b3d48aae31",
        "0x02e2151d4f351881017abdf2dd2b51150841d5b3"
    ],
    "tokens": [
        "0x43b4fdfd4ff969587185cdb6f0bd875c5fc83f8c",
        "0x9582c4adacb3bce56fea3e590f05c3ca2fb9c477",
        "0xca3d9f45ffa69ed454e66539298709cb2db8ca61"
    ]
}