{
    "hash": "0x68c2ba4a1e7e58674429fe46712138d831c30abf9091e5669977182b2548f591",
    "chain": "Binance",
    "U": [
        0,
        1,
        2,
        3,
        4,
        5,
        1
    ],
    "V": [
        1,
        2,
        3,
        4,
        5,
        1,
        0
    ],
    "feat": [
        [
            0,
            0,
            0,
            1,
            0.14285714285714285,
            0.14285714285714285,
            0.25,
            0.25,
            0.0
        ],
        [
            0,
            1,
            0,
            0,
            0.2857142857142857,
            0.2857142857142857,
            0.5,
            0.5,
            0.0
        ],
        [
            0,
            1,
            0,
            0,
            0.14285714285714285,
            0.14285714285714285,
            0.25,
            0.25,
            0.0
        ],
        [
            0,
            0,
            1,
            0,
            0.14285714285714285,
            0.14285714285714285,
            0.25,
            0.25,
            0.0
        ],
        [
            0,
            0,
            1,
            0,
            0.14285714285714285,
            0.14285714285714285,
            0.25,
            0.25,
            0.0
        ],
        [
            1,
            0,
            0,
            0,
            0.14285714285714285,
            0.14285714285714285,
            0.25,
            0.25,
            0.0
        ]
    ],
    "nodeCount": 6,
    "edgeCount": 7,
    "tokenCount": 4,
    "nodes": [
        "0x63e8d12d21bad8e8fb94b220b8b55113e29ddb9a",
        "0x8f8dd7db1bda5ed3da8c9daf3bfa471c12d58486",
        "0x9ba8966b706c905e594acbb946ad5e29509f45eb",
        "0xd26fa4d47ab61c03259f0cbc9054890df5c3b7ad",
        "0xf23bad605e94de0e3b60c9718a43a94a5af43915",
        "0xbaf9a5d4b0052359326a6cdab54babaa3a3a9643"
    ],
    "tokens": [
        "0xe9e7cea3dedca5984780bafc599bd69add087d56",
        "0x2170ed0880ac9a755fd29b2688956bd959f933f8",
        "0xbb4cdb9cbd36b01bd1cbaebf2de08d9173bc095c",
        "0x4fa7163e153419e0e1064e418dd7a99314ed27b6"
    ]
}