{
    "hash": "0x68df289edc4cf5e046ebed851aef05dabda5009d126784ec3dc884e4f541e0dc",
    "chain": "Ethereum",
    "U": [
        0,
        1,
        2,
        0,
        3,
        0,
        0,
        5,
        0,
        0,
        1
    ],
    "V": [
        1,
        0,
        0,
        3,
        0,
        4,
        5,
        0,
        2,
        1,
        0
    ],
    "feat": [
        [
            1,
            0,
            0,
            0,
            0.45454545454545453,
            0.5454545454545454,
            1.0,
            1.0,
            0.09615618760459999
        ],
        [
            0,
            0,
            1,
            0,
            0.18181818181818182,
            0.18181818181818182,
            0.5,
            0.5,
            -0.0909268020447713
        ],
        [
            0,
            0,
            1,
            0,
            0.09090909090909091,
            0.09090909090909091,
            0.25,
            0.25,
            -0.005591428558384792
        ],
        [
            0,
            0,
            0,
            1,
            0.09090909090909091,
            0.09090909090909091,
            0.25,
            0.25,
            0.0
        ],
        [
            0,
            1,
            0,
            0,
            0.09090909090909091,
            0.0,
            0.25,
            0.0,
            0.00036204299855600554
        ],
        [
            0,
            0,
            1,
            0,
            0.09090909090909091,
            0.09090909090909091,
            0.25,
            0.25,
            0.0
        ]
    ],
    "nodeCount": 6,
    "edgeCount": 11,
    "tokenCount": 4,
    "nodes": [
        "0x00000000fea1fab3ce021f3bedd21a94d0ba190c",
        "0xc02aaa39b223fe8d0a0e5c4f27ead9083c756cc2",
        "0x397ff1542f962076d0bfe58ea045ffa2d347aca0",
        "0x662353d1a53c88c85e546d7c4a72ce8fe1018e72",
        "0xa26e80e7dea86279c6d778d702cc413e6cffa777",
        "0xa5e79baee540f000ef6f23d067cd3ac22c7d9fe6"
    ],
    "tokens": [
        "native_token",
        "0xc02aaa39b223fe8d0a0e5c4f27ead9083c756cc2",
        "0xa0b86991c6218b36c1d19d4a2e9eb0ce3606eb48",
        "0xaaaebe6fe48e54f431b0c390cfaf0b017d09d42d"
    ]
}