{
    "hash": "0x6865652b3ba11dc26039f6a806aca9a0193e3492df68eb9a1710e0f90ae11164",
    "chain": "Binance",
    "U": [
        0,
        1,
        2,
        1,
        3,
        1,
        4,
        1,
        5,
        1
    ],
    "V": [
        1,
        2,
        1,
        3,
        1,
        4,
        1,
        5,
        1,
        0
    ],
    "feat": [
        [
            0,
            0,
            0,
            1,
            0.1,
            0.1,
            0.25,
            0.25,
            0.0
        ],
        [
            0,
            1,
            0,
            0,
            0.5,
            0.5,
            1.0,
            1.0,
            -1.734723475976807e-17
        ],
        [
            0,
            0,
            1,
            0,
            0.1,
            0.1,
            0.25,
            0.25,
            -0.00823647791284876
        ],
        [
            0,
            0,
            1,
            0,
            0.1,
            0.1,
            0.25,
            0.25,
            0.008237828893302268
        ],
        [
            0,
            0,
            1,
            0,
            0.1,
            0.1,
            0.25,
            0.25,
            -0.9917635220871512
        ],
        [
            0,
            0,
            1,
            0,
            0.1,
            0.1,
            0.25,
            0.25,
            0.9917621711066977
        ]
    ],
    "nodeCount": 6,
    "edgeCount": 10,
    "tokenCount": 4,
    "nodes": [
        "0x05c2879f011db90cbe5387c8415fc8fe5e81efda",
        "0xb7e19a1188776f32e8c2b790d9ca578f2896da7c",
        "0xc5b0d73a7c0e4eaf66babf7ee16a2096447f7ad6",
        "0xd65f81878517039e39c359434d8d8bd46cc4531f",
        "0x74690f829fec83ea424ee1f1654041b2491a7be9",
        "0x083f8fd2e4ef068e84db3742b1e8b03a3d8a363a"
    ],
    "tokens": [
        "0x190b589cf9fb8ddeabbfeae36a813ffb2a702454",
        "0xe9e7cea3dedca5984780bafc599bd69add087d56",
        "0x35e869b7456462b81cdb5e6e42434bd27f3f788c",
        "0xbb4cdb9cbd36b01bd1cbaebf2de08d9173bc095c"
    ]
}