{
    "hash": "0x68470d5f4925395ad8c56f00ebb98c14f6e421a281eeebb1c0c0bce195cb450f",
    "chain": "Ethereum",
    "U": [
        0,
        1,
        2,
        3,
        5,
        3,
        2,
        1,
        6
    ],
    "V": [
        1,
        2,
        3,
        4,
        3,
        2,
        1,
        0,
        5
    ],
    "feat": [
        [
            0,
            0,
            0,
            1,
            0.1111111111111111,
            0.1111111111111111,
            0.25,
            0.25,
            0.0
        ],
        [
            0,
            1,
            0,
            0,
            0.2222222222222222,
            0.2222222222222222,
            0.5,
            0.5,
            0.0
        ],
        [
            1,
            0,
            0,
            0,
            0.2222222222222222,
            0.2222222222222222,
            0.5,
            0.5,
            0.0
        ],
        [
            0,
            0,
            1,
            0,
            0.2222222222222222,
            0.2222222222222222,
            0.5,
            0.5,
            0.0
        ],
        [
            0,
            1,
            0,
            0,
            0.1111111111111111,
            0.0,
            0.25,
            0.0,
            1.0
        ],
        [
            0,
            0,
            0,
            1,
            0.1111111111111111,
            0.1111111111111111,
            0.25,
            0.25,
            -1.0
        ],
        [
            0,
            1,
            0,
            0,
            0.0,
            0.1111111111111111,
            0.0,
            0.25,
            0
        ]
    ],
    "nodeCount": 7,
    "edgeCount": 9,
    "tokenCount": 4,
    "nodes": [
        "0x292911493941e9602868c632eb38fcce0565678c",
        "0xd291328a6c202c5b18dcb24f279f69de1e065f70",
        "0xfd3dfb524b2da40c8a6d703c62be36b5d8540626",
        "0xed279fdd11ca84beef15af5d39bb4d4bee23f0ca",
        "0xbebc44782c7db0a1a60cb6fe97d0b483032ff1c7",
        "0x0000000000000000000000000000000000000000",
        "0xb2be281e8b11b47fec825973fc8bb95332022a54"
    ],
    "tokens": [
        "0xa0b86991c6218b36c1d19d4a2e9eb0ce3606eb48",
        "0x6c3f90f043a72fa612cbac8115ee7e52bde6e490",
        "0x5f98805a4e8be255a32880fdec7f6728c6568ba0",
        "0x0000000000004946c0e9f43f4dee607b0ef1fa1c"
    ]
}