{
    "hash": "0x69aa6c566357aaf3f43bb84d4175249c38a49d480266c1c3abaf94d9e0fbac9a",
    "chain": "Ethereum",
    "U": [
        0,
        2,
        1,
        1,
        4,
        5,
        4,
        1
    ],
    "V": [
        1,
        1,
        3,
        2,
        2,
        4,
        1,
        0
    ],
    "feat": [
        [
            0,
            0,
            0,
            1,
            0.125,
            0.125,
            0.2,
            0.2,
            0.0
        ],
        [
            0,
            1,
            0,
            0,
            0.375,
            0.375,
            0.6,
            0.6,
            0.0
        ],
        [
            0,
            0,
            0,
            1,
            0.25,
            0.125,
            0.4,
            0.2,
            1.0
        ],
        [
            0,
            0,
            1,
            0,
            0.125,
            0.0,
            0.2,
            0.0,
            1.0
        ],
        [
            0,
            0,
            1,
            0,
            0.125,
            0.25,
            0.2,
            0.4,
            -1.4524258208813678
        ],
        [
            0,
            1,
            0,
            0,
            0.0,
            0.125,
            0.0,
            0.2,
            -0.5475741791186322
        ]
    ],
    "nodeCount": 6,
    "edgeCount": 8,
    "tokenCount": 5,
    "nodes": [
        "0x74b4cc23d89519bb74c6f11be29d773e63c9ac0b",
        "0x79a8c46dea5ada233abaffd40f3a0a2b1e5a4f27",
        "0x0000000000000000000000000000000000000000",
        "0x04bc0ab673d88ae9dbc9da2380cb6b79c4bca9ae",
        "0xe6354ed5bc4b393a5aad09f21c46e101e692d447",
        "0x3dfd23a6c5e8bbcfc9581d2e864a68feb6a076d3"
    ],
    "tokens": [
        "0x4fabb145d64652a948d72533023f6e7a623c7c53",
        "0x04bc0ab673d88ae9dbc9da2380cb6b79c4bca9ae",
        "0xe6354ed5bc4b393a5aad09f21c46e101e692d447",
        "0x71fc860f7d3a592a4a98740e39db31d25db65ae8",
        "0xdac17f958d2ee523a2206206994597c13d831ec7"
    ]
}