{
    "hash": "0x69234f3b38b6543b2861bac4c2b47d7f261a1a42d9e304e92b7694725405a043",
    "chain": "Binance",
    "U": [
        0,
        1,
        2,
        3,
        2,
        4,
        2,
        2,
        6,
        2,
        0,
        0,
        2
    ],
    "V": [
        1,
        2,
        3,
        2,
        4,
        2,
        5,
        6,
        2,
        7,
        2,
        1,
        8
    ],
    "feat": [
        [
            0,
            0,
            0,
            1,
            0.0,
            0.23076923076923078,
            0.0,
            0.4,
            -2.0
        ],
        [
            0,
            1,
            0,
            0,
            0.15384615384615385,
            0.07692307692307693,
            0.2,
            0.2,
            0.5
        ],
        [
            0,
            1,
            0,
            0,
            0.38461538461538464,
            0.46153846153846156,
            1.0,
            1.0,
            0.0
        ],
        [
            0,
            0,
            1,
            0,
            0.07692307692307693,
            0.07692307692307693,
            0.2,
            0.2,
            -0.5
        ],
        [
            0,
            0,
            1,
            0,
            0.07692307692307693,
            0.07692307692307693,
            0.2,
            0.2,
            -0.7
        ],
        [
            0,
            1,
            0,
            0,
            0.07692307692307693,
            0.0,
            0.2,
            0.0,
            1.0
        ],
        [
            0,
            0,
            1,
            0,
            0.07692307692307693,
            0.07692307692307693,
            0.2,
            0.2,
            -0.29999999999999993
        ],
        [
            0,
            1,
            0,
            0,
            0.07692307692307693,
            0.0,
            0.2,
            0.0,
            1.0
        ],
        [
            0,
            1,
            0,
            0,
            0.07692307692307693,
            0.0,
            0.2,
            0.0,
            1.0
        ]
    ],
    "nodeCount": 9,
    "edgeCount": 13,
    "tokenCount": 5,
    "nodes": [
        "0x0000000000000000000000000000000000000000",
        "0x4076cc26efee47825917d0fec3a79d0bb9a6bb5c",
        "0x1c58dde1c56261d6fab8b37c70c35c3dcee1036a",
        "0xdde420cbb3794ebd8ffc3ac69f9c78e5d1411870",
        "0x34185f91e7d382b0425427b335b8347667782beb",
        "0x36cb43eb6f5168a1f8310b030a4de6b3b58b4664",
        "0x58f876857a02d6762e0101bb5c46a8c1ed44dc16",
        "0x160caed03795365f3a589f10c379ffa7d75d4e76",
        "0xcce949de564fe60e7f96c85e55177f8b9e4cf61b"
    ],
    "tokens": [
        "0xa7f552078dcc247c2684336020c03648500c6d9f",
        "0xbb4cdb9cbd36b01bd1cbaebf2de08d9173bc095c",
        "0x73f059db0182dc2ed716d028e1b13033cfcbf63b",
        "0xe9e7cea3dedca5984780bafc599bd69add087d56",
        "0xaf4de8e872131ae328ce21d909c74705d3aaf452"
    ]
}