{
    "hash": "0x69e06b8fe3173fcdbcbb7f92d4092b56bf376b73e60d6ac421e4ed561f632f8d",
    "chain": "Ethereum",
    "U": [
        0,
        1,
        1,
        1,
        1,
        1,
        1,
        1,
        1,
        1,
        1,
        1,
        1,
        1,
        1,
        1,
        1,
        1,
        1,
        1,
        1,
        1,
        1,
        1,
        1,
        1,
        1,
        1,
        1,
        1,
        1,
        1,
        1,
        1,
        1,
        1,
        1,
        1,
        1,
        1,
        1,
        1,
        1
    ],
    "V": [
        1,
        1,
        2,
        0,
        1,
        2,
        0,
        1,
        2,
        0,
        1,
        2,
        0,
        1,
        2,
        0,
        1,
        2,
        0,
        1,
        2,
        0,
        1,
        2,
        0,
        1,
        2,
        0,
        1,
        2,
        0,
        1,
        2,
        0,
        1,
        2,
        0,
        1,
        2,
        0,
        1,
        2,
        0
    ],
    "feat": [
        [
            0,
            0,
            0,
            1,
            0.32558139534883723,
            0.023255813953488372,
            0.5,
            0.5,
            13.0
        ],
        [
            0,
            1,
            0,
            0,
            0.3488372093023256,
            0.9767441860465116,
            0.5,
            1.0,
            -14.0
        ],
        [
            0,
            0,
            0,
            1,
            0.32558139534883723,
            0.0,
            0.5,
            0.0,
            0.9999999999999997
        ]
    ],
    "nodeCount": 3,
    "edgeCount": 43,
    "tokenCount": 2,
    "nodes": [
        "0x95e19de6dd8fe4d706c89bf31d6a2c7b21ce12da",
        "0xfbddadd80fe7bda00b901fbaf73803f2238ae655",
        "0x4b5057b2c87ec9e7c047fb00c0e406dff2fdacad"
    ],
    "tokens": [
        "native_token",
        "0x990f341946a3fdb507ae7e52d17851b87168017c"
    ]
}