{
    "hash": "0x69442fadafc4cc28b7ed139fa6cca1835d3837d278b54e28f76d7a9a1d738df7",
    "chain": "Binance",
    "U": [
        0,
        0,
        2,
        0,
        0,
        0,
        0,
        0,
        0,
        0,
        0,
        0,
        0,
        0,
        0,
        0,
        0,
        0,
        0,
        0,
        0,
        0,
        0,
        0,
        0,
        0,
        0,
        0,
        0,
        0,
        0,
        0,
        0,
        0,
        0,
        0,
        0,
        0,
        0,
        0,
        0,
        0,
        0,
        0,
        0
    ],
    "V": [
        1,
        2,
        3,
        1,
        2,
        1,
        2,
        1,
        2,
        1,
        2,
        1,
        2,
        1,
        2,
        1,
        2,
        1,
        2,
        1,
        2,
        1,
        2,
        1,
        2,
        1,
        2,
        1,
        2,
        1,
        2,
        1,
        2,
        1,
        2,
        1,
        2,
        1,
        2,
        1,
        2,
        1,
        2,
        1,
        2
    ],
    "feat": [
        [
            0,
            0,
            0,
            1,
            0.0,
            0.9777777777777777,
            0.0,
            1.0,
            -6.111725663716812
        ],
        [
            0,
            0,
            0,
            1,
            0.4888888888888889,
            0.0,
            1.0,
            0.0,
            0.5556114239742558
        ],
        [
            0,
            1,
            0,
            0,
            0.4888888888888889,
            0.022222222222222223,
            1.0,
            1.0,
            5.344181657788747
        ],
        [
            0,
            0,
            0,
            1,
            0.022222222222222223,
            0.0,
            1.0,
            0.0,
            0.21193258195381032
        ]
    ],
    "nodeCount": 4,
    "edgeCount": 45,
    "tokenCount": 1,
    "nodes": [
        "0x0000000000000000000000000000000000000000",
        "0xbf7f015db6b89cf4b15960e53b055770a4a6debe",
        "0xf1f8e3ff67e386165e05b2b795097e95aac899f0",
        "0x3be5f0eff284a464c79c2dce99b36c7e3590a17a"
    ],
    "tokens": [
        "0xb0f2939a1c0e43683e5954c9fe142f7df9f8d967"
    ]
}