{
    "hash": "0x692a0fa5c1f0ddddbf61d3e1c7cfb838d278e0ec6c009a47c51e16d79e46b351",
    "chain": "Binance",
    "U": [
        0,
        0,
        2,
        4,
        3,
        3,
        5,
        0,
        5,
        0,
        5,
        3,
        3,
        0
    ],
    "V": [
        1,
        2,
        3,
        3,
        0,
        5,
        6,
        5,
        7,
        5,
        6,
        7,
        4,
        3
    ],
    "feat": [
        [
            0,
            0,
            0,
            1,
            0.07142857142857142,
            0.35714285714285715,
            0.3333333333333333,
            1.0,
            -3.034059531326346
        ],
        [
            0,
            1,
            0,
            0,
            0.07142857142857142,
            0.0,
            0.3333333333333333,
            0.0,
            0.1
        ],
        [
            0,
            0,
            1,
            0,
            0.07142857142857142,
            0.07142857142857142,
            0.3333333333333333,
            0.3333333333333333,
            0.8372829612052697
        ],
        [
            0,
            1,
            0,
            0,
            0.21428571428571427,
            0.2857142857142857,
            0.6666666666666666,
            0.6666666666666666,
            0.7840595313263459
        ],
        [
            0,
            1,
            0,
            0,
            0.07142857142857142,
            0.07142857142857142,
            0.3333333333333333,
            0.3333333333333333,
            0.12757984517620705
        ],
        [
            0,
            1,
            0,
            0,
            0.21428571428571427,
            0.21428571428571427,
            0.6666666666666666,
            0.6666666666666666,
            8.326672684688674e-17
        ],
        [
            0,
            1,
            0,
            0,
            0.14285714285714285,
            0.0,
            0.6666666666666666,
            0.0,
            0.16054115808555697
        ],
        [
            0,
            0,
            0,
            1,
            0.14285714285714285,
            0.0,
            0.6666666666666666,
            0.0,
            1.0245960355329662
        ]
    ],
    "nodeCount": 8,
    "edgeCount": 14,
    "tokenCount": 3,
    "nodes": [
        "0x0000000000000000000000000000000000000000",
        "0x8488cb2f54ecb9aa1cdc1bc83bc1d200bb2f216b",
        "0x009cf7bc57584b7998236eff51b98a168dcea9b0",
        "0xedfcb78e73f7ba6ad2d829bf5d462a0924da28ed",
        "0x73feaa1ee314f8c655e354234017be2193c9e24e",
        "0x8cb88701790f650f273c8bb2cc4c5f439cd65219",
        "0x0989091f27708bc92ea4ca60073e03592b94c0ee",
        "0x558f5a6aa06ae5401bef1c01eb2bccdff211f50e"
    ],
    "tokens": [
        "0x0e09fabb73bd3ade0a17ecc321fd13a19e81ce82",
        "0x009cf7bc57584b7998236eff51b98a168dcea9b0",
        "0xc9849e6fdb743d08faee3e34dd2d1bc69ea11a51"
    ]
}