{
    "hash": "0x6ac7998dcb0debdd97362bbae9a0b1b7fb614210d368d87973174ad9dfb99bd5",
    "chain": "Ethereum",
    "U": [
        0,
        1,
        2,
        0,
        0,
        0,
        4,
        3,
        0,
        1
    ],
    "V": [
        1,
        0,
        0,
        2,
        3,
        4,
        0,
        5,
        1,
        0
    ],
    "feat": [
        [
            1,
            0,
            0,
            0,
            0.4,
            0.5,
            1.0,
            1.0,
            0.013874814915324052
        ],
        [
            0,
            0,
            1,
            0,
            0.2,
            0.2,
            0.6666666666666666,
            0.6666666666666666,
            0.0
        ],
        [
            1,
            0,
            0,
            0,
            0.1,
            0.1,
            0.3333333333333333,
            0.3333333333333333,
            -0.015334577415254236
        ],
        [
            0,
            1,
            0,
            0,
            0.1,
            0.1,
            0.3333333333333333,
            0.3333333333333333,
            0.0
        ],
        [
            0,
            0,
            0,
            1,
            0.1,
            0.1,
            0.3333333333333333,
            0.3333333333333333,
            -1.1102230246251565e-16
        ],
        [
            0,
            1,
            0,
            0,
            0.1,
            0.0,
            0.3333333333333333,
            0.0,
            0.00145976249993
        ]
    ],
    "nodeCount": 6,
    "edgeCount": 10,
    "tokenCount": 3,
    "nodes": [
        "0x0000000000007f150bd6f54c40a34d7c3d5e9f56",
        "0xc02aaa39b223fe8d0a0e5c4f27ead9083c756cc2",
        "0xe4b82df044511a7162bea1f11119f6d1283a43a8",
        "0x61935cbdd02287b511119ddb11aeb42f1593b7ef",
        "0x44bdb19db1cd29d546597af7dc0549e7f6f9e480",
        "0xa26e80e7dea86279c6d778d702cc413e6cffa777"
    ],
    "tokens": [
        "native_token",
        "0xc02aaa39b223fe8d0a0e5c4f27ead9083c756cc2",
        "0x7bef710a5759d197ec0bf621c3df802c2d60d848"
    ]
}