{
    "hash": "0x6a0c6205e76c6719fbe60c89b75f2ba1058d0bc9d3d23fb5b4f331e9c6002267",
    "chain": "Ethereum",
    "U": [
        0,
        1,
        1,
        2,
        3,
        4,
        1,
        6,
        5
    ],
    "V": [
        1,
        0,
        2,
        3,
        1,
        5,
        4,
        1,
        6
    ],
    "feat": [
        [
            1,
            0,
            0,
            0,
            0.1111111111111111,
            0.1111111111111111,
            0.3333333333333333,
            0.3333333333333333,
            0.0
        ],
        [
            0,
            0,
            0,
            1,
            0.3333333333333333,
            0.3333333333333333,
            0.3333333333333333,
            0.3333333333333333,
            -0.0006438767070427592
        ],
        [
            0,
            0,
            1,
            0,
            0.1111111111111111,
            0.1111111111111111,
            0.3333333333333333,
            0.3333333333333333,
            -0.4988800600208776
        ],
        [
            0,
            0,
            1,
            0,
            0.1111111111111111,
            0.1111111111111111,
            0.3333333333333333,
            0.3333333333333333,
            0.4993891680532956
        ],
        [
            0,
            1,
            0,
            0,
            0.1111111111111111,
            0.1111111111111111,
            0.3333333333333333,
            0.3333333333333333,
            -0.10486789015479715
        ],
        [
            0,
            1,
            0,
            0,
            0.1111111111111111,
            0.1111111111111111,
            0.3333333333333333,
            0.3333333333333333,
            0.0
        ],
        [
            1,
            0,
            0,
            0,
            0.1111111111111111,
            0.1111111111111111,
            0.3333333333333333,
            0.3333333333333333,
            0.10500265882942196
        ]
    ],
    "nodeCount": 7,
    "edgeCount": 9,
    "tokenCount": 3,
    "nodes": [
        "0x7ec0b75a98997c927ace6d87958147a105147ea0",
        "0xdd6e1a285790d4088fd020c65c764babf44b31e8",
        "0x397ff1542f962076d0bfe58ea045ffa2d347aca0",
        "0x99b42f2b49c395d2a77d973f6009abb5d67da343",
        "0x8ad599c3a0ff1de082011efddc58f1908eb6e6d8",
        "0xdef1c0ded9bec7f1a1670819833240f027b25eff",
        "0x319f4366b2ec8b0120d09522c88f919bedbb18ff"
    ],
    "tokens": [
        "0x25f8087ead173b73d6e8b84329989a8eea16cf73",
        "0xa0b86991c6218b36c1d19d4a2e9eb0ce3606eb48",
        "0xc02aaa39b223fe8d0a0e5c4f27ead9083c756cc2"
    ]
}