{
    "hash": "0x6a7f5c971468f0aae99bdc75b5fe2146e017095abfd62ff699fd25121e2e2bf9",
    "chain": "Binance",
    "U": [
        0,
        2,
        1,
        4,
        3,
        2,
        5,
        3,
        3,
        6,
        2,
        5,
        1,
        4,
        3
    ],
    "V": [
        1,
        1,
        3,
        3,
        2,
        5,
        3,
        4,
        6,
        5,
        7,
        0,
        3,
        3,
        0
    ],
    "feat": [
        [
            0,
            0,
            0,
            1,
            0.13333333333333333,
            0.06666666666666667,
            0.5,
            0.25,
            1.0
        ],
        [
            0,
            1,
            0,
            0,
            0.13333333333333333,
            0.13333333333333333,
            0.25,
            0.25,
            -0.0005380440093293859
        ],
        [
            0,
            0,
            1,
            0,
            0.06666666666666667,
            0.2,
            0.25,
            0.5,
            -0.37204563627221143
        ],
        [
            0,
            1,
            0,
            0,
            0.3333333333333333,
            0.26666666666666666,
            0.5,
            0.5,
            1.1655927467917957
        ],
        [
            0,
            0,
            1,
            0,
            0.06666666666666667,
            0.13333333333333333,
            0.25,
            0.25,
            -1.1655927467917957
        ],
        [
            1,
            0,
            0,
            0,
            0.13333333333333333,
            0.13333333333333333,
            0.5,
            0.5,
            -0.19386782880248876
        ],
        [
            0,
            0,
            1,
            0,
            0.06666666666666667,
            0.06666666666666667,
            0.25,
            0.25,
            -0.5577430510098174
        ],
        [
            0,
            0,
            0,
            1,
            0.06666666666666667,
            0.0,
            0.25,
            0.0,
            0.12419456009384694
        ]
    ],
    "nodeCount": 8,
    "edgeCount": 15,
    "tokenCount": 4,
    "nodes": [
        "0x4ecfb95174d424d2e8e47fb51fc821f08f6c1a6f",
        "0x9e7c2e6d8fcbf7b8359ec51c9c56d6f0c55d53d0",
        "0xfb78bc4308f926cc26d91cd51b68dd6b8bc79dfe",
        "0x10ed43c718714eb63d5aa57b78b54704e256024e",
        "0xbb4cdb9cbd36b01bd1cbaebf2de08d9173bc095c",
        "0xd4edf128c520d59c222b998a0b2e4dcaca93b9a1",
        "0x28415ff2c35b65b9e5c7de82126b4015ab9d031f",
        "0xf0d6b8a12d0ab373301944288341bc82b6d7f60f"
    ],
    "tokens": [
        "0xfb78bc4308f926cc26d91cd51b68dd6b8bc79dfe",
        "0xbb4cdb9cbd36b01bd1cbaebf2de08d9173bc095c",
        "native_token",
        "0x3ee2200efb3400fabb9aacf31297cbdd1d435d47"
    ]
}