{
    "hash": "0x6a4282889321893e949bb29489867cd4d2348992c2210c8a8ccd44ddd1eb3b73",
    "chain": "Binance",
    "U": [
        0,
        0,
        2,
        3,
        3,
        5,
        6,
        3,
        5,
        8,
        3,
        5,
        3,
        3,
        0,
        3
    ],
    "V": [
        1,
        2,
        3,
        4,
        5,
        6,
        7,
        5,
        8,
        3,
        5,
        3,
        8,
        8,
        3,
        9
    ],
    "feat": [
        [
            0,
            0,
            0,
            1,
            0.0,
            0.1875,
            0.0,
            0.4,
            -1.0292946026318084
        ],
        [
            0,
            0,
            0,
            1,
            0.0625,
            0.0,
            0.2,
            0.0,
            0.00266314569380077
        ],
        [
            0,
            0,
            1,
            0,
            0.0625,
            0.0625,
            0.2,
            0.2,
            -0.9733685430619923
        ],
        [
            0,
            1,
            0,
            0,
            0.25,
            0.4375,
            0.8,
            0.8,
            0.0016917208276281404
        ],
        [
            0,
            1,
            0,
            0,
            0.0625,
            0.0,
            0.2,
            0.0,
            0.02
        ],
        [
            0,
            0,
            1,
            0,
            0.1875,
            0.1875,
            0.2,
            0.2,
            -1.0607934945795505
        ],
        [
            0,
            0,
            1,
            0,
            0.0625,
            0.0625,
            0.2,
            0.2,
            -0.9591831784224385
        ],
        [
            0,
            0,
            0,
            1,
            0.0625,
            0.0,
            0.2,
            0.0,
            1.0
        ],
        [
            0,
            0,
            1,
            0,
            0.1875,
            0.0625,
            0.4,
            0.2,
            1.998284952174361
        ],
        [
            0,
            1,
            0,
            0,
            0.0625,
            0.0,
            0.2,
            0.0,
            1.0
        ]
    ],
    "nodeCount": 10,
    "edgeCount": 16,
    "tokenCount": 5,
    "nodes": [
        "0x0000000000000000000000000000000000000000",
        "0xcef34e4db130c8a64493517985b23af5b13e8cc6",
        "0x86ef5e73edb2fea111909fe35afcc564572acc06",
        "0xd4898b973481935519c023cbcfd70d918acfa4f9",
        "0xc0dda6d4dd7b38e99452fa99b6090637353e4064",
        "0xf65c1c0478efde3c19b49ecbe7acc57bb6b1d713",
        "0xa3f0f63268df562c71051ac5e81460e857c32c12",
        "0x000000000000000000000000000000000000dead",
        "0x1696a65ea693593ba771b5a7afc54c8eaf4c20de",
        "0x5c8d727b265dbafaba67e050f2f739caeeb4a6f9"
    ],
    "tokens": [
        "0x603c7f932ed1fc6575303d8fb018fdcbb0f39a95",
        "0xbb4cdb9cbd36b01bd1cbaebf2de08d9173bc095c",
        "0xc5a49b4cbe004b6fd55b30ba1de6ac360ff9765d",
        "0xa4f93159ce0a4b533b443c74b89967c60a5969f8",
        "0x1696a65ea693593ba771b5a7afc54c8eaf4c20de"
    ]
}