{
    "hash": "0x6bd11620d004f26342af832d12977db30228bdca12d26535e203616582440d46",
    "chain": "Ethereum",
    "U": [
        0,
        1,
        2,
        0,
        3,
        0,
        0,
        5,
        4,
        0,
        1
    ],
    "V": [
        1,
        0,
        3,
        2,
        0,
        4,
        5,
        0,
        6,
        1,
        0
    ],
    "feat": [
        [
            1,
            0,
            0,
            0,
            0.36363636363636365,
            0.45454545454545453,
            0.75,
            0.75,
            0.002849475048643413
        ],
        [
            0,
            0,
            1,
            0,
            0.18181818181818182,
            0.18181818181818182,
            0.5,
            0.5,
            0.0
        ],
        [
            0,
            1,
            0,
            0,
            0.09090909090909091,
            0.09090909090909091,
            0.25,
            0.25,
            -0.0038635003666402934
        ],
        [
            0,
            0,
            1,
            0,
            0.09090909090909091,
            0.09090909090909091,
            0.25,
            0.25,
            2.2043589176234946e-11
        ],
        [
            0,
            1,
            0,
            0,
            0.09090909090909091,
            0.09090909090909091,
            0.25,
            0.25,
            0.0
        ],
        [
            0,
            0,
            0,
            1,
            0.09090909090909091,
            0.09090909090909091,
            0.25,
            0.25,
            0.0
        ],
        [
            0,
            1,
            0,
            0,
            0.09090909090909091,
            0.0,
            0.25,
            0.0,
            0.0010140252959532229
        ]
    ],
    "nodeCount": 7,
    "edgeCount": 11,
    "tokenCount": 4,
    "nodes": [
        "0x0000000000007f150bd6f54c40a34d7c3d5e9f56",
        "0xc02aaa39b223fe8d0a0e5c4f27ead9083c756cc2",
        "0x4e68ccd3e89f51c3074ca5072bbac773960dfa36",
        "0x3041cbd36888becc7bbcbc0045e3b1f144466f5f",
        "0x61935cbdd02287b511119ddb11aeb42f1593b7ef",
        "0x03e4158aecd897f8cfe6bfa4135eac7fea1ade8b",
        "0xa26e80e7dea86279c6d778d702cc413e6cffa777"
    ],
    "tokens": [
        "native_token",
        "0xc02aaa39b223fe8d0a0e5c4f27ead9083c756cc2",
        "0xdac17f958d2ee523a2206206994597c13d831ec7",
        "0xa0b86991c6218b36c1d19d4a2e9eb0ce3606eb48"
    ]
}