{
    "hash": "0x6bbabdf6195c39de3c70a4598400d9fbd852ef85bfadedca0db2aa7d480e65da",
    "chain": "Binance",
    "U": [
        0,
        1,
        2,
        1,
        3,
        1,
        1
    ],
    "V": [
        1,
        2,
        1,
        3,
        1,
        4,
        0
    ],
    "feat": [
        [
            0,
            0,
            0,
            1,
            0.14285714285714285,
            0.14285714285714285,
            0.3333333333333333,
            0.3333333333333333,
            -0.0010000000000000009
        ],
        [
            0,
            1,
            0,
            0,
            0.42857142857142855,
            0.5714285714285714,
            1.0,
            1.0,
            0.0
        ],
        [
            0,
            0,
            1,
            0,
            0.14285714285714285,
            0.14285714285714285,
            0.3333333333333333,
            0.3333333333333333,
            0.0
        ],
        [
            0,
            0,
            1,
            0,
            0.14285714285714285,
            0.14285714285714285,
            0.3333333333333333,
            0.3333333333333333,
            0.0
        ],
        [
            0,
            0,
            0,
            1,
            0.14285714285714285,
            0.0,
            0.3333333333333333,
            0.0,
            0.001
        ]
    ],
    "nodeCount": 5,
    "edgeCount": 7,
    "tokenCount": 3,
    "nodes": [
        "0x9f91fd69376a10d03a140be7a0be3ff1eb66348c",
        "0x1da2cfdccd1ac5f1093a8c146260c5dc7159ed47",
        "0x4cb29498595a733c4b0d710e766bb89345ee945b",
        "0xacaac9311b0096e04dfe96b6d87dec867d3883dc",
        "0x9f1c6b37dede7584e722681c8f9d55e5cf1788f5"
    ],
    "tokens": [
        "0xf0a8ecbce8caadb7a07d1fcd0f87ae1bd688df43",
        "0xbb4cdb9cbd36b01bd1cbaebf2de08d9173bc095c",
        "0xe9e7cea3dedca5984780bafc599bd69add087d56"
    ]
}