{
    "hash": "0x6be46ebe7e4b36ef5e00b7b1e48108a708127827c0f02f0fd3fdbe6203712cdb",
    "chain": "Binance",
    "U": [
        0,
        1,
        2,
        3,
        2,
        4,
        5,
        2,
        2,
        7
    ],
    "V": [
        1,
        2,
        3,
        2,
        4,
        2,
        2,
        6,
        7,
        0
    ],
    "feat": [
        [
            0,
            0,
            0,
            1,
            0.1,
            0.1,
            0.2,
            0.2,
            -0.00030821106650236185
        ],
        [
            0,
            0,
            1,
            0,
            0.1,
            0.1,
            0.2,
            0.2,
            0.0
        ],
        [
            1,
            0,
            0,
            0,
            0.4,
            0.4,
            0.8,
            0.6,
            1.0
        ],
        [
            0,
            0,
            0,
            1,
            0.1,
            0.1,
            0.2,
            0.2,
            0.0
        ],
        [
            0,
            1,
            0,
            0,
            0.1,
            0.1,
            0.2,
            0.2,
            0.0
        ],
        [
            0,
            0,
            1,
            0,
            0.0,
            0.1,
            0.0,
            0.2,
            -1.0
        ],
        [
            0,
            1,
            0,
            0,
            0.1,
            0.0,
            0.2,
            0.0,
            0.00030821106650238755
        ],
        [
            0,
            1,
            0,
            0,
            0.1,
            0.1,
            0.2,
            0.2,
            0.0
        ]
    ],
    "nodeCount": 8,
    "edgeCount": 10,
    "tokenCount": 5,
    "nodes": [
        "0x60432e5be9b038da4be0443a945714316e962014",
        "0x819a26d0c6f3af2b9fe4e9c4bcac04fcb3ea7f2a",
        "0x3790c9b5a9b9d9aa1c69140a5f01a57c9b868e1e",
        "0x3d47934460390af76e1fe6bb2930f24f65cf0c3f",
        "0x0fe261aee0d1c4dfddee4102e82dd425999065f4",
        "0xbb4cdb9cbd36b01bd1cbaebf2de08d9173bc095c",
        "0x98468c0e9342d4e0ac3e09257251fab192992092",
        "0x1111111254fb6c44bac0bed2854e76f90643097d"
    ],
    "tokens": [
        "0x76a797a59ba2c17726896976b7b3747bfd1d220f",
        "0x55d398326f99059ff775485246999027b3197955",
        "0xe9e7cea3dedca5984780bafc599bd69add087d56",
        "0xbb4cdb9cbd36b01bd1cbaebf2de08d9173bc095c",
        "native_token"
    ]
}