{
    "hash": "0x6b904552dbfe2fbba703ac1dd4a359dda1de386b0d39c20805eeb36441494dd7",
    "chain": "Binance",
    "U": [
        0,
        1,
        2,
        3,
        4,
        0
    ],
    "V": [
        1,
        2,
        3,
        4,
        0,
        5
    ],
    "feat": [
        [
            1,
            0,
            0,
            0,
            0.16666666666666666,
            0.3333333333333333,
            0.2,
            0.4,
            -0.9980944412823292
        ],
        [
            0,
            0,
            1,
            0,
            0.16666666666666666,
            0.16666666666666666,
            0.2,
            0.2,
            -0.001905558717670841
        ],
        [
            0,
            0,
            1,
            0,
            0.16666666666666666,
            0.16666666666666666,
            0.2,
            0.2,
            0.0
        ],
        [
            0,
            0,
            1,
            0,
            0.16666666666666666,
            0.16666666666666666,
            0.2,
            0.2,
            0.0
        ],
        [
            0,
            0,
            1,
            0,
            0.16666666666666666,
            0.16666666666666666,
            0.2,
            0.2,
            0.0
        ],
        [
            0,
            0,
            0,
            1,
            0.16666666666666666,
            0.0,
            0.2,
            0.0,
            1.0
        ]
    ],
    "nodeCount": 6,
    "edgeCount": 6,
    "tokenCount": 5,
    "nodes": [
        "0x5a4dbcb37bfe02d869e437ce63750602c7428256",
        "0xf1ec67fa1881796bff63db3e1a301ce9cb787fad",
        "0xcb5aa12dfd55b7cfc29a8d7175f6309dd7af9a9f",
        "0x7bd46f6da97312ac2dbd1749f82e202764c0b914",
        "0xf65c1c0478efde3c19b49ecbe7acc57bb6b1d713",
        "0x0000000000000000000000000000000000000000"
    ],
    "tokens": [
        "0xbb4cdb9cbd36b01bd1cbaebf2de08d9173bc095c",
        "0x3fda9383a84c05ec8f7630fe10adf1fac13241cc",
        "0xe9e7cea3dedca5984780bafc599bd69add087d56",
        "0x603c7f932ed1fc6575303d8fb018fdcbb0f39a95",
        "0x0000000000004946c0e9f43f4dee607b0ef1fa1c"
    ]
}