{
    "hash": "0x6d35c4ec275e71f7887d7109e644fa08d97fbd51a6960664fc88999c6b29c895",
    "chain": "Binance",
    "U": [
        0,
        0,
        2,
        3,
        3,
        5,
        3,
        6,
        7,
        6,
        6,
        0,
        6,
        3
    ],
    "V": [
        1,
        2,
        3,
        4,
        5,
        3,
        6,
        7,
        6,
        7,
        7,
        6,
        3,
        8
    ],
    "feat": [
        [
            0,
            0,
            0,
            1,
            0.0,
            0.21428571428571427,
            0.0,
            0.5,
            -2.1
        ],
        [
            0,
            1,
            0,
            0,
            0.07142857142857142,
            0.0,
            0.25,
            0.0,
            0.1
        ],
        [
            0,
            0,
            1,
            0,
            0.07142857142857142,
            0.07142857142857142,
            0.25,
            0.25,
            0.9574658426657783
        ],
        [
            0,
            1,
            0,
            0,
            0.21428571428571427,
            0.2857142857142857,
            0.75,
            0.75,
            0.0
        ],
        [
            0,
            0,
            0,
            1,
            0.07142857142857142,
            0.0,
            0.25,
            0.0,
            0.0012760247200266518
        ],
        [
            0,
            0,
            1,
            0,
            0.07142857142857142,
            0.07142857142857142,
            0.25,
            0.25,
            -0.9587418673858049
        ],
        [
            0,
            1,
            0,
            0,
            0.21428571428571427,
            0.2857142857142857,
            0.75,
            0.75,
            0.0
        ],
        [
            0,
            0,
            1,
            0,
            0.21428571428571427,
            0.07142857142857142,
            0.5,
            0.25,
            1.0
        ],
        [
            0,
            1,
            0,
            0,
            0.07142857142857142,
            0.0,
            0.25,
            0.0,
            1.0
        ]
    ],
    "nodeCount": 9,
    "edgeCount": 14,
    "tokenCount": 4,
    "nodes": [
        "0x0000000000000000000000000000000000000000",
        "0x8488cb2f54ecb9aa1cdc1bc83bc1d200bb2f216b",
        "0x009cf7bc57584b7998236eff51b98a168dcea9b0",
        "0xcfe0fa9eae5a225a4c33e39d4aefe32667eff11f",
        "0xe45216ac4816a5ec5378b1d13de8aa9f262ce9de",
        "0x804678fa97d91b974ec2af3c843270886528a9e6",
        "0x4c7a420142ec69c7df5c6c673d862b9e030743bf",
        "0xdcfbb12ded3fea12d2a078bc6324131cd14bf835",
        "0x73feaa1ee314f8c655e354234017be2193c9e24e"
    ],
    "tokens": [
        "0x0e09fabb73bd3ade0a17ecc321fd13a19e81ce82",
        "0xe9e7cea3dedca5984780bafc599bd69add087d56",
        "0x8595f9da7b868b1822194faed312235e43007b49",
        "0xdcfbb12ded3fea12d2a078bc6324131cd14bf835"
    ]
}