{
    "hash": "0x6d7322d564bc3947ec8909e7c9c767e838815da7eb3c15d7d605db7acd67245d",
    "chain": "Ethereum",
    "U": [
        0,
        1,
        1,
        1,
        1,
        1,
        1,
        1,
        1,
        1,
        1,
        1,
        1
    ],
    "V": [
        1,
        1,
        2,
        0,
        1,
        2,
        0,
        1,
        2,
        0,
        1,
        2,
        0
    ],
    "feat": [
        [
            0,
            0,
            0,
            1,
            0.3076923076923077,
            0.07692307692307693,
            0.5,
            0.5,
            3.0
        ],
        [
            0,
            1,
            0,
            0,
            0.38461538461538464,
            0.9230769230769231,
            0.5,
            1.0,
            -3.9999999999999987
        ],
        [
            0,
            0,
            0,
            1,
            0.3076923076923077,
            0.0,
            0.5,
            0.0,
            0.9999999999999989
        ]
    ],
    "nodeCount": 3,
    "edgeCount": 13,
    "tokenCount": 2,
    "nodes": [
        "0x4af31430c6da1c665235c762e013d26ebdf9edc7",
        "0xfbddadd80fe7bda00b901fbaf73803f2238ae655",
        "0x4b5057b2c87ec9e7c047fb00c0e406dff2fdacad"
    ],
    "tokens": [
        "native_token",
        "0x990f341946a3fdb507ae7e52d17851b87168017c"
    ]
}