{
    "hash": "0x6dfd3673c558ddc3f45f1c5028cfe0c19e7ae62e7a2911ed3a2aea44f33623ac",
    "chain": "Ethereum",
    "U": [
        0,
        1,
        3,
        2,
        2,
        5,
        6,
        7,
        1,
        1
    ],
    "V": [
        1,
        2,
        2,
        4,
        5,
        6,
        7,
        1,
        8,
        0
    ],
    "feat": [
        [
            0,
            0,
            0,
            1,
            0.1,
            0.1,
            0.3333333333333333,
            0.3333333333333333,
            -0.009746489418706927
        ],
        [
            1,
            0,
            0,
            0,
            0.2,
            0.3,
            0.6666666666666666,
            0.6666666666666666,
            0.10000000000000009
        ],
        [
            0,
            0,
            1,
            0,
            0.2,
            0.2,
            0.3333333333333333,
            0.3333333333333333,
            -0.11091135346335664
        ],
        [
            0,
            0,
            1,
            0,
            0.0,
            0.1,
            0.0,
            0.3333333333333333,
            -0.075
        ],
        [
            0,
            0,
            0,
            1,
            0.1,
            0.0,
            0.3333333333333333,
            0.0,
            0.08591135346335675
        ],
        [
            0,
            0,
            1,
            0,
            0.1,
            0.1,
            0.3333333333333333,
            0.3333333333333333,
            0.0
        ],
        [
            1,
            0,
            0,
            0,
            0.1,
            0.1,
            0.3333333333333333,
            0.3333333333333333,
            0.0
        ],
        [
            0,
            1,
            0,
            0,
            0.1,
            0.1,
            0.3333333333333333,
            0.3333333333333333,
            0.0
        ],
        [
            0,
            0,
            0,
            1,
            0.1,
            0.0,
            0.3333333333333333,
            0.0,
            0.009746489418706934
        ]
    ],
    "nodeCount": 9,
    "edgeCount": 10,
    "tokenCount": 3,
    "nodes": [
        "0x461dc043dfcd96ebcc590fd12c22a79b94950340",
        "0x74de5d4fcbf63e00296fd95d33236b9794016631",
        "0x82cb2d43db6916b8a4821aabf18352456fc64362",
        "0xdb0170e2d0c1cc1b2e7a90313d9b9afa4f250289",
        "0x72899ba5ac7e311a61c4a44166a2615a6dfd0b33",
        "0x06da0fd433c1a5d7a4faa01111c044910a184553",
        "0x220bda5c8994804ac96ebe4df184d25e5c2196d4",
        "0x1111111254fb6c44bac0bed2854e76f90643097d",
        "0x11ededebf63bef0ea2d2d071bdf88f71543ec6fb"
    ],
    "tokens": [
        "0xdb0170e2d0c1cc1b2e7a90313d9b9afa4f250289",
        "0xc02aaa39b223fe8d0a0e5c4f27ead9083c756cc2",
        "0xdac17f958d2ee523a2206206994597c13d831ec7"
    ]
}