{
    "hash": "0x6eea87c0f2013b78871a2bba8b6c216ba986440abac43d5b64f922d723132d32",
    "chain": "Ethereum",
    "U": [
        0,
        1,
        2,
        3,
        3,
        4,
        5,
        4,
        4,
        8,
        8,
        1
    ],
    "V": [
        1,
        2,
        3,
        1,
        4,
        5,
        4,
        6,
        7,
        1,
        9,
        0
    ],
    "feat": [
        [
            0,
            0,
            1,
            0,
            0.08333333333333333,
            0.08333333333333333,
            0.25,
            0.25,
            -0.012077244904311502
        ],
        [
            1,
            0,
            0,
            0,
            0.25,
            0.16666666666666666,
            0.75,
            0.5,
            1.0120772449043116
        ],
        [
            0,
            0,
            1,
            0,
            0.08333333333333333,
            0.08333333333333333,
            0.25,
            0.25,
            0.0
        ],
        [
            1,
            0,
            0,
            0,
            0.08333333333333333,
            0.16666666666666666,
            0.25,
            0.5,
            -0.0029999998271574846
        ],
        [
            0,
            1,
            0,
            0,
            0.16666666666666666,
            0.25,
            0.5,
            0.5,
            0.0
        ],
        [
            1,
            0,
            0,
            0,
            0.08333333333333333,
            0.08333333333333333,
            0.25,
            0.25,
            -0.9970000001728425
        ],
        [
            0,
            0,
            0,
            1,
            0.08333333333333333,
            0.0,
            0.25,
            0.0,
            0.5
        ],
        [
            1,
            0,
            0,
            0,
            0.08333333333333333,
            0.0,
            0.25,
            0.0,
            0.5
        ],
        [
            0,
            0,
            0,
            1,
            0.0,
            0.16666666666666666,
            0.0,
            0.25,
            -2.0
        ],
        [
            1,
            0,
            0,
            0,
            0.08333333333333333,
            0.0,
            0.25,
            0.0,
            1.0
        ]
    ],
    "nodeCount": 10,
    "edgeCount": 12,
    "tokenCount": 4,
    "nodes": [
        "0xb4e16d0168e52d35cacd2c6185b44281ec28c9dc",
        "0x97d43f3301b3f35433bc6af38f7046da20206579",
        "0x3041cbd36888becc7bbcbc0045e3b1f144466f5f",
        "0xbbdf7d806a54fe1f563a3de662543afce613d0a4",
        "0xcdd8dec17622468a1775d18bb4fcfe8be8ba8b68",
        "0x2da3c570eb567db1945ac119103978f28f6ea803",
        "0x1111111111111111111111111111111111111111",
        "0xc9631c3a796adc5ecfab58afe97bb00a03b250a4",
        "0x0000000000000000000000000000000000000000",
        "0xd357019942d3bcc54f4b1ad894db2d2bb99d34d0"
    ],
    "tokens": [
        "0xa0b86991c6218b36c1d19d4a2e9eb0ce3606eb48",
        "0xdac17f958d2ee523a2206206994597c13d831ec7",
        "0xc02aaa39b223fe8d0a0e5c4f27ead9083c756cc2",
        "0x4d953cf077c0c95ba090226e59a18fcf97db44ec"
    ]
}