{
    "hash": "0x6ea5fea289cc0c568d8b61cb568ba3ab9329cabbae4574be21125a3627755ed0",
    "chain": "Binance",
    "U": [
        0,
        1,
        2,
        3,
        2,
        4,
        2,
        1,
        1
    ],
    "V": [
        1,
        2,
        3,
        2,
        4,
        2,
        1,
        5,
        0
    ],
    "feat": [
        [
            0,
            0,
            0,
            1,
            0.1111111111111111,
            0.1111111111111111,
            0.3333333333333333,
            0.3333333333333333,
            -0.008744382541290618
        ],
        [
            1,
            0,
            0,
            0,
            0.2222222222222222,
            0.3333333333333333,
            0.6666666666666666,
            0.6666666666666666,
            0.0
        ],
        [
            0,
            1,
            0,
            0,
            0.3333333333333333,
            0.3333333333333333,
            1.0,
            1.0,
            0.0
        ],
        [
            0,
            0,
            1,
            0,
            0.1111111111111111,
            0.1111111111111111,
            0.3333333333333333,
            0.3333333333333333,
            0.0
        ],
        [
            1,
            0,
            0,
            0,
            0.1111111111111111,
            0.1111111111111111,
            0.3333333333333333,
            0.3333333333333333,
            0.0
        ],
        [
            0,
            0,
            0,
            1,
            0.1111111111111111,
            0.0,
            0.3333333333333333,
            0.0,
            0.008744382541290589
        ]
    ],
    "nodeCount": 6,
    "edgeCount": 9,
    "tokenCount": 3,
    "nodes": [
        "0xbc20080b65bf8b92db63f3b49dd1432cbbdc2192",
        "0xc590175e458b83680867afd273527ff58f74c02b",
        "0xdb6f1920a889355780af7570773609bd8cb1f498",
        "0x249a963e6632e539765ea9bd8e896f377b69bcee",
        "0xcbf1fee592cdcb5dedf508d75d052fb43ed04e19",
        "0x11ededebf63bef0ea2d2d071bdf88f71543ec6fb"
    ],
    "tokens": [
        "0x31471e0791fcdbe82fbf4c44943255e923f1b794",
        "0xbb4cdb9cbd36b01bd1cbaebf2de08d9173bc095c",
        "0xe9e7cea3dedca5984780bafc599bd69add087d56"
    ]
}