{
    "hash": "0x6e7eadf09f83b948fd94ce005bc8463123be1c15629c73bb8cd3d649e3dc11dc",
    "chain": "Ethereum",
    "U": [
        0,
        1,
        3
    ],
    "V": [
        1,
        2,
        4
    ],
    "feat": [
        [
            0,
            0,
            0,
            1,
            0.0,
            0.3333333333333333,
            0.0,
            0.5,
            -1.0
        ],
        [
            0,
            1,
            0,
            0,
            0.3333333333333333,
            0.3333333333333333,
            0.5,
            0.5,
            0.0
        ],
        [
            0,
            0,
            0,
            1,
            0.3333333333333333,
            0.0,
            0.5,
            0.0,
            1.0
        ],
        [
            0,
            0,
            1,
            0,
            0.0,
            0.3333333333333333,
            0.0,
            0.5,
            -1.0
        ],
        [
            0,
            1,
            0,
            0,
            0.3333333333333333,
            0.0,
            0.5,
            0.0,
            1.0
        ]
    ],
    "nodeCount": 5,
    "edgeCount": 3,
    "tokenCount": 2,
    "nodes": [
        "0x9133435c4bcca35ad92d68eab8580d74c22a8436",
        "0x853c2d147a1bd7eda8fe0f58fb3c5294db07220e",
        "0x0000000000000000000000000000000000000000",
        "0x1f573d6fb3f13d689ff844b4ce37794d79a7ff1c",
        "0xd1d846312b819743974786050848d9b3d06b9b55"
    ],
    "tokens": [
        "0x48fb253446873234f2febbf9bdeaa72d9d387f94",
        "0x1f573d6fb3f13d689ff844b4ce37794d79a7ff1c"
    ]
}