{
    "hash": "0x6f51709341ea708c3f3a01ec594d66cbab1527e5c81dd65ad1734d013ee12aca",
    "chain": "Ethereum",
    "U": [
        0,
        1,
        2,
        1,
        3,
        1
    ],
    "V": [
        1,
        2,
        1,
        3,
        1,
        0
    ],
    "feat": [
        [
            0,
            0,
            0,
            1,
            0.16666666666666666,
            0.16666666666666666,
            0.5,
            0.5,
            0.0
        ],
        [
            1,
            0,
            0,
            0,
            0.5,
            0.5,
            1.0,
            1.0,
            1.1102230246251565e-16
        ],
        [
            0,
            0,
            1,
            0,
            0.16666666666666666,
            0.16666666666666666,
            0.5,
            0.5,
            0.00628793712321235
        ],
        [
            0,
            0,
            1,
            0,
            0.16666666666666666,
            0.16666666666666666,
            0.5,
            0.5,
            -0.006287937123212406
        ]
    ],
    "nodeCount": 4,
    "edgeCount": 6,
    "tokenCount": 2,
    "nodes": [
        "0xf2ce52e3d0eb5d237341c9a75ca24647d87d7e55",
        "0xfd3dfb524b2da40c8a6d703c62be36b5d8540626",
        "0x6a928d733606943559556f7eb22057c1964ce56a",
        "0xbcd6a2ddafbaa7f424698ed69e717c0c0f1e99bf"
    ],
    "tokens": [
        "0xc02aaa39b223fe8d0a0e5c4f27ead9083c756cc2",
        "0x8564653879a18c560e7c0ea0e084c516c62f5653"
    ]
}