{
    "hash": "0x6fb6e48c36f8c80004febee60ab31bf38073c12c4071e6ee77fabc07da9295f8",
    "chain": "Ethereum",
    "U": [
        0,
        2,
        1,
        1,
        4,
        1
    ],
    "V": [
        1,
        1,
        3,
        3,
        1,
        5
    ],
    "feat": [
        [
            0,
            0,
            1,
            0,
            0.0,
            0.16666666666666666,
            0.0,
            0.3333333333333333,
            -1.0
        ],
        [
            0,
            1,
            0,
            0,
            0.5,
            0.5,
            1.0,
            1.0,
            0.0
        ],
        [
            0,
            0,
            0,
            1,
            0.0,
            0.16666666666666666,
            0.0,
            0.3333333333333333,
            -1.0
        ],
        [
            0,
            1,
            0,
            0,
            0.3333333333333333,
            0.0,
            0.6666666666666666,
            0.0,
            2.0
        ],
        [
            0,
            0,
            0,
            1,
            0.0,
            0.16666666666666666,
            0.0,
            0.3333333333333333,
            -1.0
        ],
        [
            0,
            1,
            0,
            0,
            0.16666666666666666,
            0.0,
            0.3333333333333333,
            0.0,
            1.0
        ]
    ],
    "nodeCount": 6,
    "edgeCount": 6,
    "tokenCount": 3,
    "nodes": [
        "0x1f573d6fb3f13d689ff844b4ce37794d79a7ff1c",
        "0xeead394a017b8428e2d5a976a054f303f78f3c0c",
        "0x8d2bebc567d73c3a0a1cf0280307cfd4e262b819",
        "0xc1956f06ffa45a47423acf4a3422dc2203645ba4",
        "0x0000000000000000000000000000000000000000",
        "0xd1d846312b819743974786050848d9b3d06b9b55"
    ],
    "tokens": [
        "0x1f573d6fb3f13d689ff844b4ce37794d79a7ff1c",
        "0x1f9840a85d5af5bf1d1762f925bdaddc4201f984",
        "0x8b3082e273e4b923830c637a203c1c1d963ca307"
    ]
}