{
    "hash": "0x6fb3e54e73f1e435b8165d30fc398d0fc85b3003aa3e5b1ad57dbceabdee2f1a",
    "chain": "Ethereum",
    "U": [
        0,
        1,
        0,
        2,
        3,
        0,
        5
    ],
    "V": [
        1,
        0,
        2,
        3,
        0,
        4,
        0
    ],
    "feat": [
        [
            1,
            0,
            0,
            0,
            0.42857142857142855,
            0.42857142857142855,
            0.75,
            0.75,
            0.009802875408757128
        ],
        [
            0,
            0,
            1,
            0,
            0.14285714285714285,
            0.14285714285714285,
            0.25,
            0.25,
            -0.009336766436670474
        ],
        [
            0,
            0,
            1,
            0,
            0.14285714285714285,
            0.14285714285714285,
            0.25,
            0.25,
            0.0
        ],
        [
            0,
            0,
            1,
            0,
            0.14285714285714285,
            0.14285714285714285,
            0.25,
            0.25,
            0.0
        ],
        [
            0,
            0,
            0,
            1,
            0.14285714285714285,
            0.0,
            0.25,
            0.0,
            0.9995338910279132
        ],
        [
            0,
            0,
            1,
            0,
            0.0,
            0.14285714285714285,
            0.0,
            0.25,
            -1.0
        ]
    ],
    "nodeCount": 6,
    "edgeCount": 7,
    "tokenCount": 4,
    "nodes": [
        "0x0000000000007f150bd6f54c40a34d7c3d5e9f56",
        "0xc02aaa39b223fe8d0a0e5c4f27ead9083c756cc2",
        "0xf55c33d94150d93c2cfb833bcca30be388b14964",
        "0x411a9b902f364817a0f9c4261ce28b5566a42875",
        "0x0000000000000000000000000000000000000000",
        "0x67b66c99d3eb37fa76aa3ed1ff33e8e39f0b9c7a"
    ],
    "tokens": [
        "native_token",
        "0xc02aaa39b223fe8d0a0e5c4f27ead9083c756cc2",
        "0xa1faa113cbe53436df28ff0aee54275c13b40975",
        "0x67b66c99d3eb37fa76aa3ed1ff33e8e39f0b9c7a"
    ]
}