{
    "hash": "0x6f8021dcb5c26eddc7b5d36fd7b259c47db7a95e1a2575471e86c3ac66900abc",
    "chain": "Ethereum",
    "U": [
        0,
        1,
        2,
        3,
        4,
        1,
        6,
        5,
        1,
        1
    ],
    "V": [
        1,
        2,
        3,
        1,
        5,
        4,
        1,
        6,
        7,
        0
    ],
    "feat": [
        [
            0,
            0,
            0,
            1,
            0.1,
            0.1,
            0.3333333333333333,
            0.3333333333333333,
            0.0
        ],
        [
            0,
            1,
            0,
            0,
            0.3,
            0.4,
            0.6666666666666666,
            0.6666666666666666,
            0.0
        ],
        [
            0,
            0,
            1,
            0,
            0.1,
            0.1,
            0.3333333333333333,
            0.3333333333333333,
            0.0003766763503864068
        ],
        [
            0,
            0,
            1,
            0,
            0.1,
            0.1,
            0.3333333333333333,
            0.3333333333333333,
            0.01186607139991934
        ],
        [
            1,
            0,
            0,
            0,
            0.1,
            0.1,
            0.3333333333333333,
            0.3333333333333333,
            -0.11573431859385108
        ],
        [
            0,
            1,
            0,
            0,
            0.1,
            0.1,
            0.3333333333333333,
            0.3333333333333333,
            0.0
        ],
        [
            0,
            1,
            0,
            0,
            0.1,
            0.1,
            0.3333333333333333,
            0.3333333333333333,
            0.1004956084491444
        ],
        [
            0,
            0,
            0,
            1,
            0.1,
            0.0,
            0.3333333333333333,
            0.0,
            0.00299596239440091
        ]
    ],
    "nodeCount": 8,
    "edgeCount": 10,
    "tokenCount": 3,
    "nodes": [
        "0xcfc6b62a0b0cebf58c442d61fa57f6d02a0a11d7",
        "0x22f9dcf4647084d6c31b2765f6910cd85c178c18",
        "0x7f46c12a7ac8343d11652fffdaed411d2d427eb0",
        "0x0d4a11d5eeaac28ec3f61d100daf4d40471f1852",
        "0x4efc9e2e3e77732ce2f9612b8f050082c01688bd",
        "0xe592427a0aece92de3edee1f18e0157c05861564",
        "0x11b815efb8f581194ae79006d24e0d814b7697f6",
        "0x96c195f6643a3d797cb90cb6ba0ae2776d51b5f3"
    ],
    "tokens": [
        "0xb2089a7069861c8d90c8da3aacab8e9188c0c531",
        "0xc02aaa39b223fe8d0a0e5c4f27ead9083c756cc2",
        "0xdac17f958d2ee523a2206206994597c13d831ec7"
    ]
}