{
    "hash": "0x6f2f68515b223b94c1c913bc1246d3094eaf2e932a9db2322b18a06601c4b66d",
    "chain": "Ethereum",
    "U": [
        0,
        2,
        1,
        3,
        1,
        4,
        1,
        6,
        5,
        7,
        7,
        1,
        1
    ],
    "V": [
        1,
        1,
        3,
        1,
        4,
        1,
        5,
        5,
        1,
        8,
        0,
        2,
        9
    ],
    "feat": [
        [
            1,
            0,
            0,
            0,
            0.07692307692307693,
            0.07692307692307693,
            0.2,
            0.2,
            0.5413082965529536
        ],
        [
            1,
            0,
            0,
            0,
            0.38461538461538464,
            0.38461538461538464,
            0.8,
            0.8,
            0.0005370974362262082
        ],
        [
            1,
            0,
            0,
            0,
            0.07692307692307693,
            0.07692307692307693,
            0.2,
            0.2,
            0.45869170344704635
        ],
        [
            0,
            0,
            1,
            0,
            0.07692307692307693,
            0.07692307692307693,
            0.2,
            0.2,
            0.0
        ],
        [
            0,
            0,
            1,
            0,
            0.07692307692307693,
            0.07692307692307693,
            0.2,
            0.2,
            -0.001064186270035239
        ],
        [
            0,
            0,
            1,
            0,
            0.15384615384615385,
            0.07692307692307693,
            0.4,
            0.2,
            0.9999900010696694
        ],
        [
            0,
            0,
            1,
            0,
            0.0,
            0.07692307692307693,
            0.0,
            0.2,
            -1.0
        ],
        [
            0,
            0,
            0,
            1,
            0.0,
            0.15384615384615385,
            0.0,
            0.2,
            -1.001
        ],
        [
            0,
            1,
            0,
            0,
            0.07692307692307693,
            0.0,
            0.2,
            0.0,
            0.001
        ],
        [
            0,
            0,
            0,
            1,
            0.07692307692307693,
            0.0,
            0.2,
            0.0,
            0.0005370877641399957
        ]
    ],
    "nodeCount": 10,
    "edgeCount": 13,
    "tokenCount": 5,
    "nodes": [
        "0x151ccb92bc1ed5c6d0f9adb5cec4763ceb66ac7f",
        "0x18c09bd6f4a5d72e55f332399cc2f6d1c02a7382",
        "0x88e6a0c2ddd26feeb64f039a2c41296fcb3f5640",
        "0xc02aaa39b223fe8d0a0e5c4f27ead9083c756cc2",
        "0x4ddc2d193948926d02f9b1fe9e1daa0718270ed5",
        "0xaa6e8127831c9de45ae56bb1b0d4d4da6e5665bd",
        "0x39aa39c021dfbae8fac545936693ac917d5e7563",
        "0x0000000000000000000000000000000000000000",
        "0x445307de5279cd4b1bcbf38853f81b190a806075",
        "0xea674fdde714fd979de3edf0f56aa9716b898ec8"
    ],
    "tokens": [
        "0xc02aaa39b223fe8d0a0e5c4f27ead9083c756cc2",
        "native_token",
        "0x4ddc2d193948926d02f9b1fe9e1daa0718270ed5",
        "0xa0b86991c6218b36c1d19d4a2e9eb0ce3606eb48",
        "0xaa6e8127831c9de45ae56bb1b0d4d4da6e5665bd"
    ]
}