{
    "hash": "0x70c6961ad6791c426db8295c40e2671f0ddc997e5ef7c04c49d83a64c14dfd6c",
    "chain": "Ethereum",
    "U": [
        0,
        1,
        3
    ],
    "V": [
        1,
        2,
        0
    ],
    "feat": [
        [
            0,
            0,
            0,
            1,
            0.3333333333333333,
            0.3333333333333333,
            0.5,
            0.5,
            0.0
        ],
        [
            1,
            0,
            0,
            0,
            0.3333333333333333,
            0.3333333333333333,
            0.5,
            0.5,
            0.0
        ],
        [
            1,
            0,
            0,
            0,
            0.3333333333333333,
            0.0,
            0.5,
            0.0,
            1.0
        ],
        [
            0,
            0,
            0,
            1,
            0.0,
            0.3333333333333333,
            0.0,
            0.5,
            -1.0
        ]
    ],
    "nodeCount": 4,
    "edgeCount": 3,
    "tokenCount": 2,
    "nodes": [
        "0x717880974a641f5af54bbea26835fefe8cd78a03",
        "0x8e701371913dca43c0853a2eec997205ab466387",
        "0x7c974cb7a28eb1d1f09d51cde17e6183257ea9a7",
        "0x0000000000000000000000000000000000000000"
    ],
    "tokens": [
        "native_token",
        "0x0b2153b9289b71134853c726200cbdeaf5d5dd8c"
    ]
}