{
    "hash": "0x704df96590c421967376da7ec43fd72396ff373840d7851b59a7bb2e3048cfed",
    "chain": "Ethereum",
    "U": [
        0,
        2,
        1,
        1,
        3,
        4,
        1,
        1,
        5,
        1,
        6,
        1,
        7,
        8,
        1,
        9,
        1,
        1,
        5,
        1
    ],
    "V": [
        1,
        1,
        2,
        3,
        1,
        1,
        4,
        5,
        1,
        6,
        1,
        7,
        1,
        1,
        8,
        1,
        9,
        5,
        1,
        0
    ],
    "feat": [
        [
            0,
            0,
            0,
            1,
            0.05,
            0.05,
            0.25,
            0.25,
            0.0
        ],
        [
            1,
            0,
            0,
            0,
            0.5,
            0.5,
            1.0,
            1.0,
            2.220446049250313e-16
        ],
        [
            1,
            0,
            0,
            0,
            0.05,
            0.05,
            0.25,
            0.25,
            -0.005954380078674135
        ],
        [
            0,
            0,
            1,
            0,
            0.05,
            0.05,
            0.25,
            0.25,
            -0.015122898448145405
        ],
        [
            1,
            0,
            0,
            0,
            0.05,
            0.05,
            0.25,
            0.25,
            -0.02906907638331764
        ],
        [
            0,
            0,
            1,
            0,
            0.1,
            0.1,
            0.25,
            0.25,
            0.25014635491013726
        ],
        [
            0,
            0,
            0,
            1,
            0.05,
            0.05,
            0.25,
            0.25,
            -0.0040168950469232426
        ],
        [
            0,
            0,
            1,
            0,
            0.05,
            0.05,
            0.25,
            0.25,
            -0.07183314651801331
        ],
        [
            1,
            0,
            0,
            0,
            0.05,
            0.05,
            0.25,
            0.25,
            -0.12414995843506349
        ],
        [
            1,
            0,
            0,
            0,
            0.05,
            0.05,
            0.25,
            0.25,
            0.0
        ]
    ],
    "nodeCount": 10,
    "edgeCount": 20,
    "tokenCount": 4,
    "nodes": [
        "0x95c4081fe47ad81052982c020d4fcc3e00d6e657",
        "0xfd3dfb524b2da40c8a6d703c62be36b5d8540626",
        "0x82743c07bf3be4d55876f87bca6cce5f84429bd0",
        "0x55d5c232d921b9eaa6b37b5845e439acd04b4dba",
        "0x9e0905249ceefffb9605e034b534544684a58be6",
        "0xc02aaa39b223fe8d0a0e5c4f27ead9083c756cc2",
        "0xe10fa11d966f172755e7baf6a7064c1bb345bf4b",
        "0xf6dcdce0ac3001b2f67f750bc64ea5beb37b5824",
        "0x69d91b94f0aaf8e8a2586909fa77a5c2c89818d5",
        "0x0000006daea1723962647b7e189d311d757fb793"
    ],
    "tokens": [
        "0x2b591e99afe9f32eaa6214f7b7629768c40eeb39",
        "0xc02aaa39b223fe8d0a0e5c4f27ead9083c756cc2",
        "native_token",
        "0xa0b86991c6218b36c1d19d4a2e9eb0ce3606eb48"
    ]
}