{
    "hash": "0x70bc128b8bb0c8970b6930e3ef45ec4d3a76e5021d64170e2e32b9b5561ccfe5",
    "chain": "Binance",
    "U": [
        0,
        1,
        0,
        1,
        0,
        2,
        0,
        2,
        3,
        4
    ],
    "V": [
        1,
        0,
        1,
        0,
        2,
        0,
        2,
        0,
        0,
        5
    ],
    "feat": [
        [
            1,
            0,
            0,
            0,
            0.5,
            0.4,
            0.75,
            0.75,
            0.0008502941307286099
        ],
        [
            0,
            0,
            1,
            0,
            0.2,
            0.2,
            0.5,
            0.5,
            0.0007823075133404078
        ],
        [
            0,
            0,
            1,
            0,
            0.2,
            0.2,
            0.5,
            0.5,
            0.005963642547961889
        ],
        [
            0,
            1,
            0,
            0,
            0.0,
            0.1,
            0.0,
            0.25,
            -0.00759624419203124
        ],
        [
            0,
            0,
            0,
            1,
            0.0,
            0.1,
            0.0,
            0.25,
            -1.0
        ],
        [
            0,
            0,
            0,
            1,
            0.1,
            0.0,
            0.25,
            0.0,
            1.0
        ]
    ],
    "nodeCount": 6,
    "edgeCount": 10,
    "tokenCount": 4,
    "nodes": [
        "0xfb7946a495f301c76227444aba6c33a81b585511",
        "0xafa189508699700ff29539ef9aed4e6a2f3b6580",
        "0xd87987775699f5433cb723a32abb0727afc8ba81",
        "0xc31a355277228c1bf9a88599647faeaae664ea1f",
        "0xd3f960e33cd49374aa9e1f04f023b896c35f170a",
        "0x0000000000000000000000000000000000000000"
    ],
    "tokens": [
        "0xbb4cdb9cbd36b01bd1cbaebf2de08d9173bc095c",
        "0x2170ed0880ac9a755fd29b2688956bd959f933f8",
        "0xae28714390e95b8df1ef847c58aeac23ed457702",
        "0x0000000000004946c0e9f43f4dee607b0ef1fa1c"
    ]
}