{
    "hash": "0x722522ac4382267044cd029dcf86b07b297211239e31f033d3590b87b81b11de",
    "chain": "Binance",
    "U": [
        0,
        0,
        2,
        4,
        5,
        4,
        4,
        5,
        4,
        5,
        4,
        4,
        5,
        4,
        2,
        3,
        7
    ],
    "V": [
        1,
        2,
        3,
        5,
        4,
        6,
        2,
        4,
        5,
        4,
        5,
        5,
        4,
        5,
        3,
        7,
        8
    ],
    "feat": [
        [
            0,
            0,
            0,
            1,
            0.0,
            0.11764705882352941,
            0.0,
            0.25,
            -0.2582796001207641
        ],
        [
            0,
            1,
            0,
            0,
            0.058823529411764705,
            0.0,
            0.25,
            0.0,
            0.03132037330111197
        ],
        [
            0,
            1,
            0,
            0,
            0.11764705882352941,
            0.11764705882352941,
            0.5,
            0.5,
            -0.7730407731803479
        ],
        [
            0,
            1,
            0,
            0,
            0.11764705882352941,
            0.058823529411764705,
            0.5,
            0.25,
            1.0
        ],
        [
            0,
            1,
            0,
            0,
            0.23529411764705882,
            0.4117647058823529,
            0.5,
            0.75,
            -3.3432922286653914
        ],
        [
            0,
            0,
            1,
            0,
            0.29411764705882354,
            0.23529411764705882,
            0.5,
            0.5,
            1.3432922286653919
        ],
        [
            0,
            0,
            1,
            0,
            0.058823529411764705,
            0.0,
            0.25,
            0.0,
            1.0
        ],
        [
            0,
            0,
            1,
            0,
            0.058823529411764705,
            0.058823529411764705,
            0.25,
            0.25,
            0.0
        ],
        [
            0,
            0,
            0,
            1,
            0.058823529411764705,
            0.0,
            0.25,
            0.0,
            1.0
        ]
    ],
    "nodeCount": 9,
    "edgeCount": 17,
    "tokenCount": 4,
    "nodes": [
        "0x0000000000000000000000000000000000000000",
        "0x28579eca0a326e53340edd93e18698d379876a04",
        "0x0895196562c7868c5be92459fae7f877ed450452",
        "0x93bc0b24a7025d7040938c617818ff184a8669ba",
        "0xce55c6fb1ad3dbe557e3b24c73086bdcee1af94e",
        "0xa07c5b74c9b40447a954e1466938b865b6bbea36",
        "0xbb4cdb9cbd36b01bd1cbaebf2de08d9173bc095c",
        "0x5b06aa1ebd2e15bc6001076355e5b4c39cbc83f3",
        "0x6852ce3ae90573f17a5c534a122834856feddf12"
    ],
    "tokens": [
        "0xa184088a740c695e156f91f5cc086a06bb78b827",
        "0xa07c5b74c9b40447a954e1466938b865b6bbea36",
        "native_token",
        "0xbb4cdb9cbd36b01bd1cbaebf2de08d9173bc095c"
    ]
}