{
    "hash": "0x72d8aa55913dcc9b1960f2b7697526cafbe5d5f9abb81af7de67eb1ec669e352",
    "chain": "Binance",
    "U": [
        0,
        1,
        2,
        3,
        2,
        4,
        2,
        1,
        1
    ],
    "V": [
        1,
        2,
        3,
        2,
        4,
        2,
        1,
        5,
        0
    ],
    "feat": [
        [
            0,
            0,
            0,
            1,
            0.1111111111111111,
            0.1111111111111111,
            0.3333333333333333,
            0.3333333333333333,
            0.0
        ],
        [
            1,
            0,
            0,
            0,
            0.2222222222222222,
            0.3333333333333333,
            0.6666666666666666,
            0.6666666666666666,
            0.0
        ],
        [
            0,
            1,
            0,
            0,
            0.3333333333333333,
            0.3333333333333333,
            1.0,
            1.0,
            0.0
        ],
        [
            1,
            0,
            0,
            0,
            0.1111111111111111,
            0.1111111111111111,
            0.3333333333333333,
            0.3333333333333333,
            -0.008750000000000036
        ],
        [
            0,
            0,
            1,
            0,
            0.1111111111111111,
            0.1111111111111111,
            0.3333333333333333,
            0.3333333333333333,
            0.0
        ],
        [
            0,
            0,
            0,
            1,
            0.1111111111111111,
            0.0,
            0.3333333333333333,
            0.0,
            0.00875
        ]
    ],
    "nodeCount": 6,
    "edgeCount": 9,
    "tokenCount": 3,
    "nodes": [
        "0xa896b6e88892cc8f98e7388c5334013f32f134d4",
        "0xc590175e458b83680867afd273527ff58f74c02b",
        "0xdb6f1920a889355780af7570773609bd8cb1f498",
        "0xcbf1fee592cdcb5dedf508d75d052fb43ed04e19",
        "0xbcfd0d4a37feb4dceaaefa9da28cd833e5f04e9f",
        "0x11ededebf63bef0ea2d2d071bdf88f71543ec6fb"
    ],
    "tokens": [
        "0xe9e7cea3dedca5984780bafc599bd69add087d56",
        "0xbb4cdb9cbd36b01bd1cbaebf2de08d9173bc095c",
        "0x9573c88ae3e37508f87649f87c4dd5373c9f31e0"
    ]
}