{
    "hash": "0x729a0bfdeacb175d0ae9819792a92039b5f13bc676b23b228b2f566869fb1a4f",
    "chain": "Ethereum",
    "U": [
        0,
        1,
        2,
        3,
        2,
        4,
        1,
        1,
        2,
        3,
        2,
        5,
        5,
        1,
        1
    ],
    "V": [
        1,
        2,
        3,
        2,
        4,
        1,
        2,
        4,
        3,
        2,
        4,
        1,
        1,
        6,
        0
    ],
    "feat": [
        [
            0,
            0,
            0,
            1,
            0.06666666666666667,
            0.06666666666666667,
            0.2,
            0.2,
            0.0
        ],
        [
            0,
            1,
            0,
            0,
            0.26666666666666666,
            0.3333333333333333,
            0.8,
            0.8,
            0.0
        ],
        [
            0,
            1,
            0,
            0,
            0.26666666666666666,
            0.26666666666666666,
            0.4,
            0.4,
            0.0
        ],
        [
            0,
            0,
            1,
            0,
            0.13333333333333333,
            0.13333333333333333,
            0.2,
            0.2,
            -0.9970150533989586
        ],
        [
            0,
            0,
            1,
            0,
            0.2,
            0.06666666666666667,
            0.4,
            0.2,
            1.9970150533989586
        ],
        [
            0,
            0,
            0,
            1,
            0.0,
            0.13333333333333333,
            0.0,
            0.4,
            -2.0
        ],
        [
            0,
            0,
            1,
            0,
            0.06666666666666667,
            0.0,
            0.2,
            0.0,
            1.0
        ]
    ],
    "nodeCount": 7,
    "edgeCount": 15,
    "tokenCount": 5,
    "nodes": [
        "0x3f6e4667fec54733fb3b15993b9ce96b69b65cb3",
        "0x1fd6adba9fee5c18338f134e31b4a323afa06ad4",
        "0xd9e1ce17f2641f24ae83637ab66a2cca9c378b9f",
        "0xc02aaa39b223fe8d0a0e5c4f27ead9083c756cc2",
        "0x10b47177e92ef9d5c6059055d92ddf6290848991",
        "0x0000000000000000000000000000000000000000",
        "0x5eff6d166d66bacbc1bf52e2c54dd391ae6b1f48"
    ],
    "tokens": [
        "native_token",
        "0xc02aaa39b223fe8d0a0e5c4f27ead9083c756cc2",
        "0xc5bddf9843308380375a611c18b50fb9341f502a",
        "0x10b47177e92ef9d5c6059055d92ddf6290848991",
        "0x5eff6d166d66bacbc1bf52e2c54dd391ae6b1f48"
    ]
}