{
    "hash": "0x7322148c5a0fd1478abcdd2eb52f27a409dfc25d3bc103c1f23d58c49632bfdc",
    "chain": "Ethereum",
    "U": [
        0,
        2,
        3
    ],
    "V": [
        1,
        0,
        2
    ],
    "feat": [
        [
            0,
            0,
            0,
            1,
            0.3333333333333333,
            0.3333333333333333,
            0.5,
            0.5,
            0.9999997215952606
        ],
        [
            0,
            1,
            0,
            0,
            0.3333333333333333,
            0.0,
            0.5,
            0.0,
            2.7840473934231703e-07
        ],
        [
            0,
            0,
            0,
            1,
            0.3333333333333333,
            0.3333333333333333,
            0.5,
            0.5,
            0.0
        ],
        [
            0,
            0,
            1,
            0,
            0.0,
            0.3333333333333333,
            0.0,
            0.5,
            -1.0
        ]
    ],
    "nodeCount": 4,
    "edgeCount": 3,
    "tokenCount": 2,
    "nodes": [
        "0x0000000000000000000000000000000000000000",
        "0x464c71f6c2f760dda6093dcb91c24c39e5d6e18c",
        "0xb9bcd154b5a636bb3b049e7dea7da4cb47d6cc81",
        "0x1e6bb68acec8fefbd87d192be09bb274170a0548"
    ],
    "tokens": [
        "0x1e6bb68acec8fefbd87d192be09bb274170a0548",
        "0xd46ba6d942050d489dbd938a2c909a5d5039a161"
    ]
}