{
    "hash": "0x739a5f4c37592f8038d49fc7d01692892363a86c8d92e39f8a0877612e0dff3d",
    "chain": "Ethereum",
    "U": [
        0,
        1,
        0,
        2,
        0,
        0,
        4,
        3,
        0,
        1
    ],
    "V": [
        1,
        0,
        2,
        0,
        3,
        4,
        0,
        5,
        1,
        0
    ],
    "feat": [
        [
            1,
            0,
            0,
            0,
            0.4,
            0.5,
            1.0,
            1.0,
            0.002665423104738718
        ],
        [
            0,
            0,
            1,
            0,
            0.2,
            0.2,
            0.6666666666666666,
            0.6666666666666666,
            0.0
        ],
        [
            0,
            1,
            0,
            0,
            0.1,
            0.1,
            0.3333333333333333,
            0.3333333333333333,
            -0.0027950665900040583
        ],
        [
            0,
            1,
            0,
            0,
            0.1,
            0.1,
            0.3333333333333333,
            0.3333333333333333,
            0.0
        ],
        [
            0,
            0,
            0,
            1,
            0.1,
            0.1,
            0.3333333333333333,
            0.3333333333333333,
            -2.2270851829375715e-11
        ],
        [
            0,
            1,
            0,
            0,
            0.1,
            0.0,
            0.3333333333333333,
            0.0,
            0.00012964350753617485
        ]
    ],
    "nodeCount": 6,
    "edgeCount": 10,
    "tokenCount": 3,
    "nodes": [
        "0x0000000000007f150bd6f54c40a34d7c3d5e9f56",
        "0xc02aaa39b223fe8d0a0e5c4f27ead9083c756cc2",
        "0xba12222222228d8ba445958a75a0704d566bf2c8",
        "0x61935cbdd02287b511119ddb11aeb42f1593b7ef",
        "0x57845987c8c859d52931ee248d8d84ab10532407",
        "0xa26e80e7dea86279c6d778d702cc413e6cffa777"
    ],
    "tokens": [
        "native_token",
        "0xc02aaa39b223fe8d0a0e5c4f27ead9083c756cc2",
        "0xdac17f958d2ee523a2206206994597c13d831ec7"
    ]
}