{
    "hash": "0x73b2d9069a7121a7de6f28cfca0379c187c3ebf1051f2769efdf64de083c4cee",
    "chain": "Ethereum",
    "U": [
        0,
        2,
        3
    ],
    "V": [
        1,
        0,
        2
    ],
    "feat": [
        [
            0,
            0,
            0,
            1,
            0.3333333333333333,
            0.3333333333333333,
            0.5,
            0.5,
            0.9999999014529207
        ],
        [
            0,
            1,
            0,
            0,
            0.3333333333333333,
            0.0,
            0.5,
            0.0,
            9.854707927585221e-08
        ],
        [
            0,
            0,
            0,
            1,
            0.3333333333333333,
            0.3333333333333333,
            0.5,
            0.5,
            0.0
        ],
        [
            0,
            0,
            1,
            0,
            0.0,
            0.3333333333333333,
            0.0,
            0.5,
            -1.0
        ]
    ],
    "nodeCount": 4,
    "edgeCount": 3,
    "tokenCount": 2,
    "nodes": [
        "0x0000000000000000000000000000000000000000",
        "0x464c71f6c2f760dda6093dcb91c24c39e5d6e18c",
        "0x0f2a924b46e9050f89a391017310a38794624343",
        "0xa06bc25b5805d5f8d82847d191cb4af5a3e873e0"
    ],
    "tokens": [
        "0xa06bc25b5805d5f8d82847d191cb4af5a3e873e0",
        "0x514910771af9ca656af840dff83e8264ecf986ca"
    ]
}