{
    "hash": "0x743e21ad96337eed327cc31fe47d39a67b0d680c8178f345b29f550936c746a5",
    "chain": "Binance",
    "U": [
        0,
        1,
        2,
        1,
        3,
        1,
        4,
        1
    ],
    "V": [
        1,
        2,
        1,
        3,
        1,
        4,
        1,
        0
    ],
    "feat": [
        [
            0,
            0,
            1,
            0,
            0.125,
            0.125,
            0.25,
            0.25,
            -0.002734335909159613
        ],
        [
            1,
            0,
            0,
            0,
            0.5,
            0.5,
            1.0,
            1.0,
            0.002734335909159391
        ],
        [
            0,
            0,
            1,
            0,
            0.125,
            0.125,
            0.25,
            0.25,
            0.0
        ],
        [
            0,
            0,
            1,
            0,
            0.125,
            0.125,
            0.25,
            0.25,
            0.0
        ],
        [
            0,
            0,
            1,
            0,
            0.125,
            0.125,
            0.25,
            0.25,
            0.0
        ]
    ],
    "nodeCount": 5,
    "edgeCount": 8,
    "tokenCount": 4,
    "nodes": [
        "0x698aa347d65abebb52901163f65b77c4ce441939",
        "0x0000000000b80b2b49630047c38f2810ab8fb946",
        "0x8f0182e4ed8ac55332e75dd9eecbbbefd53f7159",
        "0xa32a983a64ce21834221aa0ad1f1533907553136",
        "0xe415f82e756027cfcc212d04dd9121a3f7080e8a"
    ],
    "tokens": [
        "0x5cd50aae14e14b3fdf3ff13c7a40e8cf5ae8b0a5",
        "0x5ac52ee5b2a633895292ff6d8a89bb9190451587",
        "0xe9e7cea3dedca5984780bafc599bd69add087d56",
        "0xbb4cdb9cbd36b01bd1cbaebf2de08d9173bc095c"
    ]
}