{
    "hash": "0x74d31b0a2da124a7db3a19051bd94e98e17f10e40ce335063946d587b4c0d627",
    "chain": "Ethereum",
    "U": [
        0,
        0,
        3
    ],
    "V": [
        1,
        2,
        2
    ],
    "feat": [
        [
            0,
            0,
            0,
            1,
            0.0,
            0.6666666666666666,
            0.0,
            0.6666666666666666,
            -2.0
        ],
        [
            0,
            1,
            0,
            0,
            0.3333333333333333,
            0.0,
            0.3333333333333333,
            0.0,
            1.0
        ],
        [
            0,
            0,
            0,
            1,
            0.6666666666666666,
            0.0,
            0.6666666666666666,
            0.0,
            2.0
        ],
        [
            0,
            0,
            1,
            0,
            0.0,
            0.3333333333333333,
            0.0,
            0.3333333333333333,
            -1.0
        ]
    ],
    "nodeCount": 4,
    "edgeCount": 3,
    "tokenCount": 3,
    "nodes": [
        "0x0000000000000000000000000000000000000000",
        "0x464c71f6c2f760dda6093dcb91c24c39e5d6e18c",
        "0x3d10df153cc8315943637da098f6cc473874d572",
        "0x3ed3b47dd13ec9a98b44e6204a523e766b225811"
    ],
    "tokens": [
        "0x3ed3b47dd13ec9a98b44e6204a523e766b225811",
        "0x531842cebbdd378f8ee36d171d6cc9c4fcf475ec",
        "0xdac17f958d2ee523a2206206994597c13d831ec7"
    ]
}