{
    "hash": "0x753ca506d7165cb2489368a89cd32e6f5e98d6d06d4ac1c2abed2572023dce3d",
    "chain": "Ethereum",
    "U": [
        0,
        1,
        2,
        1,
        3,
        5,
        3,
        1,
        0,
        1
    ],
    "V": [
        1,
        2,
        1,
        3,
        4,
        3,
        1,
        0,
        6,
        7
    ],
    "feat": [
        [
            0,
            1,
            0,
            0,
            0.1,
            0.2,
            0.3333333333333333,
            0.3333333333333333,
            0.0
        ],
        [
            1,
            0,
            0,
            0,
            0.3,
            0.4,
            0.6666666666666666,
            0.6666666666666666,
            2.220446049250313e-16
        ],
        [
            0,
            0,
            1,
            0,
            0.1,
            0.1,
            0.3333333333333333,
            0.3333333333333333,
            -0.006523295330407519
        ],
        [
            0,
            1,
            0,
            0,
            0.2,
            0.2,
            0.6666666666666666,
            0.6666666666666666,
            0.0
        ],
        [
            0,
            0,
            0,
            1,
            0.1,
            0.0,
            0.3333333333333333,
            0.0,
            1.0
        ],
        [
            0,
            1,
            0,
            0,
            0.0,
            0.1,
            0.0,
            0.3333333333333333,
            -1.0
        ],
        [
            0,
            1,
            0,
            0,
            0.1,
            0.0,
            0.3333333333333333,
            0.0,
            6.6231780311306165e-12
        ],
        [
            0,
            0,
            0,
            1,
            0.1,
            0.0,
            0.3333333333333333,
            0.0,
            0.006523295323784357
        ]
    ],
    "nodeCount": 8,
    "edgeCount": 10,
    "tokenCount": 3,
    "nodes": [
        "0x35ffd6e268610e764ff6944d07760d0efe5e40e5",
        "0x36bdc2abfb856d4b1831c31233e76303fdac897f",
        "0x49519631b404e06ca79c9c7b0dc91648d86f08db",
        "0x42d7025938bec20b69cbae5a77421082407f053a",
        "0x0000000000000000000000000000000000000000",
        "0xbebc44782c7db0a1a60cb6fe97d0b483032ff1c7",
        "0x9a67f1940164d0318612b497e8e6038f902a00a4",
        "0x21711c69387dcc6cebc3caff45d9e7c7dee5476a"
    ],
    "tokens": [
        "0xa0b86991c6218b36c1d19d4a2e9eb0ce3606eb48",
        "0x1456688345527be1f37e9e627da0837d6f08c925",
        "0x6c3f90f043a72fa612cbac8115ee7e52bde6e490"
    ]
}