{
    "hash": "0x75c2ce39b57d48a14a6f959c291a712d979a3c908270009cc01b87340651597f",
    "chain": "Ethereum",
    "U": [
        0,
        1,
        2,
        0,
        3,
        0
    ],
    "V": [
        1,
        0,
        0,
        2,
        0,
        3
    ],
    "feat": [
        [
            1,
            0,
            0,
            0,
            0.5,
            0.5,
            1.0,
            1.0,
            0.014874278560907506
        ],
        [
            0,
            0,
            1,
            0,
            0.16666666666666666,
            0.16666666666666666,
            0.3333333333333333,
            0.3333333333333333,
            -0.014874278560907617
        ],
        [
            1,
            0,
            0,
            0,
            0.16666666666666666,
            0.16666666666666666,
            0.3333333333333333,
            0.3333333333333333,
            0.0
        ],
        [
            0,
            1,
            0,
            0,
            0.16666666666666666,
            0.16666666666666666,
            0.3333333333333333,
            0.3333333333333333,
            0.0
        ]
    ],
    "nodeCount": 4,
    "edgeCount": 6,
    "tokenCount": 3,
    "nodes": [
        "0xf5b4f13bdbe12709bd3ea280ebf4b936e99b20f2",
        "0x9cd028b1287803250b1e226f0180eb725428d069",
        "0xa8db34b9cb685474e4195c96736d293b3192b1e8",
        "0x8ad599c3a0ff1de082011efddc58f1908eb6e6d8"
    ],
    "tokens": [
        "0xc02aaa39b223fe8d0a0e5c4f27ead9083c756cc2",
        "0x903bef1736cddf2a537176cf3c64579c3867a881",
        "0xa0b86991c6218b36c1d19d4a2e9eb0ce3606eb48"
    ]
}