{
    "hash": "0x764e8a1ab00ea82b9e992d1fbadf0e73aeb1b61f7c1dc58c21ac5f47af8fe314",
    "chain": "Binance",
    "U": [
        0,
        2,
        1,
        0,
        1
    ],
    "V": [
        1,
        3,
        0,
        1,
        0
    ],
    "feat": [
        [
            1,
            0,
            0,
            0,
            0.4,
            0.4,
            0.6666666666666666,
            0.6666666666666666,
            -0.005985229426498373
        ],
        [
            0,
            0,
            1,
            0,
            0.4,
            0.4,
            0.6666666666666666,
            0.6666666666666666,
            0.005985229426498373
        ],
        [
            0,
            0,
            0,
            1,
            0.0,
            0.2,
            0.0,
            0.3333333333333333,
            -1.0
        ],
        [
            0,
            1,
            0,
            0,
            0.2,
            0.0,
            0.3333333333333333,
            0.0,
            1.0
        ]
    ],
    "nodeCount": 4,
    "edgeCount": 5,
    "tokenCount": 3,
    "nodes": [
        "0x551e668d75ae61597410aea9babb8e7e0b8a543f",
        "0xcaabda10a3ac99fc15f5b636aa18e6b4fd8db16d",
        "0x0000000000000000000000000000000000000000",
        "0x782395303692abed877d2737aa7982345eb44c11"
    ],
    "tokens": [
        "0x55d398326f99059ff775485246999027b3197955",
        "0x9c65ab58d8d978db963e63f2bfb7121627e3a739",
        "0x0d8ce2a99bb6e3b7db580ed848240e4a0f9ae153"
    ]
}