{
    "hash": "0x76f7c50130dc993a29e7c33f9efb6850a46458c24106e65824cb8633882fd24b",
    "chain": "Ethereum",
    "U": [
        0,
        1,
        3,
        2,
        3,
        3,
        2,
        6,
        1,
        7,
        1
    ],
    "V": [
        1,
        2,
        4,
        5,
        2,
        4,
        3,
        1,
        7,
        1,
        0
    ],
    "feat": [
        [
            0,
            0,
            0,
            1,
            0.09090909090909091,
            0.09090909090909091,
            0.2,
            0.2,
            0.0
        ],
        [
            1,
            0,
            0,
            0,
            0.2727272727272727,
            0.2727272727272727,
            0.6,
            0.6,
            0.0
        ],
        [
            0,
            1,
            0,
            0,
            0.18181818181818182,
            0.18181818181818182,
            0.4,
            0.4,
            0.0
        ],
        [
            0,
            0,
            0,
            1,
            0.09090909090909091,
            0.2727272727272727,
            0.2,
            0.4,
            -0.008846243141060084
        ],
        [
            0,
            1,
            0,
            0,
            0.18181818181818182,
            0.0,
            0.4,
            0.0,
            0.008846243141059924
        ],
        [
            0,
            0,
            1,
            0,
            0.09090909090909091,
            0.0,
            0.2,
            0.0,
            1.0
        ],
        [
            0,
            0,
            1,
            0,
            0.0,
            0.09090909090909091,
            0.0,
            0.2,
            -1.0
        ],
        [
            0,
            0,
            1,
            0,
            0.09090909090909091,
            0.09090909090909091,
            0.2,
            0.2,
            0.0
        ]
    ],
    "nodeCount": 8,
    "edgeCount": 11,
    "tokenCount": 5,
    "nodes": [
        "0xb5ccb46d6ec8da79b8ace869eb2e5e9dc4982f76",
        "0xdb38ae75c5f44276803345f7f02e95a0aeef5944",
        "0xdebf20617708857ebe4f679508e7b7863a8a8eee",
        "0x0000000000000000000000000000000000000000",
        "0x464c71f6c2f760dda6093dcb91c24c39e5d6e18c",
        "0x3ed3b47dd13ec9a98b44e6204a523e766b225811",
        "0xbcca60bb61934080951369a648fb03df4f96263c",
        "0x3b44f35fd81040e4d0cdccfe77714512feb1da4d"
    ],
    "tokens": [
        "0xdac17f958d2ee523a2206206994597c13d831ec7",
        "0x3ed3b47dd13ec9a98b44e6204a523e766b225811",
        "0xbcca60bb61934080951369a648fb03df4f96263c",
        "0xa0b86991c6218b36c1d19d4a2e9eb0ce3606eb48",
        "0xfc82bb4ba86045af6f327323a46e80412b91b27d"
    ]
}