{
    "hash": "0x7697b2a888108f69b85f3c5ae11eb72afb80310ed42e940fd3596e4cbac9b227",
    "chain": "Binance",
    "U": [
        0,
        1,
        2,
        1,
        3,
        1,
        4,
        1,
        5,
        6,
        1,
        1
    ],
    "V": [
        1,
        2,
        1,
        3,
        1,
        4,
        1,
        5,
        1,
        1,
        0,
        0
    ],
    "feat": [
        [
            0,
            0,
            0,
            1,
            0.16666666666666666,
            0.08333333333333333,
            0.4,
            0.2,
            0.0009738633994106128
        ],
        [
            0,
            1,
            0,
            0,
            0.5,
            0.5,
            1.0,
            0.8,
            1.047271677231508
        ],
        [
            0,
            0,
            1,
            0,
            0.08333333333333333,
            0.08333333333333333,
            0.2,
            0.2,
            -0.046102252088282225
        ],
        [
            0,
            0,
            1,
            0,
            0.08333333333333333,
            0.08333333333333333,
            0.2,
            0.2,
            0.0
        ],
        [
            0,
            0,
            1,
            0,
            0.08333333333333333,
            0.08333333333333333,
            0.2,
            0.2,
            -0.9548716113111283
        ],
        [
            0,
            0,
            1,
            0,
            0.08333333333333333,
            0.08333333333333333,
            0.2,
            0.2,
            0.952728322768492
        ],
        [
            0,
            0,
            1,
            0,
            0.0,
            0.08333333333333333,
            0.0,
            0.2,
            -1.0
        ]
    ],
    "nodeCount": 7,
    "edgeCount": 12,
    "tokenCount": 5,
    "nodes": [
        "0xad0a02752e2e4dd3f8bd7e27f5c9478be6fa4e17",
        "0xb7e19a1188776f32e8c2b790d9ca578f2896da7c",
        "0xc5b0d73a7c0e4eaf66babf7ee16a2096447f7ad6",
        "0x74690f829fec83ea424ee1f1654041b2491a7be9",
        "0xa32a983a64ce21834221aa0ad1f1533907553136",
        "0x20781bc3701c5309ac75291f5d09bdc23d7b7fa8",
        "0xbb4cdb9cbd36b01bd1cbaebf2de08d9173bc095c"
    ],
    "tokens": [
        "0xe9e7cea3dedca5984780bafc599bd69add087d56",
        "0x190b589cf9fb8ddeabbfeae36a813ffb2a702454",
        "0xbb4cdb9cbd36b01bd1cbaebf2de08d9173bc095c",
        "0x5ac52ee5b2a633895292ff6d8a89bb9190451587",
        "native_token"
    ]
}