{
    "hash": "0x763ad768264ab6a8b9a0297aed775894d2c46269d4b914203e4d3645ea627efb",
    "chain": "Ethereum",
    "U": [
        0,
        2,
        1,
        1
    ],
    "V": [
        1,
        1,
        2,
        0
    ],
    "feat": [
        [
            0,
            0,
            0,
            1,
            0.25,
            0.25,
            0.5,
            0.5,
            0.0
        ],
        [
            1,
            0,
            0,
            0,
            0.5,
            0.5,
            1.0,
            1.0,
            3.999911513119514e-12
        ],
        [
            0,
            1,
            0,
            0,
            0.25,
            0.25,
            0.5,
            0.5,
            -4.0000225354219765e-12
        ]
    ],
    "nodeCount": 3,
    "edgeCount": 4,
    "tokenCount": 2,
    "nodes": [
        "0x4e8b4273631c7c0fdc6d9187b2afb614dfb1079e",
        "0xfd3dfb524b2da40c8a6d703c62be36b5d8540626",
        "0xc9f93163c99695c6526b799ebca2207fdf7d61ad"
    ],
    "tokens": [
        "0xa0b86991c6218b36c1d19d4a2e9eb0ce3606eb48",
        "0xdac17f958d2ee523a2206206994597c13d831ec7"
    ]
}