{
    "hash": "0x769baa45d4538de8dfd5775a2200e4d17f0a46def7f0cbf62d74ab56804187e6",
    "chain": "Ethereum",
    "U": [
        0,
        1,
        0,
        0,
        3,
        2,
        0,
        0,
        6,
        0,
        7,
        0,
        1
    ],
    "V": [
        1,
        0,
        2,
        3,
        0,
        4,
        5,
        6,
        0,
        7,
        0,
        1,
        0
    ],
    "feat": [
        [
            1,
            0,
            0,
            0,
            0.38461538461538464,
            0.5384615384615384,
            1.0,
            1.0,
            0.014658009856016951
        ],
        [
            0,
            0,
            1,
            0,
            0.15384615384615385,
            0.15384615384615385,
            0.5,
            0.5,
            0.0
        ],
        [
            0,
            1,
            0,
            0,
            0.07692307692307693,
            0.07692307692307693,
            0.25,
            0.25,
            0.0
        ],
        [
            0,
            0,
            0,
            1,
            0.07692307692307693,
            0.07692307692307693,
            0.25,
            0.25,
            -0.01794552559186502
        ],
        [
            0,
            1,
            0,
            0,
            0.07692307692307693,
            0.0,
            0.25,
            0.0,
            0.003287515735845303
        ],
        [
            0,
            1,
            0,
            0,
            0.07692307692307693,
            0.0,
            0.25,
            0.0,
            0.001
        ],
        [
            0,
            0,
            1,
            0,
            0.07692307692307693,
            0.07692307692307693,
            0.25,
            0.25,
            -0.0009999999999971143
        ],
        [
            0,
            0,
            1,
            0,
            0.07692307692307693,
            0.07692307692307693,
            0.25,
            0.25,
            0.0
        ]
    ],
    "nodeCount": 8,
    "edgeCount": 13,
    "tokenCount": 4,
    "nodes": [
        "0x0000000000007f150bd6f54c40a34d7c3d5e9f56",
        "0xc02aaa39b223fe8d0a0e5c4f27ead9083c756cc2",
        "0x61935cbdd02287b511119ddb11aeb42f1593b7ef",
        "0x638c1ef824acd48e63e6acc84948f8ead46f08de",
        "0xa26e80e7dea86279c6d778d702cc413e6cffa777",
        "0xd132973eaebbd6d7ca7b88e9170f2cca058de430",
        "0x26607ac599266b21d13c7acf7942c7701a8b699c",
        "0x12d4444f96c644385d8ab355f6ddf801315b6254"
    ],
    "tokens": [
        "native_token",
        "0xc02aaa39b223fe8d0a0e5c4f27ead9083c756cc2",
        "0x9f8f72aa9304c8b593d555f12ef6589cc3a579a2",
        "0x38e4adb44ef08f22f5b5b76a8f0c2d0dcbe7dca1"
    ]
}