{
    "hash": "0x76d63ff96211ec1e76089e4dd9b535a7d85d530a8b955e0a138c2d2cf690b93d",
    "chain": "Ethereum",
    "U": [
        0,
        1,
        2,
        1,
        3,
        1,
        4
    ],
    "V": [
        1,
        2,
        1,
        3,
        0,
        4,
        0
    ],
    "feat": [
        [
            0,
            0,
            0,
            1,
            0.2857142857142857,
            0.14285714285714285,
            0.3333333333333333,
            0.3333333333333333,
            0.4264551972670184
        ],
        [
            1,
            0,
            0,
            0,
            0.2857142857142857,
            0.42857142857142855,
            0.6666666666666666,
            0.6666666666666666,
            0.0
        ],
        [
            0,
            0,
            1,
            0,
            0.14285714285714285,
            0.14285714285714285,
            0.3333333333333333,
            0.3333333333333333,
            -0.7
        ],
        [
            0,
            0,
            1,
            0,
            0.14285714285714285,
            0.14285714285714285,
            0.3333333333333333,
            0.3333333333333333,
            0.5735448027329816
        ],
        [
            0,
            0,
            1,
            0,
            0.14285714285714285,
            0.14285714285714285,
            0.3333333333333333,
            0.3333333333333333,
            -0.30000000000000004
        ]
    ],
    "nodeCount": 5,
    "edgeCount": 7,
    "tokenCount": 3,
    "nodes": [
        "0xb5ea94d22cef686b20bcfb5551677c771f5212df",
        "0xfd3dfb524b2da40c8a6d703c62be36b5d8540626",
        "0xf3bc6f13bc030e7c294da2aad27b99807bc5f8fd",
        "0x40bbde0ec6f177c4a67360d0f0969cfc464b0bb4",
        "0x1f84342c2527553e2b64ae4c9b854adb10bd6cb8"
    ],
    "tokens": [
        "0x28a06c02287e657ec3f8e151a13c36a1d43814b0",
        "0xa0b86991c6218b36c1d19d4a2e9eb0ce3606eb48",
        "0xdac17f958d2ee523a2206206994597c13d831ec7"
    ]
}