{
    "hash": "0x7796fc94b01e9dd4fc4059f95c6470855976e93ddfe179ad3c8381a776f6c484",
    "chain": "Ethereum",
    "U": [
        0,
        1,
        2,
        2,
        2,
        1,
        4,
        2,
        4,
        5,
        4,
        1,
        5,
        1
    ],
    "V": [
        1,
        2,
        3,
        1,
        1,
        4,
        2,
        4,
        5,
        4,
        1,
        5,
        1,
        0
    ],
    "feat": [
        [
            0,
            0,
            0,
            1,
            0.07142857142857142,
            0.07142857142857142,
            0.25,
            0.25,
            0.0
        ],
        [
            0,
            1,
            0,
            0,
            0.35714285714285715,
            0.2857142857142857,
            1.0,
            1.0,
            0.0
        ],
        [
            0,
            0,
            1,
            0,
            0.14285714285714285,
            0.2857142857142857,
            0.5,
            0.75,
            -1.993632545512472
        ],
        [
            0,
            0,
            0,
            1,
            0.07142857142857142,
            0.0,
            0.25,
            0.0,
            1.0
        ],
        [
            0,
            1,
            0,
            0,
            0.21428571428571427,
            0.21428571428571427,
            0.75,
            0.75,
            -5.551115123125783e-17
        ],
        [
            0,
            0,
            1,
            0,
            0.14285714285714285,
            0.14285714285714285,
            0.25,
            0.25,
            0.9936325455124718
        ]
    ],
    "nodeCount": 6,
    "edgeCount": 14,
    "tokenCount": 4,
    "nodes": [
        "0x9744df35394b77860337d4b17a844b87ef341e83",
        "0x4422610f73f4143a3936f8fa300329bba8833b54",
        "0x176d5681af7a7d33bca2b10f716bb19499a9dd12",
        "0x0000000000000000000000000000000000000000",
        "0x22f9dcf4647084d6c31b2765f6910cd85c178c18",
        "0xc02aaa39b223fe8d0a0e5c4f27ead9083c756cc2"
    ],
    "tokens": [
        "0x176d5681af7a7d33bca2b10f716bb19499a9dd12",
        "0x73a9fb46e228628f8f9bb9004eca4f4f529d3998",
        "0xc02aaa39b223fe8d0a0e5c4f27ead9083c756cc2",
        "native_token"
    ]
}