{
    "hash": "0x7752855da22182e78dbb39add48db9e58de41e4f5a4d44b2f7d4fe22d3cd1324",
    "chain": "Ethereum",
    "U": [
        0,
        1,
        2,
        3,
        1,
        1,
        4,
        1,
        5
    ],
    "V": [
        1,
        2,
        1,
        1,
        3,
        4,
        1,
        5,
        6
    ],
    "feat": [
        [
            0,
            0,
            0,
            1,
            0.0,
            0.1111111111111111,
            0.0,
            0.3333333333333333,
            -1.0
        ],
        [
            1,
            0,
            0,
            0,
            0.4444444444444444,
            0.4444444444444444,
            1.0,
            1.0,
            0.0
        ],
        [
            0,
            0,
            1,
            0,
            0.1111111111111111,
            0.1111111111111111,
            0.3333333333333333,
            0.3333333333333333,
            -0.0003394740847665334
        ],
        [
            0,
            1,
            0,
            0,
            0.1111111111111111,
            0.1111111111111111,
            0.3333333333333333,
            0.3333333333333333,
            -0.4
        ],
        [
            0,
            0,
            1,
            0,
            0.1111111111111111,
            0.1111111111111111,
            0.3333333333333333,
            0.3333333333333333,
            0.40033947408476656
        ],
        [
            0,
            1,
            0,
            0,
            0.1111111111111111,
            0.1111111111111111,
            0.3333333333333333,
            0.3333333333333333,
            0.0
        ],
        [
            0,
            0,
            0,
            1,
            0.1111111111111111,
            0.0,
            0.3333333333333333,
            0.0,
            1.0
        ]
    ],
    "nodeCount": 7,
    "edgeCount": 9,
    "tokenCount": 3,
    "nodes": [
        "0x2e3381202988d535e8185e7089f633f7c9998e83",
        "0x220bda5c8994804ac96ebe4df184d25e5c2196d4",
        "0x0d88b55317516b84e78fbba7cde3f910d5686901",
        "0x11b815efb8f581194ae79006d24e0d814b7697f6",
        "0x1cd926f3e12f7b6c2833fbe7277ac53d529a794e",
        "0x1111111254fb6c44bac0bed2854e76f90643097d",
        "0x5f0bee213e5dc3f7b7ca2a9d0b854468974802c4"
    ],
    "tokens": [
        "0xc02aaa39b223fe8d0a0e5c4f27ead9083c756cc2",
        "0x00a8b738e453ffd858a7edf03bccfe20412f0eb0",
        "0xdac17f958d2ee523a2206206994597c13d831ec7"
    ]
}