{
    "hash": "0x789dd1bb8c211fea8d72a57d1c864687de0dd571a6da9c343dd4fbf29c63bb02",
    "chain": "Binance",
    "U": [
        0,
        1,
        2,
        2,
        4,
        2,
        5,
        2
    ],
    "V": [
        1,
        2,
        3,
        4,
        2,
        5,
        2,
        0
    ],
    "feat": [
        [
            0,
            0,
            0,
            1,
            0.125,
            0.125,
            0.3333333333333333,
            0.3333333333333333,
            0.0
        ],
        [
            0,
            1,
            0,
            0,
            0.125,
            0.125,
            0.3333333333333333,
            0.3333333333333333,
            0.0
        ],
        [
            0,
            1,
            0,
            0,
            0.375,
            0.5,
            0.6666666666666666,
            1.0,
            -1.3215825348126695
        ],
        [
            0,
            0,
            1,
            0,
            0.125,
            0.0,
            0.3333333333333333,
            0.0,
            1.0
        ],
        [
            0,
            0,
            1,
            0,
            0.125,
            0.125,
            0.3333333333333333,
            0.3333333333333333,
            0.0781224191991663
        ],
        [
            0,
            0,
            1,
            0,
            0.125,
            0.125,
            0.3333333333333333,
            0.3333333333333333,
            0.24346011561350334
        ]
    ],
    "nodeCount": 6,
    "edgeCount": 8,
    "tokenCount": 3,
    "nodes": [
        "0x8a88ccb818702afdd390b7e7938377d9afb9e320",
        "0xdef1c0ded9bec7f1a1670819833240f027b25eff",
        "0xdb6f1920a889355780af7570773609bd8cb1f498",
        "0xbb4cdb9cbd36b01bd1cbaebf2de08d9173bc095c",
        "0xa34337690711ce3f265f56ebd545dda00d7c0405",
        "0xd99c7f6c65857ac913a8f880a4cb84032ab2fc5b"
    ],
    "tokens": [
        "native_token",
        "0xbb4cdb9cbd36b01bd1cbaebf2de08d9173bc095c",
        "0x8ac76a51cc950d9822d68b83fe1ad97b32cd580d"
    ]
}