{
    "hash": "0x7840f2837cfefcdf5af56a74391a877f65cf4c34256a7d3c9cd7643285fcf040",
    "chain": "Binance",
    "U": [
        0,
        1,
        2
    ],
    "V": [
        1,
        2,
        0
    ],
    "feat": [
        [
            0,
            0,
            0,
            1,
            0.3333333333333333,
            0.3333333333333333,
            0.3333333333333333,
            0.3333333333333333,
            0.0
        ],
        [
            0,
            0,
            1,
            0,
            0.3333333333333333,
            0.3333333333333333,
            0.3333333333333333,
            0.3333333333333333,
            0.0
        ],
        [
            0,
            0,
            1,
            0,
            0.3333333333333333,
            0.3333333333333333,
            0.3333333333333333,
            0.3333333333333333,
            0.0
        ]
    ],
    "nodeCount": 3,
    "edgeCount": 3,
    "tokenCount": 3,
    "nodes": [
        "0xa4eb06c58e931bfd59fddea9f2d280ac9ad531af",
        "0x46492b26639df0cda9b2769429845cb991591e0a",
        "0xacaac9311b0096e04dfe96b6d87dec867d3883dc"
    ],
    "tokens": [
        "0x965f527d9159dce6288a2219db51fc6eef120dd1",
        "0xbb4cdb9cbd36b01bd1cbaebf2de08d9173bc095c",
        "0xe9e7cea3dedca5984780bafc599bd69add087d56"
    ]
}