{
    "hash": "0x78108de08414b9119538a67d1d64ffa15af45a1cc6592c68fca9d3b6d6e8530f",
    "chain": "Ethereum",
    "U": [
        0,
        1,
        1,
        1,
        1,
        1,
        1,
        1,
        1,
        1,
        1,
        1,
        1,
        1,
        1,
        1,
        1,
        1,
        1,
        1,
        1,
        1,
        1,
        1,
        1,
        1,
        1,
        1,
        1,
        1,
        1,
        1,
        1,
        1,
        1,
        1,
        1,
        1,
        1,
        1,
        1,
        1,
        1,
        1,
        1,
        1,
        1,
        1,
        1
    ],
    "V": [
        1,
        1,
        2,
        0,
        1,
        2,
        0,
        1,
        2,
        0,
        1,
        2,
        0,
        1,
        2,
        0,
        1,
        2,
        0,
        1,
        2,
        0,
        1,
        2,
        0,
        1,
        2,
        0,
        1,
        2,
        0,
        1,
        2,
        0,
        1,
        2,
        0,
        1,
        2,
        0,
        1,
        2,
        0,
        1,
        2,
        0,
        1,
        2,
        0
    ],
    "feat": [
        [
            0,
            0,
            0,
            1,
            0.32653061224489793,
            0.02040816326530612,
            0.5,
            0.5,
            13.333333333333572
        ],
        [
            0,
            1,
            0,
            0,
            0.3469387755102041,
            0.9795918367346939,
            0.5,
            1.0,
            -14.333333333333574
        ],
        [
            0,
            0,
            0,
            1,
            0.32653061224489793,
            0.0,
            0.5,
            0.0,
            0.9999999999999972
        ]
    ],
    "nodeCount": 3,
    "edgeCount": 49,
    "tokenCount": 2,
    "nodes": [
        "0x871fa4af9686319bb8624843deab3c27af734f61",
        "0xfbddadd80fe7bda00b901fbaf73803f2238ae655",
        "0x4b5057b2c87ec9e7c047fb00c0e406dff2fdacad"
    ],
    "tokens": [
        "native_token",
        "0x990f341946a3fdb507ae7e52d17851b87168017c"
    ]
}