{
    "hash": "0x7974253515780c2d2d351c5b540aed4276f0ec6087b4e2923e481903dfe484ec",
    "chain": "Binance",
    "U": [
        0,
        2,
        1,
        1,
        3,
        4,
        5,
        1,
        1,
        6
    ],
    "V": [
        1,
        1,
        2,
        3,
        1,
        1,
        1,
        5,
        6,
        1
    ],
    "feat": [
        [
            1,
            0,
            0,
            0,
            0.0,
            0.1,
            0.0,
            0.25,
            -1.0
        ],
        [
            1,
            0,
            0,
            0,
            0.6,
            0.4,
            1.0,
            1.0,
            0.9987708508265392
        ],
        [
            0,
            1,
            0,
            0,
            0.1,
            0.1,
            0.25,
            0.25,
            0.0
        ],
        [
            0,
            0,
            1,
            0,
            0.1,
            0.1,
            0.25,
            0.25,
            0.0031529484346753955
        ],
        [
            0,
            1,
            0,
            0,
            0.0,
            0.1,
            0.0,
            0.25,
            -1.0
        ],
        [
            0,
            1,
            0,
            0,
            0.1,
            0.1,
            0.25,
            0.25,
            0.0
        ],
        [
            0,
            0,
            1,
            0,
            0.1,
            0.1,
            0.25,
            0.25,
            0.9980762007387856
        ]
    ],
    "nodeCount": 7,
    "edgeCount": 10,
    "tokenCount": 4,
    "nodes": [
        "0x01c601a56d289775c979e17c3b503512403becc2",
        "0xf0c8697a47bd811f0bba5ffc6eb56864c4028f37",
        "0x0e3fb48bbb576de6631a1f806fd5e7b7466a9931",
        "0xda8ceb724a06819c0a5cdb4304ea0cb27f8304cf",
        "0x7e65ad65f07e211998893b7e4a9db26582c1dc3d",
        "0xb140c180f40ddb3401f66bbd3788246ce8b800ea",
        "0x58f876857a02d6762e0101bb5c46a8c1ed44dc16"
    ],
    "tokens": [
        "0xe9e7cea3dedca5984780bafc599bd69add087d56",
        "0x55d398326f99059ff775485246999027b3197955",
        "0xc67a54d5e08e59fb70dd29d81350c6ff4562d544",
        "0xbb4cdb9cbd36b01bd1cbaebf2de08d9173bc095c"
    ]
}