{
    "hash": "0x791573029b1b76633ca7162e1fcab0f8f4e69e96606195d586121cf4753013cb",
    "chain": "Ethereum",
    "U": [
        0,
        2,
        1,
        3,
        4,
        3,
        2,
        2,
        1,
        3,
        4,
        3
    ],
    "V": [
        1,
        1,
        3,
        4,
        3,
        2,
        5,
        6,
        3,
        4,
        3,
        0
    ],
    "feat": [
        [
            0,
            0,
            0,
            1,
            0.08333333333333333,
            0.08333333333333333,
            0.3333333333333333,
            0.3333333333333333,
            -0.00020011094566918172
        ],
        [
            0,
            0,
            1,
            0,
            0.16666666666666666,
            0.16666666666666666,
            0.3333333333333333,
            0.3333333333333333,
            0.0002001109456691852
        ],
        [
            0,
            0,
            1,
            0,
            0.08333333333333333,
            0.25,
            0.3333333333333333,
            0.6666666666666666,
            -1.0
        ],
        [
            0,
            1,
            0,
            0,
            0.3333333333333333,
            0.3333333333333333,
            0.6666666666666666,
            0.6666666666666666,
            -3.95516952522712e-16
        ],
        [
            0,
            0,
            1,
            0,
            0.16666666666666666,
            0.16666666666666666,
            0.3333333333333333,
            0.3333333333333333,
            2.42861286636753e-17
        ],
        [
            1,
            0,
            0,
            0,
            0.08333333333333333,
            0.0,
            0.3333333333333333,
            0.0,
            0.2
        ],
        [
            1,
            0,
            0,
            0,
            0.08333333333333333,
            0.0,
            0.3333333333333333,
            0.0,
            0.8
        ]
    ],
    "nodeCount": 7,
    "edgeCount": 12,
    "tokenCount": 3,
    "nodes": [
        "0x473babe56238de6333fccae6f7a9deff4a08a1b0",
        "0xd51b4c6bef349571aac48793d830da975d25f920",
        "0x53109fe9e044f2c324d00ad85bfb0b13ce379480",
        "0x7a250d5630b4cf539739df2c5dacb4c659f2488d",
        "0xc02aaa39b223fe8d0a0e5c4f27ead9083c756cc2",
        "0x1fc90cba64722d5e70af16783a2dfacfd19f3bed",
        "0x574fc478bc45ce144105fa44d98b4b2e4bd442cb"
    ],
    "tokens": [
        "0x53109fe9e044f2c324d00ad85bfb0b13ce379480",
        "0xc02aaa39b223fe8d0a0e5c4f27ead9083c756cc2",
        "native_token"
    ]
}