{
    "hash": "0x790eada6de0f73693b37664f90481dc494a30aa41cc116062da898ef851bd9f0",
    "chain": "Ethereum",
    "U": [
        0,
        2,
        1,
        1,
        4,
        1
    ],
    "V": [
        1,
        1,
        3,
        3,
        1,
        5
    ],
    "feat": [
        [
            0,
            0,
            1,
            0,
            0.0,
            0.16666666666666666,
            0.0,
            0.3333333333333333,
            -1.0
        ],
        [
            0,
            1,
            0,
            0,
            0.5,
            0.5,
            1.0,
            1.0,
            0.0
        ],
        [
            0,
            0,
            0,
            1,
            0.0,
            0.16666666666666666,
            0.0,
            0.3333333333333333,
            -1.0
        ],
        [
            0,
            1,
            0,
            0,
            0.3333333333333333,
            0.0,
            0.6666666666666666,
            0.0,
            2.0
        ],
        [
            0,
            0,
            0,
            1,
            0.0,
            0.16666666666666666,
            0.0,
            0.3333333333333333,
            -1.0
        ],
        [
            0,
            1,
            0,
            0,
            0.16666666666666666,
            0.0,
            0.3333333333333333,
            0.0,
            1.0
        ]
    ],
    "nodeCount": 6,
    "edgeCount": 6,
    "tokenCount": 3,
    "nodes": [
        "0x1f573d6fb3f13d689ff844b4ce37794d79a7ff1c",
        "0xeead394a017b8428e2d5a976a054f303f78f3c0c",
        "0x55f1910c3292011ad2e28a57fd9310489822e5e7",
        "0x5bedb6e03fa9aa4a5a35152dab8336bc57376b90",
        "0x0000000000000000000000000000000000000000",
        "0xd1d846312b819743974786050848d9b3d06b9b55"
    ],
    "tokens": [
        "0x1f573d6fb3f13d689ff844b4ce37794d79a7ff1c",
        "0x7fc66500c84a76ad7e9c93437bfc5ac33e2ddae9",
        "0x6c84f4ccc916acf792538f1293b286b540906a2a"
    ]
}