{
    "hash": "0x7ab85ad213e697f3854583f551e37fc7f897df0e6d3e8695678a6590920421b7",
    "chain": "Binance",
    "U": [
        0,
        1,
        2,
        3,
        4,
        4,
        6,
        4,
        7,
        8,
        4,
        2,
        2
    ],
    "V": [
        1,
        2,
        3,
        4,
        5,
        6,
        4,
        7,
        8,
        4,
        2,
        9,
        0
    ],
    "feat": [
        [
            0,
            0,
            0,
            1,
            0.07692307692307693,
            0.07692307692307693,
            0.2,
            0.2,
            0.0
        ],
        [
            1,
            0,
            0,
            0,
            0.07692307692307693,
            0.07692307692307693,
            0.2,
            0.2,
            0.0
        ],
        [
            1,
            0,
            0,
            0,
            0.15384615384615385,
            0.23076923076923078,
            0.4,
            0.4,
            0.0
        ],
        [
            0,
            1,
            0,
            0,
            0.07692307692307693,
            0.07692307692307693,
            0.2,
            0.2,
            0.0
        ],
        [
            0,
            1,
            0,
            0,
            0.23076923076923078,
            0.3076923076923077,
            0.6,
            0.8,
            -1.0
        ],
        [
            0,
            0,
            1,
            0,
            0.07692307692307693,
            0.0,
            0.2,
            0.0,
            0.99125
        ],
        [
            0,
            1,
            0,
            0,
            0.07692307692307693,
            0.07692307692307693,
            0.2,
            0.2,
            0.0
        ],
        [
            0,
            0,
            1,
            0,
            0.07692307692307693,
            0.07692307692307693,
            0.2,
            0.2,
            0.0
        ],
        [
            0,
            0,
            1,
            0,
            0.07692307692307693,
            0.07692307692307693,
            0.2,
            0.2,
            0.0
        ],
        [
            0,
            0,
            0,
            1,
            0.07692307692307693,
            0.0,
            0.2,
            0.0,
            0.00875
        ]
    ],
    "nodeCount": 10,
    "edgeCount": 13,
    "tokenCount": 5,
    "nodes": [
        "0x4bab54dc5d5a5d716d0814487d5578a1e2feebc0",
        "0x1a1ec25dc08e98e5e93f1104b5e5cdd298707d31",
        "0xc590175e458b83680867afd273527ff58f74c02b",
        "0xdef1c0ded9bec7f1a1670819833240f027b25eff",
        "0xdb6f1920a889355780af7570773609bd8cb1f498",
        "0xbb4cdb9cbd36b01bd1cbaebf2de08d9173bc095c",
        "0x0fe261aee0d1c4dfddee4102e82dd425999065f4",
        "0x7efaef62fddcca950418312c6c91aef321375a00",
        "0x40b901e5f12bd33ba33a752dab41240d80b97082",
        "0x11ededebf63bef0ea2d2d071bdf88f71543ec6fb"
    ],
    "tokens": [
        "native_token",
        "0xbb4cdb9cbd36b01bd1cbaebf2de08d9173bc095c",
        "0xe9e7cea3dedca5984780bafc599bd69add087d56",
        "0x55d398326f99059ff775485246999027b3197955",
        "0xbbcf57177d8752b21d080bf30a06ce20ad6333f8"
    ]
}