{
    "hash": "0x7ba5558a2d350972c9f3a5cdddfb50352832db60eecb9e704c5363f736328817",
    "chain": "Binance",
    "U": [
        0,
        1,
        2,
        3,
        5,
        3,
        2,
        6,
        7,
        2,
        1,
        1
    ],
    "V": [
        1,
        2,
        3,
        4,
        3,
        2,
        6,
        2,
        2,
        1,
        8,
        0
    ],
    "feat": [
        [
            0,
            0,
            0,
            1,
            0.08333333333333333,
            0.08333333333333333,
            0.2,
            0.2,
            0.0
        ],
        [
            1,
            0,
            0,
            0,
            0.16666666666666666,
            0.25,
            0.4,
            0.4,
            0.0
        ],
        [
            0,
            1,
            0,
            0,
            0.3333333333333333,
            0.25,
            0.8,
            0.6,
            1.0
        ],
        [
            0,
            1,
            0,
            0,
            0.16666666666666666,
            0.16666666666666666,
            0.4,
            0.4,
            -0.008750000000000036
        ],
        [
            0,
            0,
            0,
            1,
            0.08333333333333333,
            0.0,
            0.2,
            0.0,
            1.0
        ],
        [
            0,
            1,
            0,
            0,
            0.0,
            0.08333333333333333,
            0.0,
            0.2,
            -1.0
        ],
        [
            0,
            0,
            1,
            0,
            0.08333333333333333,
            0.08333333333333333,
            0.2,
            0.2,
            0.0
        ],
        [
            0,
            0,
            1,
            0,
            0.0,
            0.08333333333333333,
            0.0,
            0.2,
            -1.0
        ],
        [
            0,
            1,
            0,
            0,
            0.08333333333333333,
            0.0,
            0.2,
            0.0,
            0.00875
        ]
    ],
    "nodeCount": 9,
    "edgeCount": 12,
    "tokenCount": 5,
    "nodes": [
        "0xaee2907fc06bad1cab937611e6ebbe64087b22c4",
        "0xc590175e458b83680867afd273527ff58f74c02b",
        "0xdef171fe48cf0115b1d80b88dc8eab59176fee57",
        "0x99c92765efc472a9709ced86310d64c4573c4b77",
        "0x0000000000000000000000000000000000000000",
        "0xb3f0c9ea1f05e312093fdb031e789a756659b0ac",
        "0x1b96b92314c44b159149f7e0303511fb2fc4774f",
        "0xbb4cdb9cbd36b01bd1cbaebf2de08d9173bc095c",
        "0xbfbd0c5f45596d563a9401025957da540f4b3a10"
    ],
    "tokens": [
        "0x23396cf899ca06c4472205fc903bdb4de249d6fc",
        "0x83d69ef5c9837e21e2389d47d791714f5771f29b",
        "0xe9e7cea3dedca5984780bafc599bd69add087d56",
        "0xbb4cdb9cbd36b01bd1cbaebf2de08d9173bc095c",
        "native_token"
    ]
}