{
    "hash": "0x7b9bc157b4408d4b84027038a1c6b5f85738d0e19886505bf3ff6b580ec7b916",
    "chain": "Ethereum",
    "U": [
        0,
        1,
        3,
        3,
        1,
        1
    ],
    "V": [
        1,
        2,
        1,
        1,
        4,
        5
    ],
    "feat": [
        [
            0,
            1,
            0,
            0,
            0.0,
            0.16666666666666666,
            0.0,
            0.3333333333333333,
            -1.0
        ],
        [
            0,
            1,
            0,
            0,
            0.5,
            0.5,
            1.0,
            1.0,
            0.0
        ],
        [
            0,
            0,
            0,
            1,
            0.16666666666666666,
            0.0,
            0.3333333333333333,
            0.0,
            1.0
        ],
        [
            0,
            1,
            0,
            0,
            0.0,
            0.3333333333333333,
            0.0,
            0.6666666666666666,
            -2.0
        ],
        [
            0,
            0,
            0,
            1,
            0.16666666666666666,
            0.0,
            0.3333333333333333,
            0.0,
            1.0
        ],
        [
            0,
            0,
            1,
            0,
            0.16666666666666666,
            0.0,
            0.3333333333333333,
            0.0,
            1.0
        ]
    ],
    "nodeCount": 6,
    "edgeCount": 6,
    "tokenCount": 3,
    "nodes": [
        "0xd1d846312b819743974786050848d9b3d06b9b55",
        "0x42743f4d9f139bfd04680df50bce2d7dd8816f90",
        "0x0000000000000000000000000000000000000000",
        "0x8ae78611df702a6fd576ab313a62dd96e9c5332a",
        "0x42cfa442484a9b70c8fd2f251a8856c205ada7b5",
        "0x1f573d6fb3f13d689ff844b4ce37794d79a7ff1c"
    ],
    "tokens": [
        "0x110708ce1c5fc4d798a9d5cd3c8d1c212b5bb045",
        "0x1f573d6fb3f13d689ff844b4ce37794d79a7ff1c",
        "0x1337def16f9b486faed0293eb623dc8395dfe46a"
    ]
}