{
    "hash": "0x7bcce2969a34ba2f0f105b5c1228fd900ddfa4e1e00b791873ede94b5af71038",
    "chain": "Ethereum",
    "U": [
        0,
        0,
        1,
        2,
        1,
        1,
        4,
        1,
        3,
        1,
        2,
        1,
        1,
        6
    ],
    "V": [
        1,
        1,
        2,
        1,
        3,
        4,
        1,
        5,
        1,
        2,
        1,
        0,
        0,
        7
    ],
    "feat": [
        [
            0,
            0,
            0,
            1,
            0.14285714285714285,
            0.14285714285714285,
            0.5,
            0.5,
            -0.01227223070176664
        ],
        [
            1,
            0,
            0,
            0,
            0.42857142857142855,
            0.5,
            0.75,
            0.75,
            4.943036258341229e-16
        ],
        [
            0,
            0,
            1,
            0,
            0.14285714285714285,
            0.14285714285714285,
            0.5,
            0.5,
            0.0
        ],
        [
            0,
            1,
            0,
            0,
            0.07142857142857142,
            0.07142857142857142,
            0.25,
            0.25,
            0.0
        ],
        [
            0,
            0,
            0,
            1,
            0.07142857142857142,
            0.07142857142857142,
            0.25,
            0.25,
            0.012270751102456741
        ],
        [
            0,
            1,
            0,
            0,
            0.07142857142857142,
            0.0,
            0.25,
            0.0,
            1.4795993100271515e-06
        ],
        [
            1,
            0,
            0,
            0,
            0.0,
            0.07142857142857142,
            0.0,
            0.25,
            -1.0
        ],
        [
            0,
            0,
            0,
            1,
            0.07142857142857142,
            0.0,
            0.25,
            0.0,
            1.0
        ]
    ],
    "nodeCount": 8,
    "edgeCount": 14,
    "tokenCount": 4,
    "nodes": [
        "0x56178a0d5f301baf6cf3e1cd53d9863437345bf9",
        "0xbf3f6477dbd514ef85b7d3ec6ac2205fd0962039",
        "0xc02aaa39b223fe8d0a0e5c4f27ead9083c756cc2",
        "0x61935cbdd02287b511119ddb11aeb42f1593b7ef",
        "0x57845987c8c859d52931ee248d8d84ab10532407",
        "0xa26e80e7dea86279c6d778d702cc413e6cffa777",
        "0xa57bd00134b2850b2a1c55860c9e9ea100fdd6cf",
        "0x0000000000000000000000000000000000000000"
    ],
    "tokens": [
        "0xc02aaa39b223fe8d0a0e5c4f27ead9083c756cc2",
        "0xdac17f958d2ee523a2206206994597c13d831ec7",
        "native_token",
        "0x0000000000004946c0e9f43f4dee607b0ef1fa1c"
    ]
}