{
    "hash": "0x7b52f6a98b3c9113955793776ee8d726056fa8ac4d9c49fcb528ca11b99de3d7",
    "chain": "Ethereum",
    "U": [
        0,
        2,
        1,
        4,
        3,
        1,
        5,
        6,
        1
    ],
    "V": [
        1,
        3,
        2,
        1,
        4,
        5,
        6,
        1,
        0
    ],
    "feat": [
        [
            0,
            0,
            0,
            1,
            0.1111111111111111,
            0.1111111111111111,
            0.3333333333333333,
            0.3333333333333333,
            0.0
        ],
        [
            0,
            1,
            0,
            0,
            0.3333333333333333,
            0.3333333333333333,
            0.6666666666666666,
            0.6666666666666666,
            0.0018822362232838175
        ],
        [
            1,
            0,
            0,
            0,
            0.1111111111111111,
            0.1111111111111111,
            0.3333333333333333,
            0.3333333333333333,
            -0.4619115166555424
        ],
        [
            0,
            1,
            0,
            0,
            0.1111111111111111,
            0.1111111111111111,
            0.3333333333333333,
            0.3333333333333333,
            0.0
        ],
        [
            0,
            1,
            0,
            0,
            0.1111111111111111,
            0.1111111111111111,
            0.3333333333333333,
            0.3333333333333333,
            0.4605975600284944
        ],
        [
            0,
            0,
            1,
            0,
            0.1111111111111111,
            0.1111111111111111,
            0.3333333333333333,
            0.3333333333333333,
            -0.3949911926364662
        ],
        [
            0,
            0,
            1,
            0,
            0.1111111111111111,
            0.1111111111111111,
            0.3333333333333333,
            0.3333333333333333,
            0.3944229130402304
        ]
    ],
    "nodeCount": 7,
    "edgeCount": 9,
    "tokenCount": 3,
    "nodes": [
        "0x292e43a48e7cab5d0c770ce3b5470bd605234de9",
        "0x9008d19f58aabd9ed0d60971565aa8510560ab41",
        "0xd34e4855146ac0c6d0e4a652bd5fb54830f91ba8",
        "0xdef1c0ded9bec7f1a1670819833240f027b25eff",
        "0x7bea39867e4169dbe237d55c8242a8f2fcdcc387",
        "0xc0bf97bffa94a50502265c579a3b7086d081664b",
        "0xb4e16d0168e52d35cacd2c6185b44281ec28c9dc"
    ],
    "tokens": [
        "0x990f341946a3fdb507ae7e52d17851b87168017c",
        "0xc02aaa39b223fe8d0a0e5c4f27ead9083c756cc2",
        "0xa0b86991c6218b36c1d19d4a2e9eb0ce3606eb48"
    ]
}