{
    "hash": "0x7c5ce3d8f657ed7830fdef0ffdfb455314aa5e8f7b0cd9bd3ede2e43249ce904",
    "chain": "Ethereum",
    "U": [
        0,
        1,
        0,
        2,
        0,
        3,
        2,
        3
    ],
    "V": [
        1,
        0,
        2,
        0,
        3,
        2,
        3,
        4
    ],
    "feat": [
        [
            0,
            1,
            0,
            0,
            0.25,
            0.375,
            0.6666666666666666,
            1.0,
            -1.0
        ],
        [
            0,
            0,
            1,
            0,
            0.125,
            0.125,
            0.3333333333333333,
            0.3333333333333333,
            0.2142258394024542
        ],
        [
            0,
            0,
            1,
            0,
            0.25,
            0.25,
            0.6666666666666666,
            0.6666666666666666,
            0.0
        ],
        [
            0,
            0,
            1,
            0,
            0.25,
            0.25,
            0.6666666666666666,
            0.6666666666666666,
            -0.2142258394024541
        ],
        [
            0,
            0,
            0,
            1,
            0.125,
            0.0,
            0.3333333333333333,
            0.0,
            1.0
        ]
    ],
    "nodeCount": 5,
    "edgeCount": 8,
    "tokenCount": 3,
    "nodes": [
        "0xffc4c270244f9c0890c744f042f5f25f9ff8d4b5",
        "0x4ddc2d193948926d02f9b1fe9e1daa0718270ed5",
        "0xc02aaa39b223fe8d0a0e5c4f27ead9083c756cc2",
        "0x103cc17c2b1586e5cd9bad308690bcd0bbe54d5e",
        "0xcf7b1161d2616d842c5dfa4f1f7cfa4d8f3ac99d"
    ],
    "tokens": [
        "0x4ddc2d193948926d02f9b1fe9e1daa0718270ed5",
        "native_token",
        "0xc02aaa39b223fe8d0a0e5c4f27ead9083c756cc2"
    ]
}