{
    "hash": "0x7c75f50ca5d49ab5fb53a10868d781e338b2335e885d1d03807792c3a56067af",
    "chain": "Binance",
    "U": [
        0,
        1,
        2,
        3,
        4,
        3,
        5,
        3,
        6,
        3,
        7,
        3,
        1
    ],
    "V": [
        1,
        2,
        3,
        4,
        3,
        5,
        3,
        6,
        3,
        7,
        3,
        1,
        0
    ],
    "feat": [
        [
            0,
            0,
            0,
            1,
            0.07692307692307693,
            0.07692307692307693,
            0.2,
            0.2,
            0.0
        ],
        [
            0,
            1,
            0,
            0,
            0.15384615384615385,
            0.15384615384615385,
            0.4,
            0.4,
            0.0
        ],
        [
            0,
            1,
            0,
            0,
            0.07692307692307693,
            0.07692307692307693,
            0.2,
            0.2,
            0.0
        ],
        [
            1,
            0,
            0,
            0,
            0.38461538461538464,
            0.38461538461538464,
            0.8,
            0.8,
            0.0
        ],
        [
            0,
            0,
            1,
            0,
            0.07692307692307693,
            0.07692307692307693,
            0.2,
            0.2,
            0.0
        ],
        [
            0,
            1,
            0,
            0,
            0.07692307692307693,
            0.07692307692307693,
            0.2,
            0.2,
            0.01211896591729228
        ],
        [
            0,
            0,
            1,
            0,
            0.07692307692307693,
            0.07692307692307693,
            0.2,
            0.2,
            -0.012118965917292224
        ],
        [
            0,
            0,
            1,
            0,
            0.07692307692307693,
            0.07692307692307693,
            0.2,
            0.2,
            0.0
        ]
    ],
    "nodeCount": 8,
    "edgeCount": 13,
    "tokenCount": 5,
    "nodes": [
        "0x2b9d323f0c5c00c4ebd12c9a1310a278ed4e6227",
        "0x8f8dd7db1bda5ed3da8c9daf3bfa471c12d58486",
        "0x9ba8966b706c905e594acbb946ad5e29509f45eb",
        "0xc603a00595d5f8ea8d93c5c338c00ff29dba6258",
        "0x119c70f4605e07e4bb229e2360e203a1bbd52ce4",
        "0xc2c55bd9287795c38cbd97a7a0559d7969fd9738",
        "0x3de669c4f1f167a8afbc9993e4753b84b576426f",
        "0xacf47cbeaab5c8a6ee99263cfe43995f89fb3206"
    ],
    "tokens": [
        "0xe9e7cea3dedca5984780bafc599bd69add087d56",
        "0x2170ed0880ac9a755fd29b2688956bd959f933f8",
        "0xe4ae305ebe1abe663f261bc00534067c80ad677c",
        "0xbb4cdb9cbd36b01bd1cbaebf2de08d9173bc095c",
        "0xa1faa113cbe53436df28ff0aee54275c13b40975"
    ]
}