{
    "hash": "0x7c77fc7670e346a63685af95d17a04d2ac2b1c6964f550d478a2415f07a2a973",
    "chain": "Ethereum",
    "U": [
        0,
        1,
        2,
        2,
        2,
        1,
        4,
        5,
        4,
        1
    ],
    "V": [
        1,
        2,
        3,
        1,
        1,
        4,
        5,
        4,
        1,
        0
    ],
    "feat": [
        [
            0,
            0,
            0,
            1,
            0.1,
            0.1,
            0.3333333333333333,
            0.3333333333333333,
            0.0
        ],
        [
            0,
            1,
            0,
            0,
            0.4,
            0.3,
            1.0,
            1.0,
            5.551115123125783e-17
        ],
        [
            0,
            0,
            1,
            0,
            0.1,
            0.3,
            0.3333333333333333,
            1.0,
            -1.500391056923016
        ],
        [
            0,
            0,
            0,
            1,
            0.1,
            0.0,
            0.3333333333333333,
            0.0,
            1.0
        ],
        [
            0,
            1,
            0,
            0,
            0.2,
            0.2,
            0.6666666666666666,
            0.6666666666666666,
            5.551115123125783e-17
        ],
        [
            0,
            1,
            0,
            0,
            0.1,
            0.1,
            0.3333333333333333,
            0.3333333333333333,
            0.5003910569230159
        ]
    ],
    "nodeCount": 6,
    "edgeCount": 10,
    "tokenCount": 3,
    "nodes": [
        "0xc883a49db43a4c222f8bccedcf19d174aeba9190",
        "0x4422610f73f4143a3936f8fa300329bba8833b54",
        "0xb4e16d0168e52d35cacd2c6185b44281ec28c9dc",
        "0x0000000000000000000000000000000000000000",
        "0x22f9dcf4647084d6c31b2765f6910cd85c178c18",
        "0xba12222222228d8ba445958a75a0704d566bf2c8"
    ],
    "tokens": [
        "0xb4e16d0168e52d35cacd2c6185b44281ec28c9dc",
        "0xa0b86991c6218b36c1d19d4a2e9eb0ce3606eb48",
        "0xc02aaa39b223fe8d0a0e5c4f27ead9083c756cc2"
    ]
}