{
    "hash": "0x7c7bf7c0e5155acad365b79d8724842f38adf3626bb6df410d3a2e1375ea2ebb",
    "chain": "Binance",
    "U": [
        0,
        1,
        2,
        3,
        4,
        0
    ],
    "V": [
        1,
        2,
        3,
        4,
        0,
        5
    ],
    "feat": [
        [
            1,
            0,
            0,
            0,
            0.16666666666666666,
            0.3333333333333333,
            0.2,
            0.4,
            -0.9983974867595478
        ],
        [
            0,
            0,
            1,
            0,
            0.16666666666666666,
            0.16666666666666666,
            0.2,
            0.2,
            -0.0016025132404522413
        ],
        [
            0,
            0,
            1,
            0,
            0.16666666666666666,
            0.16666666666666666,
            0.2,
            0.2,
            0.0
        ],
        [
            0,
            0,
            1,
            0,
            0.16666666666666666,
            0.16666666666666666,
            0.2,
            0.2,
            0.0
        ],
        [
            0,
            0,
            1,
            0,
            0.16666666666666666,
            0.16666666666666666,
            0.2,
            0.2,
            0.0
        ],
        [
            0,
            0,
            0,
            1,
            0.16666666666666666,
            0.0,
            0.2,
            0.0,
            1.0
        ]
    ],
    "nodeCount": 6,
    "edgeCount": 6,
    "tokenCount": 5,
    "nodes": [
        "0x45cbc9620bc9101ee3cd7a53df293a2bfe3f78b9",
        "0x71b01ebddd797c8e9e0b003ea2f4fd207fbf46cc",
        "0x1209067dc48b3e15b25126ec785ec6ce492e997d",
        "0x7752e1fa9f3a2e860856458517008558deb989e3",
        "0x1099c2e6ed6eba95099c205b599b409305783e43",
        "0x0000000000000000000000000000000000000000"
    ],
    "tokens": [
        "0xbb4cdb9cbd36b01bd1cbaebf2de08d9173bc095c",
        "0x4338665cbb7b2485a8855a139b75d5e34ab0db94",
        "0xe9e7cea3dedca5984780bafc599bd69add087d56",
        "0x8f0528ce5ef7b51152a59745befdd91d97091d2f",
        "0x0000000000004946c0e9f43f4dee607b0ef1fa1c"
    ]
}