{
    "hash": "0x7cdbcff0acfc0d75964db55122735e6a1220304c5b073f2aca123be1212fce1e",
    "chain": "Binance",
    "U": [
        0,
        1,
        1,
        3,
        4
    ],
    "V": [
        1,
        2,
        3,
        0,
        3
    ],
    "feat": [
        [
            0,
            0,
            0,
            1,
            0.2,
            0.2,
            0.3333333333333333,
            0.3333333333333333,
            0.0
        ],
        [
            0,
            1,
            0,
            0,
            0.2,
            0.4,
            0.3333333333333333,
            0.6666666666666666,
            -1.0
        ],
        [
            0,
            0,
            1,
            0,
            0.2,
            0.0,
            0.3333333333333333,
            0.0,
            1.0
        ],
        [
            0,
            0,
            1,
            0,
            0.4,
            0.2,
            0.6666666666666666,
            0.3333333333333333,
            0.0029702499401639782
        ],
        [
            0,
            1,
            0,
            0,
            0.0,
            0.2,
            0.0,
            0.3333333333333333,
            -0.0029702499401639782
        ]
    ],
    "nodeCount": 5,
    "edgeCount": 5,
    "tokenCount": 3,
    "nodes": [
        "0x66280efbe3c7355c8b2fd11cf42db6c315193ad8",
        "0x03662d8347ac1487e01fce1ca679e8484ef954a3",
        "0xbb4cdb9cbd36b01bd1cbaebf2de08d9173bc095c",
        "0x972c7278ecfdcf97556f9c53075576a8bc6547ab",
        "0x5ab5bbe3044e58303a189d3d28f6da31e9217f9f"
    ],
    "tokens": [
        "native_token",
        "0xbb4cdb9cbd36b01bd1cbaebf2de08d9173bc095c",
        "0x3910db0600ea925f63c36ddb1351ab6e2c6eb102"
    ]
}