{
    "hash": "0x7d0e6633792c4f1fbbb3592963f98925e25653df74ed454f4946f70efe19b82e",
    "chain": "Ethereum",
    "U": [
        0,
        1,
        1,
        3,
        5,
        4,
        7,
        6,
        4,
        3,
        1
    ],
    "V": [
        1,
        2,
        3,
        4,
        6,
        5,
        4,
        7,
        3,
        1,
        8
    ],
    "feat": [
        [
            0,
            1,
            0,
            0,
            0.0,
            0.09090909090909091,
            0.0,
            0.3333333333333333,
            -1.0
        ],
        [
            0,
            1,
            0,
            0,
            0.18181818181818182,
            0.2727272727272727,
            0.6666666666666666,
            0.6666666666666666,
            0.0
        ],
        [
            0,
            1,
            0,
            0,
            0.09090909090909091,
            0.0,
            0.3333333333333333,
            0.0,
            0.0025
        ],
        [
            0,
            1,
            0,
            0,
            0.18181818181818182,
            0.18181818181818182,
            0.6666666666666666,
            0.6666666666666666,
            0.0
        ],
        [
            0,
            1,
            0,
            0,
            0.18181818181818182,
            0.18181818181818182,
            0.6666666666666666,
            0.6666666666666666,
            0.0
        ],
        [
            1,
            0,
            0,
            0,
            0.09090909090909091,
            0.09090909090909091,
            0.3333333333333333,
            0.3333333333333333,
            -0.0024999999999999467
        ],
        [
            0,
            1,
            0,
            0,
            0.09090909090909091,
            0.09090909090909091,
            0.3333333333333333,
            0.3333333333333333,
            0.0
        ],
        [
            1,
            0,
            0,
            0,
            0.09090909090909091,
            0.09090909090909091,
            0.3333333333333333,
            0.3333333333333333,
            0.0
        ],
        [
            0,
            0,
            0,
            1,
            0.09090909090909091,
            0.0,
            0.3333333333333333,
            0.0,
            1.0
        ]
    ],
    "nodeCount": 9,
    "edgeCount": 11,
    "tokenCount": 3,
    "nodes": [
        "0x2f0b23f53734252bda2277357e97e1517d6b042a",
        "0x55fa1d3a3bc07b30f71ae87209451afcbd78d800",
        "0x6467e807db1e71b9ef04e0e3afb962e4b0900b2b",
        "0x8c82d963eb282cb7a751e551e3997ba66c2c8237",
        "0x22f9dcf4647084d6c31b2765f6910cd85c178c18",
        "0x88e6a0c2ddd26feeb64f039a2c41296fcb3f5640",
        "0xe592427a0aece92de3edee1f18e0157c05861564",
        "0x5777d92f208679db4b9778590fa3cab3ac9e2168",
        "0x0000000000000000000000000000000000000000"
    ],
    "tokens": [
        "0xc02aaa39b223fe8d0a0e5c4f27ead9083c756cc2",
        "0xa0b86991c6218b36c1d19d4a2e9eb0ce3606eb48",
        "0x6b175474e89094c44da98b954eedeac495271d0f"
    ]
}