{
    "hash": "0x7df2cf2b5f873833f395c543ccc043b591c2c6b4a83be8759effc864fca7af66",
    "chain": "Ethereum",
    "U": [
        0,
        1,
        2,
        3,
        2,
        4,
        2,
        1,
        5
    ],
    "V": [
        1,
        2,
        3,
        2,
        4,
        2,
        1,
        0,
        6
    ],
    "feat": [
        [
            0,
            0,
            0,
            1,
            0.1111111111111111,
            0.1111111111111111,
            0.25,
            0.25,
            0.0
        ],
        [
            0,
            1,
            0,
            0,
            0.2222222222222222,
            0.2222222222222222,
            0.5,
            0.5,
            0.0
        ],
        [
            1,
            0,
            0,
            0,
            0.3333333333333333,
            0.3333333333333333,
            0.75,
            0.75,
            0.0
        ],
        [
            0,
            1,
            0,
            0,
            0.1111111111111111,
            0.1111111111111111,
            0.25,
            0.25,
            0.0
        ],
        [
            0,
            1,
            0,
            0,
            0.1111111111111111,
            0.1111111111111111,
            0.25,
            0.25,
            0.0
        ],
        [
            0,
            1,
            0,
            0,
            0.0,
            0.1111111111111111,
            0.0,
            0.25,
            0
        ],
        [
            0,
            0,
            0,
            1,
            0.1111111111111111,
            0.0,
            0.25,
            0.0,
            0
        ]
    ],
    "nodeCount": 7,
    "edgeCount": 9,
    "tokenCount": 4,
    "nodes": [
        "0x292911493941e9602868c632eb38fcce0565678c",
        "0xd291328a6c202c5b18dcb24f279f69de1e065f70",
        "0xdb38ae75c5f44276803345f7f02e95a0aeef5944",
        "0x23d1b2755d6c243dfa9dd06624f1686b9c9e13eb",
        "0xb0536a57a8d8f5327c62d0fecba23c5a27b5118b",
        "0xb2be281e8b11b47fec825973fc8bb95332022a54",
        "0x0000000000000000000000000000000000000000"
    ],
    "tokens": [
        "0xa0b86991c6218b36c1d19d4a2e9eb0ce3606eb48",
        "0x1f573d6fb3f13d689ff844b4ce37794d79a7ff1c",
        "0xc011a73ee8576fb46f5e1c5751ca3b9fe0af2a6f",
        "0x0000000000004946c0e9f43f4dee607b0ef1fa1c"
    ]
}