{
    "hash": "0x7d39f642400b39051e6e46a690ca9f1ea925af483817750a356ee8d58ea1c96d",
    "chain": "Ethereum",
    "U": [
        0,
        1,
        2,
        3,
        2,
        0,
        0
    ],
    "V": [
        1,
        2,
        3,
        2,
        0,
        4,
        5
    ],
    "feat": [
        [
            0,
            1,
            0,
            0,
            0.14285714285714285,
            0.42857142857142855,
            0.3333333333333333,
            0.6666666666666666,
            -0.38993582597730425
        ],
        [
            0,
            0,
            1,
            0,
            0.14285714285714285,
            0.14285714285714285,
            0.3333333333333333,
            0.3333333333333333,
            0.0
        ],
        [
            0,
            1,
            0,
            0,
            0.2857142857142857,
            0.2857142857142857,
            0.6666666666666666,
            0.6666666666666666,
            0.0
        ],
        [
            0,
            0,
            1,
            0,
            0.14285714285714285,
            0.14285714285714285,
            0.3333333333333333,
            0.3333333333333333,
            0.0
        ],
        [
            0,
            0,
            0,
            1,
            0.14285714285714285,
            0.0,
            0.3333333333333333,
            0.0,
            0.004974999999999992
        ],
        [
            0,
            0,
            0,
            1,
            0.14285714285714285,
            0.0,
            0.3333333333333333,
            0.0,
            0.38496082597730424
        ]
    ],
    "nodeCount": 6,
    "edgeCount": 7,
    "tokenCount": 3,
    "nodes": [
        "0xd5027f11ff85e22d95908fc8dd89c3c459612d23",
        "0x31d64f9403e82243e71c2af9d8f56c7dbe10c178",
        "0x1bd435f3c054b6e901b7b108a0ab7617c808677b",
        "0xc02aaa39b223fe8d0a0e5c4f27ead9083c756cc2",
        "0xfb2a52012f5e757ba748d1f8d7f582b8d1a613c0",
        "0x482579f93dc13e6b434e38b5a0447ca543d88a46"
    ],
    "tokens": [
        "0x87d73e916d7057945c9bcd8cdd94e42a6f47f776",
        "0xc02aaa39b223fe8d0a0e5c4f27ead9083c756cc2",
        "native_token"
    ]
}