{
    "hash": "0x7e7c1472607aef0bee704267487ffdb0ef21cdcb44c0ef9894530e7603af21a6",
    "chain": "Ethereum",
    "U": [
        0,
        1,
        0,
        0,
        3,
        2,
        0,
        0,
        5,
        2,
        0,
        6,
        0,
        1
    ],
    "V": [
        1,
        0,
        2,
        3,
        0,
        4,
        2,
        5,
        0,
        4,
        6,
        0,
        1,
        0
    ],
    "feat": [
        [
            1,
            0,
            0,
            0,
            0.35714285714285715,
            0.5,
            1.0,
            1.0,
            0.0005005301230429637
        ],
        [
            0,
            0,
            1,
            0,
            0.14285714285714285,
            0.14285714285714285,
            0.5,
            0.5,
            0.0
        ],
        [
            0,
            1,
            0,
            0,
            0.14285714285714285,
            0.14285714285714285,
            0.25,
            0.25,
            0.0
        ],
        [
            0,
            0,
            0,
            1,
            0.07142857142857142,
            0.07142857142857142,
            0.25,
            0.25,
            -0.0008754500797694131
        ],
        [
            0,
            1,
            0,
            0,
            0.14285714285714285,
            0.0,
            0.25,
            0.0,
            0.0003749224567266332
        ],
        [
            0,
            0,
            0,
            1,
            0.07142857142857142,
            0.07142857142857142,
            0.25,
            0.25,
            0.0
        ],
        [
            0,
            0,
            1,
            0,
            0.07142857142857142,
            0.07142857142857142,
            0.25,
            0.25,
            -2.4999999848063226e-09
        ]
    ],
    "nodeCount": 7,
    "edgeCount": 14,
    "tokenCount": 4,
    "nodes": [
        "0x0000000000007f150bd6f54c40a34d7c3d5e9f56",
        "0xc02aaa39b223fe8d0a0e5c4f27ead9083c756cc2",
        "0x61935cbdd02287b511119ddb11aeb42f1593b7ef",
        "0x57845987c8c859d52931ee248d8d84ab10532407",
        "0xa26e80e7dea86279c6d778d702cc413e6cffa777",
        "0x2af33e93f68b8497bb535c492f5867c7e83f2bc4",
        "0xceff51756c56ceffca006cd410b03ffc46dd3a58"
    ],
    "tokens": [
        "native_token",
        "0xc02aaa39b223fe8d0a0e5c4f27ead9083c756cc2",
        "0xdac17f958d2ee523a2206206994597c13d831ec7",
        "0x2260fac5e5542a773aa44fbcfedf7c193bc2c599"
    ]
}