{
    "hash": "0x7fdc9fd400085776bfa86883968ce47f37f0a54b2834037533c4c85c75ae02e0",
    "chain": "Ethereum",
    "U": [
        0,
        2,
        1,
        1,
        4,
        1
    ],
    "V": [
        1,
        1,
        3,
        2,
        1,
        0
    ],
    "feat": [
        [
            0,
            0,
            0,
            1,
            0.16666666666666666,
            0.16666666666666666,
            0.25,
            0.25,
            0.0
        ],
        [
            0,
            1,
            0,
            0,
            0.5,
            0.5,
            0.75,
            0.75,
            0.0
        ],
        [
            0,
            0,
            0,
            1,
            0.16666666666666666,
            0.16666666666666666,
            0.25,
            0.25,
            0.0
        ],
        [
            0,
            0,
            1,
            0,
            0.16666666666666666,
            0.0,
            0.25,
            0.0,
            1.0
        ],
        [
            0,
            0,
            1,
            0,
            0.0,
            0.16666666666666666,
            0.0,
            0.25,
            -1.0
        ]
    ],
    "nodeCount": 5,
    "edgeCount": 6,
    "tokenCount": 4,
    "nodes": [
        "0x0d080a3c3290c98e755d8123908498bce2c5620d",
        "0x45f783cce6b7ff23b2ab2d70e416cdb7d6055f51",
        "0x0000000000000000000000000000000000000000",
        "0x73a052500105205d34daf004eab301916da8190f",
        "0x83f798e925bcd4017eb265844fddabb448f1707d"
    ],
    "tokens": [
        "0x0000000000085d4780b73119b644ae5ecd22b376",
        "0x73a052500105205d34daf004eab301916da8190f",
        "0x83f798e925bcd4017eb265844fddabb448f1707d",
        "0xdac17f958d2ee523a2206206994597c13d831ec7"
    ]
}