{
    "hash": "0x7f387567499feca7250201975f81d6712dac63db212aced917336850c7bec2f2",
    "chain": "Ethereum",
    "U": [
        0,
        0,
        0,
        0
    ],
    "V": [
        1,
        1,
        1,
        1
    ],
    "feat": [
        [
            0,
            0,
            0,
            1,
            0.0,
            1.0,
            0.0,
            1.0,
            -2.177777777777778
        ],
        [
            0,
            0,
            0,
            1,
            1.0,
            0.0,
            1.0,
            0.0,
            2.177777777777778
        ]
    ],
    "nodeCount": 2,
    "edgeCount": 4,
    "tokenCount": 1,
    "nodes": [
        "0x0000000000000000000000000000000000000000",
        "0xc41e114ae06e1dcb884d9ff25c4937a3f85abe9f"
    ],
    "tokens": [
        "0x5820e6afbe12f28ed90421d5b961fb8af379938b"
    ]
}