{
    "hash": "0x7f7fbd9015556a8b7228a9db845684711b46e501d16c4ddbe1e311eb1365c221",
    "chain": "Ethereum",
    "U": [
        0,
        2,
        2,
        2,
        2,
        3,
        3,
        3
    ],
    "V": [
        1,
        3,
        3,
        3,
        3,
        2,
        2,
        2
    ],
    "feat": [
        [
            0,
            0,
            0,
            1,
            0.0,
            0.125,
            0.0,
            0.3333333333333333,
            -1.0
        ],
        [
            0,
            0,
            0,
            1,
            0.125,
            0.0,
            0.3333333333333333,
            0.0,
            1.0
        ],
        [
            1,
            0,
            0,
            0,
            0.375,
            0.5,
            0.6666666666666666,
            0.6666666666666666,
            -1.1102230246251565e-16
        ],
        [
            0,
            0,
            1,
            0,
            0.5,
            0.375,
            0.6666666666666666,
            0.6666666666666666,
            4.96564594998361e-17
        ]
    ],
    "nodeCount": 4,
    "edgeCount": 8,
    "tokenCount": 3,
    "nodes": [
        "0x0000000000000000000000000000000000000000",
        "0xd680e68621e1014cc268be940864bc00368bd05f",
        "0xe0fd4c0f10be3211a1b25dab6cb0078a248c08bf",
        "0xda559e686b7bb1eaec95b3548555866e4174a3ac"
    ],
    "tokens": [
        "0xda559e686b7bb1eaec95b3548555866e4174a3ac",
        "0xc02aaa39b223fe8d0a0e5c4f27ead9083c756cc2",
        "0xd0345d30fd918d7682398acbcdf139c808998709"
    ]
}