{
    "hash": "0x7f359ff26d40d6e650b9d9b61c2e5fa1748d52fa28f34aad65af8ae674755f7a",
    "chain": "Binance",
    "U": [
        0,
        1,
        2,
        2,
        2,
        1,
        4,
        5,
        4,
        1
    ],
    "V": [
        1,
        2,
        3,
        1,
        1,
        4,
        5,
        4,
        1,
        0
    ],
    "feat": [
        [
            0,
            0,
            0,
            1,
            0.1,
            0.1,
            0.3333333333333333,
            0.3333333333333333,
            0.0
        ],
        [
            0,
            1,
            0,
            0,
            0.4,
            0.3,
            1.0,
            1.0,
            -1.1102230246251565e-16
        ],
        [
            0,
            0,
            1,
            0,
            0.1,
            0.3,
            0.3333333333333333,
            1.0,
            -1.5000581877856836
        ],
        [
            0,
            0,
            0,
            1,
            0.1,
            0.0,
            0.3333333333333333,
            0.0,
            1.0
        ],
        [
            0,
            1,
            0,
            0,
            0.2,
            0.2,
            0.6666666666666666,
            0.6666666666666666,
            -1.1102230246251565e-16
        ],
        [
            0,
            0,
            1,
            0,
            0.1,
            0.1,
            0.3333333333333333,
            0.3333333333333333,
            0.5000581877856837
        ]
    ],
    "nodeCount": 6,
    "edgeCount": 10,
    "tokenCount": 3,
    "nodes": [
        "0x272fcde0475981d2ae5fa60ff23df30c4602b2af",
        "0x4bf331aa2bfb0869315fb81a350d109f4839f81b",
        "0x7efaef62fddcca950418312c6c91aef321375a00",
        "0x0000000000000000000000000000000000000000",
        "0xdb6f1920a889355780af7570773609bd8cb1f498",
        "0x9ce20a5169a3cd64a98c2c200aa995a2d8c8830e"
    ],
    "tokens": [
        "0x7efaef62fddcca950418312c6c91aef321375a00",
        "0x55d398326f99059ff775485246999027b3197955",
        "0xe9e7cea3dedca5984780bafc599bd69add087d56"
    ]
}