{
    "hash": "0x7f0576b4c5a335dae1a8b2f3c035a0bd0bef5ba2b7fb7f5e0412602d3f1dd0b2",
    "chain": "Ethereum",
    "U": [
        0,
        1,
        2,
        3,
        4,
        5,
        6,
        7,
        0,
        8
    ],
    "V": [
        1,
        2,
        3,
        4,
        5,
        6,
        7,
        0,
        8,
        0
    ],
    "feat": [
        [
            1,
            0,
            0,
            0,
            0.2,
            0.2,
            0.2857142857142857,
            0.2857142857142857,
            0.1432950484607307
        ],
        [
            0,
            1,
            0,
            0,
            0.1,
            0.1,
            0.14285714285714285,
            0.14285714285714285,
            -0.14329504846073082
        ],
        [
            0,
            1,
            0,
            0,
            0.1,
            0.1,
            0.14285714285714285,
            0.14285714285714285,
            0.10788704962958406
        ],
        [
            0,
            0,
            1,
            0,
            0.1,
            0.1,
            0.14285714285714285,
            0.14285714285714285,
            -0.10788704962958406
        ],
        [
            0,
            0,
            1,
            0,
            0.1,
            0.1,
            0.14285714285714285,
            0.14285714285714285,
            0.0
        ],
        [
            0,
            0,
            1,
            0,
            0.1,
            0.1,
            0.14285714285714285,
            0.14285714285714285,
            0.0
        ],
        [
            0,
            1,
            0,
            0,
            0.1,
            0.1,
            0.14285714285714285,
            0.14285714285714285,
            0.0
        ],
        [
            0,
            0,
            1,
            0,
            0.1,
            0.1,
            0.14285714285714285,
            0.14285714285714285,
            0.0
        ],
        [
            0,
            0,
            1,
            0,
            0.1,
            0.1,
            0.14285714285714285,
            0.14285714285714285,
            0.0
        ]
    ],
    "nodeCount": 9,
    "edgeCount": 10,
    "tokenCount": 7,
    "nodes": [
        "0x0000000000000eb4ec62758aae93400b3e5f7f18",
        "0x60a87cc7fca7e53867facb79da73181b1bb4238b",
        "0xff430ccb36cafc225309d6ed04ebe79c192fa3a7",
        "0x337b182f3cafe0b3ea6105a1816aa369f3607885",
        "0xd84358b128953a7ee6ef4f136a4fcc39f58c2735",
        "0x682841c22d62d7b9602d2e34a41853dc57020223",
        "0x7966772ccca7107d10834252f6770092cbcb005c",
        "0x05f21e62952566cefb77f5153ec6b83c14fb6b1d",
        "0xc02aaa39b223fe8d0a0e5c4f27ead9083c756cc2"
    ],
    "tokens": [
        "native_token",
        "0x419d0d8bdd9af5e606ae2232ed285aff190e711b",
        "0xdac17f958d2ee523a2206206994597c13d831ec7",
        "0x6a625ddb2e2a2de0257c5129364dd80bb4afa3b9",
        "0x41bc0913ed789428e107c4ea9ed007815c5a8230",
        "0xaf9f549774ecedbd0966c52f250acc548d3f36e5",
        "0xc02aaa39b223fe8d0a0e5c4f27ead9083c756cc2"
    ]
}