{
    "hash": "0x7f7679ce96c91c37512c92628ffb8c115779e9af5f92211f00f851d29ee325ab",
    "chain": "Ethereum",
    "U": [
        0,
        1,
        0,
        0,
        3,
        0,
        4,
        0,
        2,
        0,
        0
    ],
    "V": [
        1,
        0,
        2,
        3,
        0,
        4,
        0,
        2,
        0,
        5,
        6
    ],
    "feat": [
        [
            1,
            0,
            0,
            0,
            0.36363636363636365,
            0.6363636363636364,
            0.8,
            1.0,
            -0.9986589624665765
        ],
        [
            0,
            0,
            1,
            0,
            0.09090909090909091,
            0.09090909090909091,
            0.2,
            0.2,
            -0.0034095772454433293
        ],
        [
            0,
            0,
            1,
            0,
            0.18181818181818182,
            0.09090909090909091,
            0.2,
            0.2,
            -0.9979314602879797
        ],
        [
            0,
            0,
            0,
            1,
            0.09090909090909091,
            0.09090909090909091,
            0.2,
            0.2,
            0.0
        ],
        [
            0,
            0,
            1,
            0,
            0.09090909090909091,
            0.09090909090909091,
            0.2,
            0.2,
            0.0
        ],
        [
            0,
            0,
            0,
            1,
            0.09090909090909091,
            0.0,
            0.2,
            0.0,
            1.0
        ],
        [
            0,
            0,
            0,
            1,
            0.09090909090909091,
            0.0,
            0.2,
            0.0,
            1.0
        ]
    ],
    "nodeCount": 7,
    "edgeCount": 11,
    "tokenCount": 5,
    "nodes": [
        "0x0000000000a8fb09af944ab3baf7a9b3e1ab29d8",
        "0x397ff1542f962076d0bfe58ea045ffa2d347aca0",
        "0xc02aaa39b223fe8d0a0e5c4f27ead9083c756cc2",
        "0x05f4300bbfd3072c44d3eb56fd74e5b35de7a1dd",
        "0x55d5c232d921b9eaa6b37b5845e439acd04b4dba",
        "0x5a0b54d5dc17e0aadc383d2db43b0a0d3e029c4c",
        "0x0000000000000000000000000000000000000000"
    ],
    "tokens": [
        "0xc02aaa39b223fe8d0a0e5c4f27ead9083c756cc2",
        "0xa0b86991c6218b36c1d19d4a2e9eb0ce3606eb48",
        "0x2b591e99afe9f32eaa6214f7b7629768c40eeb39",
        "native_token",
        "0x0000000000004946c0e9f43f4dee607b0ef1fa1c"
    ]
}