{
    "hash": "0x806b62777fac01bece7c9fc2b97ac321250a8ee8ee88b6e8d396744ba14f0433",
    "chain": "Binance",
    "U": [
        0,
        1,
        2,
        0,
        4,
        5,
        2,
        3,
        3
    ],
    "V": [
        1,
        2,
        3,
        4,
        5,
        2,
        3,
        6,
        0
    ],
    "feat": [
        [
            0,
            0,
            0,
            1,
            0.1111111111111111,
            0.2222222222222222,
            0.25,
            0.25,
            -0.25
        ],
        [
            0,
            1,
            0,
            0,
            0.1111111111111111,
            0.1111111111111111,
            0.25,
            0.25,
            0.0
        ],
        [
            0,
            0,
            1,
            0,
            0.2222222222222222,
            0.2222222222222222,
            0.25,
            0.25,
            0.2494768515831402
        ],
        [
            0,
            1,
            0,
            0,
            0.2222222222222222,
            0.2222222222222222,
            0.25,
            0.25,
            2.7755575615628914e-17
        ],
        [
            0,
            1,
            0,
            0,
            0.1111111111111111,
            0.1111111111111111,
            0.25,
            0.25,
            -0.75
        ],
        [
            0,
            0,
            1,
            0,
            0.1111111111111111,
            0.1111111111111111,
            0.25,
            0.25,
            0.7496223376872031
        ],
        [
            0,
            0,
            0,
            1,
            0.1111111111111111,
            0.0,
            0.25,
            0.0,
            0.000900810729656691
        ]
    ],
    "nodeCount": 7,
    "edgeCount": 9,
    "tokenCount": 4,
    "nodes": [
        "0x39f7200a7d644acce2ea78fcb8560cc8b1188217",
        "0x0fe261aee0d1c4dfddee4102e82dd425999065f4",
        "0x92247860a03f48d5c6425c7ca35cdcfcb1013aa1",
        "0x68fac8a95d04b69bdbf66ca554f47a8193d0e5b6",
        "0x9ba8966b706c905e594acbb946ad5e29509f45eb",
        "0x70d8929d04b60af4fb9b58713ebcf18765ade422",
        "0xc146a672c85b408a9a7bc00f74ad567b7684134c"
    ],
    "tokens": [
        "0xe9e7cea3dedca5984780bafc599bd69add087d56",
        "0xbb4cdb9cbd36b01bd1cbaebf2de08d9173bc095c",
        "0xaec945e04baf28b135fa7c640f624f8d90f1c3a6",
        "0x2170ed0880ac9a755fd29b2688956bd959f933f8"
    ]
}