{
    "hash": "0x8067a03cf2621e042aeaa376a28e251c303a854c28664f394ccac7e65eb77e70",
    "chain": "Binance",
    "U": [
        0,
        2,
        1,
        4,
        3,
        2,
        5,
        3,
        3,
        6,
        2,
        5,
        1,
        4,
        3
    ],
    "V": [
        1,
        1,
        3,
        3,
        2,
        5,
        3,
        4,
        6,
        5,
        7,
        0,
        3,
        3,
        0
    ],
    "feat": [
        [
            0,
            0,
            0,
            1,
            0.13333333333333333,
            0.06666666666666667,
            0.5,
            0.25,
            0.13975245271190373
        ],
        [
            0,
            0,
            1,
            0,
            0.13333333333333333,
            0.13333333333333333,
            0.25,
            0.25,
            0.03393616025670665
        ],
        [
            0,
            0,
            1,
            0,
            0.06666666666666667,
            0.2,
            0.25,
            0.5,
            -0.8
        ],
        [
            0,
            1,
            0,
            0,
            0.3333333333333333,
            0.26666666666666666,
            0.5,
            0.5,
            1.604633793290533
        ],
        [
            0,
            0,
            1,
            0,
            0.06666666666666667,
            0.13333333333333333,
            0.25,
            0.25,
            -1.6046337932905332
        ],
        [
            1,
            0,
            0,
            0,
            0.13333333333333333,
            0.13333333333333333,
            0.5,
            0.5,
            0.8263113870313896
        ],
        [
            0,
            0,
            1,
            0,
            0.06666666666666667,
            0.06666666666666667,
            0.25,
            0.25,
            -0.9
        ],
        [
            0,
            0,
            0,
            1,
            0.06666666666666667,
            0.0,
            0.25,
            0.0,
            0.7
        ]
    ],
    "nodeCount": 8,
    "edgeCount": 15,
    "tokenCount": 4,
    "nodes": [
        "0x7a577653935ee97cd4bf7840ddd50f52b806b57a",
        "0xea2a31be68da0c06c0898bc1c1d4c51b18aa4d39",
        "0x43c954b67cc4bc85f7c8eb5427ed73145de02d92",
        "0x10ed43c718714eb63d5aa57b78b54704e256024e",
        "0xbb4cdb9cbd36b01bd1cbaebf2de08d9173bc095c",
        "0x6c23f8821f7dc3a4149eef98843f6789813d4af2",
        "0x28415ff2c35b65b9e5c7de82126b4015ab9d031f",
        "0x29427d1037d15f57c3e63dfb90390b2fceb6fa7b"
    ],
    "tokens": [
        "0x43c954b67cc4bc85f7c8eb5427ed73145de02d92",
        "0xbb4cdb9cbd36b01bd1cbaebf2de08d9173bc095c",
        "native_token",
        "0x3ee2200efb3400fabb9aacf31297cbdd1d435d47"
    ]
}