{
    "hash": "0x8093e3a6ddf44fb0b6b8d76df6a240ebd4f35418b744e8f25448d63148e342d0",
    "chain": "Binance",
    "U": [
        0,
        0,
        2,
        4,
        5,
        4,
        5,
        4,
        5,
        5,
        4,
        5,
        5,
        4,
        5,
        5,
        4,
        4,
        5,
        4,
        4,
        5,
        4,
        2
    ],
    "V": [
        1,
        2,
        3,
        5,
        4,
        2,
        4,
        5,
        4,
        4,
        5,
        4,
        4,
        5,
        4,
        4,
        5,
        5,
        4,
        5,
        5,
        4,
        5,
        3
    ],
    "feat": [
        [
            0,
            0,
            0,
            1,
            0.0,
            0.08333333333333333,
            0.0,
            0.3333333333333333,
            -1.138
        ],
        [
            0,
            1,
            0,
            0,
            0.041666666666666664,
            0.0,
            0.3333333333333333,
            0.0,
            0.13799999999999998
        ],
        [
            0,
            1,
            0,
            0,
            0.08333333333333333,
            0.08333333333333333,
            0.6666666666666666,
            0.6666666666666666,
            0.9994358725153498
        ],
        [
            0,
            0,
            0,
            1,
            0.08333333333333333,
            0.0,
            0.6666666666666666,
            0.0,
            0.0005834211679860827
        ],
        [
            0,
            1,
            0,
            0,
            0.4166666666666667,
            0.4166666666666667,
            0.6666666666666666,
            0.6666666666666666,
            0.472728419664469
        ],
        [
            0,
            0,
            1,
            0,
            0.375,
            0.4166666666666667,
            0.6666666666666666,
            0.6666666666666666,
            -0.47274771334780524
        ]
    ],
    "nodeCount": 6,
    "edgeCount": 24,
    "tokenCount": 3,
    "nodes": [
        "0x0000000000000000000000000000000000000000",
        "0x28579eca0a326e53340edd93e18698d379876a04",
        "0x0895196562c7868c5be92459fae7f877ed450452",
        "0x38a679131b4db779e987a93d7a492855112e8f02",
        "0x95d3ee15b902711cc0ed39271cb5480fced80192",
        "0xeca88125a5adbe82614ffc12d0db554e2e2867c8"
    ],
    "tokens": [
        "0xa184088a740c695e156f91f5cc086a06bb78b827",
        "0xeca88125a5adbe82614ffc12d0db554e2e2867c8",
        "0x8ac76a51cc950d9822d68b83fe1ad97b32cd580d"
    ]
}