{
    "hash": "0x800e0eb70433996eacab732f9c5a5214d177c40949245837b6e0e8d0648548ce",
    "chain": "Ethereum",
    "U": [
        0,
        1,
        2,
        3,
        2,
        4,
        5,
        2,
        2,
        7,
        6,
        2,
        2,
        1
    ],
    "V": [
        1,
        2,
        3,
        2,
        4,
        2,
        2,
        5,
        6,
        2,
        7,
        8,
        1,
        0
    ],
    "feat": [
        [
            0,
            0,
            0,
            1,
            0.07142857142857142,
            0.07142857142857142,
            0.25,
            0.25,
            0.0
        ],
        [
            0,
            1,
            0,
            0,
            0.14285714285714285,
            0.14285714285714285,
            0.5,
            0.5,
            0.0
        ],
        [
            1,
            0,
            0,
            0,
            0.35714285714285715,
            0.42857142857142855,
            1.0,
            1.0,
            -2.220446049250313e-16
        ],
        [
            0,
            0,
            1,
            0,
            0.07142857142857142,
            0.07142857142857142,
            0.25,
            0.25,
            -0.0010159350228671898
        ],
        [
            0,
            0,
            1,
            0,
            0.07142857142857142,
            0.07142857142857142,
            0.25,
            0.25,
            -0.09999999999999998
        ],
        [
            1,
            0,
            0,
            0,
            0.07142857142857142,
            0.07142857142857142,
            0.25,
            0.25,
            0.0
        ],
        [
            1,
            0,
            0,
            0,
            0.07142857142857142,
            0.07142857142857142,
            0.25,
            0.25,
            0.0
        ],
        [
            1,
            0,
            0,
            0,
            0.07142857142857142,
            0.07142857142857142,
            0.25,
            0.25,
            0.10101593502286721
        ],
        [
            0,
            0,
            0,
            1,
            0.07142857142857142,
            0.0,
            0.25,
            0.0,
            2.570273360717311e-18
        ]
    ],
    "nodeCount": 9,
    "edgeCount": 14,
    "tokenCount": 4,
    "nodes": [
        "0x6273540b8160b2d923652552fade0da98bb10dc5",
        "0xa356867fdcea8e71aeaf87805808803806231fdc",
        "0xdb38ae75c5f44276803345f7f02e95a0aeef5944",
        "0x5f752aa9e748ffc007a15b7ca0fad8f2127f186c",
        "0xc40d16476380e4037e6b1a2594caf6a6cc8da967",
        "0x0000006daea1723962647b7e189d311d757fb793",
        "0xfd3dfb524b2da40c8a6d703c62be36b5d8540626",
        "0x9febc984504356225405e26833608b17719c82ae",
        "0x910bf2d50fa5e014fd06666f456182d4ab7c8bd2"
    ],
    "tokens": [
        "0x514910771af9ca656af840dff83e8264ecf986ca",
        "0xa0b86991c6218b36c1d19d4a2e9eb0ce3606eb48",
        "0xc02aaa39b223fe8d0a0e5c4f27ead9083c756cc2",
        "0x111111111117dc0aa78b770fa6a738034120c302"
    ]
}