{
    "hash": "0x811726c56a3c2f6de12b4735f22e1c057a4ca5be1c040ccb47a19dd4e3ff8374",
    "chain": "Binance",
    "U": [
        0,
        1,
        2,
        0,
        3
    ],
    "V": [
        1,
        2,
        0,
        3,
        0
    ],
    "feat": [
        [
            1,
            0,
            0,
            0,
            0.4,
            0.4,
            0.6666666666666666,
            0.6666666666666666,
            0.09843431069197406
        ],
        [
            0,
            0,
            1,
            0,
            0.2,
            0.2,
            0.3333333333333333,
            0.3333333333333333,
            -0.09843431069197417
        ],
        [
            0,
            0,
            1,
            0,
            0.2,
            0.2,
            0.3333333333333333,
            0.3333333333333333,
            0.0
        ],
        [
            0,
            1,
            0,
            0,
            0.2,
            0.2,
            0.3333333333333333,
            0.3333333333333333,
            0.0
        ]
    ],
    "nodeCount": 4,
    "edgeCount": 5,
    "tokenCount": 3,
    "nodes": [
        "0x0b8e1cbb1376c2538ca4239df5bfda60bba31710",
        "0xb681ba18d3df7310df85713747ffe1ae56a784e9",
        "0x582a16d677dfe519dbda8a3fed091a0fcf547d06",
        "0x9a24b2051bf094219ab7b435671b77cba06415f6"
    ],
    "tokens": [
        "0xbb4cdb9cbd36b01bd1cbaebf2de08d9173bc095c",
        "0x6652462466dcee5cb1dda95379fae3c3e57f6719",
        "0xe9e7cea3dedca5984780bafc599bd69add087d56"
    ]
}