{
    "hash": "0x81fe68724fbcb444064d96f50b1a41493449e9a5a1f59200b402e6c37507d887",
    "chain": "Ethereum",
    "U": [
        0,
        1,
        2,
        3,
        1,
        1,
        4,
        5,
        1,
        1,
        6
    ],
    "V": [
        1,
        2,
        1,
        1,
        3,
        4,
        1,
        1,
        5,
        6,
        0
    ],
    "feat": [
        [
            0,
            0,
            0,
            1,
            0.09090909090909091,
            0.09090909090909091,
            0.3333333333333333,
            0.3333333333333333,
            0.0
        ],
        [
            1,
            0,
            0,
            0,
            0.45454545454545453,
            0.45454545454545453,
            1.0,
            1.0,
            0.0
        ],
        [
            0,
            0,
            1,
            0,
            0.09090909090909091,
            0.09090909090909091,
            0.3333333333333333,
            0.3333333333333333,
            -0.7
        ],
        [
            1,
            0,
            0,
            0,
            0.09090909090909091,
            0.09090909090909091,
            0.3333333333333333,
            0.3333333333333333,
            0.22313911074718612
        ],
        [
            0,
            0,
            1,
            0,
            0.09090909090909091,
            0.09090909090909091,
            0.3333333333333333,
            0.3333333333333333,
            0.47743429280105987
        ],
        [
            1,
            0,
            0,
            0,
            0.09090909090909091,
            0.09090909090909091,
            0.3333333333333333,
            0.3333333333333333,
            -0.0005734035482459765
        ],
        [
            0,
            1,
            0,
            0,
            0.09090909090909091,
            0.09090909090909091,
            0.3333333333333333,
            0.3333333333333333,
            0.0
        ]
    ],
    "nodeCount": 7,
    "edgeCount": 11,
    "tokenCount": 3,
    "nodes": [
        "0x1031b8cf545cb9db525a051ccef507174ebd79ee",
        "0x220bda5c8994804ac96ebe4df184d25e5c2196d4",
        "0x0d4a11d5eeaac28ec3f61d100daf4d40471f1852",
        "0xed49728e65246d81fa65f832fd5197467abbbc40",
        "0x80d972d2a62ba71814f4e08bd27f95e5d81d02a9",
        "0x70885952f174fb5396deebb66ce3b4b2adfcef8a",
        "0x1111111254fb6c44bac0bed2854e76f90643097d"
    ],
    "tokens": [
        "0xdac17f958d2ee523a2206206994597c13d831ec7",
        "0xc02aaa39b223fe8d0a0e5c4f27ead9083c756cc2",
        "0x08c32b0726c5684024ea6e141c50ade9690bbdcc"
    ]
}