{
    "hash": "0x81bc06ef57d6d793973b1bae5775b06f3dcd0dd54c515962631276fcf1d93fc3",
    "chain": "Binance",
    "U": [
        0,
        1,
        2,
        3,
        4,
        5,
        5
    ],
    "V": [
        1,
        2,
        3,
        4,
        5,
        6,
        0
    ],
    "feat": [
        [
            0,
            0,
            0,
            1,
            0.14285714285714285,
            0.14285714285714285,
            0.25,
            0.25,
            -0.0010000000000000009
        ],
        [
            0,
            0,
            1,
            0,
            0.14285714285714285,
            0.14285714285714285,
            0.25,
            0.25,
            0.0
        ],
        [
            0,
            0,
            1,
            0,
            0.14285714285714285,
            0.14285714285714285,
            0.25,
            0.25,
            0.0
        ],
        [
            1,
            0,
            0,
            0,
            0.14285714285714285,
            0.14285714285714285,
            0.25,
            0.25,
            0.0
        ],
        [
            0,
            0,
            1,
            0,
            0.14285714285714285,
            0.14285714285714285,
            0.25,
            0.25,
            0.0
        ],
        [
            0,
            1,
            0,
            0,
            0.14285714285714285,
            0.2857142857142857,
            0.25,
            0.25,
            0.0
        ],
        [
            0,
            0,
            0,
            1,
            0.14285714285714285,
            0.0,
            0.25,
            0.0,
            0.001
        ]
    ],
    "nodeCount": 7,
    "edgeCount": 7,
    "tokenCount": 4,
    "nodes": [
        "0x037effeb9ddd5bd8ff92d56f2ba8c8d3e82ce887",
        "0xd3b24c0c76589919833f6bd25751cf9745dbe460",
        "0x26782a2669d32be87c892ada10aa630d0834b3c4",
        "0x2e4ce4d95b7eaa81c183d7ec7a58edbc8f79bd42",
        "0xacaac9311b0096e04dfe96b6d87dec867d3883dc",
        "0x68fac8a95d04b69bdbf66ca554f47a8193d0e5b6",
        "0xc146a672c85b408a9a7bc00f74ad567b7684134c"
    ],
    "tokens": [
        "0xd44fd09d74cd13838f137b590497595d6b3feea4",
        "0x55d398326f99059ff775485246999027b3197955",
        "0xbb4cdb9cbd36b01bd1cbaebf2de08d9173bc095c",
        "0xe9e7cea3dedca5984780bafc599bd69add087d56"
    ]
}