{
    "hash": "0x81cfce98033fff96a82e531c6f578277db3e0728cd636d2f0c43239bd170b82e",
    "chain": "Binance",
    "U": [
        0,
        0,
        2,
        3,
        3,
        5,
        6,
        3,
        7,
        8,
        7,
        7,
        0,
        7,
        3
    ],
    "V": [
        1,
        2,
        3,
        4,
        5,
        6,
        3,
        7,
        8,
        7,
        8,
        8,
        7,
        3,
        9
    ],
    "feat": [
        [
            0,
            0,
            0,
            1,
            0.0,
            0.2,
            0.0,
            0.4,
            -1.028063131392453
        ],
        [
            0,
            1,
            0,
            0,
            0.06666666666666667,
            0.0,
            0.2,
            0.0,
            0.0025511937629502796
        ],
        [
            0,
            0,
            1,
            0,
            0.06666666666666667,
            0.06666666666666667,
            0.2,
            0.2,
            -0.9744880623704972
        ],
        [
            0,
            1,
            0,
            0,
            0.2,
            0.26666666666666666,
            0.6,
            0.6,
            0.0
        ],
        [
            0,
            0,
            0,
            1,
            0.06666666666666667,
            0.0,
            0.2,
            0.0,
            0.03
        ],
        [
            0,
            0,
            1,
            0,
            0.06666666666666667,
            0.06666666666666667,
            0.2,
            0.2,
            -0.030000000000000027
        ],
        [
            0,
            0,
            1,
            0,
            0.06666666666666667,
            0.06666666666666667,
            0.2,
            0.2,
            0.0
        ],
        [
            0,
            1,
            0,
            0,
            0.2,
            0.26666666666666666,
            0.6,
            0.6,
            0.0
        ],
        [
            0,
            0,
            1,
            0,
            0.2,
            0.06666666666666667,
            0.4,
            0.2,
            1.0
        ],
        [
            0,
            1,
            0,
            0,
            0.06666666666666667,
            0.0,
            0.2,
            0.0,
            1.0
        ]
    ],
    "nodeCount": 10,
    "edgeCount": 15,
    "tokenCount": 5,
    "nodes": [
        "0x0000000000000000000000000000000000000000",
        "0x8488cb2f54ecb9aa1cdc1bc83bc1d200bb2f216b",
        "0x009cf7bc57584b7998236eff51b98a168dcea9b0",
        "0xc5954ca8988988362f60498d5adec67ba466492b",
        "0xe45216ac4816a5ec5378b1d13de8aa9f262ce9de",
        "0x0ed7e52944161450477ee417de9cd3a859b14fd0",
        "0x58f876857a02d6762e0101bb5c46a8c1ed44dc16",
        "0x4c7a420142ec69c7df5c6c673d862b9e030743bf",
        "0x7efaef62fddcca950418312c6c91aef321375a00",
        "0x73feaa1ee314f8c655e354234017be2193c9e24e"
    ],
    "tokens": [
        "0x0e09fabb73bd3ade0a17ecc321fd13a19e81ce82",
        "0xbb4cdb9cbd36b01bd1cbaebf2de08d9173bc095c",
        "0xe9e7cea3dedca5984780bafc599bd69add087d56",
        "0x55d398326f99059ff775485246999027b3197955",
        "0x7efaef62fddcca950418312c6c91aef321375a00"
    ]
}