{
    "hash": "0x82e63200c18af7e4c77f5c5afadb6f3afa8c0ab432084c01bca6fe2b16263725",
    "chain": "Ethereum",
    "U": [
        0,
        1,
        2,
        3,
        1,
        4,
        1,
        1,
        5,
        1,
        0
    ],
    "V": [
        1,
        2,
        1,
        1,
        3,
        1,
        4,
        5,
        1,
        0,
        6
    ],
    "feat": [
        [
            0,
            0,
            0,
            1,
            0.09090909090909091,
            0.18181818181818182,
            0.2,
            0.4,
            -1.0
        ],
        [
            1,
            0,
            0,
            0,
            0.45454545454545453,
            0.45454545454545453,
            0.8,
            0.8,
            1.1102230246251565e-16
        ],
        [
            0,
            0,
            1,
            0,
            0.09090909090909091,
            0.09090909090909091,
            0.2,
            0.2,
            -0.6
        ],
        [
            0,
            1,
            0,
            0,
            0.09090909090909091,
            0.09090909090909091,
            0.2,
            0.2,
            0.6017529356491247
        ],
        [
            1,
            0,
            0,
            0,
            0.09090909090909091,
            0.09090909090909091,
            0.2,
            0.2,
            -0.4
        ],
        [
            0,
            0,
            1,
            0,
            0.09090909090909091,
            0.09090909090909091,
            0.2,
            0.2,
            0.3982470643508752
        ],
        [
            0,
            0,
            0,
            1,
            0.09090909090909091,
            0.0,
            0.2,
            0.0,
            1.0
        ]
    ],
    "nodeCount": 7,
    "edgeCount": 11,
    "tokenCount": 5,
    "nodes": [
        "0x1611c227725c5e420ef058275ae772b41775e261",
        "0xc176761d388caf2f56cf03329d82e1e7c48ae09c",
        "0x7825de5586e4d2fd04459091bbe783fa243e1bf3",
        "0x11b815efb8f581194ae79006d24e0d814b7697f6",
        "0x15a7e01386fe8be69e486edbc55baac10629830c",
        "0x40bbde0ec6f177c4a67360d0f0969cfc464b0bb4",
        "0x0000000000000000000000000000000000000000"
    ],
    "tokens": [
        "0x50d1c9771902476076ecfc8b2a83ad6b9355a4c9",
        "0xc02aaa39b223fe8d0a0e5c4f27ead9083c756cc2",
        "0xdac17f958d2ee523a2206206994597c13d831ec7",
        "0xa0b86991c6218b36c1d19d4a2e9eb0ce3606eb48",
        "0x0000000000004946c0e9f43f4dee607b0ef1fa1c"
    ]
}