{
    "hash": "0x83ba195a9c6d7a8b08b5582088809b04e770dc9fc71304df070c87769a85fafb",
    "chain": "Binance",
    "U": [
        0,
        0,
        2,
        0,
        3,
        5,
        6,
        7,
        5,
        5,
        0,
        3
    ],
    "V": [
        1,
        2,
        3,
        4,
        5,
        6,
        7,
        5,
        8,
        8,
        3,
        2
    ],
    "feat": [
        [
            0,
            0,
            0,
            1,
            0.0,
            0.3333333333333333,
            0.0,
            0.5,
            -1.0477922745495543
        ],
        [
            0,
            0,
            0,
            1,
            0.08333333333333333,
            0.0,
            0.25,
            0.0,
            0.0034171084469910205
        ],
        [
            0,
            1,
            0,
            0,
            0.16666666666666666,
            0.08333333333333333,
            0.5,
            0.25,
            0.03417108446991024
        ],
        [
            0,
            1,
            0,
            0,
            0.16666666666666666,
            0.16666666666666666,
            0.5,
            0.5,
            0.020000000000000018
        ],
        [
            0,
            0,
            0,
            1,
            0.08333333333333333,
            0.0,
            0.25,
            0.0,
            0.01020408163265306
        ],
        [
            0,
            1,
            0,
            0,
            0.16666666666666666,
            0.25,
            0.5,
            0.5,
            0.02729123046491666
        ],
        [
            0,
            0,
            1,
            0,
            0.08333333333333333,
            0.08333333333333333,
            0.25,
            0.25,
            -0.5149494949494949
        ],
        [
            0,
            0,
            1,
            0,
            0.08333333333333333,
            0.08333333333333333,
            0.25,
            0.25,
            0.0
        ],
        [
            0,
            0,
            1,
            0,
            0.16666666666666666,
            0.0,
            0.5,
            0.0,
            1.4676582644845781
        ]
    ],
    "nodeCount": 9,
    "edgeCount": 12,
    "tokenCount": 4,
    "nodes": [
        "0x0000000000000000000000000000000000000000",
        "0x81f3e372bb68113295e2e03af4cd3b93a38e4aac",
        "0x058451c62b96c594ad984370eda8b6fd7197bbd4",
        "0xc1bf412e918e7ed4df2f3438fafd3fcadf9f3c15",
        "0xd9ebb6d95f3d8f3da0b922bb05e0e79501c13554",
        "0x46f4e580ece4aedc5daf15b577262605d1437689",
        "0xc24ad5197daefd97df28c70acbdf17d9ff92a49b",
        "0x6af4c4433474b2f8ba385ad62b23299c82846783",
        "0x9287f5ad55d7ee8eae90b865718eb9a7cf3fb71a"
    ],
    "tokens": [
        "0x1f546ad641b56b86fd9dceac473d1c7a357276b7",
        "0xbb4cdb9cbd36b01bd1cbaebf2de08d9173bc095c",
        "0xe9e7cea3dedca5984780bafc599bd69add087d56",
        "0x9287f5ad55d7ee8eae90b865718eb9a7cf3fb71a"
    ]
}