{
    "hash": "0x83be6d4029fe19bb9e3b77075ecc2c270d1cea9acae85d76be5a4bf6a95f05ff",
    "chain": "Binance",
    "U": [
        0,
        1,
        2,
        3,
        4,
        5,
        4,
        6,
        1,
        1
    ],
    "V": [
        1,
        2,
        3,
        4,
        5,
        4,
        6,
        1,
        7,
        0
    ],
    "feat": [
        [
            0,
            0,
            0,
            1,
            0.1,
            0.1,
            0.25,
            0.25,
            -0.008923992182630403
        ],
        [
            1,
            0,
            0,
            0,
            0.2,
            0.3,
            0.5,
            0.5,
            0.020000000000000018
        ],
        [
            0,
            0,
            1,
            0,
            0.1,
            0.1,
            0.25,
            0.25,
            -0.020000000000000018
        ],
        [
            0,
            1,
            0,
            0,
            0.1,
            0.1,
            0.25,
            0.25,
            0.0
        ],
        [
            1,
            0,
            0,
            0,
            0.2,
            0.2,
            0.5,
            0.5,
            0.0
        ],
        [
            0,
            0,
            0,
            1,
            0.1,
            0.1,
            0.25,
            0.25,
            0.0
        ],
        [
            0,
            1,
            0,
            0,
            0.1,
            0.1,
            0.25,
            0.25,
            0.0
        ],
        [
            0,
            0,
            0,
            1,
            0.1,
            0.0,
            0.25,
            0.0,
            0.00892399218263044
        ]
    ],
    "nodeCount": 8,
    "edgeCount": 10,
    "tokenCount": 4,
    "nodes": [
        "0xcb5dde3415caab31cca30b960170d96dbe79699f",
        "0xc590175e458b83680867afd273527ff58f74c02b",
        "0xdf3caba6cc555e3526f66c2aa389644bebcda823",
        "0x0fe261aee0d1c4dfddee4102e82dd425999065f4",
        "0x3790c9b5a9b9d9aa1c69140a5f01a57c9b868e1e",
        "0x0e8a348a2204f361eadc1767fe3d54743eaa2115",
        "0x1111111254fb6c44bac0bed2854e76f90643097d",
        "0x11ededebf63bef0ea2d2d071bdf88f71543ec6fb"
    ],
    "tokens": [
        "0x04260673729c5f2b9894a467736f3d85f8d34fc8",
        "0xbb4cdb9cbd36b01bd1cbaebf2de08d9173bc095c",
        "0xe9e7cea3dedca5984780bafc599bd69add087d56",
        "0x55d398326f99059ff775485246999027b3197955"
    ]
}