{
    "hash": "0x84a1f612b40b64b86ab8de260877f17cc4204b96a26c6b2b7b5a66cfea4c905a",
    "chain": "Ethereum",
    "U": [
        0,
        2,
        2
    ],
    "V": [
        1,
        1,
        0
    ],
    "feat": [
        [
            0,
            0,
            0,
            1,
            0.3333333333333333,
            0.3333333333333333,
            0.3333333333333333,
            0.3333333333333333,
            0.0
        ],
        [
            0,
            0,
            0,
            1,
            0.6666666666666666,
            0.0,
            0.6666666666666666,
            0.0,
            2.0
        ],
        [
            0,
            1,
            0,
            0,
            0.0,
            0.6666666666666666,
            0.0,
            0.6666666666666666,
            -2.0
        ]
    ],
    "nodeCount": 3,
    "edgeCount": 3,
    "tokenCount": 3,
    "nodes": [
        "0x0a9eb56d894fe728819cc68226f239383386ee52",
        "0x0000000000000000000000000000000000000000",
        "0x5b67871c3a857de81a1ca0f9f7945e5670d986dc"
    ],
    "tokens": [
        "0x19f4a2f8e21915376f1429c26a3a9b9b1db5ff5a",
        "0x517118dd19a89c3224951b46afcf33c3421baabc",
        "0x514910771af9ca656af840dff83e8264ecf986ca"
    ]
}