{
    "hash": "0x843079201be972410a44854b373aa76c5b11c30d8f459a77683c98842ae69ee3",
    "chain": "Ethereum",
    "U": [
        0,
        2,
        3
    ],
    "V": [
        1,
        0,
        2
    ],
    "feat": [
        [
            0,
            0,
            0,
            1,
            0.3333333333333333,
            0.3333333333333333,
            0.5,
            0.5,
            0.9994521756420404
        ],
        [
            0,
            1,
            0,
            0,
            0.3333333333333333,
            0.0,
            0.5,
            0.0,
            0.0005478243579596302
        ],
        [
            0,
            0,
            0,
            1,
            0.3333333333333333,
            0.3333333333333333,
            0.5,
            0.5,
            0.0
        ],
        [
            0,
            0,
            1,
            0,
            0.0,
            0.3333333333333333,
            0.0,
            0.5,
            -1.0
        ]
    ],
    "nodeCount": 4,
    "edgeCount": 3,
    "tokenCount": 2,
    "nodes": [
        "0x0000000000000000000000000000000000000000",
        "0x464c71f6c2f760dda6093dcb91c24c39e5d6e18c",
        "0xba47cac45ac62c5ffce4f83cf8e13013851a6b33",
        "0x028171bca77440897b824ca71d1c56cac55b68a3"
    ],
    "tokens": [
        "0x028171bca77440897b824ca71d1c56cac55b68a3",
        "0x6b175474e89094c44da98b954eedeac495271d0f"
    ]
}