{
    "hash": "0x84c5502f2a2d44953a345ae369c8be22f511c43aa9c39b181b4c28db6eb29299",
    "chain": "Binance",
    "U": [
        0,
        1,
        2,
        3,
        1,
        1,
        5
    ],
    "V": [
        1,
        2,
        3,
        1,
        0,
        4,
        6
    ],
    "feat": [
        [
            0,
            0,
            1,
            0,
            0.14285714285714285,
            0.14285714285714285,
            0.25,
            0.25,
            -0.0072392087039456765
        ],
        [
            1,
            0,
            0,
            0,
            0.2857142857142857,
            0.42857142857142855,
            0.5,
            0.5,
            0.0
        ],
        [
            0,
            0,
            1,
            0,
            0.14285714285714285,
            0.14285714285714285,
            0.25,
            0.25,
            0.0
        ],
        [
            0,
            0,
            1,
            0,
            0.14285714285714285,
            0.14285714285714285,
            0.25,
            0.25,
            0.0
        ],
        [
            0,
            0,
            0,
            1,
            0.14285714285714285,
            0.0,
            0.25,
            0.0,
            0.007239208703945726
        ],
        [
            0,
            0,
            0,
            1,
            0.0,
            0.14285714285714285,
            0.0,
            0.25,
            -1.0
        ],
        [
            0,
            0,
            0,
            1,
            0.14285714285714285,
            0.0,
            0.25,
            0.0,
            1.0
        ]
    ],
    "nodeCount": 7,
    "edgeCount": 7,
    "tokenCount": 4,
    "nodes": [
        "0xa32a983a64ce21834221aa0ad1f1533907553136",
        "0xe0f494dabc939e6b9bf5c9dfe9be9e136136eb1b",
        "0x200062b9e36cfa697cb49b74ea556706e67e5091",
        "0x1387cd767d797c834a8fed4c2a3bf84067582420",
        "0xc7e21d9ca41f0d56b2bd6cf115768bfed5ed307c",
        "0x012fe77b3da33364a37f526c8d37b3ec11afc044",
        "0x0000000000000000000000000000000000000000"
    ],
    "tokens": [
        "0x5ac52ee5b2a633895292ff6d8a89bb9190451587",
        "0x1311b352467d2b5c296881badea82850bcd8f886",
        "0xe9e7cea3dedca5984780bafc599bd69add087d56",
        "0x0000000000004946c0e9f43f4dee607b0ef1fa1c"
    ]
}