{
    "hash": "0x8526a0053810cbee1d787f371e158a9eb8d0ae60717759f9845dbb405edeb3f4",
    "chain": "Ethereum",
    "U": [
        0,
        1,
        2,
        3,
        2,
        4
    ],
    "V": [
        1,
        2,
        3,
        2,
        4,
        0
    ],
    "feat": [
        [
            1,
            0,
            0,
            0,
            0.16666666666666666,
            0.16666666666666666,
            0.3333333333333333,
            0.3333333333333333,
            0.009513558711305548
        ],
        [
            0,
            0,
            1,
            0,
            0.16666666666666666,
            0.16666666666666666,
            0.3333333333333333,
            0.3333333333333333,
            -0.009513558711305548
        ],
        [
            1,
            0,
            0,
            0,
            0.3333333333333333,
            0.3333333333333333,
            0.6666666666666666,
            0.6666666666666666,
            3.6637359812630166e-14
        ],
        [
            0,
            1,
            0,
            0,
            0.16666666666666666,
            0.16666666666666666,
            0.3333333333333333,
            0.3333333333333333,
            -3.6637359812630166e-14
        ],
        [
            0,
            0,
            1,
            0,
            0.16666666666666666,
            0.16666666666666666,
            0.3333333333333333,
            0.3333333333333333,
            0.0
        ]
    ],
    "nodeCount": 5,
    "edgeCount": 6,
    "tokenCount": 3,
    "nodes": [
        "0xdfee68a9adb981cd08699891a11cabe10f25ec44",
        "0xc5be99a02c6857f9eac67bbce58df5572498f40c",
        "0x0000000000007f150bd6f54c40a34d7c3d5e9f56",
        "0x7860e28ebfb8ae052bfe279c07ac5d94c9cd2937",
        "0xb4e16d0168e52d35cacd2c6185b44281ec28c9dc"
    ],
    "tokens": [
        "0xc02aaa39b223fe8d0a0e5c4f27ead9083c756cc2",
        "0xd46ba6d942050d489dbd938a2c909a5d5039a161",
        "0xa0b86991c6218b36c1d19d4a2e9eb0ce3606eb48"
    ]
}