{
    "hash": "0x858133ca1aa34b40bdbec518f062b033e0eab7913d690cd863c2a2c9bc471f87",
    "chain": "Binance",
    "U": [
        0,
        1,
        2,
        3,
        4,
        0
    ],
    "V": [
        1,
        2,
        3,
        4,
        0,
        5
    ],
    "feat": [
        [
            1,
            0,
            0,
            0,
            0.16666666666666666,
            0.3333333333333333,
            0.2,
            0.4,
            -0.9945496551298891
        ],
        [
            0,
            0,
            1,
            0,
            0.16666666666666666,
            0.16666666666666666,
            0.2,
            0.2,
            -0.005450344870110757
        ],
        [
            0,
            0,
            1,
            0,
            0.16666666666666666,
            0.16666666666666666,
            0.2,
            0.2,
            0.0
        ],
        [
            0,
            1,
            0,
            0,
            0.16666666666666666,
            0.16666666666666666,
            0.2,
            0.2,
            0.0
        ],
        [
            0,
            0,
            1,
            0,
            0.16666666666666666,
            0.16666666666666666,
            0.2,
            0.2,
            0.0
        ],
        [
            0,
            0,
            0,
            1,
            0.16666666666666666,
            0.0,
            0.2,
            0.0,
            1.0
        ]
    ],
    "nodeCount": 6,
    "edgeCount": 6,
    "tokenCount": 5,
    "nodes": [
        "0x5a4dbcb37bfe02d869e437ce63750602c7428256",
        "0xc5b0d73a7c0e4eaf66babf7ee16a2096447f7ad6",
        "0x74690f829fec83ea424ee1f1654041b2491a7be9",
        "0x81dcbc2a0ff404b7cfcaafab6b614262798c89fb",
        "0xf9592f45ca4975a6672ede24f10655f320afcb32",
        "0x0000000000000000000000000000000000000000"
    ],
    "tokens": [
        "0xe9e7cea3dedca5984780bafc599bd69add087d56",
        "0x190b589cf9fb8ddeabbfeae36a813ffb2a702454",
        "0xbb4cdb9cbd36b01bd1cbaebf2de08d9173bc095c",
        "0x1446f3cedf4d86a9399e49f7937766e6de2a3aab",
        "0x0000000000004946c0e9f43f4dee607b0ef1fa1c"
    ]
}