{
    "hash": "0x851f3b99dd23c3f8a0409815d413dbb4d6d482398e98d1c772a71987a1d99432",
    "chain": "Binance",
    "U": [
        0,
        2,
        1,
        2,
        4,
        5
    ],
    "V": [
        1,
        3,
        4,
        3,
        5,
        0
    ],
    "feat": [
        [
            0,
            0,
            0,
            1,
            0.16666666666666666,
            0.16666666666666666,
            0.2,
            0.2,
            0.0
        ],
        [
            0,
            0,
            1,
            0,
            0.16666666666666666,
            0.16666666666666666,
            0.2,
            0.2,
            0.0
        ],
        [
            0,
            0,
            0,
            1,
            0.0,
            0.3333333333333333,
            0.0,
            0.2,
            -1.3333333333333333
        ],
        [
            0,
            1,
            0,
            0,
            0.3333333333333333,
            0.0,
            0.2,
            0.0,
            1.3333333333333333
        ],
        [
            0,
            0,
            1,
            0,
            0.16666666666666666,
            0.16666666666666666,
            0.2,
            0.2,
            0.0
        ],
        [
            0,
            0,
            1,
            0,
            0.16666666666666666,
            0.16666666666666666,
            0.2,
            0.2,
            0.0
        ]
    ],
    "nodeCount": 6,
    "edgeCount": 6,
    "tokenCount": 5,
    "nodes": [
        "0x274719f8eb2eb9df6c0cb6588936a64f07d9e159",
        "0xa13afe2df0fa0bb11f2aeaaaf98ac1d591e108d1",
        "0x0000000000000000000000000000000000000000",
        "0x782395303692abed877d2737aa7982345eb44c11",
        "0x340192d37d95fb609874b1db6145ed26d1e47744",
        "0x0025d20d85788c2cae2feb9c298bdafc93bf08ce"
    ],
    "tokens": [
        "0x0e09fabb73bd3ade0a17ecc321fd13a19e81ce82",
        "0x9c65ab58d8d978db963e63f2bfb7121627e3a739",
        "0xbb4cdb9cbd36b01bd1cbaebf2de08d9173bc095c",
        "0xe9e7cea3dedca5984780bafc599bd69add087d56",
        "0x95a1199eba84ac5f19546519e287d43d2f0e1b41"
    ]
}