{
    "hash": "0x8613d9c1b7a21d7fc07b527cb1d0971d42f5a75ce49951a98f73cc7d577ebd44",
    "chain": "Binance",
    "U": [
        0,
        0,
        0,
        3,
        3,
        5,
        6,
        0,
        3,
        3,
        5,
        0,
        0,
        7
    ],
    "V": [
        1,
        2,
        3,
        4,
        5,
        6,
        0,
        3,
        4,
        5,
        0,
        6,
        6,
        1
    ],
    "feat": [
        [
            0,
            1,
            0,
            0,
            0.14285714285714285,
            0.42857142857142855,
            0.4,
            0.6,
            -1.6479284180410754
        ],
        [
            0,
            0,
            0,
            1,
            0.14285714285714285,
            0.0,
            0.4,
            0.0,
            1.1743553606383421
        ],
        [
            0,
            0,
            0,
            1,
            0.07142857142857142,
            0.0,
            0.2,
            0.0,
            1.0
        ],
        [
            0,
            1,
            0,
            0,
            0.14285714285714285,
            0.2857142857142857,
            0.2,
            0.4,
            -1.3333333333333335
        ],
        [
            0,
            0,
            1,
            0,
            0.14285714285714285,
            0.0,
            0.2,
            0.0,
            1.1743553606383421
        ],
        [
            0,
            0,
            1,
            0,
            0.14285714285714285,
            0.14285714285714285,
            0.2,
            0.2,
            6.183640960388814e-08
        ],
        [
            0,
            0,
            1,
            0,
            0.21428571428571427,
            0.07142857142857142,
            0.4,
            0.2,
            0.6325509682613151
        ],
        [
            0,
            0,
            0,
            1,
            0.0,
            0.07142857142857142,
            0.0,
            0.2,
            -1.0
        ]
    ],
    "nodeCount": 8,
    "edgeCount": 14,
    "tokenCount": 5,
    "nodes": [
        "0x0676ea1e823fc4e7c03ffea47f1ed8e1990d5dd5",
        "0x112bbd62eb24974ddd9177285c05892361593863",
        "0x493325d64df7ebd21cdc6245166cc1129a932314",
        "0x10ed43c718714eb63d5aa57b78b54704e256024e",
        "0xbb4cdb9cbd36b01bd1cbaebf2de08d9173bc095c",
        "0x16b9a82891338f9ba80e2d6970fdda79d1eb0dae",
        "0x38293b85b5924c333b0095df0ce54ad80145d87d",
        "0x0000000000000000000000000000000000000000"
    ],
    "tokens": [
        "native_token",
        "0xbb4cdb9cbd36b01bd1cbaebf2de08d9173bc095c",
        "0x55d398326f99059ff775485246999027b3197955",
        "0x2766cc2537538ac68816b6b5a393fa978a4a8931",
        "0x38293b85b5924c333b0095df0ce54ad80145d87d"
    ]
}