{
    "hash": "0x8651e03bffda865705fb4e704777cdc4f3ade6e39d17b3730dd53458ccdd6dcf",
    "chain": "Binance",
    "U": [
        0,
        1,
        2,
        2,
        4,
        2,
        5,
        6,
        2,
        2
    ],
    "V": [
        1,
        2,
        3,
        4,
        2,
        5,
        6,
        2,
        7,
        0
    ],
    "feat": [
        [
            0,
            0,
            0,
            1,
            0.1,
            0.1,
            0.25,
            0.25,
            -0.09408007936207352
        ],
        [
            0,
            1,
            0,
            0,
            0.1,
            0.1,
            0.25,
            0.25,
            0.0
        ],
        [
            0,
            1,
            0,
            0,
            0.3,
            0.5,
            0.75,
            1.0,
            -0.9100000000000001
        ],
        [
            0,
            0,
            1,
            0,
            0.1,
            0.0,
            0.25,
            0.0,
            1.0
        ],
        [
            0,
            1,
            0,
            0,
            0.1,
            0.1,
            0.25,
            0.25,
            0.0
        ],
        [
            0,
            0,
            1,
            0,
            0.1,
            0.1,
            0.25,
            0.25,
            0.0015528261111028563
        ],
        [
            0,
            0,
            1,
            0,
            0.1,
            0.1,
            0.25,
            0.25,
            -0.0015528261111028563
        ],
        [
            0,
            0,
            0,
            1,
            0.1,
            0.0,
            0.25,
            0.0,
            0.0040800793620735755
        ]
    ],
    "nodeCount": 8,
    "edgeCount": 10,
    "tokenCount": 4,
    "nodes": [
        "0xf5394f4544b4ea26bd82961deb2b13d6ce938659",
        "0xdef1c0ded9bec7f1a1670819833240f027b25eff",
        "0xdb6f1920a889355780af7570773609bd8cb1f498",
        "0xbb4cdb9cbd36b01bd1cbaebf2de08d9173bc095c",
        "0x0fe261aee0d1c4dfddee4102e82dd425999065f4",
        "0x58f876857a02d6762e0101bb5c46a8c1ed44dc16",
        "0x566d2cb4b1096e3f7fe7c3e8caee449311a3a34b",
        "0x96c195f6643a3d797cb90cb6ba0ae2776d51b5f3"
    ],
    "tokens": [
        "native_token",
        "0xbb4cdb9cbd36b01bd1cbaebf2de08d9173bc095c",
        "0xe9e7cea3dedca5984780bafc599bd69add087d56",
        "0x85bb29c7219174b172633074ee9d87ad4858c06c"
    ]
}