{
    "hash": "0x863e0c7517334d2ce6b1b9d43d60df454e0c34e396dc6e5802ca58247badb5c9",
    "chain": "Binance",
    "U": [
        0,
        1,
        3
    ],
    "V": [
        1,
        2,
        4
    ],
    "feat": [
        [
            0,
            1,
            0,
            0,
            0.0,
            0.3333333333333333,
            0.0,
            0.5,
            -0.026007280274288395
        ],
        [
            0,
            1,
            0,
            0,
            0.3333333333333333,
            0.3333333333333333,
            0.5,
            0.5,
            -0.9739927197257116
        ],
        [
            0,
            0,
            0,
            1,
            0.3333333333333333,
            0.0,
            0.5,
            0.0,
            1.0
        ],
        [
            0,
            1,
            0,
            0,
            0.0,
            0.3333333333333333,
            0.0,
            0.5,
            -1.0
        ],
        [
            0,
            0,
            0,
            1,
            0.3333333333333333,
            0.0,
            0.5,
            0.0,
            1.0
        ]
    ],
    "nodeCount": 5,
    "edgeCount": 3,
    "tokenCount": 2,
    "nodes": [
        "0x3716c0caf03046c885893110f7f822dc55c4601a",
        "0xa8ccf29cb3501e9932e5747a850f13a615cbf226",
        "0x65bb4cfd4e1fcf2e045fed09b063f4c38c6e079c",
        "0xb7746f9eac21285abef7d4e2c92ed415927b5285",
        "0x0000000000000000000000000000000000000000"
    ],
    "tokens": [
        "0x8519ea49c997f50ceffa444d240fb655e89248aa",
        "0x616cb36b74f8e33175cba1e376cafa162d10ba7b"
    ]
}