{
    "hash": "0x8604b6e64ecf2d41b458f80705cc9cd615afd8f4a97f382da7c9a1cdf481bf88",
    "chain": "Ethereum",
    "U": [
        0,
        1,
        2,
        0,
        0
    ],
    "V": [
        1,
        2,
        0,
        3,
        4
    ],
    "feat": [
        [
            0,
            1,
            0,
            0,
            0.2,
            0.6,
            0.25,
            0.75,
            -1.0050504482259193
        ],
        [
            0,
            0,
            1,
            0,
            0.2,
            0.2,
            0.25,
            0.25,
            0.0
        ],
        [
            0,
            0,
            1,
            0,
            0.2,
            0.2,
            0.25,
            0.25,
            0.0
        ],
        [
            0,
            0,
            0,
            1,
            0.2,
            0.0,
            0.25,
            0.0,
            0.005050448225919193
        ],
        [
            0,
            0,
            0,
            1,
            0.2,
            0.0,
            0.25,
            0.0,
            1.0
        ]
    ],
    "nodeCount": 5,
    "edgeCount": 5,
    "tokenCount": 4,
    "nodes": [
        "0x6d46c372bb670e178f9df57bb1325517eb385eda",
        "0xf91c12dae1313d0be5d7a27aa559b1171cc1eac5",
        "0xb4e16d0168e52d35cacd2c6185b44281ec28c9dc",
        "0xfb2a52012f5e757ba748d1f8d7f582b8d1a613c0",
        "0x482579f93dc13e6b434e38b5a0447ca543d88a46"
    ],
    "tokens": [
        "0xaa6e8127831c9de45ae56bb1b0d4d4da6e5665bd",
        "0xc02aaa39b223fe8d0a0e5c4f27ead9083c756cc2",
        "0xa0b86991c6218b36c1d19d4a2e9eb0ce3606eb48",
        "native_token"
    ]
}