{
    "hash": "0x863297c27d0496ace1a709704f99117711cd8ec145ae017975d0188035bd7623",
    "chain": "Ethereum",
    "U": [
        0,
        1,
        2,
        4,
        2,
        5,
        1,
        6,
        1,
        1,
        7,
        1
    ],
    "V": [
        1,
        2,
        3,
        2,
        1,
        1,
        5,
        1,
        6,
        7,
        1,
        0
    ],
    "feat": [
        [
            0,
            0,
            0,
            1,
            0.08333333333333333,
            0.08333333333333333,
            0.2,
            0.2,
            0.0
        ],
        [
            1,
            0,
            0,
            0,
            0.4166666666666667,
            0.4166666666666667,
            0.8,
            0.8,
            0.0
        ],
        [
            0,
            1,
            0,
            0,
            0.16666666666666666,
            0.16666666666666666,
            0.4,
            0.4,
            0.0
        ],
        [
            0,
            0,
            0,
            1,
            0.08333333333333333,
            0.0,
            0.2,
            0.0,
            1.0
        ],
        [
            0,
            1,
            0,
            0,
            0.0,
            0.08333333333333333,
            0.0,
            0.2,
            -1.0
        ],
        [
            0,
            1,
            0,
            0,
            0.08333333333333333,
            0.08333333333333333,
            0.2,
            0.2,
            0.0
        ],
        [
            1,
            0,
            0,
            0,
            0.08333333333333333,
            0.08333333333333333,
            0.2,
            0.2,
            -0.00016694090088192892
        ],
        [
            0,
            0,
            1,
            0,
            0.08333333333333333,
            0.08333333333333333,
            0.2,
            0.2,
            0.00016694090088198443
        ]
    ],
    "nodeCount": 8,
    "edgeCount": 12,
    "tokenCount": 5,
    "nodes": [
        "0xf7b18e107eb36797f4ce36de756630b9c30969ad",
        "0xfd3dfb524b2da40c8a6d703c62be36b5d8540626",
        "0x890f4e345b1daed0367a877a1612f86a1f86985f",
        "0x0000000000000000000000000000000000000000",
        "0xbebc44782c7db0a1a60cb6fe97d0b483032ff1c7",
        "0x11b815efb8f581194ae79006d24e0d814b7697f6",
        "0x122e55503a0b2e5cd528effa44d0b2fea300f24b",
        "0x6ada49aeccf6e556bb7a35ef0119cc8ca795294a"
    ],
    "tokens": [
        "0xa47c8bf37f92abed4a126bda807a7b7498661acd",
        "0x6c3f90f043a72fa612cbac8115ee7e52bde6e490",
        "0xdac17f958d2ee523a2206206994597c13d831ec7",
        "0xc02aaa39b223fe8d0a0e5c4f27ead9083c756cc2",
        "0x4691937a7508860f876c9c0a2a617e7d9e945d4b"
    ]
}