{
    "hash": "0x860ac390cb7a876b0b5a58ad650caeb7d9dc2b5e4703b17d1558dd7d806af6ca",
    "chain": "Ethereum",
    "U": [
        0,
        1,
        2,
        1,
        3,
        1
    ],
    "V": [
        1,
        2,
        1,
        3,
        1,
        0
    ],
    "feat": [
        [
            0,
            0,
            0,
            1,
            0.16666666666666666,
            0.16666666666666666,
            0.3333333333333333,
            0.3333333333333333,
            0.0
        ],
        [
            0,
            1,
            0,
            0,
            0.5,
            0.5,
            1.0,
            1.0,
            0.0
        ],
        [
            0,
            0,
            1,
            0,
            0.16666666666666666,
            0.16666666666666666,
            0.3333333333333333,
            0.3333333333333333,
            0.0
        ],
        [
            0,
            0,
            1,
            0,
            0.16666666666666666,
            0.16666666666666666,
            0.3333333333333333,
            0.3333333333333333,
            0.0
        ]
    ],
    "nodeCount": 4,
    "edgeCount": 6,
    "tokenCount": 3,
    "nodes": [
        "0x288fc73d726823fbfeecf42f642b8798de34a7d0",
        "0x9d0950c595786aba7c26dfddf270d66a8b18b4fa",
        "0x1a4ffe0dcbdb4d551cfca61a5626afd190731347",
        "0xa6c0cbcaebd93ad3c6c94412ec06aaa37870216d"
    ],
    "tokens": [
        "0xdb25f211ab05b1c97d595516f45794528a807ad8",
        "0xa0b86991c6218b36c1d19d4a2e9eb0ce3606eb48",
        "0xcadc0acd4b445166f12d2c07eac6e2544fbe2eef"
    ]
}