{
    "hash": "0x87bc40585f8de8e3c2bf25e4124e6847c4c19de040b7abd57ee11c6bbf583b5d",
    "chain": "Binance",
    "U": [
        0,
        1,
        2,
        3,
        4,
        5,
        2,
        6,
        7
    ],
    "V": [
        1,
        2,
        3,
        4,
        5,
        0,
        6,
        7,
        0
    ],
    "feat": [
        [
            0,
            0,
            0,
            1,
            0.2222222222222222,
            0.1111111111111111,
            0.25,
            0.25,
            0.11143293362526241
        ],
        [
            1,
            0,
            0,
            0,
            0.1111111111111111,
            0.1111111111111111,
            0.25,
            0.25,
            0.0010000000000000009
        ],
        [
            1,
            0,
            0,
            0,
            0.1111111111111111,
            0.2222222222222222,
            0.25,
            0.25,
            0.0
        ],
        [
            0,
            0,
            1,
            0,
            0.1111111111111111,
            0.1111111111111111,
            0.25,
            0.25,
            -0.011359795441790083
        ],
        [
            0,
            0,
            1,
            0,
            0.1111111111111111,
            0.1111111111111111,
            0.25,
            0.25,
            -0.8887402045582099
        ],
        [
            0,
            0,
            1,
            0,
            0.1111111111111111,
            0.1111111111111111,
            0.25,
            0.25,
            0.8885670663747376
        ],
        [
            0,
            0,
            1,
            0,
            0.1111111111111111,
            0.1111111111111111,
            0.25,
            0.25,
            -0.10089999999999999
        ],
        [
            0,
            0,
            1,
            0,
            0.1111111111111111,
            0.1111111111111111,
            0.25,
            0.25,
            0.0
        ]
    ],
    "nodeCount": 8,
    "edgeCount": 9,
    "tokenCount": 4,
    "nodes": [
        "0x4f0338c30e179c63d3c71dab399af35a3f3e233e",
        "0xb01a9a7ef5779fa8680898827cc2b1aed638ee2d",
        "0x1a182f9c83bbfd994dc1cf0136661dedbf8b93f6",
        "0x5c8a92320674cbc277a6a4228417d3d2c0602b27",
        "0xd99c7f6c65857ac913a8f880a4cb84032ab2fc5b",
        "0x2354ef4df11afacb85a5c7f98b624072eccddbb1",
        "0xf65c1c0478efde3c19b49ecbe7acc57bb6b1d713",
        "0x51e6d27fa57373d8d4c256231241053a70cb1d93"
    ],
    "tokens": [
        "0x603c7f932ed1fc6575303d8fb018fdcbb0f39a95",
        "0xbb4cdb9cbd36b01bd1cbaebf2de08d9173bc095c",
        "0x8ac76a51cc950d9822d68b83fe1ad97b32cd580d",
        "0xe9e7cea3dedca5984780bafc599bd69add087d56"
    ]
}