{
    "hash": "0x87d68f059a5bb31cdd8ace0fe8ea944ce74e18d22424349360c2e204e53cdc10",
    "chain": "Binance",
    "U": [
        0,
        0,
        1
    ],
    "V": [
        1,
        2,
        0
    ],
    "feat": [
        [
            0,
            0,
            0,
            1,
            0.3333333333333333,
            0.6666666666666666,
            0.3333333333333333,
            0.6666666666666666,
            -1.0
        ],
        [
            0,
            0,
            0,
            1,
            0.3333333333333333,
            0.3333333333333333,
            0.3333333333333333,
            0.3333333333333333,
            0.0
        ],
        [
            0,
            1,
            0,
            0,
            0.3333333333333333,
            0.0,
            0.3333333333333333,
            0.0,
            1.0
        ]
    ],
    "nodeCount": 3,
    "edgeCount": 3,
    "tokenCount": 3,
    "nodes": [
        "0x70d628288d3b2244b9c2fe12b8c987162380c642",
        "0x0000000000000000000000000000000000000000",
        "0xfe6f0534079507de1ed5632e3a2d4afc2423ead2"
    ],
    "tokens": [
        "0x9001ee054f1692fef3a48330cb543b6fec6287eb",
        "0xe9e7cea3dedca5984780bafc599bd69add087d56",
        "0x7b65b489fe53fce1f6548db886c08ad73111ddd8"
    ]
}