{
    "hash": "0x8717464903f0aba76808bed0b23a1429577ff4939fa7a01ad6ec3e8a5a7dcd0e",
    "chain": "Ethereum",
    "U": [
        0,
        1,
        3,
        2,
        2,
        4
    ],
    "V": [
        1,
        2,
        2,
        3,
        4,
        0
    ],
    "feat": [
        [
            1,
            0,
            0,
            0,
            0.16666666666666666,
            0.16666666666666666,
            0.3333333333333333,
            0.3333333333333333,
            0.018976106631834133
        ],
        [
            0,
            0,
            1,
            0,
            0.16666666666666666,
            0.16666666666666666,
            0.3333333333333333,
            0.3333333333333333,
            -0.018976106631821477
        ],
        [
            1,
            0,
            0,
            0,
            0.3333333333333333,
            0.3333333333333333,
            0.6666666666666666,
            0.6666666666666666,
            1.201019284025051e-10
        ],
        [
            0,
            0,
            1,
            0,
            0.16666666666666666,
            0.16666666666666666,
            0.3333333333333333,
            0.3333333333333333,
            0.0
        ],
        [
            0,
            0,
            1,
            0,
            0.16666666666666666,
            0.16666666666666666,
            0.3333333333333333,
            0.3333333333333333,
            -1.2011458494498584e-10
        ]
    ],
    "nodeCount": 5,
    "edgeCount": 6,
    "tokenCount": 3,
    "nodes": [
        "0xdfee68a9adb981cd08699891a11cabe10f25ec44",
        "0xfaad1072e259b5ed342d3f16277477b46d379abc",
        "0x0000000000007f150bd6f54c40a34d7c3d5e9f56",
        "0xabafa52d3d5a2c18a4c1ae24480d22b831fc0413",
        "0x9a60f0a46c1485d4bda7750adb0db1b17aa48a33"
    ],
    "tokens": [
        "0xc02aaa39b223fe8d0a0e5c4f27ead9083c756cc2",
        "0x126c121f99e1e211df2e5f8de2d96fa36647c855",
        "0xabafa52d3d5a2c18a4c1ae24480d22b831fc0413"
    ]
}