{
    "hash": "0x884e2c504e10af521ec0e6ae79f69271be2cc8607eb7ddfdd156e03eba292fe1",
    "chain": "Binance",
    "U": [
        0,
        1,
        1,
        1,
        0,
        0,
        1,
        4,
        5
    ],
    "V": [
        1,
        2,
        0,
        0,
        3,
        1,
        0,
        5,
        0
    ],
    "feat": [
        [
            0,
            1,
            0,
            0,
            0.4444444444444444,
            0.3333333333333333,
            0.6666666666666666,
            0.6666666666666666,
            0.1261957953247269
        ],
        [
            0,
            0,
            1,
            0,
            0.2222222222222222,
            0.4444444444444444,
            0.6666666666666666,
            1.0,
            -0.127495795324727
        ],
        [
            0,
            0,
            0,
            1,
            0.1111111111111111,
            0.0,
            0.3333333333333333,
            0.0,
            1.0
        ],
        [
            0,
            1,
            0,
            0,
            0.1111111111111111,
            0.0,
            0.3333333333333333,
            0.0,
            0.0012999999999999932
        ],
        [
            0,
            0,
            0,
            1,
            0.0,
            0.1111111111111111,
            0.0,
            0.3333333333333333,
            -1.0
        ],
        [
            0,
            1,
            0,
            0,
            0.1111111111111111,
            0.1111111111111111,
            0.3333333333333333,
            0.3333333333333333,
            0.0
        ]
    ],
    "nodeCount": 6,
    "edgeCount": 9,
    "tokenCount": 3,
    "nodes": [
        "0x5d2112ba0969ec66012380c1fb88f2a3d182eb90",
        "0x1bba5c6cc38ef04066042237b4298dc23405304d",
        "0x0000000000000000000000000000000000000000",
        "0x593cc303170367fcb249abdd08aaaa736d552ba5",
        "0x987770bd8e426a177dd651606503e188471c8d87",
        "0x51ef0d7d28aa936d6d390ad13ea53aede1234fa5"
    ],
    "tokens": [
        "0x1bba5c6cc38ef04066042237b4298dc23405304d",
        "0xbb4cdb9cbd36b01bd1cbaebf2de08d9173bc095c",
        "0xdd97ab35e3c0820215bc85a395e13671d84ccba2"
    ]
}