{
    "hash": "0x89d108322d48d79203ee1fde92668753bdaa23a83567f85803ab660e1fa1c695",
    "chain": "Binance",
    "U": [
        0,
        2,
        1,
        0,
        1
    ],
    "V": [
        1,
        3,
        0,
        1,
        0
    ],
    "feat": [
        [
            1,
            0,
            0,
            0,
            0.4,
            0.4,
            0.6666666666666666,
            0.6666666666666666,
            -0.005987979891266537
        ],
        [
            0,
            0,
            1,
            0,
            0.4,
            0.4,
            0.6666666666666666,
            0.6666666666666666,
            0.005987979891266537
        ],
        [
            0,
            0,
            0,
            1,
            0.0,
            0.2,
            0.0,
            0.3333333333333333,
            -1.0
        ],
        [
            0,
            1,
            0,
            0,
            0.2,
            0.0,
            0.3333333333333333,
            0.0,
            1.0
        ]
    ],
    "nodeCount": 4,
    "edgeCount": 5,
    "tokenCount": 3,
    "nodes": [
        "0xccba0923baf22830b5943353273ce7763f15e772",
        "0x62c1dec1ff328dcdc157ae0068bb21af3967acd9",
        "0x0000000000000000000000000000000000000000",
        "0x782395303692abed877d2737aa7982345eb44c11"
    ],
    "tokens": [
        "0x55d398326f99059ff775485246999027b3197955",
        "0x9c65ab58d8d978db963e63f2bfb7121627e3a739",
        "0xe9e7cea3dedca5984780bafc599bd69add087d56"
    ]
}