{
    "hash": "0x89dc75dd8fbe99297dca03e91227c4c5ec40b5e0eb33c44af3541df0d451b693",
    "chain": "Ethereum",
    "U": [
        0,
        1,
        0,
        2,
        0,
        3,
        4,
        0,
        0
    ],
    "V": [
        1,
        0,
        2,
        0,
        3,
        4,
        0,
        5,
        6
    ],
    "feat": [
        [
            1,
            0,
            0,
            0,
            0.3333333333333333,
            0.5555555555555556,
            0.4,
            0.8,
            -1.944635992935452
        ],
        [
            0,
            0,
            1,
            0,
            0.1111111111111111,
            0.1111111111111111,
            0.2,
            0.2,
            -0.05536400706454825
        ],
        [
            0,
            0,
            1,
            0,
            0.1111111111111111,
            0.1111111111111111,
            0.2,
            0.2,
            0.05231008247528102
        ],
        [
            0,
            0,
            1,
            0,
            0.1111111111111111,
            0.1111111111111111,
            0.2,
            0.2,
            -0.05231008247528102
        ],
        [
            0,
            0,
            1,
            0,
            0.1111111111111111,
            0.1111111111111111,
            0.2,
            0.2,
            0.0
        ],
        [
            0,
            0,
            0,
            1,
            0.1111111111111111,
            0.0,
            0.2,
            0.0,
            1.0
        ],
        [
            0,
            0,
            0,
            1,
            0.1111111111111111,
            0.0,
            0.2,
            0.0,
            1.0
        ]
    ],
    "nodeCount": 7,
    "edgeCount": 9,
    "tokenCount": 5,
    "nodes": [
        "0x97b93bcfe80f3981f8a8925809a771405d7dee86",
        "0x0badc63d5cc7a25007f7c35acc23369c00df6ee7",
        "0xf7dde178fabe8386ade62d584019326a203b5394",
        "0xc2b0f2a7f736d3b908bdde8608177c8fc28c1690",
        "0xf1ee7348e45ef0e838c705c2eece6d414d4aab3f",
        "0x01ca8a0ba4a80d12a8fb6e3655688f57b16608cf",
        "0x0000000000000000000000000000000000000000"
    ],
    "tokens": [
        "0xa0b86991c6218b36c1d19d4a2e9eb0ce3606eb48",
        "0xf1f955016ecbcd7321c7266bccfb96c68ea5e49b",
        "0x3a880652f47bfaa771908c07dd8673a787daed3a",
        "native_token",
        "0x0000000000004946c0e9f43f4dee607b0ef1fa1c"
    ]
}