{
    "hash": "0x899bb711f4189e4e90fbb88a2bca97dd3c6c6a92204aa4aaf74dcb087e5d2821",
    "chain": "Binance",
    "U": [
        0,
        2,
        1,
        4,
        3,
        2,
        2,
        2,
        2,
        3,
        3,
        7,
        1,
        4,
        3
    ],
    "V": [
        1,
        1,
        3,
        3,
        2,
        5,
        6,
        3,
        1,
        4,
        1,
        8,
        3,
        3,
        0
    ],
    "feat": [
        [
            0,
            0,
            0,
            1,
            0.06666666666666667,
            0.06666666666666667,
            0.25,
            0.25,
            0.0
        ],
        [
            0,
            0,
            1,
            0,
            0.26666666666666666,
            0.13333333333333333,
            0.5,
            0.25,
            0.07627959877468442
        ],
        [
            0,
            0,
            1,
            0,
            0.06666666666666667,
            0.3333333333333333,
            0.25,
            0.5,
            -0.1426945304651555
        ],
        [
            0,
            1,
            0,
            0,
            0.3333333333333333,
            0.26666666666666666,
            0.5,
            0.5,
            1.0664149316904712
        ],
        [
            0,
            0,
            1,
            0,
            0.06666666666666667,
            0.13333333333333333,
            0.25,
            0.25,
            -1.0664149316904712
        ],
        [
            0,
            0,
            0,
            1,
            0.06666666666666667,
            0.0,
            0.25,
            0.0,
            0.03795138953741199
        ],
        [
            0,
            0,
            0,
            1,
            0.06666666666666667,
            0.0,
            0.25,
            0.0,
            0.028463542153058997
        ],
        [
            0,
            0,
            0,
            1,
            0.0,
            0.06666666666666667,
            0.0,
            0.25,
            -1.0
        ],
        [
            0,
            0,
            0,
            1,
            0.06666666666666667,
            0.0,
            0.25,
            0.0,
            1.0
        ]
    ],
    "nodeCount": 9,
    "edgeCount": 15,
    "tokenCount": 4,
    "nodes": [
        "0xfb967fd0b9b31da424d9182c7a0ff05bbc7bff0e",
        "0x158befde95a3b2b5c915d04b0fbeefb1a542ca53",
        "0xc0924edefb2c0c303de2d0c21bff07ab763163b5",
        "0x10ed43c718714eb63d5aa57b78b54704e256024e",
        "0xbb4cdb9cbd36b01bd1cbaebf2de08d9173bc095c",
        "0xff3649ad78cf6935746565a704de22be50bc6dc1",
        "0x35a190f8a3c1c3056f16a7eec88e09ec54ced984",
        "0x0000000000000000000000000000000000000000",
        "0x0542df7dacc8716653df3fd9f991520aa2f2d0bc"
    ],
    "tokens": [
        "0xc0924edefb2c0c303de2d0c21bff07ab763163b5",
        "0xbb4cdb9cbd36b01bd1cbaebf2de08d9173bc095c",
        "native_token",
        "0x158befde95a3b2b5c915d04b0fbeefb1a542ca53"
    ]
}