{
    "hash": "0x8919bb2b3c7ec4998e980e8eb8c47bdaf93077cfedb60df885df01c0b4709d8f",
    "chain": "Binance",
    "U": [
        0,
        1,
        2,
        4,
        2,
        1,
        5,
        6,
        1,
        0
    ],
    "V": [
        1,
        2,
        3,
        2,
        1,
        5,
        6,
        1,
        0,
        4
    ],
    "feat": [
        [
            0,
            0,
            0,
            1,
            0.1,
            0.2,
            0.2,
            0.4,
            -0.9993079808238927
        ],
        [
            1,
            0,
            0,
            0,
            0.3,
            0.3,
            0.4,
            0.4,
            0.0
        ],
        [
            0,
            1,
            0,
            0,
            0.2,
            0.2,
            0.4,
            0.4,
            1.1102230246251565e-16
        ],
        [
            0,
            1,
            0,
            0,
            0.1,
            0.0,
            0.2,
            0.0,
            0.9993079808238928
        ],
        [
            0,
            0,
            0,
            1,
            0.1,
            0.1,
            0.2,
            0.2,
            0.0
        ],
        [
            0,
            1,
            0,
            0,
            0.1,
            0.1,
            0.2,
            0.2,
            0.0
        ],
        [
            0,
            0,
            1,
            0,
            0.1,
            0.1,
            0.2,
            0.2,
            0.0
        ]
    ],
    "nodeCount": 7,
    "edgeCount": 10,
    "tokenCount": 5,
    "nodes": [
        "0xf6ae2d241b828ebb7bde875df2db82d52b9900b8",
        "0x4d26feacc516cb4eae00d002164fdb94b208db8b",
        "0x99c92765efc472a9709ced86310d64c4573c4b77",
        "0xb3f0c9ea1f05e312093fdb031e789a756659b0ac",
        "0x0000000000000000000000000000000000000000",
        "0x03ff6c83226cdb10c7a42a2c54c67d63a135ab69",
        "0x1b96b92314c44b159149f7e0303511fb2fc4774f"
    ],
    "tokens": [
        "0xe9e7cea3dedca5984780bafc599bd69add087d56",
        "0x83d69ef5c9837e21e2389d47d791714f5771f29b",
        "0x23396cf899ca06c4472205fc903bdb4de249d6fc",
        "0xbb4cdb9cbd36b01bd1cbaebf2de08d9173bc095c",
        "0x0000000000004946c0e9f43f4dee607b0ef1fa1c"
    ]
}