{
    "hash": "0x8abb0f7a4db3fed75768376706783f08e4f11c19c7c2b9b566d6052e02fcc9c7",
    "chain": "Ethereum",
    "U": [
        0,
        1,
        2,
        3,
        1
    ],
    "V": [
        1,
        2,
        1,
        1,
        0
    ],
    "feat": [
        [
            0,
            0,
            0,
            1,
            0.2,
            0.2,
            0.3333333333333333,
            0.3333333333333333,
            0.0
        ],
        [
            0,
            1,
            0,
            0,
            0.6,
            0.4,
            1.0,
            0.6666666666666666,
            1.0
        ],
        [
            0,
            0,
            1,
            0,
            0.2,
            0.2,
            0.3333333333333333,
            0.3333333333333333,
            0.0
        ],
        [
            0,
            0,
            1,
            0,
            0.0,
            0.2,
            0.0,
            0.3333333333333333,
            -1.0
        ]
    ],
    "nodeCount": 4,
    "edgeCount": 5,
    "tokenCount": 3,
    "nodes": [
        "0x6c2ed6d94ce78655b5d735735a2f1cbc064c695b",
        "0xf3caa27dd9926b391f50849bdfdb8a06fb489b67",
        "0xbb025d470162cc5ea24daf7d4566064ee7f5f111",
        "0xd8553552f8868c1ef160eedf031cf0bcf9686945"
    ],
    "tokens": [
        "native_token",
        "0xbb025d470162cc5ea24daf7d4566064ee7f5f111",
        "0x956f47f50a910163d8bf957cf5846d573e7f87ca"
    ]
}