{
    "hash": "0x8b3d8da935cb0d9cad2f55b2cc5c2cb9add49b58c39c67092463feb2894978f9",
    "chain": "Ethereum",
    "U": [
        0,
        1,
        1,
        1,
        1,
        1,
        1,
        1,
        1,
        1,
        1,
        1,
        1,
        1,
        1,
        1,
        1,
        1,
        1,
        1,
        1,
        1,
        1,
        1,
        1,
        1,
        1,
        1,
        1,
        1,
        1,
        1,
        1,
        1,
        1,
        1,
        1
    ],
    "V": [
        1,
        1,
        2,
        0,
        1,
        2,
        0,
        1,
        2,
        0,
        1,
        2,
        0,
        1,
        2,
        0,
        1,
        2,
        0,
        1,
        2,
        0,
        1,
        2,
        0,
        1,
        2,
        0,
        1,
        2,
        0,
        1,
        2,
        0,
        1,
        2,
        0
    ],
    "feat": [
        [
            0,
            0,
            0,
            1,
            0.32432432432432434,
            0.02702702702702703,
            0.5,
            0.5,
            10.999130461786901
        ],
        [
            0,
            1,
            0,
            0,
            0.35135135135135137,
            0.972972972972973,
            0.5,
            1.0,
            -11.999130461786898
        ],
        [
            0,
            0,
            0,
            1,
            0.32432432432432434,
            0.0,
            0.5,
            0.0,
            0.999999999999996
        ]
    ],
    "nodeCount": 3,
    "edgeCount": 37,
    "tokenCount": 2,
    "nodes": [
        "0xdf12ea9870db470898636d6e54e19e033153cd69",
        "0xfbddadd80fe7bda00b901fbaf73803f2238ae655",
        "0x4b5057b2c87ec9e7c047fb00c0e406dff2fdacad"
    ],
    "tokens": [
        "native_token",
        "0x990f341946a3fdb507ae7e52d17851b87168017c"
    ]
}