{
    "hash": "0x8b2302bdd0ae630c85a2a476fc1c00a8d60a1dfd6b2782439bfb4ddabbcbf3c3",
    "chain": "Ethereum",
    "U": [
        0,
        1,
        1,
        1,
        1,
        1,
        1,
        1,
        1,
        1,
        1,
        1,
        1,
        1,
        1,
        1,
        1,
        1,
        1,
        1,
        1,
        1,
        1,
        1,
        1,
        1,
        1,
        1,
        1,
        1,
        1,
        1,
        1,
        1,
        1,
        1,
        1,
        1,
        1,
        1,
        1,
        1,
        1,
        1,
        1,
        1,
        1,
        1,
        1
    ],
    "V": [
        1,
        1,
        2,
        0,
        1,
        2,
        0,
        1,
        2,
        0,
        1,
        2,
        0,
        1,
        2,
        0,
        1,
        2,
        0,
        1,
        2,
        0,
        1,
        2,
        0,
        1,
        2,
        0,
        1,
        2,
        0,
        1,
        2,
        0,
        1,
        2,
        0,
        1,
        2,
        0,
        1,
        2,
        0,
        1,
        2,
        0,
        1,
        2,
        0
    ],
    "feat": [
        [
            0,
            0,
            0,
            1,
            0.32653061224489793,
            0.02040816326530612,
            0.5,
            0.5,
            15.0
        ],
        [
            0,
            1,
            0,
            0,
            0.3469387755102041,
            0.9795918367346939,
            0.5,
            1.0,
            -16.0
        ],
        [
            0,
            0,
            0,
            1,
            0.32653061224489793,
            0.0,
            0.5,
            0.0,
            0.9999999999999987
        ]
    ],
    "nodeCount": 3,
    "edgeCount": 49,
    "tokenCount": 2,
    "nodes": [
        "0x445db896bf3a6c1444b44230e1f017a01d284a8d",
        "0xfbddadd80fe7bda00b901fbaf73803f2238ae655",
        "0x4b5057b2c87ec9e7c047fb00c0e406dff2fdacad"
    ],
    "tokens": [
        "native_token",
        "0x990f341946a3fdb507ae7e52d17851b87168017c"
    ]
}