{
    "hash": "0x8c1bb28ba94c8bd0e61bdb51cfc6a1e7de4eb340cf87092710641a83f8515252",
    "chain": "Binance",
    "U": [
        0,
        1,
        3,
        4,
        4,
        6,
        2,
        3,
        3,
        6,
        2,
        8,
        9,
        2,
        1
    ],
    "V": [
        1,
        2,
        4,
        2,
        5,
        7,
        3,
        2,
        5,
        7,
        8,
        2,
        2,
        1,
        0
    ],
    "feat": [
        [
            0,
            0,
            0,
            1,
            0.06666666666666667,
            0.06666666666666667,
            0.25,
            0.25,
            0.0
        ],
        [
            0,
            1,
            0,
            0,
            0.13333333333333333,
            0.13333333333333333,
            0.5,
            0.5,
            0.0
        ],
        [
            1,
            0,
            0,
            0,
            0.3333333333333333,
            0.2,
            1.0,
            0.5,
            2.0
        ],
        [
            0,
            0,
            1,
            0,
            0.06666666666666667,
            0.2,
            0.25,
            0.25,
            -0.0023865784094577736
        ],
        [
            0,
            0,
            1,
            0,
            0.06666666666666667,
            0.13333333333333333,
            0.25,
            0.5,
            -0.9998229514605094
        ],
        [
            0,
            0,
            1,
            0,
            0.13333333333333333,
            0.0,
            0.25,
            0.0,
            0.0018102309854032001
        ],
        [
            0,
            0,
            0,
            1,
            0.0,
            0.13333333333333333,
            0.0,
            0.25,
            -0.7256396774972469
        ],
        [
            1,
            0,
            0,
            0,
            0.13333333333333333,
            0.0,
            0.25,
            0.0,
            0.7256396774972469
        ],
        [
            0,
            0,
            1,
            0,
            0.06666666666666667,
            0.06666666666666667,
            0.25,
            0.25,
            -0.6
        ],
        [
            0,
            0,
            1,
            0,
            0.0,
            0.06666666666666667,
            0.0,
            0.25,
            -0.39960070111543605
        ]
    ],
    "nodeCount": 10,
    "edgeCount": 15,
    "tokenCount": 4,
    "nodes": [
        "0x3ed175596ce814d349b5f4d896565f998e597ec4",
        "0x7be44b47c12761eab1b80b5779638fb09165c743",
        "0x13587a914f15e783e6488de042f9b13e9753e3b2",
        "0xcb653c02cf3c01863ba808ed602060ea61fe6feb",
        "0xcfaefce10ce1f5c2c65b483ce71168070fd2780c",
        "0xb4e8d978bff48c2d8fa241c0f323f71c1457ca81",
        "0x0000000000000000000000000000000000000000",
        "0xb6c5c839cef46082a2b51164e8db649c121f147e",
        "0xe415f82e756027cfcc212d04dd9121a3f7080e8a",
        "0xbb4cdb9cbd36b01bd1cbaebf2de08d9173bc095c"
    ],
    "tokens": [
        "0xe9e7cea3dedca5984780bafc599bd69add087d56",
        "native_token",
        "0xb4e8d978bff48c2d8fa241c0f323f71c1457ca81",
        "0xbb4cdb9cbd36b01bd1cbaebf2de08d9173bc095c"
    ]
}