{
    "hash": "0x8c6433d4e979368ebfa8bd5bd2cdfabf176f60f3371a184f24e829a92abb45d7",
    "chain": "Ethereum",
    "U": [
        0,
        1,
        2,
        1,
        3,
        1,
        4,
        5,
        1,
        1
    ],
    "V": [
        1,
        2,
        1,
        3,
        1,
        4,
        1,
        1,
        5,
        0
    ],
    "feat": [
        [
            0,
            0,
            0,
            1,
            0.1,
            0.1,
            0.3333333333333333,
            0.3333333333333333,
            0.0
        ],
        [
            1,
            0,
            0,
            0,
            0.5,
            0.5,
            1.0,
            1.0,
            0.0
        ],
        [
            0,
            0,
            1,
            0,
            0.1,
            0.1,
            0.3333333333333333,
            0.3333333333333333,
            -0.002171842919258704
        ],
        [
            0,
            0,
            1,
            0,
            0.1,
            0.1,
            0.3333333333333333,
            0.3333333333333333,
            0.0007760033599348293
        ],
        [
            0,
            0,
            1,
            0,
            0.1,
            0.1,
            0.3333333333333333,
            0.3333333333333333,
            0.0013958395593238748
        ],
        [
            0,
            1,
            0,
            0,
            0.1,
            0.1,
            0.3333333333333333,
            0.3333333333333333,
            0.0
        ]
    ],
    "nodeCount": 6,
    "edgeCount": 10,
    "tokenCount": 3,
    "nodes": [
        "0x1611c227725c5e420ef058275ae772b41775e261",
        "0x27239549dd40e1d60f5b80b0c4196923745b1fd2",
        "0xdb942c0851774bd817e6f4813f1fa64cce6fe25f",
        "0x43632e3448cd47440fee797258081414d91a58ce",
        "0x7ca51456b20697a0e5be65e5aeb65dfe90f21150",
        "0x11b815efb8f581194ae79006d24e0d814b7697f6"
    ],
    "tokens": [
        "0x1337def18c680af1f9f45cbcab6309562975b1dd",
        "0xc02aaa39b223fe8d0a0e5c4f27ead9083c756cc2",
        "0xdac17f958d2ee523a2206206994597c13d831ec7"
    ]
}