{
    "hash": "0x8c1fc96b1e85ea967be93658a01332698b66b66c7a7f7e9204974c9335446fb2",
    "chain": "Binance",
    "U": [
        0,
        1,
        2,
        3,
        2,
        4,
        2,
        5,
        2,
        6,
        2,
        7,
        1,
        1
    ],
    "V": [
        1,
        2,
        3,
        2,
        4,
        2,
        5,
        2,
        6,
        2,
        7,
        1,
        8,
        0
    ],
    "feat": [
        [
            0,
            0,
            0,
            1,
            0.07142857142857142,
            0.07142857142857142,
            0.25,
            0.25,
            0.0
        ],
        [
            1,
            0,
            0,
            0,
            0.14285714285714285,
            0.21428571428571427,
            0.5,
            0.5,
            0.0
        ],
        [
            1,
            0,
            0,
            0,
            0.35714285714285715,
            0.35714285714285715,
            1.0,
            1.0,
            0.0
        ],
        [
            0,
            1,
            0,
            0,
            0.07142857142857142,
            0.07142857142857142,
            0.25,
            0.25,
            -0.008750000000000036
        ],
        [
            0,
            0,
            1,
            0,
            0.07142857142857142,
            0.07142857142857142,
            0.25,
            0.25,
            0.0
        ],
        [
            0,
            0,
            1,
            0,
            0.07142857142857142,
            0.07142857142857142,
            0.25,
            0.25,
            0.0024877187635006792
        ],
        [
            0,
            0,
            1,
            0,
            0.07142857142857142,
            0.07142857142857142,
            0.25,
            0.25,
            -0.0024877187635006237
        ],
        [
            0,
            1,
            0,
            0,
            0.07142857142857142,
            0.07142857142857142,
            0.25,
            0.25,
            0.0
        ],
        [
            0,
            0,
            0,
            1,
            0.07142857142857142,
            0.0,
            0.25,
            0.0,
            0.00875
        ]
    ],
    "nodeCount": 9,
    "edgeCount": 14,
    "tokenCount": 4,
    "nodes": [
        "0xa95d9658ef1cf213c3ff611daa2fadf5f98f8121",
        "0xc590175e458b83680867afd273527ff58f74c02b",
        "0x3790c9b5a9b9d9aa1c69140a5f01a57c9b868e1e",
        "0x160caed03795365f3a589f10c379ffa7d75d4e76",
        "0xd99c7f6c65857ac913a8f880a4cb84032ab2fc5b",
        "0x11a4d5201b9d5699ec01946818265d19f78f5ec3",
        "0x58c34146316a9a60bfa5da1d7f451e46bdd51215",
        "0x1111111254fb6c44bac0bed2854e76f90643097d",
        "0x11ededebf63bef0ea2d2d071bdf88f71543ec6fb"
    ],
    "tokens": [
        "0x55d398326f99059ff775485246999027b3197955",
        "0x8ac76a51cc950d9822d68b83fe1ad97b32cd580d",
        "0xbb4cdb9cbd36b01bd1cbaebf2de08d9173bc095c",
        "0xe3233fdb23f1c27ab37bd66a19a1f1762fcf5f3f"
    ]
}