{
    "hash": "0x8effc224473061849004b9e9b9244c2c8bfbc4a770b8a98c1a1d4628f3139199",
    "chain": "Ethereum",
    "U": [
        0,
        1,
        0,
        0,
        3,
        0,
        4
    ],
    "V": [
        1,
        0,
        2,
        3,
        0,
        4,
        0
    ],
    "feat": [
        [
            1,
            0,
            0,
            0,
            0.42857142857142855,
            0.5714285714285714,
            1.0,
            1.0,
            0.008980906623160756
        ],
        [
            0,
            1,
            0,
            0,
            0.14285714285714285,
            0.14285714285714285,
            0.3333333333333333,
            0.3333333333333333,
            -0.008980906623160645
        ],
        [
            0,
            1,
            0,
            0,
            0.14285714285714285,
            0.0,
            0.3333333333333333,
            0.0,
            0.001
        ],
        [
            0,
            0,
            1,
            0,
            0.14285714285714285,
            0.14285714285714285,
            0.3333333333333333,
            0.3333333333333333,
            -0.0010000000000000009
        ],
        [
            0,
            0,
            1,
            0,
            0.14285714285714285,
            0.14285714285714285,
            0.3333333333333333,
            0.3333333333333333,
            0.0
        ]
    ],
    "nodeCount": 5,
    "edgeCount": 7,
    "tokenCount": 3,
    "nodes": [
        "0x0000000000005117dd3a72e64a705198753fdd54",
        "0xc697051d1c6296c24ae3bcef39aca743861d9a81",
        "0xd132973eaebbd6d7ca7b88e9170f2cca058de430",
        "0xfa2562da1bba7b954f26c74725df51fb62646313",
        "0x2fdbadf3c4d5a8666bc06645b8358ab803996e28"
    ],
    "tokens": [
        "0xc02aaa39b223fe8d0a0e5c4f27ead9083c756cc2",
        "0x7fc66500c84a76ad7e9c93437bfc5ac33e2ddae9",
        "0x0bc529c00c6401aef6d220be8c6ea1667f6ad93e"
    ]
}