{
    "hash": "0x8e707872d45936bcdc1b4a65a0f3fdf7f9b148a99b465e845a8a173927ce5e61",
    "chain": "Ethereum",
    "U": [
        0,
        2,
        1,
        3,
        1,
        2,
        1,
        1
    ],
    "V": [
        1,
        1,
        2,
        1,
        3,
        1,
        2,
        0
    ],
    "feat": [
        [
            0,
            0,
            0,
            1,
            0.125,
            0.125,
            0.3333333333333333,
            0.3333333333333333,
            0.0
        ],
        [
            1,
            0,
            0,
            0,
            0.5,
            0.5,
            1.0,
            1.0,
            4.9226895201037735e-05
        ],
        [
            1,
            0,
            0,
            0,
            0.25,
            0.25,
            0.6666666666666666,
            0.6666666666666666,
            0.00016071866785705158
        ],
        [
            1,
            0,
            0,
            0,
            0.125,
            0.125,
            0.3333333333333333,
            0.3333333333333333,
            -0.0002099455630582836
        ]
    ],
    "nodeCount": 4,
    "edgeCount": 8,
    "tokenCount": 3,
    "nodes": [
        "0x616ed054e0e0fdbfcad3fa2f42daed3d7d4ee448",
        "0x27239549dd40e1d60f5b80b0c4196923745b1fd2",
        "0x0000006daea1723962647b7e189d311d757fb793",
        "0x73a6a761fe483ba19debb8f56ac5bbf14c0cdad1"
    ],
    "tokens": [
        "0xa0b86991c6218b36c1d19d4a2e9eb0ce3606eb48",
        "0xc02aaa39b223fe8d0a0e5c4f27ead9083c756cc2",
        "0x6b3595068778dd592e39a122f4f5a5cf09c90fe2"
    ]
}