{
    "hash": "0x8f8fd1a5a5a7ee45b6e13a06330243fc2ed008c5a3996311006a70378259b47f",
    "chain": "Binance",
    "U": [
        0,
        2,
        1,
        4,
        3,
        2,
        2,
        6,
        3,
        3,
        7,
        6,
        1,
        4,
        3
    ],
    "V": [
        1,
        1,
        3,
        3,
        2,
        5,
        6,
        3,
        4,
        7,
        6,
        0,
        3,
        3,
        0
    ],
    "feat": [
        [
            0,
            0,
            0,
            1,
            0.13333333333333333,
            0.06666666666666667,
            0.5,
            0.25,
            0.06931571939053627
        ],
        [
            0,
            0,
            1,
            0,
            0.13333333333333333,
            0.13333333333333333,
            0.25,
            0.25,
            -0.0002536248773523375
        ],
        [
            0,
            0,
            1,
            0,
            0.06666666666666667,
            0.2,
            0.25,
            0.5,
            -0.21951219512195122
        ],
        [
            0,
            1,
            0,
            0,
            0.3333333333333333,
            0.26666666666666666,
            0.5,
            0.5,
            1.1098829099996514
        ],
        [
            0,
            0,
            1,
            0,
            0.06666666666666667,
            0.13333333333333333,
            0.25,
            0.25,
            -1.1098829099996517
        ],
        [
            0,
            0,
            0,
            1,
            0.06666666666666667,
            0.0,
            0.25,
            0.0,
            0.10988290999965182
        ],
        [
            1,
            0,
            0,
            0,
            0.13333333333333333,
            0.13333333333333333,
            0.5,
            0.5,
            0.9306842806094637
        ],
        [
            0,
            0,
            1,
            0,
            0.06666666666666667,
            0.06666666666666667,
            0.25,
            0.25,
            -0.8901170900003482
        ]
    ],
    "nodeCount": 8,
    "edgeCount": 15,
    "tokenCount": 4,
    "nodes": [
        "0x054c52cf2354cdf20ea4680923f40e0fa01af16f",
        "0x6702977b50c215bbf0383e86c50b126cc348d69a",
        "0xe4fb673830741daf3c87354e99d2bf4c39a60828",
        "0x10ed43c718714eb63d5aa57b78b54704e256024e",
        "0xbb4cdb9cbd36b01bd1cbaebf2de08d9173bc095c",
        "0xdb3faa6a992659d114ffb5a07a1c024996ec0310",
        "0x54dfadcd17a9f66d6f40f859607d7fa80c01904d",
        "0x0ed7e52944161450477ee417de9cd3a859b14fd0"
    ],
    "tokens": [
        "0xe4fb673830741daf3c87354e99d2bf4c39a60828",
        "0xbb4cdb9cbd36b01bd1cbaebf2de08d9173bc095c",
        "native_token",
        "0x0e09fabb73bd3ade0a17ecc321fd13a19e81ce82"
    ]
}