{
    "hash": "0x8fd8682c540295b582dce1c91d228e6fc2bc18168f5ff2c01a9f1dcfd48393eb",
    "chain": "Binance",
    "U": [
        0,
        1,
        2,
        2,
        2,
        1,
        4,
        5,
        4,
        1
    ],
    "V": [
        1,
        2,
        3,
        1,
        1,
        4,
        5,
        4,
        1,
        0
    ],
    "feat": [
        [
            0,
            0,
            0,
            1,
            0.1,
            0.1,
            0.3333333333333333,
            0.3333333333333333,
            0.0
        ],
        [
            0,
            1,
            0,
            0,
            0.4,
            0.3,
            1.0,
            1.0,
            0.0
        ],
        [
            0,
            0,
            1,
            0,
            0.1,
            0.3,
            0.3333333333333333,
            1.0,
            -1.4995349061508771
        ],
        [
            0,
            0,
            0,
            1,
            0.1,
            0.0,
            0.3333333333333333,
            0.0,
            1.0
        ],
        [
            0,
            1,
            0,
            0,
            0.2,
            0.2,
            0.6666666666666666,
            0.6666666666666666,
            0.0
        ],
        [
            0,
            0,
            1,
            0,
            0.1,
            0.1,
            0.3333333333333333,
            0.3333333333333333,
            0.49953490615087714
        ]
    ],
    "nodeCount": 6,
    "edgeCount": 10,
    "tokenCount": 3,
    "nodes": [
        "0x1d52309477b48ebe8ed680ac066d506f7970065e",
        "0x4bf331aa2bfb0869315fb81a350d109f4839f81b",
        "0x7efaef62fddcca950418312c6c91aef321375a00",
        "0x0000000000000000000000000000000000000000",
        "0xdb6f1920a889355780af7570773609bd8cb1f498",
        "0xe5859f4efc09027a9b718781dcb2c6910cac6e91"
    ],
    "tokens": [
        "0x7efaef62fddcca950418312c6c91aef321375a00",
        "0x55d398326f99059ff775485246999027b3197955",
        "0xe9e7cea3dedca5984780bafc599bd69add087d56"
    ]
}