{
    "hash": "0x8f355723e9480ecf095c38970d1591227e6a4b389a6d2b1577b58734b5b0d0ea",
    "chain": "Ethereum",
    "U": [
        0,
        1,
        2,
        1
    ],
    "V": [
        1,
        2,
        0,
        3
    ],
    "feat": [
        [
            0,
            0,
            0,
            1,
            0.25,
            0.25,
            0.3333333333333333,
            0.3333333333333333,
            0.0
        ],
        [
            1,
            0,
            0,
            0,
            0.25,
            0.5,
            0.3333333333333333,
            0.6666666666666666,
            -1.0
        ],
        [
            0,
            1,
            0,
            0,
            0.25,
            0.25,
            0.3333333333333333,
            0.3333333333333333,
            0.0
        ],
        [
            0,
            0,
            0,
            1,
            0.25,
            0.0,
            0.3333333333333333,
            0.0,
            1.0
        ]
    ],
    "nodeCount": 4,
    "edgeCount": 4,
    "tokenCount": 3,
    "nodes": [
        "0x56178a0d5f301baf6cf3e1cd53d9863437345bf9",
        "0xa57bd00134b2850b2a1c55860c9e9ea100fdd6cf",
        "0xb0536a57a8d8f5327c62d0fecba23c5a27b5118b",
        "0x45a36a8e118c37e4c47ef4ab827a7c9e579e11e2"
    ],
    "tokens": [
        "0xc011a73ee8576fb46f5e1c5751ca3b9fe0af2a6f",
        "0x1f573d6fb3f13d689ff844b4ce37794d79a7ff1c",
        "native_token"
    ]
}