{
    "hash": "0x902892128fbbf51b00d02360fc09cb00ef9aa94ed56804a062bbad44b74237e6",
    "chain": "Binance",
    "U": [
        0,
        1,
        2,
        3,
        4,
        3,
        5,
        6
    ],
    "V": [
        1,
        2,
        3,
        4,
        3,
        5,
        0,
        7
    ],
    "feat": [
        [
            1,
            0,
            0,
            0,
            0.125,
            0.125,
            0.2,
            0.2,
            0.0008806844158085747
        ],
        [
            0,
            0,
            1,
            0,
            0.125,
            0.125,
            0.2,
            0.2,
            -0.0008806844158085747
        ],
        [
            0,
            1,
            0,
            0,
            0.125,
            0.125,
            0.2,
            0.2,
            0.0
        ],
        [
            1,
            0,
            0,
            0,
            0.25,
            0.25,
            0.4,
            0.4,
            0.0
        ],
        [
            0,
            0,
            0,
            1,
            0.125,
            0.125,
            0.2,
            0.2,
            0.0
        ],
        [
            0,
            0,
            1,
            0,
            0.125,
            0.125,
            0.2,
            0.2,
            0.0
        ],
        [
            0,
            0,
            0,
            1,
            0.0,
            0.125,
            0.0,
            0.2,
            -1.0
        ],
        [
            0,
            0,
            0,
            1,
            0.125,
            0.0,
            0.2,
            0.0,
            1.0
        ]
    ],
    "nodeCount": 8,
    "edgeCount": 8,
    "tokenCount": 5,
    "nodes": [
        "0x04ec49c4190d20dd63def2574dc37534733ef87a",
        "0x51e6d27fa57373d8d4c256231241053a70cb1d93",
        "0xe3c58d202d4047ba227e437b79871d51982deeb7",
        "0xbaf9a5d4b0052359326a6cdab54babaa3a3a9643",
        "0xb9f91c5386ba8a1965eefe6410b88679407ccf3d",
        "0x74e4716e431f45807dcf19f284c7aa99f18a4fbc",
        "0x4aa5a7c02696c25f3af86950b132c6a173f79d6f",
        "0x0000000000000000000000000000000000000000"
    ],
    "tokens": [
        "0xbb4cdb9cbd36b01bd1cbaebf2de08d9173bc095c",
        "0xe9e7cea3dedca5984780bafc599bd69add087d56",
        "0x7130d2a12b9bcbfae4f2634d864a1ee1ce3ead9c",
        "0x2170ed0880ac9a755fd29b2688956bd959f933f8",
        "0x0000000000004946c0e9f43f4dee607b0ef1fa1c"
    ]
}