{
    "hash": "0x91acb82d07a18661f373e160871d8d09984cb601bd66b3bb9dbd5b4d541d791c",
    "chain": "Binance",
    "U": [
        0,
        1,
        2,
        1,
        3,
        1,
        4,
        1,
        5,
        1
    ],
    "V": [
        1,
        2,
        1,
        3,
        1,
        4,
        1,
        5,
        1,
        0
    ],
    "feat": [
        [
            0,
            0,
            0,
            1,
            0.1,
            0.1,
            0.3333333333333333,
            0.3333333333333333,
            0.0
        ],
        [
            1,
            0,
            0,
            0,
            0.5,
            0.5,
            1.0,
            1.0,
            1.1102230246251565e-16
        ],
        [
            0,
            0,
            1,
            0,
            0.1,
            0.1,
            0.3333333333333333,
            0.3333333333333333,
            2.9008595752097466e-05
        ],
        [
            0,
            0,
            1,
            0,
            0.1,
            0.1,
            0.3333333333333333,
            0.3333333333333333,
            -0.0006298612714013552
        ],
        [
            0,
            0,
            1,
            0,
            0.1,
            0.1,
            0.3333333333333333,
            0.3333333333333333,
            0.0006008526756492438
        ],
        [
            0,
            0,
            1,
            0,
            0.1,
            0.1,
            0.3333333333333333,
            0.3333333333333333,
            0.0
        ]
    ],
    "nodeCount": 6,
    "edgeCount": 10,
    "tokenCount": 3,
    "nodes": [
        "0x0caa88816d8cba3a91f612301423333674443013",
        "0xbaf9a5d4b0052359326a6cdab54babaa3a3a9643",
        "0x7eb399165722a98e047471157ff6cddeed95a2e1",
        "0x1f43e18a2558aef9276a00e041c57ba589813eb2",
        "0xa9338126a645aca52aa74ce65fbc1092eb67d335",
        "0x58f876857a02d6762e0101bb5c46a8c1ed44dc16"
    ],
    "tokens": [
        "0xacd7b3d9c10e97d0efa418903c0c7669e702e4c0",
        "0xbb4cdb9cbd36b01bd1cbaebf2de08d9173bc095c",
        "0xe9e7cea3dedca5984780bafc599bd69add087d56"
    ]
}