{
    "hash": "0x91b2f7a79a40329d8bc7d564e1bcee5e119d9d3904631db273c22d011437baba",
    "chain": "Binance",
    "U": [
        0,
        0,
        2,
        3
    ],
    "V": [
        1,
        2,
        3,
        0
    ],
    "feat": [
        [
            0,
            0,
            0,
            1,
            0.25,
            0.5,
            0.3333333333333333,
            0.3333333333333333,
            -0.0025999999999999357
        ],
        [
            0,
            1,
            0,
            0,
            0.25,
            0.0,
            0.3333333333333333,
            0.0,
            0.0026
        ],
        [
            0,
            0,
            1,
            0,
            0.25,
            0.25,
            0.3333333333333333,
            0.3333333333333333,
            0.0
        ],
        [
            0,
            0,
            1,
            0,
            0.25,
            0.25,
            0.3333333333333333,
            0.3333333333333333,
            0.0
        ]
    ],
    "nodeCount": 4,
    "edgeCount": 4,
    "tokenCount": 3,
    "nodes": [
        "0x80c17147571d340b0538139f4221335103f83171",
        "0x593cc303170367fcb249abdd08aaaa736d552ba5",
        "0x1bba5c6cc38ef04066042237b4298dc23405304d",
        "0xd636ea3609615ad8aa667509c50946098454ead2"
    ],
    "tokens": [
        "0xdd97ab35e3c0820215bc85a395e13671d84ccba2",
        "0xbb4cdb9cbd36b01bd1cbaebf2de08d9173bc095c",
        "0xe9e7cea3dedca5984780bafc599bd69add087d56"
    ]
}