{
    "hash": "0x91b513ba4441d5792cc71d17a39020224324d76a6426455431d566a218c2c62e",
    "chain": "Binance",
    "U": [
        0,
        1,
        2,
        0,
        3
    ],
    "V": [
        1,
        0,
        0,
        3,
        0
    ],
    "feat": [
        [
            0,
            1,
            0,
            0,
            0.6,
            0.4,
            1.0,
            0.5,
            1.5282841707879855
        ],
        [
            0,
            0,
            1,
            0,
            0.2,
            0.2,
            0.5,
            0.5,
            -0.9999903570273264
        ],
        [
            0,
            0,
            0,
            1,
            0.0,
            0.2,
            0.0,
            0.5,
            -0.5176021425277824
        ],
        [
            0,
            0,
            1,
            0,
            0.2,
            0.2,
            0.5,
            0.5,
            -0.010691671232876732
        ]
    ],
    "nodeCount": 4,
    "edgeCount": 5,
    "tokenCount": 2,
    "nodes": [
        "0xc47812857a74425e2039b57891a3dfcf51602d5d",
        "0x7343b25c4953f4c57ed4d16c33cbedefae9e8eb9",
        "0x0dabefd28f1b704414eb7e8a1f0be8c21f545f23",
        "0xf45cd219aef8618a92baa7ad848364a158a24f33"
    ],
    "tokens": [
        "0xe9e7cea3dedca5984780bafc599bd69add087d56",
        "0x7130d2a12b9bcbfae4f2634d864a1ee1ce3ead9c"
    ]
}