{
    "hash": "0x917ea6ef48c5c88e26949a7d35da855a8cbdea666f1699f2359eafb7a35d3d97",
    "chain": "Ethereum",
    "U": [
        0,
        1,
        2,
        0
    ],
    "V": [
        1,
        2,
        0,
        3
    ],
    "feat": [
        [
            0,
            0,
            0,
            1,
            0.25,
            0.5,
            0.3333333333333333,
            0.6666666666666666,
            -1.0
        ],
        [
            1,
            0,
            0,
            0,
            0.25,
            0.25,
            0.3333333333333333,
            0.3333333333333333,
            0.0
        ],
        [
            0,
            1,
            0,
            0,
            0.25,
            0.25,
            0.3333333333333333,
            0.3333333333333333,
            0.0
        ],
        [
            0,
            0,
            0,
            1,
            0.25,
            0.0,
            0.3333333333333333,
            0.0,
            1.0
        ]
    ],
    "nodeCount": 4,
    "edgeCount": 4,
    "tokenCount": 3,
    "nodes": [
        "0x7191a4eb2ed12f0bfbbd3e70536ef7e3ecfd1d1a",
        "0xa3bf19762681058f5aabf22450adc6b56d9e59b2",
        "0x1e0447b19bb6ecfdae1e4ae1694b0c3659614e4e",
        "0x0000000000000000000000000000000000000000"
    ],
    "tokens": [
        "0x6b175474e89094c44da98b954eedeac495271d0f",
        "0xc02aaa39b223fe8d0a0e5c4f27ead9083c756cc2",
        "0x0000000000004946c0e9f43f4dee607b0ef1fa1c"
    ]
}