{
    "hash": "0x92c6a9778fe692a6bba29370ee810d7508c3f3c3807f4e3e09f8925f5293a613",
    "chain": "Ethereum",
    "U": [
        0,
        1,
        2,
        1,
        3,
        1,
        3,
        4,
        1,
        1,
        0,
        0
    ],
    "V": [
        1,
        2,
        1,
        3,
        1,
        3,
        1,
        1,
        4,
        0,
        5,
        6
    ],
    "feat": [
        [
            0,
            1,
            0,
            0,
            0.08333333333333333,
            0.25,
            0.2,
            0.6,
            -1.004975
        ],
        [
            0,
            1,
            0,
            0,
            0.4166666666666667,
            0.4166666666666667,
            0.8,
            0.8,
            0.0
        ],
        [
            0,
            0,
            1,
            0,
            0.08333333333333333,
            0.08333333333333333,
            0.2,
            0.2,
            0.0
        ],
        [
            0,
            0,
            1,
            0,
            0.16666666666666666,
            0.16666666666666666,
            0.4,
            0.4,
            0.0
        ],
        [
            1,
            0,
            0,
            0,
            0.08333333333333333,
            0.08333333333333333,
            0.2,
            0.2,
            0.0
        ],
        [
            0,
            0,
            0,
            1,
            0.08333333333333333,
            0.0,
            0.2,
            0.0,
            0.004975
        ],
        [
            0,
            0,
            0,
            1,
            0.08333333333333333,
            0.0,
            0.2,
            0.0,
            1.0
        ]
    ],
    "nodeCount": 7,
    "edgeCount": 12,
    "tokenCount": 5,
    "nodes": [
        "0xbd718aa9c1360cbc5ad6ae7040b73db7e3ee5ad5",
        "0x1bd435f3c054b6e901b7b108a0ab7617c808677b",
        "0x4d5ef58aac27d99935e5b6b4a6778ff292059991",
        "0xc02aaa39b223fe8d0a0e5c4f27ead9083c756cc2",
        "0x0e2c4be9f3408e5b1ff631576d946eb8c224b5ed",
        "0xfb2a52012f5e757ba748d1f8d7f582b8d1a613c0",
        "0x482579f93dc13e6b434e38b5a0447ca543d88a46"
    ],
    "tokens": [
        "0x1494ca1f11d487c2bbe4543e90080aeba4ba3c2b",
        "0xc02aaa39b223fe8d0a0e5c4f27ead9083c756cc2",
        "native_token",
        "0xc944e90c64b2c07662a292be6244bdf05cda44a7",
        "0xa0b86991c6218b36c1d19d4a2e9eb0ce3606eb48"
    ]
}