{
    "hash": "0x9234c8549dc654f93bd783ab0a42da8eada1abb5fdba0f3b40247d77075e4364",
    "chain": "Ethereum",
    "U": [
        0,
        1,
        1,
        1,
        1,
        1,
        1,
        1,
        1,
        1,
        1,
        1,
        1,
        1,
        1,
        1,
        1,
        1,
        1
    ],
    "V": [
        1,
        1,
        2,
        0,
        1,
        2,
        0,
        1,
        2,
        0,
        1,
        2,
        0,
        1,
        2,
        0,
        1,
        2,
        0
    ],
    "feat": [
        [
            0,
            0,
            0,
            1,
            0.3157894736842105,
            0.05263157894736842,
            0.5,
            0.5,
            4.05982371042612
        ],
        [
            0,
            1,
            0,
            0,
            0.3684210526315789,
            0.9473684210526315,
            0.5,
            1.0,
            -5.05982371042612
        ],
        [
            0,
            0,
            0,
            1,
            0.3157894736842105,
            0.0,
            0.5,
            0.0,
            1.0
        ]
    ],
    "nodeCount": 3,
    "edgeCount": 19,
    "tokenCount": 2,
    "nodes": [
        "0x3d88be061e0b171c637b7204aca109cd75594ad6",
        "0xfbddadd80fe7bda00b901fbaf73803f2238ae655",
        "0x4b5057b2c87ec9e7c047fb00c0e406dff2fdacad"
    ],
    "tokens": [
        "native_token",
        "0x990f341946a3fdb507ae7e52d17851b87168017c"
    ]
}