{
    "hash": "0x92606de1a81f5829b3694035af090b11314812e3d4dae5b00777cb907a011a60",
    "chain": "Ethereum",
    "U": [
        0,
        0,
        3
    ],
    "V": [
        1,
        2,
        2
    ],
    "feat": [
        [
            0,
            0,
            0,
            1,
            0.0,
            0.6666666666666666,
            0.0,
            0.6666666666666666,
            -2.0
        ],
        [
            0,
            1,
            0,
            0,
            0.3333333333333333,
            0.0,
            0.3333333333333333,
            0.0,
            1.0
        ],
        [
            0,
            0,
            0,
            1,
            0.6666666666666666,
            0.0,
            0.6666666666666666,
            0.0,
            2.0
        ],
        [
            0,
            0,
            1,
            0,
            0.0,
            0.3333333333333333,
            0.0,
            0.3333333333333333,
            -1.0
        ]
    ],
    "nodeCount": 4,
    "edgeCount": 3,
    "tokenCount": 3,
    "nodes": [
        "0x0000000000000000000000000000000000000000",
        "0x464c71f6c2f760dda6093dcb91c24c39e5d6e18c",
        "0x67e5ab5b573f01030a1076dda7a79ef0f31a1bfa",
        "0x3ed3b47dd13ec9a98b44e6204a523e766b225811"
    ],
    "tokens": [
        "0x3ed3b47dd13ec9a98b44e6204a523e766b225811",
        "0x531842cebbdd378f8ee36d171d6cc9c4fcf475ec",
        "0xdac17f958d2ee523a2206206994597c13d831ec7"
    ]
}