{
    "hash": "0x93019addf5fa5e018322a89640cf312e5a47b39160365150cc0a6332ba7a3f74",
    "chain": "Ethereum",
    "U": [
        0,
        1,
        0,
        0,
        3,
        2,
        5,
        0,
        6,
        0,
        1
    ],
    "V": [
        1,
        0,
        2,
        3,
        0,
        4,
        6,
        5,
        0,
        1,
        0
    ],
    "feat": [
        [
            1,
            0,
            0,
            0,
            0.36363636363636365,
            0.45454545454545453,
            0.75,
            0.75,
            0.698795567489424
        ],
        [
            0,
            0,
            1,
            0,
            0.18181818181818182,
            0.18181818181818182,
            0.5,
            0.5,
            0.0
        ],
        [
            0,
            1,
            0,
            0,
            0.09090909090909091,
            0.09090909090909091,
            0.25,
            0.25,
            0.0
        ],
        [
            0,
            0,
            0,
            1,
            0.09090909090909091,
            0.09090909090909091,
            0.25,
            0.25,
            -0.7095369547625747
        ],
        [
            0,
            1,
            0,
            0,
            0.09090909090909091,
            0.0,
            0.25,
            0.0,
            0.010741387273151111
        ],
        [
            1,
            0,
            0,
            0,
            0.09090909090909091,
            0.09090909090909091,
            0.25,
            0.25,
            0.0
        ],
        [
            0,
            0,
            1,
            0,
            0.09090909090909091,
            0.09090909090909091,
            0.25,
            0.25,
            0.0
        ]
    ],
    "nodeCount": 7,
    "edgeCount": 11,
    "tokenCount": 4,
    "nodes": [
        "0x0000000000007f150bd6f54c40a34d7c3d5e9f56",
        "0xc02aaa39b223fe8d0a0e5c4f27ead9083c756cc2",
        "0x61935cbdd02287b511119ddb11aeb42f1593b7ef",
        "0x324cdccecb2ef70d7fa8253374f1d4cd765f4856",
        "0xa26e80e7dea86279c6d778d702cc413e6cffa777",
        "0x88c660dfa5072732718085f648e03e9dd360a1e0",
        "0xa0a0b07748a29ee72712f7c26b7e885f74349344"
    ],
    "tokens": [
        "native_token",
        "0xc02aaa39b223fe8d0a0e5c4f27ead9083c756cc2",
        "0xdac17f958d2ee523a2206206994597c13d831ec7",
        "0x268b7976e94e84a48bf8b2b57ba34b59ed836a74"
    ]
}