{
    "hash": "0x9306ebcb0ae5a0e122223b75fee89ceaa01b6e230637f1971fafbe197bed0a35",
    "chain": "Ethereum",
    "U": [
        0,
        1,
        1,
        1,
        1,
        1,
        1,
        1,
        1,
        1,
        1,
        1,
        1
    ],
    "V": [
        1,
        1,
        2,
        0,
        1,
        2,
        0,
        1,
        2,
        0,
        1,
        2,
        0
    ],
    "feat": [
        [
            0,
            0,
            0,
            1,
            0.3076923076923077,
            0.07692307692307693,
            0.5,
            0.5,
            3.0
        ],
        [
            0,
            1,
            0,
            0,
            0.38461538461538464,
            0.9230769230769231,
            0.5,
            1.0,
            -3.999999999999998
        ],
        [
            0,
            0,
            0,
            1,
            0.3076923076923077,
            0.0,
            0.5,
            0.0,
            0.9999999999999986
        ]
    ],
    "nodeCount": 3,
    "edgeCount": 13,
    "tokenCount": 2,
    "nodes": [
        "0xb085e0c35806b3419c9eeb8d5df7dbe84652bc96",
        "0xfbddadd80fe7bda00b901fbaf73803f2238ae655",
        "0x4b5057b2c87ec9e7c047fb00c0e406dff2fdacad"
    ],
    "tokens": [
        "native_token",
        "0x990f341946a3fdb507ae7e52d17851b87168017c"
    ]
}