{
    "hash": "0x9307ceecf815a7799f6186110c842dcb5c6b3cb0724fea13ad690c9ff15d5d27",
    "chain": "Binance",
    "U": [
        0,
        1,
        2,
        3,
        1,
        1,
        5
    ],
    "V": [
        1,
        2,
        3,
        1,
        4,
        4,
        0
    ],
    "feat": [
        [
            0,
            0,
            0,
            1,
            0.14285714285714285,
            0.14285714285714285,
            0.25,
            0.25,
            0.0
        ],
        [
            0,
            1,
            0,
            0,
            0.2857142857142857,
            0.42857142857142855,
            0.5,
            0.5,
            0.0
        ],
        [
            0,
            0,
            1,
            0,
            0.14285714285714285,
            0.14285714285714285,
            0.25,
            0.25,
            -0.9
        ],
        [
            0,
            0,
            1,
            0,
            0.14285714285714285,
            0.14285714285714285,
            0.25,
            0.25,
            0.0
        ],
        [
            0,
            1,
            0,
            0,
            0.2857142857142857,
            0.0,
            0.5,
            0.0,
            1.9
        ],
        [
            0,
            0,
            0,
            1,
            0.0,
            0.14285714285714285,
            0.0,
            0.25,
            -1.0
        ]
    ],
    "nodeCount": 6,
    "edgeCount": 7,
    "tokenCount": 4,
    "nodes": [
        "0xa00b0540f43e00a634d016a31b0a39d95170e6bf",
        "0x09f0e8865f938b3aff11470762acd5ce796a9a00",
        "0xd65770c5d303b0deabffb4641abaf65c29b1ca67",
        "0x72da23cd867bd11446243e5811603430d3cd6443",
        "0xb0013886a12ddfa52f19800469d86d62adb9f08c",
        "0x0000000000000000000000000000000000000000"
    ],
    "tokens": [
        "0xe9e7cea3dedca5984780bafc599bd69add087d56",
        "0xbb4cdb9cbd36b01bd1cbaebf2de08d9173bc095c",
        "0xe363096e780fb8675966b3ffca88bedd62b838fa",
        "0x13a5bcff72b024619df4d62093941c382b6d6348"
    ]
}