{
    "hash": "0x93fadab5e49199f95d4d32907fefe90d4b907430c36f0113b50a09603a6b896f",
    "chain": "Binance",
    "U": [
        0,
        0,
        2,
        3,
        3,
        5,
        6,
        3,
        5,
        8,
        3,
        5,
        3,
        3,
        0,
        3
    ],
    "V": [
        1,
        2,
        3,
        4,
        5,
        6,
        7,
        5,
        8,
        3,
        5,
        3,
        8,
        8,
        3,
        9
    ],
    "feat": [
        [
            0,
            0,
            0,
            1,
            0.0,
            0.1875,
            0.0,
            0.4,
            -1.2590343260636832
        ],
        [
            0,
            0,
            0,
            1,
            0.0625,
            0.0,
            0.2,
            0.0,
            0.023548575096698467
        ],
        [
            0,
            0,
            1,
            0,
            0.0625,
            0.0625,
            0.2,
            0.2,
            -0.7645142490330153
        ],
        [
            0,
            1,
            0,
            0,
            0.25,
            0.4375,
            0.8,
            0.8,
            0.0016928068660959639
        ],
        [
            0,
            1,
            0,
            0,
            0.0625,
            0.0,
            0.2,
            0.0,
            0.02
        ],
        [
            0,
            0,
            1,
            0,
            0.1875,
            0.1875,
            0.2,
            0.2,
            -1.060810603634375
        ],
        [
            0,
            0,
            1,
            0,
            0.0625,
            0.0625,
            0.2,
            0.2,
            -0.9591835493866633
        ],
        [
            0,
            0,
            0,
            1,
            0.0625,
            0.0,
            0.2,
            0.0,
            1.0
        ],
        [
            0,
            0,
            1,
            0,
            0.1875,
            0.0625,
            0.4,
            0.2,
            1.9983013461549421
        ],
        [
            0,
            1,
            0,
            0,
            0.0625,
            0.0,
            0.2,
            0.0,
            1.0
        ]
    ],
    "nodeCount": 10,
    "edgeCount": 16,
    "tokenCount": 5,
    "nodes": [
        "0x0000000000000000000000000000000000000000",
        "0xcef34e4db130c8a64493517985b23af5b13e8cc6",
        "0x86ef5e73edb2fea111909fe35afcc564572acc06",
        "0x8ca1e517d14b4c230181d2efa49ac5a3dfd98575",
        "0xc0dda6d4dd7b38e99452fa99b6090637353e4064",
        "0xf65c1c0478efde3c19b49ecbe7acc57bb6b1d713",
        "0xa3f0f63268df562c71051ac5e81460e857c32c12",
        "0x000000000000000000000000000000000000dead",
        "0x7a8acaeafc4fa051de4eabff8d1abdd0388ae08a",
        "0x5c8d727b265dbafaba67e050f2f739caeeb4a6f9"
    ],
    "tokens": [
        "0x603c7f932ed1fc6575303d8fb018fdcbb0f39a95",
        "0xbb4cdb9cbd36b01bd1cbaebf2de08d9173bc095c",
        "0xc5a49b4cbe004b6fd55b30ba1de6ac360ff9765d",
        "0x4b6000f9163de2e3f0a01ec37e06e1469dbbce9d",
        "0x7a8acaeafc4fa051de4eabff8d1abdd0388ae08a"
    ]
}