{
    "hash": "0x941fb7f1e434d1919d02fcbe5a5dd17f6b32956b195f30d41ae7c436e9d4005f",
    "chain": "Ethereum",
    "U": [
        0,
        2,
        1,
        1,
        3,
        3,
        3
    ],
    "V": [
        1,
        1,
        2,
        3,
        4,
        5,
        0
    ],
    "feat": [
        [
            0,
            0,
            0,
            1,
            0.14285714285714285,
            0.14285714285714285,
            0.3333333333333333,
            0.3333333333333333,
            -0.0065258496825026935
        ],
        [
            0,
            1,
            0,
            0,
            0.2857142857142857,
            0.2857142857142857,
            0.6666666666666666,
            0.6666666666666666,
            0.0
        ],
        [
            1,
            0,
            0,
            0,
            0.14285714285714285,
            0.14285714285714285,
            0.3333333333333333,
            0.3333333333333333,
            0.0
        ],
        [
            0,
            1,
            0,
            0,
            0.14285714285714285,
            0.42857142857142855,
            0.3333333333333333,
            0.6666666666666666,
            -1.0
        ],
        [
            0,
            0,
            0,
            1,
            0.14285714285714285,
            0.0,
            0.3333333333333333,
            0.0,
            1.0
        ],
        [
            0,
            0,
            0,
            1,
            0.14285714285714285,
            0.0,
            0.3333333333333333,
            0.0,
            0.006525849682502749
        ]
    ],
    "nodeCount": 6,
    "edgeCount": 7,
    "tokenCount": 3,
    "nodes": [
        "0x58f5f0684c381fcfc203d77b2bba468ebb29b098",
        "0x2d57690eba381611c77069fbcfc79d4806a4e53e",
        "0xd1ede4862697fa88e8948fd83317e4d7888910f5",
        "0xad84693a21e0a1db73ae6c6e5aceb041a6c8b6b3",
        "0x405b55d4ba75320632f17ea17915fa8df30ff411",
        "0xb631e8650fb4befdae74ab9f86a9cb65bc134706"
    ],
    "tokens": [
        "0x4e352cf164e64adcbad318c3a1e222e9eba4ce42",
        "0xc02aaa39b223fe8d0a0e5c4f27ead9083c756cc2",
        "native_token"
    ]
}