{
    "hash": "0x94d1b5a5bebdacce02e41ebf5de82e13e02ea970999fd103b7f4a6093b49f787",
    "chain": "Ethereum",
    "U": [
        0,
        1,
        2,
        3,
        5,
        3,
        2,
        6,
        1,
        1
    ],
    "V": [
        1,
        2,
        3,
        4,
        3,
        2,
        1,
        1,
        6,
        0
    ],
    "feat": [
        [
            0,
            0,
            1,
            0,
            0.1,
            0.1,
            0.25,
            0.25,
            -0.011095224838693185
        ],
        [
            1,
            0,
            0,
            0,
            0.3,
            0.3,
            0.75,
            0.75,
            0.011095224838693074
        ],
        [
            0,
            1,
            0,
            0,
            0.2,
            0.2,
            0.5,
            0.5,
            0.0
        ],
        [
            0,
            1,
            0,
            0,
            0.2,
            0.2,
            0.5,
            0.5,
            0.0
        ],
        [
            0,
            0,
            0,
            1,
            0.1,
            0.0,
            0.25,
            0.0,
            1.0
        ],
        [
            0,
            1,
            0,
            0,
            0.0,
            0.1,
            0.0,
            0.25,
            -1.0
        ],
        [
            1,
            0,
            0,
            0,
            0.1,
            0.1,
            0.25,
            0.25,
            0.0
        ]
    ],
    "nodeCount": 7,
    "edgeCount": 10,
    "tokenCount": 4,
    "nodes": [
        "0xfbb3815a3f7da273da56410d711281699cb1c7d1",
        "0x0000000000005117dd3a72e64a705198753fdd54",
        "0x0f7cd0e51ec3a904cee55098f68ea0c1cb2596dc",
        "0x071c661b4deefb59e2a3ddb20db036821eee8f4b",
        "0x0000000000000000000000000000000000000000",
        "0x7fc77b5c7614e1533320ea6ddc2eb61fa00a9714",
        "0x4585fe77225b41b697c938b018e2ac67ac5a20c0"
    ],
    "tokens": [
        "0x9be89d2a4cd102d8fecc6bf9da793be995c22541",
        "0x075b1bb99792c9e1041ba13afef80c91a1e70fb3",
        "0x2260fac5e5542a773aa44fbcfedf7c193bc2c599",
        "0xc02aaa39b223fe8d0a0e5c4f27ead9083c756cc2"
    ]
}