{
    "hash": "0x946e3b6fd77ce34ad78ec1a3a6978d73bc18b06ba22da20f4abca8cd7dc54e46",
    "chain": "Ethereum",
    "U": [
        0,
        2,
        1,
        3,
        4,
        3,
        2,
        2,
        1,
        3,
        4,
        3
    ],
    "V": [
        1,
        1,
        3,
        4,
        3,
        2,
        5,
        6,
        3,
        4,
        3,
        0
    ],
    "feat": [
        [
            0,
            0,
            0,
            1,
            0.08333333333333333,
            0.08333333333333333,
            0.3333333333333333,
            0.3333333333333333,
            0.0
        ],
        [
            0,
            0,
            1,
            0,
            0.16666666666666666,
            0.16666666666666666,
            0.3333333333333333,
            0.3333333333333333,
            -0.00045470640488795566
        ],
        [
            0,
            0,
            1,
            0,
            0.08333333333333333,
            0.25,
            0.3333333333333333,
            0.6666666666666666,
            -0.1502049231127946
        ],
        [
            0,
            1,
            0,
            0,
            0.3333333333333333,
            0.3333333333333333,
            0.6666666666666666,
            0.6666666666666666,
            0.0
        ],
        [
            0,
            0,
            1,
            0,
            0.16666666666666666,
            0.16666666666666666,
            0.3333333333333333,
            0.3333333333333333,
            0.0
        ],
        [
            0,
            0,
            0,
            1,
            0.08333333333333333,
            0.0,
            0.3333333333333333,
            0.0,
            0.02008795060235766
        ],
        [
            0,
            0,
            0,
            1,
            0.08333333333333333,
            0.0,
            0.3333333333333333,
            0.0,
            0.1305716789153248
        ]
    ],
    "nodeCount": 7,
    "edgeCount": 12,
    "tokenCount": 3,
    "nodes": [
        "0x93dee9089b222a05c5be1b69ac40740fb70ee0c7",
        "0x7ee2d59972dd251f4212cfb69e0414cb33962650",
        "0x9b2d81a1ae36e8e66a0875053429816f0b6b829e",
        "0x7a250d5630b4cf539739df2c5dacb4c659f2488d",
        "0xc02aaa39b223fe8d0a0e5c4f27ead9083c756cc2",
        "0x63f540cebb69cc683be208afca9aaf1508efd98a",
        "0xcd4f207fb5d551fc6f513281ef66a7893852151a"
    ],
    "tokens": [
        "0x9b2d81a1ae36e8e66a0875053429816f0b6b829e",
        "0xc02aaa39b223fe8d0a0e5c4f27ead9083c756cc2",
        "native_token"
    ]
}