{
    "hash": "0x942213824de316b146510d135dce8bcf1f467c19a586161eb9a2fdbc1b286acd",
    "chain": "Ethereum",
    "U": [
        0,
        1,
        0,
        2,
        0,
        3,
        0,
        4,
        0,
        1
    ],
    "V": [
        1,
        0,
        2,
        0,
        3,
        0,
        4,
        0,
        1,
        0
    ],
    "feat": [
        [
            1,
            0,
            0,
            0,
            0.5,
            0.5,
            1.0,
            1.0,
            0.1577838279106123
        ],
        [
            0,
            0,
            1,
            0,
            0.2,
            0.2,
            0.5,
            0.5,
            0.0
        ],
        [
            0,
            0,
            1,
            0,
            0.1,
            0.1,
            0.25,
            0.25,
            -0.15778382791061207
        ],
        [
            0,
            1,
            0,
            0,
            0.1,
            0.1,
            0.25,
            0.25,
            0.0
        ],
        [
            0,
            0,
            1,
            0,
            0.1,
            0.1,
            0.25,
            0.25,
            0.0
        ]
    ],
    "nodeCount": 5,
    "edgeCount": 10,
    "tokenCount": 4,
    "nodes": [
        "0x78a55b9b3bbeffb36a43d9905f654d2769dc55e8",
        "0xc02aaa39b223fe8d0a0e5c4f27ead9083c756cc2",
        "0x7b7a444e59851439a09426f4047c8cead7b3b6b9",
        "0x29b2470e39952b76a4852f8ca83b719658b73e10",
        "0x3fd4cf9303c4bc9e13772618828712c8eac7dd2f"
    ],
    "tokens": [
        "native_token",
        "0xc02aaa39b223fe8d0a0e5c4f27ead9083c756cc2",
        "0x4ecb692b0fedecd7b486b4c99044392784877e8c",
        "0x1f573d6fb3f13d689ff844b4ce37794d79a7ff1c"
    ]
}