{
    "hash": "0x95beaadb528dd9096242c64ffe464e5a24bfc1a7ed648a471cab16941f55892e",
    "chain": "Ethereum",
    "U": [
        0,
        1,
        3,
        4,
        3,
        5,
        2,
        1
    ],
    "V": [
        1,
        2,
        2,
        3,
        5,
        1,
        0,
        4
    ],
    "feat": [
        [
            0,
            0,
            0,
            1,
            0.125,
            0.125,
            0.3333333333333333,
            0.3333333333333333,
            0.0
        ],
        [
            0,
            1,
            0,
            0,
            0.25,
            0.25,
            0.6666666666666666,
            0.6666666666666666,
            0.0
        ],
        [
            0,
            0,
            0,
            1,
            0.25,
            0.125,
            0.6666666666666666,
            0.3333333333333333,
            1.0
        ],
        [
            0,
            1,
            0,
            0,
            0.125,
            0.25,
            0.3333333333333333,
            0.6666666666666666,
            -1.0
        ],
        [
            0,
            0,
            1,
            0,
            0.125,
            0.125,
            0.3333333333333333,
            0.3333333333333333,
            0.0
        ],
        [
            0,
            0,
            1,
            0,
            0.125,
            0.125,
            0.3333333333333333,
            0.3333333333333333,
            0.0
        ]
    ],
    "nodeCount": 6,
    "edgeCount": 8,
    "tokenCount": 3,
    "nodes": [
        "0x4c7565b5215826507c9bebe241024e25cb68195e",
        "0x1824df8d751704fa10fa371d62a37f9b8772ab90",
        "0x0000000000000000000000000000000000000000",
        "0x0a5157244e4f82f100a461ca65c7b05c8dacf835",
        "0xdb25ca703181e7484a155dd612b06f57e12be5f0",
        "0xe14d13d8b3b85af791b2aadd661cdbd5e6097db1"
    ],
    "tokens": [
        "0xe14d13d8b3b85af791b2aadd661cdbd5e6097db1",
        "0xdb25ca703181e7484a155dd612b06f57e12be5f0",
        "0x0bc529c00c6401aef6d220be8c6ea1667f6ad93e"
    ]
}