{
    "hash": "0x95cbdf9ba4c939f236b1f17cabe8879cd810e9589f309335e60b3c81ad211420",
    "chain": "Ethereum",
    "U": [
        0,
        1,
        0,
        2,
        0,
        3,
        0,
        4,
        5,
        6,
        0,
        7,
        0,
        0,
        1
    ],
    "V": [
        1,
        0,
        2,
        0,
        3,
        0,
        4,
        5,
        6,
        0,
        7,
        0,
        0,
        1,
        0
    ],
    "feat": [
        [
            1,
            0,
            0,
            0,
            0.4666666666666667,
            0.4666666666666667,
            0.8333333333333334,
            0.8333333333333334,
            0.02500296261342072
        ],
        [
            0,
            0,
            1,
            0,
            0.13333333333333333,
            0.13333333333333333,
            0.3333333333333333,
            0.3333333333333333,
            0.0
        ],
        [
            0,
            0,
            1,
            0,
            0.06666666666666667,
            0.06666666666666667,
            0.16666666666666666,
            0.16666666666666666,
            -0.02500296261342072
        ],
        [
            0,
            0,
            1,
            0,
            0.06666666666666667,
            0.06666666666666667,
            0.16666666666666666,
            0.16666666666666666,
            0.0
        ],
        [
            0,
            1,
            0,
            0,
            0.06666666666666667,
            0.06666666666666667,
            0.16666666666666666,
            0.16666666666666666,
            0.0
        ],
        [
            0,
            0,
            1,
            0,
            0.06666666666666667,
            0.06666666666666667,
            0.16666666666666666,
            0.16666666666666666,
            0.007991186293195729
        ],
        [
            0,
            0,
            1,
            0,
            0.06666666666666667,
            0.06666666666666667,
            0.16666666666666666,
            0.16666666666666666,
            -0.007991186293195729
        ],
        [
            0,
            0,
            1,
            0,
            0.06666666666666667,
            0.06666666666666667,
            0.16666666666666666,
            0.16666666666666666,
            0.0
        ]
    ],
    "nodeCount": 8,
    "edgeCount": 15,
    "tokenCount": 6,
    "nodes": [
        "0x0000000000000eb4ec62758aae93400b3e5f7f18",
        "0xc02aaa39b223fe8d0a0e5c4f27ead9083c756cc2",
        "0x2fdbadf3c4d5a8666bc06645b8358ab803996e28",
        "0xc1c70266ef3dc680e55c5a1c451f664446a9849d",
        "0x2a4e4aa60ea158d3f542a7424454bd7ece43f82a",
        "0x05b0c1d8839ef3a989b33b6b63d3aa96cb7ec142",
        "0xcffdded873554f362ac02f8fb1f02e5ada10516f",
        "0xc48b8329d47ae8fd504c0b81cf8435486380e858"
    ],
    "tokens": [
        "native_token",
        "0xc02aaa39b223fe8d0a0e5c4f27ead9083c756cc2",
        "0x0bc529c00c6401aef6d220be8c6ea1667f6ad93e",
        "0x2260fac5e5542a773aa44fbcfedf7c193bc2c599",
        "0x419d0d8bdd9af5e606ae2232ed285aff190e711b",
        "0xc00e94cb662c3520282e6f5717214004a7f26888"
    ]
}