{
    "hash": "0x9552a847ad0be569efa2c841b91d5b90b7513018d59d5ab175c1f049c72b28b7",
    "chain": "Binance",
    "U": [
        0,
        1,
        1,
        1,
        0,
        0,
        1,
        0,
        5,
        6
    ],
    "V": [
        1,
        2,
        0,
        0,
        3,
        1,
        0,
        4,
        6,
        0
    ],
    "feat": [
        [
            0,
            1,
            0,
            0,
            0.4,
            0.4,
            0.6666666666666666,
            1.0,
            0.13169600208771648
        ],
        [
            0,
            0,
            1,
            0,
            0.2,
            0.4,
            0.6666666666666666,
            1.0,
            -0.15933520250525957
        ],
        [
            0,
            0,
            0,
            1,
            0.1,
            0.0,
            0.3333333333333333,
            0.0,
            1.0
        ],
        [
            0,
            1,
            0,
            0,
            0.1,
            0.0,
            0.3333333333333333,
            0.0,
            0.001299999999999998
        ],
        [
            0,
            0,
            0,
            1,
            0.1,
            0.0,
            0.3333333333333333,
            0.0,
            0.02633920041754327
        ],
        [
            0,
            0,
            0,
            1,
            0.0,
            0.1,
            0.0,
            0.3333333333333333,
            -1.0
        ],
        [
            0,
            1,
            0,
            0,
            0.1,
            0.1,
            0.3333333333333333,
            0.3333333333333333,
            0.0
        ]
    ],
    "nodeCount": 7,
    "edgeCount": 10,
    "tokenCount": 3,
    "nodes": [
        "0x5d2112ba0969ec66012380c1fb88f2a3d182eb90",
        "0x1bba5c6cc38ef04066042237b4298dc23405304d",
        "0x0000000000000000000000000000000000000000",
        "0x593cc303170367fcb249abdd08aaaa736d552ba5",
        "0x000000000000000000000000000000000000dead",
        "0x2a13acdb4aefa3539aba8d8de084b9fae05f2a18",
        "0x51ef0d7d28aa936d6d390ad13ea53aede1234fa5"
    ],
    "tokens": [
        "0x1bba5c6cc38ef04066042237b4298dc23405304d",
        "0xbb4cdb9cbd36b01bd1cbaebf2de08d9173bc095c",
        "0xdd97ab35e3c0820215bc85a395e13671d84ccba2"
    ]
}