{
    "hash": "0x96ec06299e35f48ac7e54a32569c889b4fec4d9c9c8482b8e951249c11b9661a",
    "chain": "Ethereum",
    "U": [
        0,
        2,
        1,
        4,
        1,
        5,
        1
    ],
    "V": [
        1,
        3,
        2,
        1,
        5,
        1,
        0
    ],
    "feat": [
        [
            0,
            0,
            0,
            1,
            0.14285714285714285,
            0.14285714285714285,
            0.3333333333333333,
            0.3333333333333333,
            0.0
        ],
        [
            0,
            1,
            0,
            0,
            0.42857142857142855,
            0.42857142857142855,
            1.0,
            1.0,
            0.0
        ],
        [
            0,
            0,
            0,
            1,
            0.14285714285714285,
            0.14285714285714285,
            0.3333333333333333,
            0.3333333333333333,
            0.9999990927952004
        ],
        [
            0,
            1,
            0,
            0,
            0.14285714285714285,
            0.0,
            0.3333333333333333,
            0.0,
            9.072047995836522e-07
        ],
        [
            0,
            0,
            1,
            0,
            0.0,
            0.14285714285714285,
            0.0,
            0.3333333333333333,
            -1.0
        ],
        [
            0,
            0,
            1,
            0,
            0.14285714285714285,
            0.14285714285714285,
            0.3333333333333333,
            0.3333333333333333,
            0.0
        ]
    ],
    "nodeCount": 6,
    "edgeCount": 7,
    "tokenCount": 3,
    "nodes": [
        "0x446260105bbcb847a853363092e91f101527b621",
        "0xcc9a0b7c43dc2a5f023bb9b738e45b0ef6b06e04",
        "0x0000000000000000000000000000000000000000",
        "0x464c71f6c2f760dda6093dcb91c24c39e5d6e18c",
        "0x030ba81f1c18d280636f32af80b9aad02cf0854e",
        "0xc02aaa39b223fe8d0a0e5c4f27ead9083c756cc2"
    ],
    "tokens": [
        "0x030ba81f1c18d280636f32af80b9aad02cf0854e",
        "0xc02aaa39b223fe8d0a0e5c4f27ead9083c756cc2",
        "native_token"
    ]
}