{
    "hash": "0x96cb2cd9172d4fd029737f042269d6cec1a88652919b8e31f06345b987ab44b4",
    "chain": "Ethereum",
    "U": [
        0,
        1,
        1,
        1,
        1,
        1,
        1,
        1,
        1,
        1,
        1,
        1,
        1,
        1,
        1,
        1,
        1,
        1,
        1,
        1,
        1,
        1,
        1,
        1,
        1,
        1,
        1,
        1,
        1,
        1,
        1,
        1,
        1,
        1,
        1,
        1,
        1,
        1,
        1,
        1,
        1,
        1,
        1,
        1,
        1,
        1,
        1,
        1,
        1,
        1,
        1,
        1,
        1,
        1,
        1
    ],
    "V": [
        1,
        1,
        2,
        0,
        1,
        2,
        0,
        1,
        2,
        0,
        1,
        2,
        0,
        1,
        2,
        0,
        1,
        2,
        0,
        1,
        2,
        0,
        1,
        2,
        0,
        1,
        2,
        0,
        1,
        2,
        0,
        1,
        2,
        0,
        1,
        2,
        0,
        1,
        2,
        0,
        1,
        2,
        0,
        1,
        2,
        0,
        1,
        2,
        0,
        1,
        2,
        0,
        1,
        2,
        0
    ],
    "feat": [
        [
            0,
            0,
            0,
            1,
            0.32727272727272727,
            0.01818181818181818,
            0.5,
            0.5,
            17.0
        ],
        [
            0,
            1,
            0,
            0,
            0.34545454545454546,
            0.9818181818181818,
            0.5,
            1.0,
            -17.999999999999975
        ],
        [
            0,
            0,
            0,
            1,
            0.32727272727272727,
            0.0,
            0.5,
            0.0,
            0.9999999999999969
        ]
    ],
    "nodeCount": 3,
    "edgeCount": 55,
    "tokenCount": 2,
    "nodes": [
        "0x42e2a6e30c0716b443aa95d272eadf8338c3c925",
        "0xfbddadd80fe7bda00b901fbaf73803f2238ae655",
        "0x4b5057b2c87ec9e7c047fb00c0e406dff2fdacad"
    ],
    "tokens": [
        "native_token",
        "0x990f341946a3fdb507ae7e52d17851b87168017c"
    ]
}