{
    "hash": "0x97810c911f4de15c39fb7203c882fd361eff4eb19a7b4bd1f4b9d684ad8d8ab2",
    "chain": "Binance",
    "U": [
        0,
        1,
        3,
        2,
        0,
        1,
        3,
        2,
        0,
        1,
        3,
        2,
        0,
        1,
        3,
        2,
        0,
        1,
        3,
        2,
        0,
        1,
        3,
        2,
        0,
        1,
        3,
        2,
        0,
        1,
        3,
        2,
        0,
        1,
        3,
        2,
        0,
        1,
        3,
        2,
        0,
        1,
        3,
        2,
        0,
        1,
        3,
        2,
        0,
        1,
        3,
        2,
        0,
        1,
        3,
        2
    ],
    "V": [
        1,
        2,
        2,
        0,
        1,
        2,
        2,
        0,
        1,
        2,
        2,
        0,
        1,
        2,
        2,
        0,
        1,
        2,
        2,
        0,
        1,
        2,
        2,
        0,
        1,
        2,
        2,
        0,
        1,
        2,
        2,
        0,
        1,
        2,
        2,
        0,
        1,
        2,
        2,
        0,
        1,
        2,
        2,
        0,
        1,
        2,
        2,
        0,
        1,
        2,
        2,
        0,
        1,
        2,
        2,
        0
    ],
    "feat": [
        [
            1,
            0,
            0,
            0,
            0.25,
            0.25,
            0.3333333333333333,
            0.3333333333333333,
            -1.9987269948279858
        ],
        [
            0,
            1,
            0,
            0,
            0.25,
            0.25,
            0.3333333333333333,
            0.3333333333333333,
            1.9987269948279847
        ],
        [
            0,
            1,
            0,
            0,
            0.5,
            0.25,
            0.6666666666666666,
            0.3333333333333333,
            11.957392924885589
        ],
        [
            0,
            0,
            1,
            0,
            0.0,
            0.25,
            0.0,
            0.3333333333333333,
            -11.957392924885589
        ]
    ],
    "nodeCount": 4,
    "edgeCount": 56,
    "tokenCount": 3,
    "nodes": [
        "0xb86f38742d08e2cb9e75f3fd2201f5ed80a59e26",
        "0x32bef377fbab535b1b10dd45c30fb162272ebc43",
        "0x10ed43c718714eb63d5aa57b78b54704e256024e",
        "0xbb4cdb9cbd36b01bd1cbaebf2de08d9173bc095c"
    ],
    "tokens": [
        "0x02af91da19a5c255cf53eca844e74ee77a0aa7d6",
        "0xbb4cdb9cbd36b01bd1cbaebf2de08d9173bc095c",
        "native_token"
    ]
}