{
    "hash": "0x97cb476991ecbd73fdda999bf5f75e15a6ccc197e79242f5815e831b53bcf8cb",
    "chain": "Binance",
    "U": [
        0,
        1,
        2,
        1,
        3,
        1,
        4,
        1,
        1
    ],
    "V": [
        1,
        2,
        1,
        3,
        1,
        4,
        1,
        5,
        0
    ],
    "feat": [
        [
            0,
            0,
            0,
            1,
            0.1111111111111111,
            0.1111111111111111,
            0.3333333333333333,
            0.3333333333333333,
            -0.00016367312104736964
        ],
        [
            1,
            0,
            0,
            0,
            0.4444444444444444,
            0.5555555555555556,
            1.0,
            1.0,
            0.0
        ],
        [
            0,
            0,
            1,
            0,
            0.1111111111111111,
            0.1111111111111111,
            0.3333333333333333,
            0.3333333333333333,
            -0.00013068916802402852
        ],
        [
            0,
            0,
            1,
            0,
            0.1111111111111111,
            0.1111111111111111,
            0.3333333333333333,
            0.3333333333333333,
            0.00013068916802405628
        ],
        [
            0,
            0,
            1,
            0,
            0.1111111111111111,
            0.1111111111111111,
            0.3333333333333333,
            0.3333333333333333,
            0.0
        ],
        [
            0,
            1,
            0,
            0,
            0.1111111111111111,
            0.0,
            0.3333333333333333,
            0.0,
            0.0001636731210473985
        ]
    ],
    "nodeCount": 6,
    "edgeCount": 9,
    "tokenCount": 3,
    "nodes": [
        "0xe4a7f5f8794b28f8579d0664826b2f8400b3da84",
        "0xc1e16013a158d57a60d6aa5bb3108722b0ac6df5",
        "0x33338c4fdb9a4a18c5c280c30338acda1b244425",
        "0x74fa517715c4ec65ef01d55ad5335f90dce7cc87",
        "0x2bf2deb40639201c9a94c9e33b4852d9aea5fd2d",
        "0x98468c0e9342d4e0ac3e09257251fab192992092"
    ],
    "tokens": [
        "0x477bc8d23c634c154061869478bce96be6045d12",
        "0xbb4cdb9cbd36b01bd1cbaebf2de08d9173bc095c",
        "0xacb8f52dc63bb752a51186d1c55868adbffee9c1"
    ]
}