{
    "hash": "0x97c7fb7df20bda54db8032fff2e0356f6ade18ee43c78b9019c8d541dfefa4e0",
    "chain": "Binance",
    "U": [
        0,
        1,
        3,
        3,
        5,
        2,
        5,
        7,
        6,
        3
    ],
    "V": [
        1,
        2,
        4,
        5,
        2,
        5,
        6,
        6,
        8,
        6
    ],
    "feat": [
        [
            0,
            0,
            0,
            1,
            0.0,
            0.1,
            0.0,
            0.3333333333333333,
            -0.8555132275810998
        ],
        [
            0,
            0,
            1,
            0,
            0.1,
            0.1,
            0.3333333333333333,
            0.3333333333333333,
            0.0
        ],
        [
            0,
            1,
            0,
            0,
            0.2,
            0.1,
            0.6666666666666666,
            0.3333333333333333,
            0.460481863432407
        ],
        [
            0,
            0,
            0,
            1,
            0.0,
            0.3,
            0.0,
            0.6666666666666666,
            -2.138
        ],
        [
            0,
            1,
            0,
            0,
            0.1,
            0.0,
            0.3333333333333333,
            0.0,
            0.13799999999999976
        ],
        [
            0,
            1,
            0,
            0,
            0.2,
            0.2,
            0.6666666666666666,
            0.6666666666666666,
            0.5395181365675931
        ],
        [
            0,
            1,
            0,
            0,
            0.3,
            0.1,
            0.6666666666666666,
            0.3333333333333333,
            1.192666873776628
        ],
        [
            0,
            0,
            1,
            0,
            0.0,
            0.1,
            0.0,
            0.3333333333333333,
            -0.33715364619552807
        ],
        [
            0,
            1,
            0,
            0,
            0.1,
            0.0,
            0.3333333333333333,
            0.0,
            1.0
        ]
    ],
    "nodeCount": 9,
    "edgeCount": 10,
    "tokenCount": 3,
    "nodes": [
        "0x04808276e690d93bfc481efd4ca1c223de757844",
        "0xe0b473c0dd6d7fea5b395c3ce7ffd4fef0ab4373",
        "0xb40fc2359563ac63636f4f094c71521dc8ae81cb",
        "0x0000000000000000000000000000000000000000",
        "0x28579eca0a326e53340edd93e18698d379876a04",
        "0x0895196562c7868c5be92459fae7f877ed450452",
        "0x1004a537a1c39ee9d38110bfe3042627c2cd5bbe",
        "0x009cf7bc57584b7998236eff51b98a168dcea9b0",
        "0x73feaa1ee314f8c655e354234017be2193c9e24e"
    ],
    "tokens": [
        "0x0e09fabb73bd3ade0a17ecc321fd13a19e81ce82",
        "0xa184088a740c695e156f91f5cc086a06bb78b827",
        "0x009cf7bc57584b7998236eff51b98a168dcea9b0"
    ]
}