{
    "hash": "0x98ceb7b00731b1b890bc4bbdd4b745d0fca78fe672cbf1f8525c4dc553d60634",
    "chain": "Binance",
    "U": [
        0,
        1,
        2,
        1,
        3,
        1,
        4,
        1,
        5,
        1,
        6,
        1
    ],
    "V": [
        1,
        2,
        1,
        3,
        1,
        4,
        1,
        5,
        1,
        6,
        1,
        0
    ],
    "feat": [
        [
            0,
            0,
            0,
            1,
            0.08333333333333333,
            0.08333333333333333,
            0.25,
            0.25,
            0.0
        ],
        [
            1,
            0,
            0,
            0,
            0.5,
            0.5,
            1.0,
            1.0,
            9.020562075079397e-17
        ],
        [
            0,
            0,
            1,
            0,
            0.08333333333333333,
            0.08333333333333333,
            0.25,
            0.25,
            0.00018560365938338763
        ],
        [
            0,
            0,
            1,
            0,
            0.08333333333333333,
            0.08333333333333333,
            0.25,
            0.25,
            -0.26
        ],
        [
            0,
            0,
            1,
            0,
            0.08333333333333333,
            0.08333333333333333,
            0.25,
            0.25,
            0.25996635005518876
        ],
        [
            0,
            0,
            1,
            0,
            0.08333333333333333,
            0.08333333333333333,
            0.25,
            0.25,
            -0.94
        ],
        [
            0,
            0,
            1,
            0,
            0.08333333333333333,
            0.08333333333333333,
            0.25,
            0.25,
            0.9398480462854278
        ]
    ],
    "nodeCount": 7,
    "edgeCount": 12,
    "tokenCount": 4,
    "nodes": [
        "0xc25ea0509a2906f8f81833e840a028df18fce867",
        "0x26585626e4a8d4fc409146b47a61790d9008967c",
        "0x0ed8e0a2d99643e1e65cca22ed4424090b8b7458",
        "0x1b96b92314c44b159149f7e0303511fb2fc4774f",
        "0xa527a61703d82139f8a06bc30097cc9caa2df5a6",
        "0xa32a983a64ce21834221aa0ad1f1533907553136",
        "0xeb0bab8f337ea2053457decce15e93005b59326a"
    ],
    "tokens": [
        "0xe9e7cea3dedca5984780bafc599bd69add087d56",
        "0x0e09fabb73bd3ade0a17ecc321fd13a19e81ce82",
        "0xbb4cdb9cbd36b01bd1cbaebf2de08d9173bc095c",
        "0x5ac52ee5b2a633895292ff6d8a89bb9190451587"
    ]
}