{
    "hash": "0x9931f3e3633cb6e32fae8040daf7acc309140def9968f70ec444ceb2a93a4820",
    "chain": "Binance",
    "U": [
        0,
        1,
        1
    ],
    "V": [
        1,
        2,
        0
    ],
    "feat": [
        [
            0,
            0,
            0,
            1,
            0.3333333333333333,
            0.3333333333333333,
            0.5,
            0.5,
            0.0
        ],
        [
            0,
            0,
            1,
            0,
            0.3333333333333333,
            0.6666666666666666,
            0.5,
            0.5,
            -0.00010001000100001711
        ],
        [
            0,
            1,
            0,
            0,
            0.3333333333333333,
            0.0,
            0.5,
            0.0,
            0.00010001000100009993
        ]
    ],
    "nodeCount": 3,
    "edgeCount": 3,
    "tokenCount": 2,
    "nodes": [
        "0x4463fa381077104a6301c94cc0c53bf355feea24",
        "0x882c173bc7ff3b7786ca16dfed3dfffb9ee7847b",
        "0xf322942f644a996a617bd29c16bd7d231d9f35e9"
    ],
    "tokens": [
        "0x882c173bc7ff3b7786ca16dfed3dfffb9ee7847b",
        "0x7130d2a12b9bcbfae4f2634d864a1ee1ce3ead9c"
    ]
}