{
    "hash": "0x9957a5b12c5e8c746faac4aa5e44bcf495e3a88f598f79772899f0c4014b42bb",
    "chain": "Ethereum",
    "U": [
        0,
        0,
        0,
        0,
        0,
        0,
        0,
        0,
        0,
        0,
        0,
        0,
        0,
        0,
        0,
        0,
        0,
        0,
        0,
        0,
        0,
        0,
        0,
        0,
        0,
        0,
        0,
        0,
        0,
        0,
        0,
        0,
        0,
        0,
        0,
        0,
        0,
        0,
        0,
        0,
        0,
        0,
        0,
        0,
        0,
        0,
        0,
        0,
        0,
        0,
        0,
        0,
        0,
        0,
        0,
        0,
        0
    ],
    "V": [
        1,
        2,
        3,
        1,
        2,
        3,
        1,
        2,
        3,
        1,
        2,
        3,
        1,
        2,
        3,
        1,
        2,
        3,
        1,
        2,
        3,
        1,
        2,
        3,
        1,
        2,
        3,
        1,
        2,
        3,
        1,
        2,
        3,
        1,
        2,
        3,
        1,
        2,
        3,
        1,
        2,
        3,
        1,
        2,
        3,
        1,
        2,
        3,
        1,
        2,
        3,
        1,
        2,
        3,
        1,
        2,
        3
    ],
    "feat": [
        [
            0,
            0,
            0,
            1,
            0.0,
            1.0,
            0.0,
            1.0,
            -11.03898015290129
        ],
        [
            0,
            0,
            0,
            1,
            0.3333333333333333,
            0.0,
            1.0,
            0.0,
            3.422102294669582
        ],
        [
            0,
            0,
            0,
            1,
            0.3333333333333333,
            0.0,
            1.0,
            0.0,
            0.5519476708863555
        ],
        [
            0,
            1,
            0,
            0,
            0.3333333333333333,
            0.0,
            1.0,
            0.0,
            7.064930187345351
        ]
    ],
    "nodeCount": 4,
    "edgeCount": 57,
    "tokenCount": 1,
    "nodes": [
        "0x0000000000000000000000000000000000000000",
        "0xe80a9bd7bc44f1fcd0af160459528f4ecdd38698",
        "0x3567fde6092509c0a9aaa66da9c047979e7b0533",
        "0xf8873a6080e8dbf41ada900498de0951074af577"
    ],
    "tokens": [
        "0xa283aa7cfbb27ef0cfbcb2493dd9f4330e0fd304"
    ]
}