{
    "hash": "0x99836a405add3ae89029ac37294c172ae21ca0d7213ebe83336575d526b4911f",
    "chain": "Binance",
    "U": [
        0,
        1,
        2,
        4,
        2,
        2,
        5,
        2,
        2,
        6,
        2,
        7,
        2,
        2
    ],
    "V": [
        1,
        2,
        3,
        2,
        4,
        5,
        2,
        3,
        6,
        2,
        7,
        2,
        8,
        0
    ],
    "feat": [
        [
            0,
            0,
            0,
            1,
            0.07142857142857142,
            0.07142857142857142,
            0.2,
            0.2,
            0.0
        ],
        [
            0,
            1,
            0,
            0,
            0.07142857142857142,
            0.07142857142857142,
            0.2,
            0.2,
            0.0
        ],
        [
            1,
            0,
            0,
            0,
            0.35714285714285715,
            0.5714285714285714,
            0.8,
            1.0,
            -1.6666666666666656
        ],
        [
            0,
            0,
            1,
            0,
            0.14285714285714285,
            0.0,
            0.2,
            0.0,
            1.0
        ],
        [
            0,
            0,
            0,
            1,
            0.07142857142857142,
            0.07142857142857142,
            0.2,
            0.2,
            -0.33333333333333337
        ],
        [
            0,
            1,
            0,
            0,
            0.07142857142857142,
            0.07142857142857142,
            0.2,
            0.2,
            0.5997994457693425
        ],
        [
            0,
            1,
            0,
            0,
            0.07142857142857142,
            0.07142857142857142,
            0.2,
            0.2,
            0.0
        ],
        [
            0,
            1,
            0,
            0,
            0.07142857142857142,
            0.07142857142857142,
            0.2,
            0.2,
            0.40003129679952876
        ],
        [
            0,
            1,
            0,
            0,
            0.07142857142857142,
            0.0,
            0.2,
            0.0,
            0.00016925743112873636
        ]
    ],
    "nodeCount": 9,
    "edgeCount": 14,
    "tokenCount": 5,
    "nodes": [
        "0x9bb417e9ab6a8ac057f250da964b2559909bd255",
        "0x11111112542d85b3ef69ae05771c2dccff4faa26",
        "0xc1e16013a158d57a60d6aa5bb3108722b0ac6df5",
        "0xbb4cdb9cbd36b01bd1cbaebf2de08d9173bc095c",
        "0x98a2b946cbff6537601db6ac0edb0eff85c36ab2",
        "0x160caed03795365f3a589f10c379ffa7d75d4e76",
        "0x9a24b2051bf094219ab7b435671b77cba06415f6",
        "0xb3f0c9ea1f05e312093fdb031e789a756659b0ac",
        "0x98468c0e9342d4e0ac3e09257251fab192992092"
    ],
    "tokens": [
        "native_token",
        "0x8ac76a51cc950d9822d68b83fe1ad97b32cd580d",
        "0xbb4cdb9cbd36b01bd1cbaebf2de08d9173bc095c",
        "0x55d398326f99059ff775485246999027b3197955",
        "0xe9e7cea3dedca5984780bafc599bd69add087d56"
    ]
}