{
    "hash": "0x9945b7daf4e91e65a8321412560bee9e695d0492b8ece2e912c427857683fe98",
    "chain": "Binance",
    "U": [
        0,
        2,
        1,
        4,
        3,
        2,
        5,
        3,
        3,
        6,
        2,
        2,
        2,
        3,
        3,
        8,
        5,
        1,
        4,
        3
    ],
    "V": [
        1,
        1,
        3,
        3,
        2,
        5,
        3,
        4,
        6,
        5,
        7,
        3,
        1,
        4,
        1,
        9,
        0,
        3,
        3,
        0
    ],
    "feat": [
        [
            0,
            0,
            0,
            1,
            0.1,
            0.05,
            0.4,
            0.2,
            0.0004926207514608372
        ],
        [
            0,
            0,
            1,
            0,
            0.2,
            0.1,
            0.4,
            0.2,
            0.0016424773046015099
        ],
        [
            0,
            0,
            1,
            0,
            0.05,
            0.25,
            0.2,
            0.4,
            -0.02779852515391758
        ],
        [
            0,
            1,
            0,
            0,
            0.3,
            0.3,
            0.4,
            0.4,
            1.0095905508780825
        ],
        [
            0,
            0,
            1,
            0,
            0.1,
            0.1,
            0.2,
            0.2,
            -1.0095905508780827
        ],
        [
            1,
            0,
            0,
            0,
            0.1,
            0.1,
            0.4,
            0.4,
            0.9995073792485392
        ],
        [
            0,
            0,
            1,
            0,
            0.05,
            0.05,
            0.2,
            0.2,
            -0.9825626347671226
        ],
        [
            0,
            0,
            0,
            1,
            0.05,
            0.0,
            0.2,
            0.0,
            0.008718682616438704
        ],
        [
            0,
            0,
            0,
            1,
            0.0,
            0.05,
            0.0,
            0.2,
            -1.0
        ],
        [
            0,
            0,
            0,
            1,
            0.05,
            0.0,
            0.2,
            0.0,
            1.0
        ]
    ],
    "nodeCount": 10,
    "edgeCount": 20,
    "tokenCount": 5,
    "nodes": [
        "0x708a4bdf81a66ef181a872dd48c296bb68c341be",
        "0x6edd1cae98b1d7deb1809be80a6bf925ca95ad3e",
        "0x4cc9ac1d6662fe0de927db28ab347a82342c318b",
        "0x10ed43c718714eb63d5aa57b78b54704e256024e",
        "0xbb4cdb9cbd36b01bd1cbaebf2de08d9173bc095c",
        "0xc778dc780c41adc263aab97fefa3a397c8fd1219",
        "0x28415ff2c35b65b9e5c7de82126b4015ab9d031f",
        "0x68b5f89955c78cf24aace41b835cae8934dea01c",
        "0x0000000000000000000000000000000000000000",
        "0xad6fd92ce9d7c8a180985d39306a6adfded27763"
    ],
    "tokens": [
        "0x4cc9ac1d6662fe0de927db28ab347a82342c318b",
        "0xbb4cdb9cbd36b01bd1cbaebf2de08d9173bc095c",
        "native_token",
        "0x3ee2200efb3400fabb9aacf31297cbdd1d435d47",
        "0x6edd1cae98b1d7deb1809be80a6bf925ca95ad3e"
    ]
}