{
    "hash": "0x9933fbe65e945da744e4d4c7baa7e5cb6282584ddac34906b2c2aec7d81dc285",
    "chain": "Ethereum",
    "U": [
        0,
        1,
        2,
        3,
        1,
        4,
        1,
        1,
        5
    ],
    "V": [
        1,
        2,
        3,
        1,
        4,
        1,
        0,
        0,
        6
    ],
    "feat": [
        [
            0,
            0,
            0,
            1,
            0.2222222222222222,
            0.1111111111111111,
            0.4,
            0.2,
            0.870640089993511
        ],
        [
            1,
            0,
            0,
            0,
            0.3333333333333333,
            0.4444444444444444,
            0.6,
            0.6,
            0.0
        ],
        [
            0,
            1,
            0,
            0,
            0.1111111111111111,
            0.1111111111111111,
            0.2,
            0.2,
            -0.870640089993511
        ],
        [
            0,
            1,
            0,
            0,
            0.1111111111111111,
            0.1111111111111111,
            0.2,
            0.2,
            0.0
        ],
        [
            0,
            0,
            1,
            0,
            0.1111111111111111,
            0.1111111111111111,
            0.2,
            0.2,
            0.0
        ],
        [
            1,
            0,
            0,
            0,
            0.0,
            0.1111111111111111,
            0.0,
            0.2,
            -1.0
        ],
        [
            0,
            0,
            0,
            1,
            0.1111111111111111,
            0.0,
            0.2,
            0.0,
            1.0
        ]
    ],
    "nodeCount": 7,
    "edgeCount": 9,
    "tokenCount": 5,
    "nodes": [
        "0x56178a0d5f301baf6cf3e1cd53d9863437345bf9",
        "0xbf3f6477dbd514ef85b7d3ec6ac2205fd0962039",
        "0x8df51a9714ae6357a5b829cc8d677b43d7e8bd53",
        "0x4c9a2bd661d640da3634a4988a9bd2bc0f18e5a9",
        "0xc02aaa39b223fe8d0a0e5c4f27ead9083c756cc2",
        "0xa57bd00134b2850b2a1c55860c9e9ea100fdd6cf",
        "0x0000000000000000000000000000000000000000"
    ],
    "tokens": [
        "0x514910771af9ca656af840dff83e8264ecf986ca",
        "0x1f573d6fb3f13d689ff844b4ce37794d79a7ff1c",
        "native_token",
        "0xc02aaa39b223fe8d0a0e5c4f27ead9083c756cc2",
        "0x0000000000004946c0e9f43f4dee607b0ef1fa1c"
    ]
}