{
    "hash": "0x99d216b401727ce0ef2fc63e421b5cc786334755da0373b842d96d06a0ef656d",
    "chain": "Ethereum",
    "U": [
        0,
        2,
        3,
        1,
        4,
        2,
        5
    ],
    "V": [
        1,
        1,
        4,
        4,
        3,
        5,
        6
    ],
    "feat": [
        [
            0,
            0,
            0,
            1,
            0.0,
            0.14285714285714285,
            0.0,
            0.25,
            -1.0
        ],
        [
            0,
            1,
            0,
            0,
            0.2857142857142857,
            0.14285714285714285,
            0.5,
            0.25,
            1.0
        ],
        [
            0,
            0,
            0,
            1,
            0.0,
            0.2857142857142857,
            0.0,
            0.5,
            -2.0
        ],
        [
            0,
            1,
            0,
            0,
            0.14285714285714285,
            0.14285714285714285,
            0.25,
            0.25,
            0.0
        ],
        [
            0,
            0,
            1,
            0,
            0.2857142857142857,
            0.14285714285714285,
            0.5,
            0.25,
            1.0
        ],
        [
            0,
            1,
            0,
            0,
            0.14285714285714285,
            0.14285714285714285,
            0.25,
            0.25,
            0.0
        ],
        [
            0,
            1,
            0,
            0,
            0.14285714285714285,
            0.0,
            0.25,
            0.0,
            1.0
        ]
    ],
    "nodeCount": 7,
    "edgeCount": 7,
    "tokenCount": 4,
    "nodes": [
        "0x8ed6d471a91a18e7e9a59e760064bf64e1c29483",
        "0x989aeb4d175e16225e39e87d0d97a3360524ad80",
        "0x0000000000000000000000000000000000000000",
        "0xb76256d1091e93976c61449d6e500d9f46d827d4",
        "0x9582c4adacb3bce56fea3e590f05c3ca2fb9c477",
        "0xf403c135812408bfbe8713b5a23a04b3d48aae31",
        "0x02e2151d4f351881017abdf2dd2b51150841d5b3"
    ],
    "tokens": [
        "0x43b4fdfd4ff969587185cdb6f0bd875c5fc83f8c",
        "0x9582c4adacb3bce56fea3e590f05c3ca2fb9c477",
        "0xdbdb4d16eda451d0503b854cf79d55697f90c8df",
        "0xca3d9f45ffa69ed454e66539298709cb2db8ca61"
    ]
}