{
    "hash": "0x9a337f1cc9f27b5cf8002205c3c2c74c4a9cd116f216a792d434035dcd08b241",
    "chain": "Binance",
    "U": [
        0,
        2,
        1,
        4,
        3,
        2,
        2,
        3,
        3,
        5,
        3,
        2,
        1,
        4,
        3,
        2,
        1,
        4,
        3
    ],
    "V": [
        1,
        1,
        3,
        3,
        2,
        3,
        1,
        4,
        1,
        5,
        2,
        1,
        3,
        3,
        2,
        6,
        3,
        3,
        0
    ],
    "feat": [
        [
            0,
            0,
            0,
            1,
            0.05263157894736842,
            0.05263157894736842,
            0.25,
            0.25,
            0.0
        ],
        [
            0,
            0,
            1,
            0,
            0.2631578947368421,
            0.15789473684210525,
            0.5,
            0.25,
            -0.17517424972138892
        ],
        [
            0,
            0,
            1,
            0,
            0.15789473684210525,
            0.2631578947368421,
            0.25,
            0.5,
            -0.014727201905434223
        ],
        [
            0,
            1,
            0,
            0,
            0.3684210526315789,
            0.3157894736842105,
            0.5,
            0.5,
            1.1899014516268234
        ],
        [
            0,
            0,
            1,
            0,
            0.05263157894736842,
            0.15789473684210525,
            0.25,
            0.25,
            -1.1899014516268231
        ],
        [
            0,
            0,
            0,
            1,
            0.05263157894736842,
            0.05263157894736842,
            0.25,
            0.25,
            0.0
        ],
        [
            0,
            0,
            0,
            1,
            0.05263157894736842,
            0.0,
            0.25,
            0.0,
            0.18990145162682312
        ]
    ],
    "nodeCount": 7,
    "edgeCount": 19,
    "tokenCount": 4,
    "nodes": [
        "0x60d5ae5329261ae2e5d0db002dd8b2e6942c0f0d",
        "0x6bd84962d6f1e622083bc8c24c47bd68f2c18fbf",
        "0x09113d1b1b5bf834a55fc873011bb570fb3cb330",
        "0x10ed43c718714eb63d5aa57b78b54704e256024e",
        "0xbb4cdb9cbd36b01bd1cbaebf2de08d9173bc095c",
        "0x0000000000000000000000000000000000000000",
        "0xac5dc4dd148c749e65016ca807bb8db757b3f841"
    ],
    "tokens": [
        "0x09113d1b1b5bf834a55fc873011bb570fb3cb330",
        "0xbb4cdb9cbd36b01bd1cbaebf2de08d9173bc095c",
        "native_token",
        "0x6bd84962d6f1e622083bc8c24c47bd68f2c18fbf"
    ]
}