{
    "hash": "0x9accb956cbdad5d8ef3c457c1f089e6bac208c22789a25a5c675db4270985922",
    "chain": "Binance",
    "U": [
        0,
        1,
        2,
        3,
        4,
        3,
        5,
        3,
        1
    ],
    "V": [
        1,
        2,
        3,
        4,
        3,
        5,
        3,
        1,
        0
    ],
    "feat": [
        [
            0,
            0,
            0,
            1,
            0.1111111111111111,
            0.1111111111111111,
            0.25,
            0.25,
            0.0
        ],
        [
            0,
            1,
            0,
            0,
            0.2222222222222222,
            0.2222222222222222,
            0.5,
            0.5,
            0.0
        ],
        [
            0,
            0,
            1,
            0,
            0.1111111111111111,
            0.1111111111111111,
            0.25,
            0.25,
            0.0
        ],
        [
            1,
            0,
            0,
            0,
            0.3333333333333333,
            0.3333333333333333,
            0.75,
            0.75,
            0.0
        ],
        [
            0,
            0,
            1,
            0,
            0.1111111111111111,
            0.1111111111111111,
            0.25,
            0.25,
            0.0
        ],
        [
            0,
            0,
            1,
            0,
            0.1111111111111111,
            0.1111111111111111,
            0.25,
            0.25,
            0.0
        ]
    ],
    "nodeCount": 6,
    "edgeCount": 9,
    "tokenCount": 4,
    "nodes": [
        "0xbc7619a89eded9073717286a5fe301ba419ba7a2",
        "0x8f8dd7db1bda5ed3da8c9daf3bfa471c12d58486",
        "0xf9045866e7b372def1eff3712ce55fac1a98daf0",
        "0xc603a00595d5f8ea8d93c5c338c00ff29dba6258",
        "0x3de669c4f1f167a8afbc9993e4753b84b576426f",
        "0x2720ec9809f77e040d4682cf9f7294276b9ccc56"
    ],
    "tokens": [
        "0xa7f552078dcc247c2684336020c03648500c6d9f",
        "0xbb4cdb9cbd36b01bd1cbaebf2de08d9173bc095c",
        "0xe4ae305ebe1abe663f261bc00534067c80ad677c",
        "0x55d398326f99059ff775485246999027b3197955"
    ]
}