{
    "hash": "0x9a2210dacc14e95f2f971f25e87f9c5501e874f3d8bd0a491d57d7a864f157cd",
    "chain": "Ethereum",
    "U": [
        0,
        1,
        2,
        3,
        4,
        5,
        2,
        2,
        5,
        5,
        8,
        2,
        1
    ],
    "V": [
        1,
        2,
        3,
        4,
        2,
        6,
        5,
        7,
        6,
        2,
        2,
        1,
        0
    ],
    "feat": [
        [
            0,
            1,
            0,
            0,
            0.07692307692307693,
            0.07692307692307693,
            0.16666666666666666,
            0.16666666666666666,
            2.0058688043889106e-10
        ],
        [
            0,
            1,
            0,
            0,
            0.15384615384615385,
            0.15384615384615385,
            0.16666666666666666,
            0.16666666666666666,
            -2.0058688043889106e-10
        ],
        [
            0,
            1,
            0,
            0,
            0.3076923076923077,
            0.3076923076923077,
            0.5,
            0.5,
            2.220446049250313e-16
        ],
        [
            0,
            0,
            1,
            0,
            0.07692307692307693,
            0.07692307692307693,
            0.16666666666666666,
            0.16666666666666666,
            -2.0058688043889106e-10
        ],
        [
            1,
            0,
            0,
            0,
            0.07692307692307693,
            0.07692307692307693,
            0.16666666666666666,
            0.16666666666666666,
            0.0
        ],
        [
            0,
            0,
            0,
            1,
            0.07692307692307693,
            0.23076923076923078,
            0.16666666666666666,
            0.5,
            -2.0
        ],
        [
            0,
            1,
            0,
            0,
            0.15384615384615385,
            0.0,
            0.3333333333333333,
            0.0,
            2.0
        ],
        [
            0,
            0,
            1,
            0,
            0.07692307692307693,
            0.0,
            0.16666666666666666,
            0.0,
            1.0
        ],
        [
            0,
            0,
            1,
            0,
            0.0,
            0.07692307692307693,
            0.0,
            0.16666666666666666,
            -0.9999999997994131
        ]
    ],
    "nodeCount": 9,
    "edgeCount": 13,
    "tokenCount": 6,
    "nodes": [
        "0x1e0447b19bb6ecfdae1e4ae1694b0c3659614e4e",
        "0x691d4172331a11912c6d0e6d1a002e3d7ced6a66",
        "0x76136814aab8564fd0d0365455868c9b3f80f3f0",
        "0x004375dff511095cc5a197a54140a24efef3a416",
        "0xb3c9669a5706477a2b237d98edb9b57678926f04",
        "0x0000000000000000000000000000000000000000",
        "0x464c71f6c2f760dda6093dcb91c24c39e5d6e18c",
        "0x9ff58f4ffb29fa2266ab25e75e2a8b3503311656",
        "0xbcca60bb61934080951369a648fb03df4f96263c"
    ],
    "tokens": [
        "0xa0b86991c6218b36c1d19d4a2e9eb0ce3606eb48",
        "0x2260fac5e5542a773aa44fbcfedf7c193bc2c599",
        "0x9ff58f4ffb29fa2266ab25e75e2a8b3503311656",
        "0x9c39809dec7f95f5e0713634a4d0701329b3b4d2",
        "0xbcca60bb61934080951369a648fb03df4f96263c",
        "0x619beb58998ed2278e08620f97007e1116d5d25b"
    ]
}