{
    "hash": "0x9a2f0d24b77d0344544021684c984c08abf1af250f8f8b1c5e5a97e165c4f253",
    "chain": "Ethereum",
    "U": [
        0,
        1,
        2,
        1,
        3,
        4,
        1,
        1,
        2,
        1,
        1,
        0
    ],
    "V": [
        1,
        2,
        1,
        3,
        1,
        1,
        4,
        2,
        1,
        5,
        0,
        6
    ],
    "feat": [
        [
            0,
            0,
            0,
            1,
            0.08333333333333333,
            0.16666666666666666,
            0.25,
            0.5,
            -0.9980433615888867
        ],
        [
            1,
            0,
            0,
            0,
            0.4166666666666667,
            0.5,
            0.75,
            0.75,
            0.0
        ],
        [
            0,
            0,
            1,
            0,
            0.16666666666666666,
            0.16666666666666666,
            0.5,
            0.5,
            0.0
        ],
        [
            0,
            1,
            0,
            0,
            0.08333333333333333,
            0.08333333333333333,
            0.25,
            0.25,
            -0.005370951278113267
        ],
        [
            0,
            1,
            0,
            0,
            0.08333333333333333,
            0.08333333333333333,
            0.25,
            0.25,
            0.0
        ],
        [
            0,
            0,
            0,
            1,
            0.08333333333333333,
            0.0,
            0.25,
            0.0,
            0.003414312867000057
        ],
        [
            0,
            0,
            0,
            1,
            0.08333333333333333,
            0.0,
            0.25,
            0.0,
            1.0
        ]
    ],
    "nodeCount": 7,
    "edgeCount": 12,
    "tokenCount": 4,
    "nodes": [
        "0x81ebd07c0a0c150426c6ed75ab990787173f83bd",
        "0x1c073d5045b1abb6924d5f0f8b2f667b1653a4c3",
        "0xc02aaa39b223fe8d0a0e5c4f27ead9083c756cc2",
        "0x80466c64868e1ab14a1ddf27a676c3fcbe638fe5",
        "0x11b815efb8f581194ae79006d24e0d814b7697f6",
        "0x829bd824b016326a401d083b33d092293333a830",
        "0x0000000000000000000000000000000000000000"
    ],
    "tokens": [
        "native_token",
        "0xc02aaa39b223fe8d0a0e5c4f27ead9083c756cc2",
        "0xdac17f958d2ee523a2206206994597c13d831ec7",
        "0x0000000000004946c0e9f43f4dee607b0ef1fa1c"
    ]
}