{
    "hash": "0x9b363c30342fe3f9855a45fb6182464b0db4244805f032be6f556ec0da5ab246",
    "chain": "Binance",
    "U": [
        0,
        0,
        2,
        2,
        2,
        2,
        2,
        2,
        2,
        2,
        2,
        2,
        2,
        2,
        2,
        2,
        2,
        2,
        2,
        2,
        2,
        2,
        2,
        2,
        2,
        2,
        2,
        2,
        2,
        2,
        2,
        2,
        2,
        2,
        2,
        2,
        2,
        2,
        2,
        2,
        2,
        2,
        2,
        2,
        2,
        2,
        2,
        2,
        2,
        2,
        2
    ],
    "V": [
        1,
        2,
        0,
        0,
        0,
        0,
        0,
        0,
        0,
        0,
        0,
        0,
        0,
        0,
        0,
        0,
        0,
        0,
        0,
        0,
        0,
        0,
        0,
        0,
        0,
        0,
        0,
        0,
        0,
        0,
        0,
        0,
        0,
        0,
        0,
        0,
        0,
        0,
        0,
        0,
        0,
        0,
        0,
        0,
        0,
        0,
        0,
        0,
        0,
        0,
        0
    ],
    "feat": [
        [
            0,
            0,
            0,
            1,
            0.9607843137254902,
            0.0392156862745098,
            0.8571428571428571,
            0.14285714285714285,
            47.96907216494846
        ],
        [
            1,
            0,
            0,
            0,
            0.0196078431372549,
            0.0,
            0.14285714285714285,
            0.0,
            1.0
        ],
        [
            0,
            0,
            0,
            1,
            0.0196078431372549,
            0.9607843137254902,
            0.14285714285714285,
            0.8571428571428571,
            -48.96907216494845
        ]
    ],
    "nodeCount": 3,
    "edgeCount": 51,
    "tokenCount": 7,
    "nodes": [
        "0x4b56c9f1357687abf20fa56d14cb7e169a9d5572",
        "0x1e2e1296285e149242bee23a16ec137fee9f0510",
        "0x0000000000000000000000000000000000000000"
    ],
    "tokens": [
        "0xbcc60f96eaafc409bd914f6890e8dd0a6cf3234f",
        "0x3a6e7fdc786d7393522bce1d2c266561fb1c6f53",
        "0x413f22bacb885143de12a77da54d670fc72ba2d6",
        "0x831e3301b28b7591d67256264963bd2292f385c4",
        "0x8b5a8c9aaf9018eaf056f94c568ddfbf0d6d2187",
        "0x7d09688b3fc4d14f4c306030584bd115deb65e20",
        "0x58f20dfb8b3415d315dc544762815f241e901aa9"
    ]
}