{
    "hash": "0x9bafa381eaa984bab0bb796706b53a5c20019f9b2f184e4c1b10f07f4ec1a408",
    "chain": "Ethereum",
    "U": [
        0,
        0,
        2
    ],
    "V": [
        1,
        2,
        3
    ],
    "feat": [
        [
            0,
            0,
            0,
            1,
            0.0,
            0.6666666666666666,
            0.0,
            0.5,
            -1.0180847518478187
        ],
        [
            0,
            0,
            0,
            1,
            0.3333333333333333,
            0.0,
            0.5,
            0.0,
            0.018084751847818634
        ],
        [
            0,
            0,
            0,
            1,
            0.3333333333333333,
            0.3333333333333333,
            0.5,
            0.5,
            0.0
        ],
        [
            0,
            0,
            1,
            0,
            0.3333333333333333,
            0.0,
            0.5,
            0.0,
            1.0
        ]
    ],
    "nodeCount": 4,
    "edgeCount": 3,
    "tokenCount": 2,
    "nodes": [
        "0x0000000000000000000000000000000000000000",
        "0xb3f8d948b26c4805f945c01fab023c4c8a6efef2",
        "0x60fc79ec08c5386f030912f056dca91daec3a488",
        "0xded69068a94776a23f5bdafc6b4c6894bc88e82c"
    ],
    "tokens": [
        "0xded69068a94776a23f5bdafc6b4c6894bc88e82c",
        "0xa0b86991c6218b36c1d19d4a2e9eb0ce3606eb48"
    ]
}