{
    "hash": "0x9b8ef85c7eedab9458a5741b984691c09c5ed6333c044101cd053c6d5ab31a43",
    "chain": "Ethereum",
    "U": [
        0,
        1,
        1,
        1,
        1,
        1,
        1,
        1,
        1,
        1,
        1,
        1,
        1,
        1,
        1,
        1,
        1,
        1,
        1,
        1,
        1,
        1,
        1,
        1,
        1,
        1,
        1,
        1,
        1,
        1,
        1,
        1,
        1,
        1,
        1,
        1,
        1,
        1,
        1,
        1,
        1,
        1,
        1,
        1,
        1,
        1,
        1,
        1,
        1
    ],
    "V": [
        1,
        1,
        2,
        0,
        1,
        2,
        0,
        1,
        2,
        0,
        1,
        2,
        0,
        1,
        2,
        0,
        1,
        2,
        0,
        1,
        2,
        0,
        1,
        2,
        0,
        1,
        2,
        0,
        1,
        2,
        0,
        1,
        2,
        0,
        1,
        2,
        0,
        1,
        2,
        0,
        1,
        2,
        0,
        1,
        2,
        0,
        1,
        2,
        0
    ],
    "feat": [
        [
            0,
            0,
            0,
            1,
            0.32653061224489793,
            0.02040816326530612,
            0.5,
            0.5,
            15.0
        ],
        [
            0,
            1,
            0,
            0,
            0.3469387755102041,
            0.9795918367346939,
            0.5,
            1.0,
            -16.0
        ],
        [
            0,
            0,
            0,
            1,
            0.32653061224489793,
            0.0,
            0.5,
            0.0,
            1.0
        ]
    ],
    "nodeCount": 3,
    "edgeCount": 49,
    "tokenCount": 2,
    "nodes": [
        "0xa9901a8902394cf17652e1218a8c4d1bc2c6e263",
        "0xfbddadd80fe7bda00b901fbaf73803f2238ae655",
        "0x4b5057b2c87ec9e7c047fb00c0e406dff2fdacad"
    ],
    "tokens": [
        "native_token",
        "0x990f341946a3fdb507ae7e52d17851b87168017c"
    ]
}