{
    "hash": "0x9c54ff97b030574117e74215018930b751c41a4fecbb948862c77cec19c54e0c",
    "chain": "Binance",
    "U": [
        0,
        0,
        0,
        0,
        0,
        0,
        0,
        0,
        0,
        0,
        0,
        0,
        0,
        0,
        0,
        0,
        0,
        0,
        0,
        0,
        0,
        0,
        0,
        0,
        0,
        0,
        0,
        0,
        0,
        0,
        0,
        0,
        0,
        0,
        0,
        0,
        0,
        0,
        0,
        0,
        0,
        0,
        0,
        0,
        0,
        0,
        0,
        0,
        0,
        0,
        0,
        0,
        0,
        0,
        0,
        0,
        0,
        0,
        0,
        0
    ],
    "V": [
        1,
        2,
        1,
        2,
        1,
        2,
        1,
        2,
        1,
        2,
        1,
        2,
        1,
        2,
        1,
        2,
        1,
        2,
        1,
        2,
        1,
        2,
        1,
        2,
        1,
        2,
        1,
        2,
        1,
        2,
        1,
        2,
        1,
        2,
        1,
        2,
        1,
        2,
        1,
        2,
        1,
        2,
        1,
        2,
        1,
        2,
        1,
        2,
        1,
        2,
        1,
        2,
        1,
        2,
        1,
        2,
        1,
        2,
        1,
        2
    ],
    "feat": [
        [
            0,
            0,
            0,
            1,
            0.0,
            1.0,
            0.0,
            1.0,
            -4.654333333333329
        ],
        [
            0,
            0,
            0,
            1,
            0.5,
            0.0,
            1.0,
            0.0,
            0.4231212121212123
        ],
        [
            0,
            1,
            0,
            0,
            0.5,
            0.0,
            1.0,
            0.0,
            4.231212121212121
        ]
    ],
    "nodeCount": 3,
    "edgeCount": 60,
    "tokenCount": 1,
    "nodes": [
        "0x0000000000000000000000000000000000000000",
        "0x13df2efe22eee6e2c7321cac8eb563d272d1a4a5",
        "0x1bee93b82275f3f215411be49f948f8568e5e103"
    ],
    "tokens": [
        "0xcd5d75dbe75449a9021b6c570a41959eb571c751"
    ]
}