{
    "hash": "0x9c395636193c6c12c420e2b6bf36daaea828b3e2e4d5f46a4dde0f6ead9bc2fd",
    "chain": "Ethereum",
    "U": [
        0,
        0,
        0,
        0,
        0,
        0
    ],
    "V": [
        1,
        1,
        1,
        1,
        1,
        1
    ],
    "feat": [
        [
            0,
            0,
            0,
            1,
            0.0,
            1.0,
            0.0,
            1.0,
            -4.527823432730688
        ],
        [
            0,
            0,
            0,
            1,
            1.0,
            0.0,
            1.0,
            0.0,
            4.527823432730688
        ]
    ],
    "nodeCount": 2,
    "edgeCount": 6,
    "tokenCount": 1,
    "nodes": [
        "0x0000000000000000000000000000000000000000",
        "0x3d6b35dacc2c8079e073aea6b0208e1cc734a5c5"
    ],
    "tokens": [
        "0x5820e6afbe12f28ed90421d5b961fb8af379938b"
    ]
}