{
    "hash": "0x9c910c6b7b31ec2fa13b1a2be4d8697b5f8a7d190b95d5b0e30219cbf3058194",
    "chain": "Binance",
    "U": [
        0,
        1,
        2,
        3,
        1,
        1,
        5
    ],
    "V": [
        1,
        2,
        3,
        1,
        0,
        4,
        6
    ],
    "feat": [
        [
            0,
            0,
            1,
            0,
            0.14285714285714285,
            0.14285714285714285,
            0.25,
            0.25,
            -0.05220956764309481
        ],
        [
            1,
            0,
            0,
            0,
            0.2857142857142857,
            0.42857142857142855,
            0.5,
            0.5,
            0.0
        ],
        [
            0,
            0,
            1,
            0,
            0.14285714285714285,
            0.14285714285714285,
            0.25,
            0.25,
            0.0
        ],
        [
            0,
            0,
            1,
            0,
            0.14285714285714285,
            0.14285714285714285,
            0.25,
            0.25,
            0.0
        ],
        [
            0,
            0,
            0,
            1,
            0.14285714285714285,
            0.0,
            0.25,
            0.0,
            0.052209567643094826
        ],
        [
            0,
            0,
            0,
            1,
            0.0,
            0.14285714285714285,
            0.0,
            0.25,
            -1.0
        ],
        [
            0,
            0,
            0,
            1,
            0.14285714285714285,
            0.0,
            0.25,
            0.0,
            1.0
        ]
    ],
    "nodeCount": 7,
    "edgeCount": 7,
    "tokenCount": 4,
    "nodes": [
        "0x78d9a0c50f6484291b4122f61888bb9ee71879ff",
        "0x0644c5595b1a6edc1876d07c6f87c708a1b474df",
        "0x6b936c5c1fd7de08e03684b0588a87dbd8ce6b63",
        "0x1b96b92314c44b159149f7e0303511fb2fc4774f",
        "0xc7e21d9ca41f0d56b2bd6cf115768bfed5ed307c",
        "0x012fe77b3da33364a37f526c8d37b3ec11afc044",
        "0x0000000000000000000000000000000000000000"
    ],
    "tokens": [
        "0x0abd3e3502c15ec252f90f64341cba74a24fba06",
        "0xe9e7cea3dedca5984780bafc599bd69add087d56",
        "0xbb4cdb9cbd36b01bd1cbaebf2de08d9173bc095c",
        "0x0000000000004946c0e9f43f4dee607b0ef1fa1c"
    ]
}