{
    "hash": "0x9d1effe12a6ea776a6431af76e9671e003e9705e9e9905db4dda7021b251eb71",
    "chain": "Ethereum",
    "U": [
        0,
        2,
        2,
        1
    ],
    "V": [
        1,
        3,
        0,
        4
    ],
    "feat": [
        [
            0,
            0,
            0,
            1,
            0.25,
            0.25,
            0.5,
            0.5,
            0.0
        ],
        [
            0,
            1,
            0,
            0,
            0.25,
            0.25,
            0.5,
            0.5,
            0.0
        ],
        [
            0,
            0,
            0,
            1,
            0.0,
            0.5,
            0.0,
            0.5,
            -1.0050157156079658
        ],
        [
            0,
            1,
            0,
            0,
            0.25,
            0.0,
            0.5,
            0.0,
            0.005015715607965674
        ],
        [
            0,
            1,
            0,
            0,
            0.25,
            0.0,
            0.5,
            0.0,
            1.0
        ]
    ],
    "nodeCount": 5,
    "edgeCount": 4,
    "tokenCount": 2,
    "nodes": [
        "0xd441c97ef1458d847271f91714799007081494ef",
        "0x24179cd81c9e782a4096035f7ec97fb8b783e007",
        "0x0000000000000000000000000000000000000000",
        "0x4f9fbb3f1e99b56e0fe2892e623ed36a76fc605d",
        "0xdf9eb223bafbe5c5271415c75aecd68c21fe3d7f"
    ],
    "tokens": [
        "native_token",
        "0x5f98805a4e8be255a32880fdec7f6728c6568ba0"
    ]
}