{
    "hash": "0x9d2fca02517d5552f87b099cb647703fc9b03ab53973a622e7fc23efd87a06fa",
    "chain": "Ethereum",
    "U": [
        0,
        1,
        2,
        3,
        2,
        4
    ],
    "V": [
        1,
        2,
        3,
        2,
        4,
        0
    ],
    "feat": [
        [
            1,
            0,
            0,
            0,
            0.16666666666666666,
            0.16666666666666666,
            0.3333333333333333,
            0.3333333333333333,
            0.006706401508061344
        ],
        [
            0,
            0,
            1,
            0,
            0.16666666666666666,
            0.16666666666666666,
            0.3333333333333333,
            0.3333333333333333,
            -0.006706401508061344
        ],
        [
            1,
            0,
            0,
            0,
            0.3333333333333333,
            0.3333333333333333,
            0.6666666666666666,
            0.6666666666666666,
            -5.218048215738236e-15
        ],
        [
            0,
            1,
            0,
            0,
            0.16666666666666666,
            0.16666666666666666,
            0.3333333333333333,
            0.3333333333333333,
            5.218048215738236e-15
        ],
        [
            0,
            0,
            1,
            0,
            0.16666666666666666,
            0.16666666666666666,
            0.3333333333333333,
            0.3333333333333333,
            0.0
        ]
    ],
    "nodeCount": 5,
    "edgeCount": 6,
    "tokenCount": 3,
    "nodes": [
        "0xdfee68a9adb981cd08699891a11cabe10f25ec44",
        "0xf1f85b2c54a2bd284b1cf4141d64fd171bd85539",
        "0x0000000000007f150bd6f54c40a34d7c3d5e9f56",
        "0xa5407eae9ba41422680e2e00537571bcc53efbfd",
        "0xc3d03e4f041fd4cd388c549ee2a29a9e5075882f"
    ],
    "tokens": [
        "0xc02aaa39b223fe8d0a0e5c4f27ead9083c756cc2",
        "0x57ab1ec28d129707052df4df418d58a2d46d5f51",
        "0x6b175474e89094c44da98b954eedeac495271d0f"
    ]
}