{
    "hash": "0x9d4c5647291625fcf0320d126956d57799ff6989c08cee41e3f43329ea4986ef",
    "chain": "Ethereum",
    "U": [
        0,
        2,
        3,
        2,
        4
    ],
    "V": [
        1,
        0,
        2,
        4,
        2
    ],
    "feat": [
        [
            0,
            0,
            0,
            1,
            0.2,
            0.2,
            0.3333333333333333,
            0.3333333333333333,
            0.9999999153381373
        ],
        [
            0,
            1,
            0,
            0,
            0.2,
            0.0,
            0.3333333333333333,
            0.0,
            8.466186274685714e-08
        ],
        [
            0,
            1,
            0,
            0,
            0.4,
            0.4,
            0.6666666666666666,
            0.6666666666666666,
            0.0
        ],
        [
            0,
            0,
            1,
            0,
            0.0,
            0.2,
            0.0,
            0.3333333333333333,
            -1.0
        ],
        [
            0,
            0,
            1,
            0,
            0.2,
            0.2,
            0.3333333333333333,
            0.3333333333333333,
            0.0
        ]
    ],
    "nodeCount": 5,
    "edgeCount": 5,
    "tokenCount": 3,
    "nodes": [
        "0x0000000000000000000000000000000000000000",
        "0x464c71f6c2f760dda6093dcb91c24c39e5d6e18c",
        "0x867792c1cae06f418be82cd23decd0fca4272a13",
        "0x030ba81f1c18d280636f32af80b9aad02cf0854e",
        "0xc02aaa39b223fe8d0a0e5c4f27ead9083c756cc2"
    ],
    "tokens": [
        "0x030ba81f1c18d280636f32af80b9aad02cf0854e",
        "0xc02aaa39b223fe8d0a0e5c4f27ead9083c756cc2",
        "native_token"
    ]
}