{
    "hash": "0x9eda2ec7fe8e80c40a1cc6815a5600be5fe2b47c629cf86d05a71ca5a347f53d",
    "chain": "Ethereum",
    "U": [
        0,
        2,
        3,
        4,
        2,
        5,
        6,
        2
    ],
    "V": [
        1,
        1,
        1,
        1,
        1,
        1,
        1,
        1
    ],
    "feat": [
        [
            0,
            1,
            0,
            0,
            0.0,
            0.125,
            0.0,
            0.25,
            -1.0
        ],
        [
            0,
            0,
            0,
            1,
            1.0,
            0.0,
            1.0,
            0.0,
            5.494323856384575
        ],
        [
            0,
            0,
            0,
            1,
            0.0,
            0.375,
            0.0,
            0.25,
            -1.7471619281922879
        ],
        [
            0,
            1,
            0,
            0,
            0.0,
            0.125,
            0.0,
            0.25,
            -1.0
        ],
        [
            0,
            1,
            0,
            0,
            0.0,
            0.125,
            0.0,
            0.25,
            -0.746549243452024
        ],
        [
            0,
            1,
            0,
            0,
            0.0,
            0.125,
            0.0,
            0.25,
            -1.0
        ],
        [
            0,
            1,
            0,
            0,
            0.0,
            0.125,
            0.0,
            0.25,
            -0.0006126847402638156
        ]
    ],
    "nodeCount": 7,
    "edgeCount": 8,
    "tokenCount": 4,
    "nodes": [
        "0xfd5abf66b003881b88567eb9ed9c651f14dc4771",
        "0x8c80c1fe10912398bf0fe68a25839defcaef588e",
        "0x0000000000000000000000000000000000000000",
        "0x69a92f1656cd2e193797546cfe2eaf32eaccf6f7",
        "0x02e2151d4f351881017abdf2dd2b51150841d5b3",
        "0xd731495bb78a4250bc094686788f3ff890dee0f4",
        "0xf86ae6790654b70727dbe58bf1a863b270317fd0"
    ],
    "tokens": [
        "0xd533a949740bb3306d119cc777fa900ba034cd52",
        "0x4e3fbd56cd56c3e72c1403e103b45db9da5b9d2b",
        "0x090185f2135308bad17527004364ebcc2d37e5f6",
        "0xdbdb4d16eda451d0503b854cf79d55697f90c8df"
    ]
}