{
    "hash": "0x9f842a4d646783133f2392642c92d6a9a89459247e4d62948019ee88771d2259",
    "chain": "Ethereum",
    "U": [
        0,
        1,
        1,
        1,
        1,
        1,
        1,
        1,
        1,
        1,
        1,
        1,
        1,
        1,
        1,
        1,
        1,
        1,
        1,
        1,
        1,
        1,
        1,
        1,
        1,
        1,
        1,
        1,
        1,
        1,
        1,
        1,
        1,
        1
    ],
    "V": [
        1,
        1,
        2,
        0,
        1,
        2,
        0,
        1,
        2,
        0,
        1,
        2,
        0,
        1,
        2,
        0,
        1,
        2,
        0,
        1,
        2,
        0,
        1,
        2,
        0,
        1,
        2,
        0,
        1,
        2,
        0,
        1,
        2,
        0
    ],
    "feat": [
        [
            0,
            0,
            0,
            1,
            0.3235294117647059,
            0.029411764705882353,
            0.5,
            0.5,
            9.999705188679245
        ],
        [
            0,
            1,
            0,
            0,
            0.35294117647058826,
            0.9705882352941176,
            0.5,
            1.0,
            -10.999705188679243
        ],
        [
            0,
            0,
            0,
            1,
            0.3235294117647059,
            0.0,
            0.5,
            0.0,
            1.0
        ]
    ],
    "nodeCount": 3,
    "edgeCount": 34,
    "tokenCount": 2,
    "nodes": [
        "0x22c2f0d79bfea22ee6ecb48ab5c17c16fea6709d",
        "0xfbddadd80fe7bda00b901fbaf73803f2238ae655",
        "0x4b5057b2c87ec9e7c047fb00c0e406dff2fdacad"
    ],
    "tokens": [
        "native_token",
        "0x990f341946a3fdb507ae7e52d17851b87168017c"
    ]
}