{
    "hash": "0x9f01736cd8fb8cda714a029e1f3cd90337423a11981111164c156fa179d2e69c",
    "chain": "Binance",
    "U": [
        0,
        1,
        2,
        3,
        4,
        5,
        6,
        1
    ],
    "V": [
        1,
        2,
        3,
        4,
        5,
        6,
        1,
        0
    ],
    "feat": [
        [
            0,
            0,
            1,
            0,
            0.125,
            0.125,
            0.2,
            0.2,
            0.002814688002422794
        ],
        [
            1,
            0,
            0,
            0,
            0.25,
            0.25,
            0.2,
            0.2,
            0.061770665859072316
        ],
        [
            0,
            0,
            1,
            0,
            0.125,
            0.125,
            0.2,
            0.2,
            -0.064585353861495
        ],
        [
            0,
            0,
            1,
            0,
            0.125,
            0.125,
            0.2,
            0.2,
            0.0
        ],
        [
            0,
            0,
            1,
            0,
            0.125,
            0.125,
            0.2,
            0.2,
            0.0
        ],
        [
            0,
            1,
            0,
            0,
            0.125,
            0.125,
            0.2,
            0.2,
            0.0
        ],
        [
            0,
            0,
            1,
            0,
            0.125,
            0.125,
            0.2,
            0.2,
            0.0
        ]
    ],
    "nodeCount": 7,
    "edgeCount": 8,
    "tokenCount": 5,
    "nodes": [
        "0xa527a61703d82139f8a06bc30097cc9caa2df5a6",
        "0x6b38943e0e5472c3999e1980ec20a224a40e6dfa",
        "0x670536fe4b7ebd0853b3b99212dcf5f7406d76c2",
        "0x23bd254977db4897ca96ac36cbd728133b6df035",
        "0x3da30727ed0626b78c212e81b37b97a8ef8a25bb",
        "0xe2d1b285d83efb935134f644d00fb7c943e84b5b",
        "0x0ed8e0a2d99643e1e65cca22ed4424090b8b7458"
    ],
    "tokens": [
        "0x0e09fabb73bd3ade0a17ecc321fd13a19e81ce82",
        "0xcdad3683335a4a96d2c437dd4513b061e4aec4ff",
        "0xbb4cdb9cbd36b01bd1cbaebf2de08d9173bc095c",
        "0xe02df9e3e622debdd69fb838bb799e3f168902c5",
        "0xe9e7cea3dedca5984780bafc599bd69add087d56"
    ]
}