{
    "hash": "0x9fb881b3b5bbcb780bf69c144aef82c8ed9cf6fd0a7cae1980e0cb359ea6ff03",
    "chain": "Ethereum",
    "U": [
        0,
        2,
        1,
        4,
        5,
        1,
        6,
        1,
        1,
        7,
        1
    ],
    "V": [
        1,
        3,
        2,
        1,
        1,
        5,
        1,
        6,
        7,
        1,
        0
    ],
    "feat": [
        [
            0,
            0,
            0,
            1,
            0.09090909090909091,
            0.09090909090909091,
            0.25,
            0.25,
            0.0
        ],
        [
            1,
            0,
            0,
            0,
            0.45454545454545453,
            0.45454545454545453,
            1.0,
            1.0,
            0.0
        ],
        [
            0,
            0,
            0,
            1,
            0.09090909090909091,
            0.09090909090909091,
            0.25,
            0.25,
            0.99988405
        ],
        [
            0,
            1,
            0,
            0,
            0.09090909090909091,
            0.0,
            0.25,
            0.0,
            0.00011595
        ],
        [
            0,
            0,
            1,
            0,
            0.0,
            0.09090909090909091,
            0.0,
            0.25,
            -1.0
        ],
        [
            0,
            1,
            0,
            0,
            0.09090909090909091,
            0.09090909090909091,
            0.25,
            0.25,
            0.0
        ],
        [
            0,
            0,
            0,
            1,
            0.09090909090909091,
            0.09090909090909091,
            0.25,
            0.25,
            -7.662618754747386e-06
        ],
        [
            0,
            0,
            1,
            0,
            0.09090909090909091,
            0.09090909090909091,
            0.25,
            0.25,
            7.662618754733508e-06
        ]
    ],
    "nodeCount": 8,
    "edgeCount": 11,
    "tokenCount": 4,
    "nodes": [
        "0x5356df73b293bd9c6e8efd22c99833391ef8821a",
        "0xfd3dfb524b2da40c8a6d703c62be36b5d8540626",
        "0x0000000000000000000000000000000000000000",
        "0x464c71f6c2f760dda6093dcb91c24c39e5d6e18c",
        "0x9ff58f4ffb29fa2266ab25e75e2a8b3503311656",
        "0x8f8ef111b67c04eb1641f5ff19ee54cda062f163",
        "0x56178a0d5f301baf6cf3e1cd53d9863437345bf9",
        "0xe5859f4efc09027a9b718781dcb2c6910cac6e91"
    ],
    "tokens": [
        "0x9ff58f4ffb29fa2266ab25e75e2a8b3503311656",
        "0x2260fac5e5542a773aa44fbcfedf7c193bc2c599",
        "0x8e870d67f660d95d5be530380d0ec0bd388289e1",
        "0xdac17f958d2ee523a2206206994597c13d831ec7"
    ]
}