{
    "hash": "0x9fe245ea8a388251b483f5eb11022d1f41182bbe328c16ec4f417339fdf6c7c5",
    "chain": "Ethereum",
    "U": [
        0,
        1,
        1,
        1,
        3,
        4,
        5,
        4,
        3,
        1,
        6,
        1,
        6,
        1
    ],
    "V": [
        1,
        2,
        2,
        3,
        4,
        5,
        4,
        3,
        1,
        6,
        1,
        6,
        1,
        7
    ],
    "feat": [
        [
            0,
            0,
            0,
            1,
            0.0,
            0.07142857142857142,
            0.0,
            0.3333333333333333,
            -1.0
        ],
        [
            0,
            1,
            0,
            0,
            0.2857142857142857,
            0.42857142857142855,
            1.0,
            1.0,
            0.0
        ],
        [
            0,
            1,
            0,
            0,
            0.14285714285714285,
            0.0,
            0.3333333333333333,
            0.0,
            0.022805131596064045
        ],
        [
            0,
            1,
            0,
            0,
            0.14285714285714285,
            0.14285714285714285,
            0.6666666666666666,
            0.6666666666666666,
            0.0
        ],
        [
            0,
            1,
            0,
            0,
            0.14285714285714285,
            0.14285714285714285,
            0.6666666666666666,
            0.6666666666666666,
            0.0
        ],
        [
            1,
            0,
            0,
            0,
            0.07142857142857142,
            0.07142857142857142,
            0.3333333333333333,
            0.3333333333333333,
            -0.02280513159606401
        ],
        [
            0,
            0,
            1,
            0,
            0.14285714285714285,
            0.14285714285714285,
            0.6666666666666666,
            0.6666666666666666,
            0.0
        ],
        [
            0,
            1,
            0,
            0,
            0.07142857142857142,
            0.0,
            0.3333333333333333,
            0.0,
            1.0
        ]
    ],
    "nodeCount": 8,
    "edgeCount": 14,
    "tokenCount": 3,
    "nodes": [
        "0x0000000000000000000000000000000000000000",
        "0xd8480cbf5c9fee804450e9e77ed098a74909a4f3",
        "0x6467e807db1e71b9ef04e0e3afb962e4b0900b2b",
        "0x0c4e16899f2059f4e41ddb164317414a5c0d2988",
        "0x22f9dcf4647084d6c31b2765f6910cd85c178c18",
        "0x0000006daea1723962647b7e189d311d757fb793",
        "0xc02aaa39b223fe8d0a0e5c4f27ead9083c756cc2",
        "0x2f0b23f53734252bda2277357e97e1517d6b042a"
    ],
    "tokens": [
        "0x6b175474e89094c44da98b954eedeac495271d0f",
        "0xc02aaa39b223fe8d0a0e5c4f27ead9083c756cc2",
        "native_token"
    ]
}