{
    "hash": "0xa1215d7b4d3e7af96b971dfd9241bc69c2ac029c394db44af8f91a8784cd03ca",
    "chain": "Binance",
    "U": [
        0,
        2,
        1,
        2,
        3,
        0,
        4,
        5
    ],
    "V": [
        1,
        3,
        0,
        3,
        0,
        4,
        5,
        0
    ],
    "feat": [
        [
            1,
            0,
            0,
            0,
            0.375,
            0.25,
            0.5,
            0.5,
            0.00290812026251275
        ],
        [
            0,
            0,
            1,
            0,
            0.125,
            0.125,
            0.25,
            0.25,
            0.0
        ],
        [
            0,
            0,
            0,
            1,
            0.0,
            0.25,
            0.0,
            0.25,
            -0.14722371103770823
        ],
        [
            0,
            1,
            0,
            0,
            0.25,
            0.125,
            0.25,
            0.25,
            -0.8527762889622917
        ],
        [
            0,
            0,
            1,
            0,
            0.125,
            0.125,
            0.25,
            0.25,
            0.0
        ],
        [
            0,
            0,
            1,
            0,
            0.125,
            0.125,
            0.25,
            0.25,
            0.9970918797374873
        ]
    ],
    "nodeCount": 6,
    "edgeCount": 8,
    "tokenCount": 4,
    "nodes": [
        "0x6ccbadc6b8f932df506c56568fd7518966075734",
        "0x09cb618bf5ef305fadfd2c8fc0c26eecf8c6d5fd",
        "0x0000000000000000000000000000000000000000",
        "0x782395303692abed877d2737aa7982345eb44c11",
        "0x223740a259e461abee12d84a9fff5da69ff071dd",
        "0x62c1dec1ff328dcdc157ae0068bb21af3967acd9"
    ],
    "tokens": [
        "0xbb4cdb9cbd36b01bd1cbaebf2de08d9173bc095c",
        "0x9c65ab58d8d978db963e63f2bfb7121627e3a739",
        "0x55d398326f99059ff775485246999027b3197955",
        "0xe9e7cea3dedca5984780bafc599bd69add087d56"
    ]
}