{
    "hash": "0xa2504607493daaff67f0ee5ca6157118cc02dd8b91ae525e28b05964d8db2072",
    "chain": "Ethereum",
    "U": [
        0,
        2,
        3,
        4,
        2,
        5,
        6,
        2,
        7,
        2,
        8
    ],
    "V": [
        1,
        1,
        1,
        1,
        1,
        1,
        1,
        1,
        1,
        1,
        1
    ],
    "feat": [
        [
            0,
            1,
            0,
            0,
            0.0,
            0.09090909090909091,
            0.0,
            0.3333333333333333,
            -1.0
        ],
        [
            0,
            0,
            0,
            1,
            1.0,
            0.0,
            1.0,
            0.0,
            5.764134272406262
        ],
        [
            0,
            0,
            0,
            1,
            0.0,
            0.36363636363636365,
            0.0,
            0.3333333333333333,
            -2.1750603854396284
        ],
        [
            0,
            1,
            0,
            0,
            0.0,
            0.09090909090909091,
            0.0,
            0.3333333333333333,
            -1.0
        ],
        [
            0,
            1,
            0,
            0,
            0.0,
            0.09090909090909091,
            0.0,
            0.3333333333333333,
            -0.5728203888083953
        ],
        [
            0,
            1,
            0,
            0,
            0.0,
            0.09090909090909091,
            0.0,
            0.3333333333333333,
            -0.21783789328999043
        ],
        [
            0,
            1,
            0,
            0,
            0.0,
            0.09090909090909091,
            0.0,
            0.3333333333333333,
            -0.422603975339892
        ],
        [
            0,
            1,
            0,
            0,
            0.0,
            0.09090909090909091,
            0.0,
            0.3333333333333333,
            -0.17963602129134096
        ],
        [
            0,
            1,
            0,
            0,
            0.0,
            0.09090909090909091,
            0.0,
            0.3333333333333333,
            -0.19617560823701544
        ]
    ],
    "nodeCount": 9,
    "edgeCount": 11,
    "tokenCount": 3,
    "nodes": [
        "0xfd5abf66b003881b88567eb9ed9c651f14dc4771",
        "0x3dfcfaac8ee248cf9976e866822f2daac2ac7d03",
        "0x0000000000000000000000000000000000000000",
        "0x69a92f1656cd2e193797546cfe2eaf32eaccf6f7",
        "0x329cb014b562d5d42927cff0dedf4c13ab0442ef",
        "0x880c2c5c4ea8cef892a90e3f714eb60144c08c30",
        "0x48bc302d8295fea1f8c3e7f57d4ddc9981fee410",
        "0x0392321e86f42c2f94fbb0c6853052487db521f0",
        "0xbe4dea8e5d1e53fad661610e47501f858f25852d"
    ],
    "tokens": [
        "0xd533a949740bb3306d119cc777fa900ba034cd52",
        "0x4e3fbd56cd56c3e72c1403e103b45db9da5b9d2b",
        "0x090185f2135308bad17527004364ebcc2d37e5f6"
    ]
}