{
    "hash": "0xa2f0a22044e23d9287a48559d352489b3100044c13367f1657fe6415bd5fdcd3",
    "chain": "Binance",
    "U": [
        0,
        1,
        1,
        3,
        4,
        3,
        5,
        3,
        6,
        7,
        8,
        3,
        3,
        1
    ],
    "V": [
        1,
        2,
        3,
        4,
        3,
        5,
        3,
        6,
        7,
        8,
        3,
        9,
        1,
        0
    ],
    "feat": [
        [
            0,
            0,
            0,
            1,
            0.07142857142857142,
            0.07142857142857142,
            0.2,
            0.2,
            0.0
        ],
        [
            1,
            0,
            0,
            0,
            0.14285714285714285,
            0.21428571428571427,
            0.4,
            0.4,
            0.0
        ],
        [
            0,
            0,
            0,
            1,
            0.07142857142857142,
            0.0,
            0.2,
            0.0,
            0.00875
        ],
        [
            1,
            0,
            0,
            0,
            0.2857142857142857,
            0.35714285714285715,
            0.6,
            0.6,
            0.0
        ],
        [
            0,
            0,
            1,
            0,
            0.07142857142857142,
            0.07142857142857142,
            0.2,
            0.2,
            -0.702625
        ],
        [
            0,
            0,
            1,
            0,
            0.07142857142857142,
            0.07142857142857142,
            0.2,
            0.2,
            0.6984614334508926
        ],
        [
            0,
            0,
            1,
            0,
            0.07142857142857142,
            0.07142857142857142,
            0.2,
            0.2,
            -0.306125
        ],
        [
            0,
            0,
            1,
            0,
            0.07142857142857142,
            0.07142857142857142,
            0.2,
            0.2,
            0.0
        ],
        [
            0,
            0,
            1,
            0,
            0.07142857142857142,
            0.07142857142857142,
            0.2,
            0.2,
            0.30087244079604136
        ],
        [
            0,
            1,
            0,
            0,
            0.07142857142857142,
            0.0,
            0.2,
            0.0,
            0.0006661257530660469
        ]
    ],
    "nodeCount": 10,
    "edgeCount": 14,
    "tokenCount": 5,
    "nodes": [
        "0x6c3e5421ece25bdfa4e1fa7e9a11c5d697b2b79c",
        "0xc590175e458b83680867afd273527ff58f74c02b",
        "0x11ededebf63bef0ea2d2d071bdf88f71543ec6fb",
        "0x2ed740c6e3aaf5987c7f5a4fa13b90fcc47febd7",
        "0x0ed8e0a2d99643e1e65cca22ed4424090b8b7458",
        "0x1efcb446bfa553a2eb2fff99c9f76962be6ecac3",
        "0xa527a61703d82139f8a06bc30097cc9caa2df5a6",
        "0xc2eed0f5a0dc28cfa895084bc0a9b8b8279ae492",
        "0xdb2d83ed108e68cc1c9689081d54673bd9402a54",
        "0x98468c0e9342d4e0ac3e09257251fab192992092"
    ],
    "tokens": [
        "0x0e09fabb73bd3ade0a17ecc321fd13a19e81ce82",
        "0xe9e7cea3dedca5984780bafc599bd69add087d56",
        "0xba2ae424d960c26247dd6c32edc70b295c744c43",
        "0xbb4cdb9cbd36b01bd1cbaebf2de08d9173bc095c",
        "0xe02df9e3e622debdd69fb838bb799e3f168902c5"
    ]
}