{
    "hash": "0xa3fcc04048eecc8d1f46067fec7025b9eb3d25882d1314b90e97c1bd89206127",
    "chain": "Ethereum",
    "U": [
        0,
        2,
        1,
        2,
        1,
        3,
        1,
        1,
        1,
        1
    ],
    "V": [
        1,
        1,
        2,
        1,
        2,
        1,
        3,
        4,
        5,
        0
    ],
    "feat": [
        [
            0,
            0,
            0,
            1,
            0.1,
            0.1,
            0.3333333333333333,
            0.3333333333333333,
            0.0
        ],
        [
            1,
            0,
            0,
            0,
            0.4,
            0.6,
            1.0,
            1.0,
            0.00014015474534634365
        ],
        [
            0,
            0,
            0,
            1,
            0.2,
            0.2,
            0.3333333333333333,
            0.6666666666666666,
            -0.5000871027836429
        ],
        [
            0,
            0,
            0,
            1,
            0.1,
            0.1,
            0.3333333333333333,
            0.3333333333333333,
            0.49987747354097534
        ],
        [
            0,
            1,
            0,
            0,
            0.1,
            0.0,
            0.3333333333333333,
            0.0,
            5.5670219105369814e-05
        ],
        [
            0,
            0,
            0,
            1,
            0.1,
            0.0,
            0.3333333333333333,
            0.0,
            1.3804278216002193e-05
        ]
    ],
    "nodeCount": 6,
    "edgeCount": 10,
    "tokenCount": 3,
    "nodes": [
        "0xad5f78f19d07cd3422aefe1f76abcae8de127219",
        "0x27239549dd40e1d60f5b80b0c4196923745b1fd2",
        "0x56178a0d5f301baf6cf3e1cd53d9863437345bf9",
        "0x945bcf562085de2d5875b9e2012ed5fd5cfab927",
        "0xdd9f24efc84d93deef3c8745c837ab63e80abd27",
        "0x050f788d09395724777a67dd08be127cf70dd238"
    ],
    "tokens": [
        "0x111111111117dc0aa78b770fa6a738034120c302",
        "0xa0b86991c6218b36c1d19d4a2e9eb0ce3606eb48",
        "0x6b175474e89094c44da98b954eedeac495271d0f"
    ]
}