{
    "hash": "0xa37a1ee38641da7586680e8093d400f5ce6c8469ce779162af3bb2f8b8d85cc3",
    "chain": "Ethereum",
    "U": [
        0,
        0,
        1
    ],
    "V": [
        1,
        2,
        3
    ],
    "feat": [
        [
            0,
            0,
            0,
            1,
            0.0,
            0.6666666666666666,
            0.0,
            1.0,
            -1.0
        ],
        [
            0,
            1,
            0,
            0,
            0.3333333333333333,
            0.3333333333333333,
            0.5,
            0.5,
            0.0
        ],
        [
            0,
            0,
            0,
            1,
            0.3333333333333333,
            0.0,
            0.5,
            0.0,
            0
        ],
        [
            0,
            1,
            0,
            0,
            0.3333333333333333,
            0.0,
            0.5,
            0.0,
            1.0
        ]
    ],
    "nodeCount": 4,
    "edgeCount": 3,
    "tokenCount": 2,
    "nodes": [
        "0xcfe29bd7bc4eac146fdd552fee1e10203edfacbe",
        "0x24179cd81c9e782a4096035f7ec97fb8b783e007",
        "0x0000000000000000000000000000000000000000",
        "0xdf9eb223bafbe5c5271415c75aecd68c21fe3d7f"
    ],
    "tokens": [
        "native_token",
        "0x5f98805a4e8be255a32880fdec7f6728c6568ba0"
    ]
}