{
    "hash": "0xa38e2ef7d57891d47b8159a5789e756c13c6685b92bb7592210ae6d0282af3bc",
    "chain": "Ethereum",
    "U": [
        0,
        2,
        1,
        3,
        3
    ],
    "V": [
        1,
        1,
        0,
        4,
        0
    ],
    "feat": [
        [
            0,
            0,
            0,
            1,
            0.4,
            0.2,
            0.6666666666666666,
            0.3333333333333333,
            1.0
        ],
        [
            0,
            0,
            1,
            0,
            0.4,
            0.2,
            0.6666666666666666,
            0.3333333333333333,
            1.0
        ],
        [
            0,
            0,
            1,
            0,
            0.0,
            0.2,
            0.0,
            0.3333333333333333,
            -1.0
        ],
        [
            0,
            0,
            0,
            1,
            0.0,
            0.4,
            0.0,
            0.3333333333333333,
            -1.001
        ],
        [
            0,
            1,
            0,
            0,
            0.2,
            0.0,
            0.3333333333333333,
            0.0,
            0.001
        ]
    ],
    "nodeCount": 5,
    "edgeCount": 5,
    "tokenCount": 3,
    "nodes": [
        "0x56178a0d5f301baf6cf3e1cd53d9863437345bf9",
        "0xaa6e8127831c9de45ae56bb1b0d4d4da6e5665bd",
        "0x39aa39c021dfbae8fac545936693ac917d5e7563",
        "0x0000000000000000000000000000000000000000",
        "0x445307de5279cd4b1bcbf38853f81b190a806075"
    ],
    "tokens": [
        "0x4ddc2d193948926d02f9b1fe9e1daa0718270ed5",
        "0xa0b86991c6218b36c1d19d4a2e9eb0ce3606eb48",
        "0xaa6e8127831c9de45ae56bb1b0d4d4da6e5665bd"
    ]
}