{
    "hash": "0xa34f9356e7fba49fe43dab6f38ec89e26cb6c4d5659d89fa9a2904e1bc188fb2",
    "chain": "Ethereum",
    "U": [
        0,
        1,
        1,
        1,
        1,
        1,
        1,
        1,
        1,
        1,
        1,
        1,
        1,
        1,
        1,
        1,
        1,
        1,
        1,
        1,
        1,
        1,
        1,
        1,
        1,
        1,
        1,
        1,
        1,
        1,
        1,
        1,
        1,
        1,
        1,
        1,
        1,
        1,
        1,
        1,
        1,
        1,
        1
    ],
    "V": [
        1,
        1,
        2,
        0,
        1,
        2,
        0,
        1,
        2,
        0,
        1,
        2,
        0,
        1,
        2,
        0,
        1,
        2,
        0,
        1,
        2,
        0,
        1,
        2,
        0,
        1,
        2,
        0,
        1,
        2,
        0,
        1,
        2,
        0,
        1,
        2,
        0,
        1,
        2,
        0,
        1,
        2,
        0
    ],
    "feat": [
        [
            0,
            0,
            0,
            1,
            0.32558139534883723,
            0.023255813953488372,
            0.5,
            0.5,
            11.555555555555761
        ],
        [
            0,
            1,
            0,
            0,
            0.3488372093023256,
            0.9767441860465116,
            0.5,
            1.0,
            -12.555555555555763
        ],
        [
            0,
            0,
            0,
            1,
            0.32558139534883723,
            0.0,
            0.5,
            0.0,
            1.0
        ]
    ],
    "nodeCount": 3,
    "edgeCount": 43,
    "tokenCount": 2,
    "nodes": [
        "0x0bda046968c97347c6154f59013f059ca88bb03a",
        "0xfbddadd80fe7bda00b901fbaf73803f2238ae655",
        "0x4b5057b2c87ec9e7c047fb00c0e406dff2fdacad"
    ],
    "tokens": [
        "native_token",
        "0x990f341946a3fdb507ae7e52d17851b87168017c"
    ]
}