{
    "hash": "0xa429aa76d3ff1628c2f2970809670208730dfb57020f4749cea0f8419f2dd760",
    "chain": "Ethereum",
    "U": [
        0,
        2,
        1,
        3,
        1,
        1,
        4,
        5,
        1,
        1,
        6,
        7,
        1,
        8,
        2,
        1,
        9,
        1,
        1,
        1
    ],
    "V": [
        1,
        1,
        2,
        1,
        3,
        4,
        1,
        1,
        5,
        6,
        7,
        1,
        8,
        1,
        1,
        2,
        1,
        9,
        0,
        0
    ],
    "feat": [
        [
            0,
            0,
            0,
            1,
            0.1,
            0.05,
            0.5,
            0.25,
            0.9000000000034872
        ],
        [
            1,
            0,
            0,
            0,
            0.45,
            0.5,
            1.0,
            0.75,
            0.8386164771840059
        ],
        [
            0,
            0,
            0,
            1,
            0.1,
            0.1,
            0.5,
            0.5,
            -1.0106134326426304
        ],
        [
            0,
            1,
            0,
            0,
            0.05,
            0.05,
            0.25,
            0.25,
            -0.09999999999941878
        ],
        [
            0,
            1,
            0,
            0,
            0.05,
            0.05,
            0.25,
            0.25,
            -0.018483211812453236
        ],
        [
            0,
            1,
            0,
            0,
            0.05,
            0.05,
            0.25,
            0.25,
            -0.03687955279909945
        ],
        [
            1,
            0,
            0,
            0,
            0.05,
            0.05,
            0.25,
            0.25,
            0.0
        ],
        [
            1,
            0,
            0,
            0,
            0.05,
            0.05,
            0.25,
            0.25,
            -0.05536233850253483
        ],
        [
            0,
            0,
            1,
            0,
            0.05,
            0.05,
            0.25,
            0.25,
            -0.09227794143293083
        ],
        [
            0,
            1,
            0,
            0,
            0.05,
            0.05,
            0.25,
            0.25,
            -0.42499999999842564
        ]
    ],
    "nodeCount": 10,
    "edgeCount": 20,
    "tokenCount": 4,
    "nodes": [
        "0xc12a149a86dd2b4c7a1d9703d90037fbbaad3e64",
        "0xfd3dfb524b2da40c8a6d703c62be36b5d8540626",
        "0x56178a0d5f301baf6cf3e1cd53d9863437345bf9",
        "0xc9f93163c99695c6526b799ebca2207fdf7d61ad",
        "0x80466c64868e1ab14a1ddf27a676c3fcbe638fe5",
        "0x11b815efb8f581194ae79006d24e0d814b7697f6",
        "0x39d085e13d7876ca3311f0affb42778799d24f09",
        "0xb3c839dbde6b96d37c56ee4f9dad3390d49310aa",
        "0x06da0fd433c1a5d7a4faa01111c044910a184553",
        "0x4e68ccd3e89f51c3074ca5072bbac773960dfa36"
    ],
    "tokens": [
        "0xa0b86991c6218b36c1d19d4a2e9eb0ce3606eb48",
        "0xc00e94cb662c3520282e6f5717214004a7f26888",
        "0xdac17f958d2ee523a2206206994597c13d831ec7",
        "0xc02aaa39b223fe8d0a0e5c4f27ead9083c756cc2"
    ]
}