{
    "hash": "0xa4aaf8389a6e98b38a4890a0c822d466e96ccfe30bc237aa5ea0f75079681d72",
    "chain": "Ethereum",
    "U": [
        0,
        1,
        1,
        1,
        1,
        1,
        1,
        1,
        1,
        1,
        1,
        1,
        1,
        1,
        1,
        1,
        1,
        1,
        1,
        1,
        1,
        1,
        1,
        1,
        1,
        1,
        1,
        1,
        1,
        1,
        1,
        1,
        1,
        1,
        1,
        1,
        1,
        1,
        1,
        1
    ],
    "V": [
        1,
        1,
        2,
        0,
        1,
        2,
        0,
        1,
        2,
        0,
        1,
        2,
        0,
        1,
        2,
        0,
        1,
        2,
        0,
        1,
        2,
        0,
        1,
        2,
        0,
        1,
        2,
        0,
        1,
        2,
        0,
        1,
        2,
        0,
        1,
        2,
        0,
        1,
        2,
        0
    ],
    "feat": [
        [
            0,
            0,
            0,
            1,
            0.325,
            0.025,
            0.5,
            0.5,
            10.658957483101934
        ],
        [
            0,
            1,
            0,
            0,
            0.35,
            0.975,
            0.5,
            1.0,
            -11.658957483101927
        ],
        [
            0,
            0,
            0,
            1,
            0.325,
            0.0,
            0.5,
            0.0,
            0.9999999999999988
        ]
    ],
    "nodeCount": 3,
    "edgeCount": 40,
    "tokenCount": 2,
    "nodes": [
        "0x97a96d4fa58dc6ee03ecb6acda4f632e0e9f19d7",
        "0xfbddadd80fe7bda00b901fbaf73803f2238ae655",
        "0x4b5057b2c87ec9e7c047fb00c0e406dff2fdacad"
    ],
    "tokens": [
        "native_token",
        "0x990f341946a3fdb507ae7e52d17851b87168017c"
    ]
}