{
    "hash": "0xa4526470d50fd89d5f24ede7d9b35fbeb141a7afc00720e8e2a70b32e52040f7",
    "chain": "Ethereum",
    "U": [
        0,
        1,
        1,
        1,
        1,
        1,
        1,
        1,
        1,
        1,
        1,
        1,
        1,
        1,
        1,
        1,
        1,
        1,
        1,
        1,
        1,
        1,
        1,
        1,
        1,
        1,
        1,
        1,
        1,
        1,
        1,
        1,
        1,
        1,
        1,
        1,
        1,
        1,
        1,
        1,
        1,
        1,
        1,
        1,
        1,
        1,
        1,
        1,
        1,
        1,
        1,
        1,
        1,
        1,
        1,
        1,
        1,
        1,
        1,
        1,
        1,
        1,
        1
    ],
    "V": [
        1,
        1,
        2,
        1,
        2,
        1,
        2,
        1,
        2,
        1,
        2,
        1,
        2,
        1,
        2,
        1,
        2,
        1,
        2,
        1,
        2,
        1,
        2,
        1,
        2,
        1,
        2,
        1,
        2,
        1,
        2,
        1,
        2,
        1,
        2,
        1,
        2,
        1,
        2,
        1,
        2,
        1,
        2,
        1,
        2,
        1,
        2,
        1,
        2,
        1,
        2,
        1,
        2,
        1,
        2,
        1,
        2,
        1,
        2,
        1,
        2,
        1,
        2
    ],
    "feat": [
        [
            0,
            0,
            0,
            1,
            0.0,
            0.015873015873015872,
            0.0,
            1.0,
            -1.0
        ],
        [
            0,
            1,
            0,
            0,
            0.5079365079365079,
            0.9841269841269841,
            1.0,
            1.0,
            8.881784197001252e-16
        ],
        [
            0,
            0,
            0,
            1,
            0.49206349206349204,
            0.0,
            1.0,
            0.0,
            0.9999999999999993
        ]
    ],
    "nodeCount": 3,
    "edgeCount": 63,
    "tokenCount": 1,
    "nodes": [
        "0xfaecc7f06cebebd8f6e25eeb08a71fcf7e486f1a",
        "0xfbddadd80fe7bda00b901fbaf73803f2238ae655",
        "0x4b5057b2c87ec9e7c047fb00c0e406dff2fdacad"
    ],
    "tokens": [
        "native_token"
    ]
}