{
    "hash": "0xa44c6dff14cfac2e23e72776365ad8d7e04e42670fe6520851ae9ef5bbdbedee",
    "chain": "Ethereum",
    "U": [
        0,
        2,
        3,
        2,
        4,
        2,
        2,
        4,
        2,
        3,
        5
    ],
    "V": [
        1,
        3,
        2,
        4,
        2,
        5,
        4,
        2,
        3,
        2,
        0
    ],
    "feat": [
        [
            0,
            0,
            0,
            1,
            0.09090909090909091,
            0.09090909090909091,
            0.25,
            0.25,
            -0.9966491437639308
        ],
        [
            0,
            0,
            0,
            1,
            0.09090909090909091,
            0.0,
            0.25,
            0.0,
            1.0
        ],
        [
            0,
            1,
            0,
            0,
            0.36363636363636365,
            0.45454545454545453,
            0.75,
            0.75,
            -0.003350856236049249
        ],
        [
            0,
            0,
            1,
            0,
            0.18181818181818182,
            0.18181818181818182,
            0.5,
            0.5,
            -1.9872992140790302e-14
        ],
        [
            0,
            0,
            1,
            0,
            0.18181818181818182,
            0.18181818181818182,
            0.5,
            0.5,
            1.1102230246251565e-16
        ],
        [
            0,
            0,
            1,
            0,
            0.09090909090909091,
            0.09090909090909091,
            0.25,
            0.25,
            0.0
        ]
    ],
    "nodeCount": 6,
    "edgeCount": 11,
    "tokenCount": 4,
    "nodes": [
        "0x6b8bdbe324d7f6f3e99265759a162ade82460266",
        "0x0000000000000000000000000000000000000000",
        "0x1dcaf36c8c4222139899690945f4382f298f8735",
        "0x4ddc2d193948926d02f9b1fe9e1daa0718270ed5",
        "0xc02aaa39b223fe8d0a0e5c4f27ead9083c756cc2",
        "0xfe09e53a81fe2808bc493ea64319109b5baa573e"
    ],
    "tokens": [
        "0xfe09e53a81fe2808bc493ea64319109b5baa573e",
        "0x4ddc2d193948926d02f9b1fe9e1daa0718270ed5",
        "native_token",
        "0xc02aaa39b223fe8d0a0e5c4f27ead9083c756cc2"
    ]
}