{
    "hash": "0xa564ce5d6f011aca941cfccf5ff1621ae5b9983f317f757c84962cece1ffc4da",
    "chain": "Binance",
    "U": [
        0,
        1,
        2,
        3,
        4,
        0
    ],
    "V": [
        1,
        2,
        3,
        4,
        0,
        5
    ],
    "feat": [
        [
            1,
            0,
            0,
            0,
            0.16666666666666666,
            0.3333333333333333,
            0.2,
            0.4,
            -0.9974810101448646
        ],
        [
            0,
            0,
            1,
            0,
            0.16666666666666666,
            0.16666666666666666,
            0.2,
            0.2,
            -0.002518989855135434
        ],
        [
            0,
            0,
            1,
            0,
            0.16666666666666666,
            0.16666666666666666,
            0.2,
            0.2,
            0.0
        ],
        [
            0,
            0,
            1,
            0,
            0.16666666666666666,
            0.16666666666666666,
            0.2,
            0.2,
            0.0
        ],
        [
            0,
            0,
            1,
            0,
            0.16666666666666666,
            0.16666666666666666,
            0.2,
            0.2,
            0.0
        ],
        [
            0,
            0,
            0,
            1,
            0.16666666666666666,
            0.0,
            0.2,
            0.0,
            1.0
        ]
    ],
    "nodeCount": 6,
    "edgeCount": 6,
    "tokenCount": 5,
    "nodes": [
        "0x5a4dbcb37bfe02d869e437ce63750602c7428256",
        "0xb75724635a6cda850f08b578f23a568cedba099d",
        "0x18510be7f66bc5cefe78e66df8cad428b289e8ba",
        "0xe730c7b7470447ad4886c763247012dfd233baff",
        "0x36ae10a4d16311959b607ee98bc4a8a653a33b1f",
        "0x0000000000000000000000000000000000000000"
    ],
    "tokens": [
        "0xbb4cdb9cbd36b01bd1cbaebf2de08d9173bc095c",
        "0x1fa4a73a3f0133f0025378af00236f3abdee5d63",
        "0x55d398326f99059ff775485246999027b3197955",
        "0x53e562b9b7e5e94b81f10e96ee70ad06df3d2657",
        "0x0000000000004946c0e9f43f4dee607b0ef1fa1c"
    ]
}