{
    "hash": "0xa5fbc1e57bef34267f78cc2a5c0b93c12ee9adc3e0160ab627648ca6140c022e",
    "chain": "Binance",
    "U": [
        0,
        2,
        3,
        1,
        1,
        4,
        4,
        5,
        4,
        1
    ],
    "V": [
        1,
        3,
        1,
        4,
        4,
        5,
        5,
        4,
        1,
        6
    ],
    "feat": [
        [
            1,
            0,
            0,
            0,
            0.0,
            0.1,
            0.0,
            0.5,
            -0.0003855311690151917
        ],
        [
            0,
            1,
            0,
            0,
            0.3,
            0.3,
            1.0,
            1.0,
            5.551115123125783e-17
        ],
        [
            1,
            0,
            0,
            0,
            0.0,
            0.1,
            0.0,
            0.5,
            -1.0
        ],
        [
            1,
            0,
            0,
            0,
            0.1,
            0.1,
            0.5,
            0.5,
            0.0
        ],
        [
            0,
            1,
            0,
            0,
            0.3,
            0.3,
            1.0,
            1.0,
            0.9541212847114688
        ],
        [
            0,
            0,
            0,
            1,
            0.2,
            0.1,
            1.0,
            0.5,
            -0.1537357535424536
        ],
        [
            1,
            0,
            0,
            0,
            0.1,
            0.0,
            0.5,
            0.0,
            0.2
        ]
    ],
    "nodeCount": 7,
    "edgeCount": 10,
    "tokenCount": 2,
    "nodes": [
        "0x33bbc88a39204cbf4289169aa142f3236e00cedf",
        "0xb86d10e5d0236ea94c099bab9a374f5e77b4e251",
        "0xeed5826f1e0d79c7447bb62e989add7a1e029081",
        "0x904061de78bbe73ed3e704718f10bc94486317ef",
        "0xafb8c759b018780e5e36f48004177edf3ce6aae5",
        "0x2a7ede2dd97947d9a9874e4e02f53532cd1bfc46",
        "0x52d22f040dee3027422e837312320b42e1fd737f"
    ],
    "tokens": [
        "0x9c65ab58d8d978db963e63f2bfb7121627e3a739",
        "0x422e3af98bc1de5a1838be31a56f75db4ad43730"
    ]
}