{
    "hash": "0xa58870c58940ea3a034f527bed774a8ce687597f04c49484c578a772c436b1b5",
    "chain": "Ethereum",
    "U": [
        0,
        1,
        1,
        1,
        1,
        1,
        1,
        1,
        1,
        1,
        1,
        1,
        1,
        1,
        1,
        1,
        1,
        1,
        1,
        1,
        1,
        1,
        1,
        1,
        1,
        1,
        1,
        1,
        1,
        1,
        1,
        1,
        1,
        1,
        1,
        1,
        1,
        1,
        1,
        1,
        1,
        1,
        1
    ],
    "V": [
        1,
        1,
        2,
        1,
        2,
        1,
        2,
        1,
        2,
        1,
        2,
        1,
        2,
        1,
        2,
        1,
        2,
        1,
        2,
        1,
        2,
        1,
        2,
        1,
        2,
        1,
        2,
        1,
        2,
        1,
        2,
        1,
        2,
        1,
        2,
        1,
        2,
        1,
        2,
        1,
        2,
        1,
        2
    ],
    "feat": [
        [
            0,
            0,
            0,
            1,
            0.0,
            0.023255813953488372,
            0.0,
            1.0,
            -1.0
        ],
        [
            0,
            1,
            0,
            0,
            0.5116279069767442,
            0.9767441860465116,
            1.0,
            1.0,
            -8.326672684688674e-16
        ],
        [
            0,
            0,
            0,
            1,
            0.4883720930232558,
            0.0,
            1.0,
            0.0,
            1.0000000000000004
        ]
    ],
    "nodeCount": 3,
    "edgeCount": 43,
    "tokenCount": 1,
    "nodes": [
        "0xe50852bca1356a3eaa24ef424ac5c19fb01b868d",
        "0xfbddadd80fe7bda00b901fbaf73803f2238ae655",
        "0x4b5057b2c87ec9e7c047fb00c0e406dff2fdacad"
    ],
    "tokens": [
        "native_token"
    ]
}