{
    "hash": "0xa59628fd39539b04043b2155899408c0bce5e7ead2e858d7ad194b1eaed6d837",
    "chain": "Binance",
    "U": [
        0,
        1,
        2
    ],
    "V": [
        1,
        2,
        0
    ],
    "feat": [
        [
            0,
            0,
            0,
            1,
            0.3333333333333333,
            0.3333333333333333,
            0.3333333333333333,
            0.3333333333333333,
            0.0
        ],
        [
            0,
            0,
            1,
            0,
            0.3333333333333333,
            0.3333333333333333,
            0.3333333333333333,
            0.3333333333333333,
            0.0
        ],
        [
            0,
            0,
            1,
            0,
            0.3333333333333333,
            0.3333333333333333,
            0.3333333333333333,
            0.3333333333333333,
            0.0
        ]
    ],
    "nodeCount": 3,
    "edgeCount": 3,
    "tokenCount": 3,
    "nodes": [
        "0xfaea2e6c7e91ae67030f66887b010c6fcb2605a8",
        "0x46492b26639df0cda9b2769429845cb991591e0a",
        "0xacaac9311b0096e04dfe96b6d87dec867d3883dc"
    ],
    "tokens": [
        "0x965f527d9159dce6288a2219db51fc6eef120dd1",
        "0xbb4cdb9cbd36b01bd1cbaebf2de08d9173bc095c",
        "0xe9e7cea3dedca5984780bafc599bd69add087d56"
    ]
}