{
    "hash": "0xa548802449f1b245b1a3f19f4544143d1ce83136d5df8c68e8794a9dcbfeb94d",
    "chain": "Binance",
    "U": [
        0,
        0,
        3,
        0
    ],
    "V": [
        1,
        2,
        0,
        4
    ],
    "feat": [
        [
            0,
            0,
            0,
            1,
            0.25,
            0.75,
            0.5,
            1.0,
            -0.0024999999999999467
        ],
        [
            0,
            1,
            0,
            0,
            0.25,
            0.0,
            0.5,
            0.0,
            0.00175
        ],
        [
            0,
            0,
            0,
            1,
            0.25,
            0.0,
            0.5,
            0.0,
            0.00075
        ],
        [
            0,
            1,
            0,
            0,
            0.0,
            0.25,
            0.0,
            0.5,
            -1.0
        ],
        [
            0,
            0,
            0,
            1,
            0.25,
            0.0,
            0.5,
            0.0,
            1.0
        ]
    ],
    "nodeCount": 5,
    "edgeCount": 4,
    "tokenCount": 2,
    "nodes": [
        "0x0000000000000000000000000000000000000000",
        "0x9c86c4764e59a336c108a6f85be48f8a9a7fad85",
        "0xadbefe7b1cd46a2a15ed00d25b1580e2f3903bb8",
        "0x2c33d6fa54bb6fa81b3a569d639fe23ab36cca7f",
        "0x2ce5871bd88e84498aedd4377205d27201ea51b1"
    ],
    "tokens": [
        "0x23e8a70534308a4aaf76fb8c32ec13d17a3bd89e",
        "0xe21712846d7a98b4312144e88d15b83a980879ce"
    ]
}