{
    "hash": "0xa51b38e5347d2d027e4a089c6b1218e1184615753bf354bfafb03861da322a30",
    "chain": "Ethereum",
    "U": [
        0,
        2,
        1,
        3,
        4,
        3,
        2,
        2,
        2,
        1,
        3,
        4,
        3
    ],
    "V": [
        1,
        1,
        3,
        4,
        3,
        2,
        5,
        6,
        7,
        3,
        4,
        3,
        0
    ],
    "feat": [
        [
            0,
            0,
            0,
            1,
            0.07692307692307693,
            0.07692307692307693,
            0.3333333333333333,
            0.3333333333333333,
            0.0
        ],
        [
            0,
            0,
            1,
            0,
            0.15384615384615385,
            0.15384615384615385,
            0.3333333333333333,
            0.3333333333333333,
            -0.0057768382333368284
        ],
        [
            0,
            0,
            1,
            0,
            0.07692307692307693,
            0.3076923076923077,
            0.3333333333333333,
            0.6666666666666666,
            -0.1795638316083325
        ],
        [
            0,
            1,
            0,
            0,
            0.3076923076923077,
            0.3076923076923077,
            0.6666666666666666,
            0.6666666666666666,
            0.0
        ],
        [
            0,
            0,
            1,
            0,
            0.15384615384615385,
            0.15384615384615385,
            0.3333333333333333,
            0.3333333333333333,
            0.0
        ],
        [
            1,
            0,
            0,
            0,
            0.07692307692307693,
            0.0,
            0.3333333333333333,
            0.0,
            0.01853406698416692
        ],
        [
            0,
            0,
            0,
            1,
            0.07692307692307693,
            0.0,
            0.3333333333333333,
            0.0,
            0.01853406698416692
        ],
        [
            1,
            0,
            0,
            0,
            0.07692307692307693,
            0.0,
            0.3333333333333333,
            0.0,
            0.14827253587333536
        ]
    ],
    "nodeCount": 8,
    "edgeCount": 13,
    "tokenCount": 3,
    "nodes": [
        "0x743e29701a6392a328a11d872010a7a9d4b2ef83",
        "0xc75650fe4d14017b1e12341a97721d5ec51d5340",
        "0xb4eaf48bd7f72356e1019c157e91b81a1c541073",
        "0x7a250d5630b4cf539739df2c5dacb4c659f2488d",
        "0xc02aaa39b223fe8d0a0e5c4f27ead9083c756cc2",
        "0x1fc90cba64722d5e70af16783a2dfacfd19f3bed",
        "0xc6a2f2deac4b940889f5988e3681452c4a7df74a",
        "0x574fc478bc45ce144105fa44d98b4b2e4bd442cb"
    ],
    "tokens": [
        "0xb4eaf48bd7f72356e1019c157e91b81a1c541073",
        "0xc02aaa39b223fe8d0a0e5c4f27ead9083c756cc2",
        "native_token"
    ]
}