{
    "hash": "0xa5e58f54c264e0cc2d4e3f35ec1a77decaa895c67b95fe4e355b8aeffc82b740",
    "chain": "Ethereum",
    "U": [
        0,
        1,
        1
    ],
    "V": [
        1,
        0,
        2
    ],
    "feat": [
        [
            0,
            0,
            0,
            1,
            0.3333333333333333,
            0.3333333333333333,
            0.5,
            0.5,
            0.0
        ],
        [
            0,
            0,
            0,
            1,
            0.3333333333333333,
            0.6666666666666666,
            0.5,
            1.0,
            -0.008499999999999952
        ],
        [
            0,
            0,
            0,
            1,
            0.3333333333333333,
            0.0,
            0.5,
            0.0,
            0.0085
        ]
    ],
    "nodeCount": 3,
    "edgeCount": 3,
    "tokenCount": 2,
    "nodes": [
        "0x411871a0894d201ad87ef4f0eb970249d38ddb2b",
        "0x0000000000000000000000000000000000000000",
        "0xfeefeefeefeefeefeefeefeefeefeefeefeefeef"
    ],
    "tokens": [
        "0x57ab1ec28d129707052df4df418d58a2d46d5f51",
        "0xbbc455cb4f1b9e4bfc4b73970d360c8f032efee6"
    ]
}