{
    "hash": "0xa6a61b00975a2a6aace37cf2a87bb49040f99759820965451915e410f69c47c7",
    "chain": "Ethereum",
    "U": [
        0,
        1,
        2,
        1,
        3,
        4,
        3,
        5,
        6,
        1,
        8,
        1
    ],
    "V": [
        1,
        2,
        1,
        3,
        4,
        3,
        5,
        1,
        7,
        8,
        1,
        0
    ],
    "feat": [
        [
            0,
            0,
            0,
            1,
            0.08333333333333333,
            0.08333333333333333,
            0.2,
            0.2,
            0.0
        ],
        [
            1,
            0,
            0,
            0,
            0.3333333333333333,
            0.3333333333333333,
            0.6,
            0.6,
            1.1102230246251565e-16
        ],
        [
            0,
            0,
            1,
            0,
            0.08333333333333333,
            0.08333333333333333,
            0.2,
            0.2,
            -0.75
        ],
        [
            1,
            0,
            0,
            0,
            0.16666666666666666,
            0.16666666666666666,
            0.4,
            0.4,
            0.0
        ],
        [
            0,
            0,
            1,
            0,
            0.08333333333333333,
            0.08333333333333333,
            0.2,
            0.2,
            0.0
        ],
        [
            1,
            0,
            0,
            0,
            0.08333333333333333,
            0.08333333333333333,
            0.2,
            0.2,
            0.7506258609352792
        ],
        [
            0,
            0,
            0,
            1,
            0.0,
            0.08333333333333333,
            0.0,
            0.2,
            -1.0
        ],
        [
            0,
            1,
            0,
            0,
            0.08333333333333333,
            0.0,
            0.2,
            0.0,
            1.0
        ],
        [
            0,
            0,
            1,
            0,
            0.08333333333333333,
            0.08333333333333333,
            0.2,
            0.2,
            -0.0006258609352792766
        ]
    ],
    "nodeCount": 9,
    "edgeCount": 12,
    "tokenCount": 5,
    "nodes": [
        "0x5097119dcb1ce3725dbcbe42356722dbacfc3b81",
        "0xdb38ae75c5f44276803345f7f02e95a0aeef5944",
        "0x0ef1b8a0e726fc3948e15b23993015eb1627f210",
        "0x39d085e13d7876ca3311f0affb42778799d24f09",
        "0xc02aaa39b223fe8d0a0e5c4f27ead9083c756cc2",
        "0xb3c839dbde6b96d37c56ee4f9dad3390d49310aa",
        "0x0000000000000000000000000000000000000000",
        "0x2eea44e40930b1984f42078e836c659a12301e40",
        "0x69ab07348f51c639ef81d7991692f0049b10d522"
    ],
    "tokens": [
        "0x111111111117dc0aa78b770fa6a738034120c302",
        "native_token",
        "0xc02aaa39b223fe8d0a0e5c4f27ead9083c756cc2",
        "0xa0b86991c6218b36c1d19d4a2e9eb0ce3606eb48",
        "0x69ab07348f51c639ef81d7991692f0049b10d522"
    ]
}