{
    "hash": "0xa6742b5f926471b0880dfd8ba28803fda162b5c814c9d0722c56134dcb5ac6bd",
    "chain": "Ethereum",
    "U": [
        0,
        1,
        1,
        1,
        1,
        1,
        1,
        1,
        1,
        1,
        1,
        1,
        1,
        1,
        1,
        1,
        1,
        1,
        1,
        1,
        1,
        1,
        1,
        1,
        1,
        1,
        1,
        1,
        1,
        1,
        1,
        1,
        1,
        1,
        1,
        1,
        1,
        1,
        1,
        1,
        1,
        1,
        1,
        1,
        1,
        1
    ],
    "V": [
        1,
        1,
        2,
        0,
        1,
        2,
        0,
        1,
        2,
        0,
        1,
        2,
        0,
        1,
        2,
        0,
        1,
        2,
        0,
        1,
        2,
        0,
        1,
        2,
        0,
        1,
        2,
        0,
        1,
        2,
        0,
        1,
        2,
        0,
        1,
        2,
        0,
        1,
        2,
        0,
        1,
        2,
        0,
        1,
        2,
        0
    ],
    "feat": [
        [
            0,
            0,
            0,
            1,
            0.32608695652173914,
            0.021739130434782608,
            0.5,
            0.5,
            14.0
        ],
        [
            0,
            1,
            0,
            0,
            0.34782608695652173,
            0.9782608695652174,
            0.5,
            1.0,
            -14.999999999999996
        ],
        [
            0,
            0,
            0,
            1,
            0.32608695652173914,
            0.0,
            0.5,
            0.0,
            0.9999999999999966
        ]
    ],
    "nodeCount": 3,
    "edgeCount": 46,
    "tokenCount": 2,
    "nodes": [
        "0xa9a80e8db9875f34c491610e20d260de9ac8b850",
        "0xfbddadd80fe7bda00b901fbaf73803f2238ae655",
        "0x4b5057b2c87ec9e7c047fb00c0e406dff2fdacad"
    ],
    "tokens": [
        "native_token",
        "0x990f341946a3fdb507ae7e52d17851b87168017c"
    ]
}