{
    "hash": "0xa68479b0239516917b912d43bd8be114834fd6f401f07d96efc2b6f86a5fed4a",
    "chain": "Binance",
    "U": [
        0,
        1,
        2,
        1,
        3,
        1,
        4,
        1,
        5,
        1,
        6,
        1
    ],
    "V": [
        1,
        2,
        1,
        3,
        1,
        4,
        1,
        5,
        1,
        6,
        1,
        0
    ],
    "feat": [
        [
            0,
            0,
            0,
            1,
            0.08333333333333333,
            0.08333333333333333,
            0.25,
            0.25,
            0.0
        ],
        [
            1,
            0,
            0,
            0,
            0.5,
            0.5,
            1.0,
            1.0,
            7.979727989493313e-17
        ],
        [
            0,
            0,
            1,
            0,
            0.08333333333333333,
            0.08333333333333333,
            0.25,
            0.25,
            0.00017514148217823156
        ],
        [
            0,
            0,
            1,
            0,
            0.08333333333333333,
            0.08333333333333333,
            0.25,
            0.25,
            -0.86
        ],
        [
            0,
            0,
            1,
            0,
            0.08333333333333333,
            0.08333333333333333,
            0.25,
            0.25,
            0.859839564375247
        ],
        [
            0,
            0,
            1,
            0,
            0.08333333333333333,
            0.08333333333333333,
            0.25,
            0.25,
            -0.98
        ],
        [
            0,
            0,
            1,
            0,
            0.08333333333333333,
            0.08333333333333333,
            0.25,
            0.25,
            0.9799852941425747
        ]
    ],
    "nodeCount": 7,
    "edgeCount": 12,
    "tokenCount": 4,
    "nodes": [
        "0xcc06cb38fb42b6eb4c88d3c1cb5ac6b0b5cc34c6",
        "0x26585626e4a8d4fc409146b47a61790d9008967c",
        "0xa32a983a64ce21834221aa0ad1f1533907553136",
        "0x20781bc3701c5309ac75291f5d09bdc23d7b7fa8",
        "0x1b96b92314c44b159149f7e0303511fb2fc4774f",
        "0xeb0bab8f337ea2053457decce15e93005b59326a",
        "0x0ed8e0a2d99643e1e65cca22ed4424090b8b7458"
    ],
    "tokens": [
        "0x5ac52ee5b2a633895292ff6d8a89bb9190451587",
        "0xe9e7cea3dedca5984780bafc599bd69add087d56",
        "0xbb4cdb9cbd36b01bd1cbaebf2de08d9173bc095c",
        "0x0e09fabb73bd3ade0a17ecc321fd13a19e81ce82"
    ]
}