{
    "hash": "0xa7396ffc5064fea928742948b844f20925873937df12fd102df443392ed21d34",
    "chain": "Ethereum",
    "U": [
        0,
        1,
        3
    ],
    "V": [
        1,
        2,
        0
    ],
    "feat": [
        [
            0,
            0,
            0,
            1,
            0.3333333333333333,
            0.3333333333333333,
            0.5,
            0.5,
            0.0
        ],
        [
            0,
            1,
            0,
            0,
            0.3333333333333333,
            0.3333333333333333,
            0.5,
            0.5,
            0.0
        ],
        [
            0,
            0,
            1,
            0,
            0.3333333333333333,
            0.0,
            0.5,
            0.0,
            1.0
        ],
        [
            0,
            0,
            0,
            1,
            0.0,
            0.3333333333333333,
            0.0,
            0.5,
            -1.0
        ]
    ],
    "nodeCount": 4,
    "edgeCount": 3,
    "tokenCount": 2,
    "nodes": [
        "0xf5a7080034806a6b5eaf119ac37923b0dd9536db",
        "0xeead394a017b8428e2d5a976a054f303f78f3c0c",
        "0x1f573d6fb3f13d689ff844b4ce37794d79a7ff1c",
        "0x0000000000000000000000000000000000000000"
    ],
    "tokens": [
        "0x1f573d6fb3f13d689ff844b4ce37794d79a7ff1c",
        "0x48fb253446873234f2febbf9bdeaa72d9d387f94"
    ]
}