{
    "hash": "0xa756cb3c1201ab3f8c3b13af921e0d3a71d8f6c018421b088e14e51600224123",
    "chain": "Binance",
    "U": [
        0,
        2,
        1,
        1,
        3,
        1,
        4,
        1
    ],
    "V": [
        1,
        1,
        2,
        3,
        1,
        4,
        1,
        0
    ],
    "feat": [
        [
            0,
            0,
            0,
            1,
            0.125,
            0.125,
            0.25,
            0.25,
            3.3306690738754696e-16
        ],
        [
            1,
            0,
            0,
            0,
            0.5,
            0.5,
            1.0,
            1.0,
            -4.440892098500626e-16
        ],
        [
            0,
            1,
            0,
            0,
            0.125,
            0.125,
            0.25,
            0.25,
            0.0
        ],
        [
            0,
            0,
            1,
            0,
            0.125,
            0.125,
            0.25,
            0.25,
            0.0
        ],
        [
            0,
            0,
            1,
            0,
            0.125,
            0.125,
            0.25,
            0.25,
            0.0
        ]
    ],
    "nodeCount": 5,
    "edgeCount": 8,
    "tokenCount": 4,
    "nodes": [
        "0x0707e87621c3e5e56db9fe8ce23f891f0dfa1147",
        "0x2ed740c6e3aaf5987c7f5a4fa13b90fcc47febd7",
        "0x327134de48fcdd75320f4c32498d1980470249ae",
        "0x3de669c4f1f167a8afbc9993e4753b84b576426f",
        "0x2720ec9809f77e040d4682cf9f7294276b9ccc56"
    ],
    "tokens": [
        "0xe9e7cea3dedca5984780bafc599bd69add087d56",
        "0xbb4cdb9cbd36b01bd1cbaebf2de08d9173bc095c",
        "0xe4ae305ebe1abe663f261bc00534067c80ad677c",
        "0x55d398326f99059ff775485246999027b3197955"
    ]
}