{
    "hash": "0xa7164b1f16edf18b7d8c6811fe28a944ba621fd46ef3e8236bf201074a337dc0",
    "chain": "Ethereum",
    "U": [
        0,
        1,
        1,
        1,
        1,
        1,
        1,
        1,
        1,
        1,
        1,
        1,
        1,
        1,
        1,
        1,
        1,
        1,
        1,
        1,
        1,
        1,
        1,
        1,
        1,
        1,
        1,
        1,
        1,
        1,
        1,
        1,
        1,
        1,
        1,
        1,
        1,
        1,
        1,
        1,
        1
    ],
    "V": [
        1,
        1,
        2,
        1,
        2,
        1,
        2,
        1,
        2,
        1,
        2,
        1,
        2,
        1,
        2,
        1,
        2,
        1,
        2,
        1,
        2,
        1,
        2,
        1,
        2,
        1,
        2,
        1,
        2,
        1,
        2,
        1,
        2,
        1,
        2,
        1,
        2,
        1,
        2,
        1,
        2
    ],
    "feat": [
        [
            0,
            0,
            0,
            1,
            0.0,
            0.024390243902439025,
            0.0,
            1.0,
            -1.0
        ],
        [
            0,
            1,
            0,
            0,
            0.5121951219512195,
            0.975609756097561,
            1.0,
            1.0,
            -5.134781488891349e-16
        ],
        [
            0,
            0,
            0,
            1,
            0.4878048780487805,
            0.0,
            1.0,
            0.0,
            1.0000000000000002
        ]
    ],
    "nodeCount": 3,
    "edgeCount": 41,
    "tokenCount": 1,
    "nodes": [
        "0x48ed29280cffad38049e6b4709723e05fd3d6bf4",
        "0xfbddadd80fe7bda00b901fbaf73803f2238ae655",
        "0x4b5057b2c87ec9e7c047fb00c0e406dff2fdacad"
    ],
    "tokens": [
        "native_token"
    ]
}