{
    "hash": "0xa7b17c086a33056fd8a162d980fdeda690ab23a2cc8c8b44547cec3d4111372d",
    "chain": "Ethereum",
    "U": [
        0,
        2,
        1,
        1,
        3,
        1
    ],
    "V": [
        1,
        1,
        2,
        3,
        1,
        0
    ],
    "feat": [
        [
            0,
            0,
            0,
            1,
            0.16666666666666666,
            0.16666666666666666,
            0.3333333333333333,
            0.3333333333333333,
            0.0
        ],
        [
            0,
            1,
            0,
            0,
            0.5,
            0.5,
            1.0,
            1.0,
            0.0
        ],
        [
            1,
            0,
            0,
            0,
            0.16666666666666666,
            0.16666666666666666,
            0.3333333333333333,
            0.3333333333333333,
            0.0
        ],
        [
            0,
            1,
            0,
            0,
            0.16666666666666666,
            0.16666666666666666,
            0.3333333333333333,
            0.3333333333333333,
            0.0
        ]
    ],
    "nodeCount": 4,
    "edgeCount": 6,
    "tokenCount": 3,
    "nodes": [
        "0xa118ecf82a73fa1fb207567e1527c1519fc24305",
        "0x22f9dcf4647084d6c31b2765f6910cd85c178c18",
        "0x88e6a0c2ddd26feeb64f039a2c41296fcb3f5640",
        "0xba12222222228d8ba445958a75a0704d566bf2c8"
    ],
    "tokens": [
        "0xa0b86991c6218b36c1d19d4a2e9eb0ce3606eb48",
        "0xc02aaa39b223fe8d0a0e5c4f27ead9083c756cc2",
        "0xcfeaead4947f0705a14ec42ac3d44129e1ef3ed5"
    ]
}