{
    "hash": "0xa7e8ff766c0d4292a7f3ff05a59475c8e5d435f193ed99943653ba74e6f14903",
    "chain": "Binance",
    "U": [
        0,
        1,
        2,
        3,
        2,
        4,
        6,
        5,
        1,
        1
    ],
    "V": [
        1,
        2,
        3,
        2,
        4,
        5,
        5,
        1,
        7,
        0
    ],
    "feat": [
        [
            0,
            0,
            0,
            1,
            0.1,
            0.1,
            0.25,
            0.25,
            -0.0010000000000000009
        ],
        [
            0,
            1,
            0,
            0,
            0.2,
            0.3,
            0.5,
            0.5,
            0.0
        ],
        [
            0,
            1,
            0,
            0,
            0.2,
            0.2,
            0.5,
            0.5,
            0.0
        ],
        [
            0,
            0,
            1,
            0,
            0.1,
            0.1,
            0.25,
            0.25,
            0.0
        ],
        [
            0,
            0,
            1,
            0,
            0.1,
            0.1,
            0.25,
            0.25,
            0.0
        ],
        [
            0,
            1,
            0,
            0,
            0.2,
            0.1,
            0.5,
            0.25,
            1.0
        ],
        [
            0,
            0,
            1,
            0,
            0.0,
            0.1,
            0.0,
            0.25,
            -1.0
        ],
        [
            0,
            0,
            0,
            1,
            0.1,
            0.0,
            0.25,
            0.0,
            0.0009999999999999653
        ]
    ],
    "nodeCount": 8,
    "edgeCount": 10,
    "tokenCount": 4,
    "nodes": [
        "0xb61ca43b99ae0c4c5062aa49baa43e6f40248fdb",
        "0xb75fa2a799fc7935f37500ba9780cbe10aa6610a",
        "0x081b7166e27f6be490b6c3229b3ebeaf23e710c7",
        "0x1e5e0003d7d768a197226ca751a1c114df6806a6",
        "0x09cb618bf5ef305fadfd2c8fc0c26eecf8c6d5fd",
        "0x7dae51bd3e3376b8c7c4900e9107f12be3af1ba8",
        "0xbb4cdb9cbd36b01bd1cbaebf2de08d9173bc095c",
        "0xc146a672c85b408a9a7bc00f74ad567b7684134c"
    ],
    "tokens": [
        "0x0feadcc3824e7f3c12f40e324a60c23ca51627fc",
        "0x55d398326f99059ff775485246999027b3197955",
        "0xbb4cdb9cbd36b01bd1cbaebf2de08d9173bc095c",
        "native_token"
    ]
}