{
    "hash": "0xa82d9a1522dcec1c8c3e54fb120b5406d939d40e5a6503857a506303deef55e9",
    "chain": "Binance",
    "U": [
        0,
        2,
        1,
        4,
        3,
        2,
        5,
        3,
        3,
        6,
        2,
        2,
        3,
        3,
        1,
        5,
        1,
        4,
        3
    ],
    "V": [
        1,
        1,
        3,
        3,
        2,
        5,
        3,
        4,
        6,
        5,
        7,
        3,
        4,
        1,
        8,
        0,
        3,
        3,
        0
    ],
    "feat": [
        [
            0,
            0,
            0,
            1,
            0.10526315789473684,
            0.05263157894736842,
            0.5,
            0.25,
            0.39869567290342023
        ],
        [
            0,
            0,
            1,
            0,
            0.15789473684210525,
            0.15789473684210525,
            0.5,
            0.5,
            -0.0025693825311783568
        ],
        [
            0,
            0,
            1,
            0,
            0.05263157894736842,
            0.21052631578947367,
            0.25,
            0.5,
            -0.37527533497153476
        ],
        [
            0,
            1,
            0,
            0,
            0.3157894736842105,
            0.3157894736842105,
            0.5,
            0.5,
            1.113382984241211
        ],
        [
            0,
            0,
            1,
            0,
            0.10526315789473684,
            0.10526315789473684,
            0.25,
            0.25,
            -1.113382984241211
        ],
        [
            0,
            1,
            0,
            0,
            0.10526315789473684,
            0.10526315789473684,
            0.5,
            0.5,
            0.6013043270965799
        ],
        [
            0,
            0,
            1,
            0,
            0.05263157894736842,
            0.05263157894736842,
            0.25,
            0.25,
            -0.7269688775975083
        ],
        [
            0,
            0,
            0,
            1,
            0.05263157894736842,
            0.0,
            0.25,
            0.0,
            0.08190933672074749
        ],
        [
            0,
            0,
            0,
            1,
            0.05263157894736842,
            0.0,
            0.25,
            0.0,
            0.02290425837947392
        ]
    ],
    "nodeCount": 9,
    "edgeCount": 19,
    "tokenCount": 4,
    "nodes": [
        "0x5018e36e3796624608704e474810ddd26a8c854a",
        "0xb17375c42b414f7e68ed32037ad805cebd8a6052",
        "0xffa99969608fd3c1ddf68b28d7db2e073c33fd91",
        "0x10ed43c718714eb63d5aa57b78b54704e256024e",
        "0xbb4cdb9cbd36b01bd1cbaebf2de08d9173bc095c",
        "0xb2852b52ac83f383f7b382d73ab19c676b42b980",
        "0x28415ff2c35b65b9e5c7de82126b4015ab9d031f",
        "0x89f06fc460840513ba142eff7a879adaac2bbc79",
        "0x000000000000000000000000000000000000dead"
    ],
    "tokens": [
        "0xffa99969608fd3c1ddf68b28d7db2e073c33fd91",
        "0xbb4cdb9cbd36b01bd1cbaebf2de08d9173bc095c",
        "native_token",
        "0x3ee2200efb3400fabb9aacf31297cbdd1d435d47"
    ]
}