{
    "hash": "0xa8287359b3f2a0470dbb265de4298c868a6942b5cdca7facefaf728b0e7322d3",
    "chain": "Binance",
    "U": [
        0,
        1,
        0,
        0
    ],
    "V": [
        1,
        2,
        3,
        4
    ],
    "feat": [
        [
            0,
            0,
            0,
            1,
            0.0,
            0.75,
            0.0,
            1.0,
            -3.0
        ],
        [
            0,
            1,
            0,
            0,
            0.25,
            0.25,
            0.3333333333333333,
            0.3333333333333333,
            0.0
        ],
        [
            0,
            0,
            0,
            1,
            0.25,
            0.0,
            0.3333333333333333,
            0.0,
            1.0
        ],
        [
            0,
            0,
            0,
            1,
            0.25,
            0.0,
            0.3333333333333333,
            0.0,
            1.0
        ],
        [
            0,
            1,
            0,
            0,
            0.25,
            0.0,
            0.3333333333333333,
            0.0,
            1.0
        ]
    ],
    "nodeCount": 5,
    "edgeCount": 4,
    "tokenCount": 3,
    "nodes": [
        "0x6308469fa31a981932bea473c7bb479913c8d152",
        "0xa82dd4821e3715fb4728f69f1926418cdfac1ccd",
        "0x9ac88880da68a8b18da02b3d2ab95d2a06a1b9c2",
        "0x0000000000000000000000000000000000000000",
        "0xe87bf2a07577ea7a8e832201d93f515b9a7964a1"
    ],
    "tokens": [
        "native_token",
        "0x7cdfbb5d09b6ef6c06764872134a9b281f050f8f",
        "0xa6c897caaca3db7fd6e2d2ce1a00744f40ab87bb"
    ]
}