{
    "hash": "0xa8910f6ed22062b457448378a2aa576e1c4bd6313ecd4826e9653dd207135f96",
    "chain": "Ethereum",
    "U": [
        0,
        0
    ],
    "V": [
        1,
        2
    ],
    "feat": [
        [
            0,
            0,
            0,
            1,
            0.0,
            1.0,
            0.0,
            1.0,
            -1.0030090270812437
        ],
        [
            0,
            1,
            0,
            0,
            0.5,
            0.0,
            1.0,
            0.0,
            0.003009027081243731
        ],
        [
            0,
            1,
            0,
            0,
            0.5,
            0.0,
            1.0,
            0.0,
            1.0
        ]
    ],
    "nodeCount": 3,
    "edgeCount": 2,
    "tokenCount": 1,
    "nodes": [
        "0x4ec8edc38ae9dd5fef3fdb857ddbbb329b8e703f",
        "0xffe6280ae4e864d9af836b562359fd828ece8020",
        "0xfb76e9be55758d0042e003c1e46e186360f0627e"
    ],
    "tokens": [
        "0x6b175474e89094c44da98b954eedeac495271d0f"
    ]
}