{
    "hash": "0xa84977f79be4eee40790f58307b0505b9c347b6885c8b06f3bbe6badd7b5983f",
    "chain": "Ethereum",
    "U": [
        0,
        1,
        2,
        0,
        0,
        3,
        0
    ],
    "V": [
        1,
        0,
        0,
        3,
        3,
        4,
        5
    ],
    "feat": [
        [
            0,
            1,
            0,
            0,
            0.2857142857142857,
            0.5714285714285714,
            0.5,
            1.0,
            -2.0
        ],
        [
            0,
            0,
            1,
            0,
            0.14285714285714285,
            0.14285714285714285,
            0.25,
            0.25,
            0.0
        ],
        [
            0,
            0,
            0,
            1,
            0.0,
            0.14285714285714285,
            0.0,
            0.25,
            -1.0
        ],
        [
            0,
            0,
            1,
            0,
            0.2857142857142857,
            0.14285714285714285,
            0.5,
            0.25,
            1.0
        ],
        [
            1,
            0,
            0,
            0,
            0.14285714285714285,
            0.0,
            0.25,
            0.0,
            1.0
        ],
        [
            0,
            1,
            0,
            0,
            0.14285714285714285,
            0.0,
            0.25,
            0.0,
            1.0
        ]
    ],
    "nodeCount": 6,
    "edgeCount": 7,
    "tokenCount": 4,
    "nodes": [
        "0x28ed044e998d1e0acd3045b076735433f7d0eb88",
        "0xc02aaa39b223fe8d0a0e5c4f27ead9083c756cc2",
        "0x0000000000000000000000000000000000000000",
        "0xefe0471ee21d1bea1166938fb5f00b8df8263b25",
        "0xcba27c8e7115b4eb50aa14999bc0866674a96ecb",
        "0x6c49fc10198f03f8edff13173d655e96bb0607d4"
    ],
    "tokens": [
        "native_token",
        "0xc02aaa39b223fe8d0a0e5c4f27ead9083c756cc2",
        "0xefe0471ee21d1bea1166938fb5f00b8df8263b25",
        "0x6f40d4a6237c257fff2db00fa0510deeecd303eb"
    ]
}