{
    "hash": "0xa8b195147fbbd366555cde557845771544139e2080f49b701d8d700aa3bd9f17",
    "chain": "Ethereum",
    "U": [
        0,
        1,
        2,
        1,
        3,
        1,
        4,
        1,
        4,
        1,
        5,
        1,
        4,
        1,
        6,
        1
    ],
    "V": [
        1,
        2,
        1,
        3,
        1,
        4,
        1,
        4,
        1,
        5,
        1,
        4,
        1,
        6,
        1,
        0
    ],
    "feat": [
        [
            0,
            0,
            0,
            1,
            0.0625,
            0.0625,
            0.2,
            0.2,
            0.0
        ],
        [
            0,
            1,
            0,
            0,
            0.5,
            0.5,
            1.0,
            1.0,
            -8.743006318923108e-16
        ],
        [
            0,
            1,
            0,
            0,
            0.0625,
            0.0625,
            0.2,
            0.2,
            0.0
        ],
        [
            0,
            0,
            1,
            0,
            0.0625,
            0.0625,
            0.2,
            0.2,
            0.0
        ],
        [
            0,
            0,
            1,
            0,
            0.1875,
            0.1875,
            0.4,
            0.4,
            4.163336342344337e-17
        ],
        [
            0,
            0,
            1,
            0,
            0.0625,
            0.0625,
            0.2,
            0.2,
            0.00018312987548663173
        ],
        [
            0,
            0,
            1,
            0,
            0.0625,
            0.0625,
            0.2,
            0.2,
            -0.00018312987548656234
        ]
    ],
    "nodeCount": 7,
    "edgeCount": 16,
    "tokenCount": 5,
    "nodes": [
        "0x26bdde6506bd32bd7b5cc5c73cd252807ff18568",
        "0xac7e32eb5cec7eb7b6b43a305b64d1d3487b97a0",
        "0xbebc44782c7db0a1a60cb6fe97d0b483032ff1c7",
        "0x0d4a11d5eeaac28ec3f61d100daf4d40471f1852",
        "0xc02aaa39b223fe8d0a0e5c4f27ead9083c756cc2",
        "0xd6f3768e62ef92a9798e5a8cedd2b78907cecef9",
        "0x3e3ddda2a91e573788fae88db32d69ceae64aabd"
    ],
    "tokens": [
        "0x6b175474e89094c44da98b954eedeac495271d0f",
        "0xdac17f958d2ee523a2206206994597c13d831ec7",
        "0xc02aaa39b223fe8d0a0e5c4f27ead9083c756cc2",
        "native_token",
        "0x6243d8cea23066d098a15582d81a598b4e8391f4"
    ]
}