{
    "hash": "0xa9ff22cee3c5aa8937b34e33c7550f0064f0007032a29ef38c613e34e1c3fe54",
    "chain": "Ethereum",
    "U": [
        0,
        1,
        1,
        1,
        1,
        1,
        1,
        1,
        1,
        1,
        1,
        1,
        1,
        1,
        1,
        1,
        1,
        1,
        1,
        1,
        1,
        1,
        1,
        1,
        1,
        1,
        1,
        1,
        1,
        1,
        1,
        1,
        1,
        1,
        1,
        1,
        1,
        1,
        1,
        1,
        1,
        1,
        1,
        1,
        1,
        1,
        1,
        1,
        1,
        1,
        1,
        1,
        1,
        1,
        1,
        1,
        1,
        1,
        1,
        1,
        1
    ],
    "V": [
        1,
        1,
        2,
        0,
        1,
        2,
        0,
        1,
        2,
        0,
        1,
        2,
        0,
        1,
        2,
        0,
        1,
        2,
        0,
        1,
        2,
        0,
        1,
        2,
        0,
        1,
        2,
        0,
        1,
        2,
        0,
        1,
        2,
        0,
        1,
        2,
        0,
        1,
        2,
        0,
        1,
        2,
        0,
        1,
        2,
        0,
        1,
        2,
        0,
        1,
        2,
        0,
        1,
        2,
        0,
        1,
        2,
        0,
        1,
        2,
        0
    ],
    "feat": [
        [
            0,
            0,
            0,
            1,
            0.32786885245901637,
            0.01639344262295082,
            0.5,
            0.5,
            16.88888888888919
        ],
        [
            0,
            1,
            0,
            0,
            0.3442622950819672,
            0.9836065573770492,
            0.5,
            1.0,
            -17.888888888889188
        ],
        [
            0,
            0,
            0,
            1,
            0.32786885245901637,
            0.0,
            0.5,
            0.0,
            0.9999999999999988
        ]
    ],
    "nodeCount": 3,
    "edgeCount": 61,
    "tokenCount": 2,
    "nodes": [
        "0x5abe6c658bdd2db65a4a64c763d0d313ec45c98b",
        "0xfbddadd80fe7bda00b901fbaf73803f2238ae655",
        "0x4b5057b2c87ec9e7c047fb00c0e406dff2fdacad"
    ],
    "tokens": [
        "native_token",
        "0x990f341946a3fdb507ae7e52d17851b87168017c"
    ]
}