{
    "hash": "0xa9a394755db7d7f0d02aecbb13a91de1897e4668168a376186a6a4c91cf1a378",
    "chain": "Ethereum",
    "U": [
        0,
        1,
        2,
        3,
        5,
        3,
        2,
        6,
        2,
        1
    ],
    "V": [
        1,
        2,
        3,
        4,
        3,
        2,
        6,
        2,
        1,
        7
    ],
    "feat": [
        [
            0,
            0,
            0,
            1,
            0.0,
            0.1,
            0.0,
            0.25,
            -1.0
        ],
        [
            0,
            1,
            0,
            0,
            0.2,
            0.2,
            0.5,
            0.5,
            0.00844666994881349
        ],
        [
            0,
            1,
            0,
            0,
            0.3,
            0.3,
            0.75,
            0.75,
            0.0
        ],
        [
            0,
            0,
            1,
            0,
            0.2,
            0.2,
            0.5,
            0.5,
            -0.00844666994881349
        ],
        [
            0,
            0,
            0,
            1,
            0.1,
            0.0,
            0.25,
            0.0,
            1.0
        ],
        [
            0,
            1,
            0,
            0,
            0.0,
            0.1,
            0.0,
            0.25,
            -1.0
        ],
        [
            0,
            0,
            1,
            0,
            0.1,
            0.1,
            0.25,
            0.25,
            0.0
        ],
        [
            0,
            1,
            0,
            0,
            0.1,
            0.0,
            0.25,
            0.0,
            1.0
        ]
    ],
    "nodeCount": 8,
    "edgeCount": 10,
    "tokenCount": 4,
    "nodes": [
        "0x256bb5ad3dbdf61ae08d7cbc0b9223ccb1c60aae",
        "0x9008d19f58aabd9ed0d60971565aa8510560ab41",
        "0x22f9dcf4647084d6c31b2765f6910cd85c178c18",
        "0x5a6a4d54456819380173272a5e8e9b9904bdf41b",
        "0x0000000000000000000000000000000000000000",
        "0xbebc44782c7db0a1a60cb6fe97d0b483032ff1c7",
        "0xa478c2975ab1ea89e8196811f51a7b7ade33eb11",
        "0x6c642cafcbd9d8383250bb25f67ae409147f78b2"
    ],
    "tokens": [
        "0x99d8a9c45b2eca8864373a26d1459e3dff1e17f3",
        "0x6c3f90f043a72fa612cbac8115ee7e52bde6e490",
        "0x6b175474e89094c44da98b954eedeac495271d0f",
        "0xc02aaa39b223fe8d0a0e5c4f27ead9083c756cc2"
    ]
}