{
    "hash": "0xa94eb19cd15ffbb332531eac97c0884d3dd1cf13aa684381437c44f3313eb643",
    "chain": "Ethereum",
    "U": [
        0,
        1,
        1,
        1,
        1,
        1,
        1,
        1,
        1,
        1,
        1,
        1,
        1,
        1,
        1,
        1,
        1,
        1,
        1,
        1,
        1,
        1,
        1,
        1,
        1,
        1,
        1,
        1,
        1,
        1,
        1,
        1,
        1,
        1,
        1,
        1,
        1,
        1,
        1,
        1,
        1,
        1,
        1,
        1,
        1,
        1,
        1,
        1,
        1,
        1,
        1,
        1,
        1,
        1,
        1,
        1,
        1,
        1
    ],
    "V": [
        1,
        1,
        2,
        0,
        1,
        2,
        0,
        1,
        2,
        0,
        1,
        2,
        0,
        1,
        2,
        0,
        1,
        2,
        0,
        1,
        2,
        0,
        1,
        2,
        0,
        1,
        2,
        0,
        1,
        2,
        0,
        1,
        2,
        0,
        1,
        2,
        0,
        1,
        2,
        0,
        1,
        2,
        0,
        1,
        2,
        0,
        1,
        2,
        0,
        1,
        2,
        0,
        1,
        2,
        0,
        1,
        2,
        0
    ],
    "feat": [
        [
            0,
            0,
            0,
            1,
            0.3275862068965517,
            0.017241379310344827,
            0.5,
            0.5,
            17.993518548676025
        ],
        [
            0,
            1,
            0,
            0,
            0.3448275862068966,
            0.9827586206896551,
            0.5,
            1.0,
            -18.993518548676025
        ],
        [
            0,
            0,
            0,
            1,
            0.3275862068965517,
            0.0,
            0.5,
            0.0,
            0.9999999999999962
        ]
    ],
    "nodeCount": 3,
    "edgeCount": 58,
    "tokenCount": 2,
    "nodes": [
        "0x9f9db0828fd67bc3125fd1f214e6230ac91b42cf",
        "0xfbddadd80fe7bda00b901fbaf73803f2238ae655",
        "0x4b5057b2c87ec9e7c047fb00c0e406dff2fdacad"
    ],
    "tokens": [
        "native_token",
        "0x990f341946a3fdb507ae7e52d17851b87168017c"
    ]
}