{
    "hash": "0xaab81b8abf6612c6778d32bddee4a38a117490719ed7756067c1b72ac7a9aefb",
    "chain": "Binance",
    "U": [
        0,
        2,
        2,
        4,
        1,
        1,
        2,
        2,
        4,
        6,
        2,
        6,
        6,
        2
    ],
    "V": [
        1,
        3,
        4,
        1,
        5,
        6,
        3,
        4,
        6,
        5,
        6,
        2,
        5,
        6
    ],
    "feat": [
        [
            0,
            0,
            0,
            1,
            0.0,
            0.07142857142857142,
            0.0,
            0.3333333333333333,
            -1.0
        ],
        [
            0,
            1,
            0,
            0,
            0.14285714285714285,
            0.14285714285714285,
            0.6666666666666666,
            0.6666666666666666,
            0.0
        ],
        [
            0,
            0,
            0,
            1,
            0.07142857142857142,
            0.42857142857142855,
            0.3333333333333333,
            0.6666666666666666,
            -1.996076532967042
        ],
        [
            0,
            0,
            0,
            1,
            0.14285714285714285,
            0.0,
            0.3333333333333333,
            0.0,
            0.06567583177912988
        ],
        [
            0,
            0,
            1,
            0,
            0.14285714285714285,
            0.14285714285714285,
            0.3333333333333333,
            0.3333333333333333,
            -0.6168840656053145
        ],
        [
            0,
            1,
            0,
            0,
            0.21428571428571427,
            0.0,
            0.6666666666666666,
            0.0,
            2.2736423833966133
        ],
        [
            0,
            1,
            0,
            0,
            0.2857142857142857,
            0.21428571428571427,
            0.6666666666666666,
            0.6666666666666666,
            1.2736423833966133
        ]
    ],
    "nodeCount": 7,
    "edgeCount": 14,
    "tokenCount": 3,
    "nodes": [
        "0x694e5ccdd33c5bbc33f78279e174a4abdf3ec1d0",
        "0x69ff781cf86d42af9bf93c06b8be0f16a2905cbc",
        "0x0000000000000000000000000000000000000000",
        "0xd4cfec77cdc21573982ec85cf33cfde6cc677e74",
        "0x009cf7bc57584b7998236eff51b98a168dcea9b0",
        "0x73feaa1ee314f8c655e354234017be2193c9e24e",
        "0xedfcb78e73f7ba6ad2d829bf5d462a0924da28ed"
    ],
    "tokens": [
        "0x7bb89460599dbf32ee3aa50798bbceae2a5f7f6a",
        "0x0e09fabb73bd3ade0a17ecc321fd13a19e81ce82",
        "0x009cf7bc57584b7998236eff51b98a168dcea9b0"
    ]
}