{
    "hash": "0xaa73deb561823be3abdb29ae0b483c7770291ede99a3d4a8d921f1d0c6828bb1",
    "chain": "Binance",
    "U": [
        0,
        0,
        2,
        3,
        3,
        5,
        6,
        3,
        5,
        8,
        3,
        5,
        3,
        3,
        0,
        3
    ],
    "V": [
        1,
        2,
        3,
        4,
        5,
        6,
        7,
        5,
        8,
        3,
        5,
        3,
        8,
        8,
        3,
        9
    ],
    "feat": [
        [
            0,
            0,
            0,
            1,
            0.0,
            0.1875,
            0.0,
            0.4,
            -2.076739627749909
        ],
        [
            0,
            1,
            0,
            0,
            0.0625,
            0.0,
            0.2,
            0.0,
            0.09788542070453715
        ],
        [
            0,
            0,
            1,
            0,
            0.0625,
            0.0625,
            0.2,
            0.2,
            -0.021145792954628484
        ],
        [
            0,
            1,
            0,
            0,
            0.25,
            0.4375,
            0.8,
            0.8,
            0.002499840159606026
        ],
        [
            0,
            1,
            0,
            0,
            0.0625,
            0.0,
            0.2,
            0.0,
            0.02
        ],
        [
            0,
            0,
            1,
            0,
            0.1875,
            0.1875,
            0.2,
            0.2,
            -1.060816312495501
        ],
        [
            0,
            0,
            1,
            0,
            0.0625,
            0.0625,
            0.2,
            0.2,
            -0.959183673165155
        ],
        [
            0,
            0,
            0,
            1,
            0.0625,
            0.0,
            0.2,
            0.0,
            1.0
        ],
        [
            0,
            0,
            1,
            0,
            0.1875,
            0.0625,
            0.4,
            0.2,
            1.99750014550105
        ],
        [
            0,
            1,
            0,
            0,
            0.0625,
            0.0,
            0.2,
            0.0,
            1.0
        ]
    ],
    "nodeCount": 10,
    "edgeCount": 16,
    "tokenCount": 5,
    "nodes": [
        "0x0000000000000000000000000000000000000000",
        "0x8488cb2f54ecb9aa1cdc1bc83bc1d200bb2f216b",
        "0x009cf7bc57584b7998236eff51b98a168dcea9b0",
        "0x0ad00bf484e61123f11fc4fa4bac880b3c4388db",
        "0xc0dda6d4dd7b38e99452fa99b6090637353e4064",
        "0x0ed7e52944161450477ee417de9cd3a859b14fd0",
        "0x59fe1dcdcd8918fe7b4e76e21f27599d5a1eaadb",
        "0x000000000000000000000000000000000000dead",
        "0x28415ff2c35b65b9e5c7de82126b4015ab9d031f",
        "0x73feaa1ee314f8c655e354234017be2193c9e24e"
    ],
    "tokens": [
        "0x0e09fabb73bd3ade0a17ecc321fd13a19e81ce82",
        "0xbb4cdb9cbd36b01bd1cbaebf2de08d9173bc095c",
        "0xc5a49b4cbe004b6fd55b30ba1de6ac360ff9765d",
        "0x3ee2200efb3400fabb9aacf31297cbdd1d435d47",
        "0x28415ff2c35b65b9e5c7de82126b4015ab9d031f"
    ]
}