{
    "hash": "0xabc0e4ad647e1abe913071f4c85ef33750d006182f8d8be339c7af95832539fd",
    "chain": "Binance",
    "U": [
        0,
        1,
        2,
        3,
        4,
        1,
        0,
        1
    ],
    "V": [
        1,
        2,
        3,
        4,
        1,
        0,
        5,
        6
    ],
    "feat": [
        [
            0,
            0,
            1,
            0,
            0.125,
            0.25,
            0.2,
            0.2,
            -0.028579109818761994
        ],
        [
            1,
            0,
            0,
            0,
            0.25,
            0.375,
            0.4,
            0.6,
            -0.9721737132678125
        ],
        [
            0,
            0,
            1,
            0,
            0.125,
            0.125,
            0.2,
            0.2,
            0.0
        ],
        [
            0,
            0,
            1,
            0,
            0.125,
            0.125,
            0.2,
            0.2,
            0.0
        ],
        [
            0,
            0,
            1,
            0,
            0.125,
            0.125,
            0.2,
            0.2,
            0.0
        ],
        [
            0,
            1,
            0,
            0,
            0.125,
            0.0,
            0.2,
            0.0,
            0.000752823086574655
        ],
        [
            0,
            0,
            0,
            1,
            0.125,
            0.0,
            0.2,
            0.0,
            1.0
        ]
    ],
    "nodeCount": 7,
    "edgeCount": 8,
    "tokenCount": 5,
    "nodes": [
        "0x24eaf618845b0580686490899748b435edead448",
        "0x75798fb1f606041c437e50baf58d6c6d4c176108",
        "0xfb69bed5cf06cb1cdcbbd2666332391652b6bc9d",
        "0x16b9a82891338f9ba80e2d6970fdda79d1eb0dae",
        "0xa9986fcbdb23c2e8b11ab40102990a08f8e58f06",
        "0xcaa42f09af66a8bae3a7445a7f63dad97c11638b",
        "0x0000000000000000000000000000000000000000"
    ],
    "tokens": [
        "0x8aa688ab789d1848d131c65d98ceaa8875d97ef1",
        "0x55d398326f99059ff775485246999027b3197955",
        "0xbb4cdb9cbd36b01bd1cbaebf2de08d9173bc095c",
        "0x67ee3cb086f8a16f34bee3ca72fad36f7db929e2",
        "0x0000000000004946c0e9f43f4dee607b0ef1fa1c"
    ]
}