{
    "hash": "0xac2d7c3c1f541e48cab7023c650c6f6a9327d47b2b7a54bdf858cbbaf11b3966",
    "chain": "Binance",
    "U": [
        0,
        1,
        3,
        2,
        3,
        3,
        2,
        3,
        3,
        2,
        3,
        3,
        2,
        3
    ],
    "V": [
        1,
        2,
        2,
        3,
        2,
        2,
        3,
        2,
        2,
        3,
        2,
        2,
        3,
        2
    ],
    "feat": [
        [
            0,
            0,
            0,
            1,
            0.0,
            0.07142857142857142,
            0.0,
            0.5,
            -1.0
        ],
        [
            0,
            0,
            1,
            0,
            0.07142857142857142,
            0.07142857142857142,
            0.5,
            0.5,
            0.0
        ],
        [
            0,
            1,
            0,
            0,
            0.6428571428571429,
            0.2857142857142857,
            1.0,
            0.5,
            2.2246769594747744
        ],
        [
            0,
            0,
            1,
            0,
            0.2857142857142857,
            0.5714285714285714,
            0.5,
            1.0,
            -1.224676959474775
        ]
    ],
    "nodeCount": 4,
    "edgeCount": 14,
    "tokenCount": 2,
    "nodes": [
        "0x69093cba1d9b4a83b357c945c4254957896a36ed",
        "0xa9936272065e6ddac9d2453c9a2712b581e9ae1b",
        "0x825b59385221be27495056c08c8fe38941126ffa",
        "0xf508fcd89b8bd15579dc79a6827cb4686a3592c8"
    ],
    "tokens": [
        "0x2170ed0880ac9a755fd29b2688956bd959f933f8",
        "0xf508fcd89b8bd15579dc79a6827cb4686a3592c8"
    ]
}