{
    "hash": "0xacf23bae83931ec7f293a30ec0db1ff58d5616ccaf1898549076eedb24329643",
    "chain": "Ethereum",
    "U": [
        0,
        1,
        3,
        2,
        2
    ],
    "V": [
        1,
        2,
        2,
        3,
        0
    ],
    "feat": [
        [
            0,
            0,
            0,
            1,
            0.2,
            0.2,
            0.3333333333333333,
            0.3333333333333333,
            0.0
        ],
        [
            0,
            0,
            1,
            0,
            0.2,
            0.2,
            0.3333333333333333,
            0.3333333333333333,
            0.0
        ],
        [
            1,
            0,
            0,
            0,
            0.4,
            0.4,
            0.6666666666666666,
            0.6666666666666666,
            0.0
        ],
        [
            1,
            0,
            0,
            0,
            0.2,
            0.2,
            0.3333333333333333,
            0.3333333333333333,
            0.0
        ]
    ],
    "nodeCount": 4,
    "edgeCount": 5,
    "tokenCount": 3,
    "nodes": [
        "0x1fd6e15cd7548ec27443690ce5aa3320b1869c3d",
        "0x110492b31c59716ac47337e616804e3e3adc0b4a",
        "0xc176761d388caf2f56cf03329d82e1e7c48ae09c",
        "0x0000006daea1723962647b7e189d311d757fb793"
    ],
    "tokens": [
        "0x3472a5a71965499acd81997a54bba8d852c6e53d",
        "0x2260fac5e5542a773aa44fbcfedf7c193bc2c599",
        "0xa0b86991c6218b36c1d19d4a2e9eb0ce3606eb48"
    ]
}