{
    "hash": "0xac4edda816e5594ea50be27be109f30c0e83a65937361c2b51923a6df68684e1",
    "chain": "Ethereum",
    "U": [
        0,
        1,
        1,
        1,
        1,
        1,
        1,
        1,
        1,
        1,
        1,
        1,
        1,
        1,
        1,
        1,
        1,
        1,
        1,
        1,
        1,
        1,
        1,
        1,
        1,
        1,
        1,
        1,
        1,
        1,
        1,
        1,
        1,
        1,
        1,
        1,
        1,
        1,
        1,
        1,
        1,
        1,
        1,
        1,
        1,
        1,
        1,
        1,
        1,
        1,
        1,
        1,
        1,
        1,
        1,
        1,
        1,
        1,
        1,
        1,
        1
    ],
    "V": [
        1,
        1,
        2,
        0,
        1,
        2,
        0,
        1,
        2,
        0,
        1,
        2,
        0,
        1,
        2,
        0,
        1,
        2,
        0,
        1,
        2,
        0,
        1,
        2,
        0,
        1,
        2,
        0,
        1,
        2,
        0,
        1,
        2,
        0,
        1,
        2,
        0,
        1,
        2,
        0,
        1,
        2,
        0,
        1,
        2,
        0,
        1,
        2,
        0,
        1,
        2,
        0,
        1,
        2,
        0,
        1,
        2,
        0,
        1,
        2,
        0
    ],
    "feat": [
        [
            0,
            0,
            0,
            1,
            0.32786885245901637,
            0.01639344262295082,
            0.5,
            0.5,
            19.0
        ],
        [
            0,
            1,
            0,
            0,
            0.3442622950819672,
            0.9836065573770492,
            0.5,
            1.0,
            -19.999999999999975
        ],
        [
            0,
            0,
            0,
            1,
            0.32786885245901637,
            0.0,
            0.5,
            0.0,
            0.9999999999999963
        ]
    ],
    "nodeCount": 3,
    "edgeCount": 61,
    "tokenCount": 2,
    "nodes": [
        "0xf3afc1ac2a7b3998de6586746a82567eb7f19138",
        "0xfbddadd80fe7bda00b901fbaf73803f2238ae655",
        "0x4b5057b2c87ec9e7c047fb00c0e406dff2fdacad"
    ],
    "tokens": [
        "native_token",
        "0x990f341946a3fdb507ae7e52d17851b87168017c"
    ]
}