{
    "hash": "0xac0683f55b3ff61923e39f76c9245fd4c885d1665cccccdc064087a9c75c2c91",
    "chain": "Binance",
    "U": [
        0,
        1,
        1,
        3,
        4,
        5,
        4,
        6,
        4,
        1
    ],
    "V": [
        1,
        2,
        3,
        4,
        5,
        4,
        6,
        4,
        1,
        0
    ],
    "feat": [
        [
            0,
            0,
            0,
            1,
            0.1,
            0.1,
            0.25,
            0.25,
            0.0
        ],
        [
            1,
            0,
            0,
            0,
            0.2,
            0.3,
            0.5,
            0.5,
            0.0
        ],
        [
            0,
            0,
            0,
            1,
            0.1,
            0.0,
            0.25,
            0.0,
            0.00875
        ],
        [
            0,
            0,
            1,
            0,
            0.1,
            0.1,
            0.25,
            0.25,
            -0.008750000000000036
        ],
        [
            1,
            0,
            0,
            0,
            0.3,
            0.3,
            0.75,
            0.75,
            0.0
        ],
        [
            0,
            0,
            1,
            0,
            0.1,
            0.1,
            0.25,
            0.25,
            0.0
        ],
        [
            0,
            0,
            1,
            0,
            0.1,
            0.1,
            0.25,
            0.25,
            0.0
        ]
    ],
    "nodeCount": 7,
    "edgeCount": 10,
    "tokenCount": 4,
    "nodes": [
        "0x72e40bac0fd299edbe9924586208f916c6d5eec4",
        "0xc590175e458b83680867afd273527ff58f74c02b",
        "0x11ededebf63bef0ea2d2d071bdf88f71543ec6fb",
        "0xf94fd45b0c7f2b305040cea4958a9ab8ee73e1f4",
        "0x2ed740c6e3aaf5987c7f5a4fa13b90fcc47febd7",
        "0x3de669c4f1f167a8afbc9993e4753b84b576426f",
        "0x2720ec9809f77e040d4682cf9f7294276b9ccc56"
    ],
    "tokens": [
        "0x477bc8d23c634c154061869478bce96be6045d12",
        "0xbb4cdb9cbd36b01bd1cbaebf2de08d9173bc095c",
        "0xe4ae305ebe1abe663f261bc00534067c80ad677c",
        "0x55d398326f99059ff775485246999027b3197955"
    ]
}