{
    "hash": "0xacc34d335c2908b81323f08e6c61b8a3bee21af86d6da7fc06095bc7bfcaca9e",
    "chain": "Binance",
    "U": [
        0,
        1,
        2,
        3,
        0
    ],
    "V": [
        1,
        2,
        3,
        0,
        4
    ],
    "feat": [
        [
            1,
            0,
            0,
            0,
            0.2,
            0.4,
            0.25,
            0.5,
            -0.9983514458645166
        ],
        [
            0,
            0,
            1,
            0,
            0.2,
            0.2,
            0.25,
            0.25,
            -0.001648554135483371
        ],
        [
            0,
            0,
            1,
            0,
            0.2,
            0.2,
            0.25,
            0.25,
            0.0
        ],
        [
            0,
            1,
            0,
            0,
            0.2,
            0.2,
            0.25,
            0.25,
            0.0
        ],
        [
            0,
            0,
            0,
            1,
            0.2,
            0.0,
            0.25,
            0.0,
            1.0
        ]
    ],
    "nodeCount": 5,
    "edgeCount": 5,
    "tokenCount": 4,
    "nodes": [
        "0x5a4dbcb37bfe02d869e437ce63750602c7428256",
        "0x2ae94a6c768d59f5ddc25bd7f12c7cbe1d51dc04",
        "0x314a47938e567e90813816589b7c15e85d053a6a",
        "0x0fe261aee0d1c4dfddee4102e82dd425999065f4",
        "0x0000000000000000000000000000000000000000"
    ],
    "tokens": [
        "0xbb4cdb9cbd36b01bd1cbaebf2de08d9173bc095c",
        "0x8b303d5bbfbbf46f1a4d9741e491e06986894e18",
        "0xe9e7cea3dedca5984780bafc599bd69add087d56",
        "0x0000000000004946c0e9f43f4dee607b0ef1fa1c"
    ]
}