{
    "hash": "0xadd71a48769d75de8447be99db64993ef8743a8f3cc9ec1fb59123591bc4203e",
    "chain": "Binance",
    "U": [
        0,
        1,
        2,
        3,
        2,
        4,
        2,
        2
    ],
    "V": [
        1,
        2,
        3,
        2,
        4,
        2,
        5,
        0
    ],
    "feat": [
        [
            0,
            0,
            0,
            1,
            0.125,
            0.125,
            0.25,
            0.25,
            0.0
        ],
        [
            0,
            0,
            1,
            0,
            0.125,
            0.125,
            0.25,
            0.25,
            0.0
        ],
        [
            1,
            0,
            0,
            0,
            0.375,
            0.5,
            0.75,
            0.75,
            -4.884981308350689e-15
        ],
        [
            0,
            0,
            1,
            0,
            0.125,
            0.125,
            0.25,
            0.25,
            0.0
        ],
        [
            0,
            0,
            1,
            0,
            0.125,
            0.125,
            0.25,
            0.25,
            0.0
        ],
        [
            0,
            1,
            0,
            0,
            0.125,
            0.0,
            0.25,
            0.0,
            5.007480602842727e-15
        ]
    ],
    "nodeCount": 6,
    "edgeCount": 8,
    "tokenCount": 4,
    "nodes": [
        "0x3be2e55cefa413aff52adc2e94892fd1478d41bb",
        "0x6304ae062c6bdf3d24ac86374c7019a025443247",
        "0xc603a00595d5f8ea8d93c5c338c00ff29dba6258",
        "0x3de669c4f1f167a8afbc9993e4753b84b576426f",
        "0xbf6728454b96a36c720c1bbcae5773aaafd6959b",
        "0x98468c0e9342d4e0ac3e09257251fab192992092"
    ],
    "tokens": [
        "0x69f27e70e820197a6e495219d9ac34c8c6da7eee",
        "0xbb4cdb9cbd36b01bd1cbaebf2de08d9173bc095c",
        "0xe4ae305ebe1abe663f261bc00534067c80ad677c",
        "0xe9e7cea3dedca5984780bafc599bd69add087d56"
    ]
}