{
    "hash": "0xae26be99bea39d7a07d2cb7d7e828215df176714576fcd48c66b577a16bb9b49",
    "chain": "Binance",
    "U": [
        0,
        2,
        1,
        0,
        4,
        5,
        4,
        3,
        0,
        2,
        6,
        0
    ],
    "V": [
        1,
        3,
        0,
        4,
        5,
        4,
        0,
        0,
        6,
        3,
        0,
        2
    ],
    "feat": [
        [
            1,
            0,
            0,
            0,
            0.3333333333333333,
            0.3333333333333333,
            0.75,
            1.0,
            -0.9998837535708198
        ],
        [
            0,
            0,
            1,
            0,
            0.08333333333333333,
            0.08333333333333333,
            0.25,
            0.25,
            0.0
        ],
        [
            0,
            0,
            0,
            1,
            0.08333333333333333,
            0.16666666666666666,
            0.25,
            0.25,
            -0.010390625000000098
        ],
        [
            0,
            1,
            0,
            0,
            0.16666666666666666,
            0.08333333333333333,
            0.25,
            0.25,
            0.4565633982052347
        ],
        [
            0,
            1,
            0,
            0,
            0.16666666666666666,
            0.16666666666666666,
            0.5,
            0.5,
            0.0
        ],
        [
            0,
            1,
            0,
            0,
            0.08333333333333333,
            0.08333333333333333,
            0.25,
            0.25,
            0.0028307173757942117
        ],
        [
            0,
            0,
            1,
            0,
            0.08333333333333333,
            0.08333333333333333,
            0.25,
            0.25,
            0.5508802629897909
        ]
    ],
    "nodeCount": 7,
    "edgeCount": 12,
    "tokenCount": 4,
    "nodes": [
        "0xeaf19704912c69d3c07c5940e7c6d0c193eea2f6",
        "0x62c1dec1ff328dcdc157ae0068bb21af3967acd9",
        "0x0000000000000000000000000000000000000000",
        "0x782395303692abed877d2737aa7982345eb44c11",
        "0x3919874c7bc0699cf59c981c5eb668823fa4f958",
        "0xb3f0c9ea1f05e312093fdb031e789a756659b0ac",
        "0xe1cbe92b5375ee6afe1b22b555d257b4357f6c68"
    ],
    "tokens": [
        "0x55d398326f99059ff775485246999027b3197955",
        "0x9c65ab58d8d978db963e63f2bfb7121627e3a739",
        "0xe9e7cea3dedca5984780bafc599bd69add087d56",
        "0x0000000000004946c0e9f43f4dee607b0ef1fa1c"
    ]
}