{
    "hash": "0xaf6a6bb4255edb8439a85331cb505a9ca17d5a2dfd13d4ec96d0dd53a839558e",
    "chain": "Ethereum",
    "U": [
        0,
        1,
        1,
        1,
        1,
        1,
        1,
        1,
        1,
        1,
        1,
        1,
        1,
        1,
        1,
        1,
        1,
        1,
        1,
        1,
        1,
        1,
        1,
        1,
        1,
        1,
        1,
        1,
        1,
        1,
        1,
        1,
        1,
        1,
        1,
        1,
        1,
        1,
        1,
        1,
        1,
        1,
        1
    ],
    "V": [
        1,
        1,
        2,
        0,
        1,
        2,
        0,
        1,
        2,
        0,
        1,
        2,
        0,
        1,
        2,
        0,
        1,
        2,
        0,
        1,
        2,
        0,
        1,
        2,
        0,
        1,
        2,
        0,
        1,
        2,
        0,
        1,
        2,
        0,
        1,
        2,
        0,
        1,
        2,
        0,
        1,
        2,
        0
    ],
    "feat": [
        [
            0,
            0,
            0,
            1,
            0.32558139534883723,
            0.023255813953488372,
            0.5,
            0.5,
            12.992208644304108
        ],
        [
            0,
            1,
            0,
            0,
            0.3488372093023256,
            0.9767441860465116,
            0.5,
            1.0,
            -13.992208644304096
        ],
        [
            0,
            0,
            0,
            1,
            0.32558139534883723,
            0.0,
            0.5,
            0.0,
            0.9999999999999902
        ]
    ],
    "nodeCount": 3,
    "edgeCount": 43,
    "tokenCount": 2,
    "nodes": [
        "0xceaa3a87068ae912e4465dbe4088b22c682f03ca",
        "0xfbddadd80fe7bda00b901fbaf73803f2238ae655",
        "0x4b5057b2c87ec9e7c047fb00c0e406dff2fdacad"
    ],
    "tokens": [
        "native_token",
        "0x990f341946a3fdb507ae7e52d17851b87168017c"
    ]
}