{
    "hash": "0xaf011db39f2f33d0292f0cc410acee133130dfb8dc11e03819b67db774e75b1f",
    "chain": "Ethereum",
    "U": [
        0,
        1,
        1,
        1,
        1,
        1,
        1,
        1,
        1,
        1,
        1,
        1,
        1,
        1,
        1,
        1,
        1,
        1,
        1,
        1,
        1,
        1,
        1,
        1,
        1,
        1,
        1,
        1,
        1,
        1,
        1,
        1,
        1,
        1,
        1,
        1,
        1,
        1,
        1,
        1,
        1,
        1,
        1,
        1,
        1,
        1,
        1,
        1,
        1
    ],
    "V": [
        1,
        1,
        2,
        1,
        2,
        1,
        2,
        1,
        2,
        1,
        2,
        1,
        2,
        1,
        2,
        1,
        2,
        1,
        2,
        1,
        2,
        1,
        2,
        1,
        2,
        1,
        2,
        1,
        2,
        1,
        2,
        1,
        2,
        1,
        2,
        1,
        2,
        1,
        2,
        1,
        2,
        1,
        2,
        1,
        2,
        1,
        2,
        1,
        2
    ],
    "feat": [
        [
            0,
            0,
            0,
            1,
            0.0,
            0.02040816326530612,
            0.0,
            1.0,
            -1.0
        ],
        [
            0,
            1,
            0,
            0,
            0.5102040816326531,
            0.9795918367346939,
            1.0,
            1.0,
            -1.7069679003611782e-15
        ],
        [
            0,
            0,
            0,
            1,
            0.4897959183673469,
            0.0,
            1.0,
            0.0,
            0.9999999999999996
        ]
    ],
    "nodeCount": 3,
    "edgeCount": 49,
    "tokenCount": 1,
    "nodes": [
        "0x03b3fa55c86b2d6c7e7fa4dd19e61a9e30140ef3",
        "0xfbddadd80fe7bda00b901fbaf73803f2238ae655",
        "0x4b5057b2c87ec9e7c047fb00c0e406dff2fdacad"
    ],
    "tokens": [
        "native_token"
    ]
}