{
    "hash": "0xafae6f21d68d481f31c41af243caa80e3a35a577919427f2d807844b4a772161",
    "chain": "Ethereum",
    "U": [
        0,
        1,
        2,
        3,
        4
    ],
    "V": [
        1,
        2,
        3,
        4,
        0
    ],
    "feat": [
        [
            1,
            0,
            0,
            0,
            0.2,
            0.2,
            0.25,
            0.25,
            0.013516693711259409
        ],
        [
            0,
            0,
            1,
            0,
            0.2,
            0.2,
            0.25,
            0.25,
            -0.013516693711259409
        ],
        [
            0,
            0,
            1,
            0,
            0.2,
            0.2,
            0.25,
            0.25,
            0.0
        ],
        [
            0,
            0,
            1,
            0,
            0.2,
            0.2,
            0.25,
            0.25,
            0.0
        ],
        [
            0,
            0,
            1,
            0,
            0.2,
            0.2,
            0.25,
            0.25,
            0.0
        ]
    ],
    "nodeCount": 5,
    "edgeCount": 5,
    "tokenCount": 4,
    "nodes": [
        "0x65003947dc16956afc4400008606001500940000",
        "0x06da0fd433c1a5d7a4faa01111c044910a184553",
        "0xc50ef7861153c51d383d9a7d48e6c9467fb90c38",
        "0x87da823b6fc8eb8575a235a824690fda94674c88",
        "0x57ab5aeb8bac2586a0d437163c3eb844246336ce"
    ],
    "tokens": [
        "0xc02aaa39b223fe8d0a0e5c4f27ead9083c756cc2",
        "0xdac17f958d2ee523a2206206994597c13d831ec7",
        "0xa47c8bf37f92abed4a126bda807a7b7498661acd",
        "0x09a3ecafa817268f77be1283176b946c4ff2e608"
    ]
}