{
    "hash": "0xafd2511471596094db45cd7269e317c3b3009a000960d6771a0d2578b8423076",
    "chain": "Binance",
    "U": [
        0,
        2,
        1,
        4,
        3,
        2,
        1,
        6
    ],
    "V": [
        1,
        1,
        3,
        3,
        2,
        5,
        6,
        0
    ],
    "feat": [
        [
            0,
            0,
            0,
            1,
            0.125,
            0.125,
            0.25,
            0.25,
            0.0
        ],
        [
            0,
            0,
            1,
            0,
            0.25,
            0.25,
            0.25,
            0.25,
            -8.161559382549588e-05
        ],
        [
            0,
            0,
            1,
            0,
            0.125,
            0.25,
            0.25,
            0.5,
            -0.17647058823529416
        ],
        [
            0,
            1,
            0,
            0,
            0.25,
            0.125,
            0.5,
            0.25,
            0.17655220382911951
        ],
        [
            0,
            0,
            1,
            0,
            0.0,
            0.125,
            0.0,
            0.25,
            -1.0
        ],
        [
            0,
            0,
            0,
            1,
            0.125,
            0.0,
            0.25,
            0.0,
            1.0
        ],
        [
            0,
            0,
            1,
            0,
            0.125,
            0.125,
            0.25,
            0.25,
            0.0
        ]
    ],
    "nodeCount": 7,
    "edgeCount": 8,
    "tokenCount": 4,
    "nodes": [
        "0x8684c1ff71d86cb13a5cd5d45f40508314ccb8f7",
        "0x85611163d4434adf3d4fd4ad6f6066c65aa76289",
        "0xf86b9d7d2608d0b738b761f3f00541869b5d0a82",
        "0x10ed43c718714eb63d5aa57b78b54704e256024e",
        "0xbb4cdb9cbd36b01bd1cbaebf2de08d9173bc095c",
        "0x9c7b915eec1e9860aedc9373bdf45998a190df7e",
        "0x16b9a82891338f9ba80e2d6970fdda79d1eb0dae"
    ],
    "tokens": [
        "0xf86b9d7d2608d0b738b761f3f00541869b5d0a82",
        "0xbb4cdb9cbd36b01bd1cbaebf2de08d9173bc095c",
        "native_token",
        "0x55d398326f99059ff775485246999027b3197955"
    ]
}