{
    "hash": "0xaf991e09f35877ee41aa9bc463ca2e8f0f130bebed506bb9b5599fcd082c83fc",
    "chain": "Binance",
    "U": [
        0,
        2,
        1,
        4,
        3,
        2,
        5,
        3,
        3,
        6,
        2,
        5,
        5,
        1,
        4,
        3
    ],
    "V": [
        1,
        1,
        3,
        3,
        2,
        5,
        3,
        4,
        6,
        5,
        7,
        0,
        8,
        3,
        3,
        0
    ],
    "feat": [
        [
            0,
            0,
            0,
            1,
            0.125,
            0.0625,
            0.5,
            0.25,
            0.006334571419736257
        ],
        [
            0,
            0,
            1,
            0,
            0.125,
            0.125,
            0.25,
            0.25,
            -0.00484490198344234
        ],
        [
            0,
            0,
            1,
            0,
            0.0625,
            0.1875,
            0.25,
            0.5,
            -0.36763370203095197
        ],
        [
            0,
            1,
            0,
            0,
            0.3125,
            0.25,
            0.5,
            0.5,
            1.2405490855602637
        ],
        [
            0,
            0,
            1,
            0,
            0.0625,
            0.125,
            0.25,
            0.25,
            -1.2405490855602637
        ],
        [
            1,
            0,
            0,
            0,
            0.125,
            0.1875,
            0.5,
            0.5,
            0.27215891209067256
        ],
        [
            0,
            0,
            1,
            0,
            0.0625,
            0.0625,
            0.25,
            0.25,
            -0.8077529785732158
        ],
        [
            0,
            0,
            0,
            1,
            0.0625,
            0.0,
            0.25,
            0.0,
            0.18023158258761016
        ],
        [
            0,
            0,
            0,
            1,
            0.0625,
            0.0,
            0.25,
            0.0,
            0.7215065164895912
        ]
    ],
    "nodeCount": 9,
    "edgeCount": 16,
    "tokenCount": 4,
    "nodes": [
        "0x87d0122b192ab31bcc37757e1d07291f6d38d781",
        "0x33e4a58457093088e71d7002f851d9940b9a93fc",
        "0xe4210e4c7ca1647611a2bd74bafa66d5a793224c",
        "0x10ed43c718714eb63d5aa57b78b54704e256024e",
        "0xbb4cdb9cbd36b01bd1cbaebf2de08d9173bc095c",
        "0x9036ff16e1065a854e681206f7d628a9f5d10eaf",
        "0x03f18135c44c64ebfdcbad8297fe5bdafdbbdd86",
        "0x11b38a77f65838eb360b4ccf582d03d2dadabf76",
        "0xb4d3858dcbe076f3c7d08ca8fb48fd3a4ee8c9dd"
    ],
    "tokens": [
        "0xe4210e4c7ca1647611a2bd74bafa66d5a793224c",
        "0xbb4cdb9cbd36b01bd1cbaebf2de08d9173bc095c",
        "native_token",
        "0x1d2f0da169ceb9fc7b3144628db156f3f6c60dbe"
    ]
}