{
    "hash": "0xaf5d73a790a54973de83a6e0a0c48d4162503ec38dea5c6c29a760a8fdd479b9",
    "chain": "Binance",
    "U": [
        0,
        2,
        1,
        4,
        3,
        2,
        2,
        3,
        3,
        1,
        1,
        4,
        3
    ],
    "V": [
        1,
        1,
        3,
        3,
        2,
        5,
        3,
        4,
        1,
        6,
        3,
        3,
        0
    ],
    "feat": [
        [
            0,
            0,
            0,
            1,
            0.07692307692307693,
            0.07692307692307693,
            0.3333333333333333,
            0.3333333333333333,
            0.0003067392379029893
        ],
        [
            0,
            0,
            1,
            0,
            0.23076923076923078,
            0.23076923076923078,
            0.6666666666666666,
            0.6666666666666666,
            -0.00026371591633029233
        ],
        [
            0,
            0,
            1,
            0,
            0.07692307692307693,
            0.23076923076923078,
            0.3333333333333333,
            0.6666666666666666,
            -0.40901371570682277
        ],
        [
            0,
            1,
            0,
            0,
            0.38461538461538464,
            0.3076923076923077,
            0.6666666666666666,
            0.6666666666666666,
            1.03721143251631
        ],
        [
            0,
            0,
            1,
            0,
            0.07692307692307693,
            0.15384615384615385,
            0.3333333333333333,
            0.3333333333333333,
            -1.0372114325163098
        ],
        [
            0,
            0,
            0,
            1,
            0.07692307692307693,
            0.0,
            0.3333333333333333,
            0.0,
            0.4
        ],
        [
            0,
            0,
            0,
            1,
            0.07692307692307693,
            0.0,
            0.3333333333333333,
            0.0,
            0.008970692385250313
        ]
    ],
    "nodeCount": 7,
    "edgeCount": 13,
    "tokenCount": 3,
    "nodes": [
        "0xb4df33253086195fb8e021c9063ab1bb7a45115a",
        "0x045b8c3b5e60780e3b42348baf39f2e0f3d7ffe5",
        "0xba07eed3d09055d60caef2bdfca1c05792f2dfad",
        "0x10ed43c718714eb63d5aa57b78b54704e256024e",
        "0xbb4cdb9cbd36b01bd1cbaebf2de08d9173bc095c",
        "0x17d782117bf626150c109c25e8bcfe9fbb212090",
        "0x000000000000000000000000000000000000dead"
    ],
    "tokens": [
        "0xba07eed3d09055d60caef2bdfca1c05792f2dfad",
        "0xbb4cdb9cbd36b01bd1cbaebf2de08d9173bc095c",
        "native_token"
    ]
}