{
    "hash": "0xb02febf2613153741fd9552b6884549ffbbd4ac53237ce64a22debe5888b2a8e",
    "chain": "Binance",
    "U": [
        0,
        2,
        1,
        4,
        3,
        2,
        5,
        3,
        3,
        6,
        2,
        5,
        1,
        4,
        3
    ],
    "V": [
        1,
        1,
        3,
        3,
        2,
        5,
        3,
        4,
        6,
        5,
        7,
        0,
        3,
        3,
        0
    ],
    "feat": [
        [
            0,
            0,
            0,
            1,
            0.13333333333333333,
            0.06666666666666667,
            0.5,
            0.25,
            0.016040753072014635
        ],
        [
            0,
            0,
            1,
            0,
            0.13333333333333333,
            0.13333333333333333,
            0.25,
            0.25,
            0.0015883185914764564
        ],
        [
            0,
            0,
            1,
            0,
            0.06666666666666667,
            0.2,
            0.25,
            0.5,
            -0.9411764705882351
        ],
        [
            0,
            1,
            0,
            0,
            0.3333333333333333,
            0.26666666666666666,
            0.5,
            0.5,
            0.8386469755261707
        ],
        [
            0,
            0,
            1,
            0,
            0.06666666666666667,
            0.13333333333333333,
            0.25,
            0.25,
            -0.8386469755261706
        ],
        [
            1,
            0,
            0,
            0,
            0.13333333333333333,
            0.13333333333333333,
            0.5,
            0.5,
            0.9823709283365089
        ],
        [
            0,
            0,
            1,
            0,
            0.06666666666666667,
            0.06666666666666667,
            0.25,
            0.25,
            -0.5882352941176471
        ],
        [
            0,
            0,
            0,
            1,
            0.06666666666666667,
            0.0,
            0.25,
            0.0,
            0.5294117647058824
        ]
    ],
    "nodeCount": 8,
    "edgeCount": 15,
    "tokenCount": 4,
    "nodes": [
        "0x228c2f17e55207d60a5321bc87851df327075f08",
        "0x431d8a36f4e4235a763989e399563b1bed4f766e",
        "0x965da1ba29e4b02ebf94fc600017dddbbdadc445",
        "0x10ed43c718714eb63d5aa57b78b54704e256024e",
        "0xbb4cdb9cbd36b01bd1cbaebf2de08d9173bc095c",
        "0xbae2f06af4e73c4b427c616bbe19187e2eff05d6",
        "0x74e4716e431f45807dcf19f284c7aa99f18a4fbc",
        "0x108adcd3ca9343f8434f0b6d525bb8b57663fe8b"
    ],
    "tokens": [
        "0x965da1ba29e4b02ebf94fc600017dddbbdadc445",
        "0xbb4cdb9cbd36b01bd1cbaebf2de08d9173bc095c",
        "native_token",
        "0x2170ed0880ac9a755fd29b2688956bd959f933f8"
    ]
}