{
    "hash": "0xb02fb70292b170cf783cbf05c015be1ccc777747f08e0a93dda15fc1072ac3cc",
    "chain": "Binance",
    "U": [
        0,
        1,
        3,
        2,
        5
    ],
    "V": [
        1,
        2,
        4,
        5,
        0
    ],
    "feat": [
        [
            0,
            0,
            0,
            1,
            0.2,
            0.2,
            0.25,
            0.25,
            0.0
        ],
        [
            0,
            0,
            1,
            0,
            0.2,
            0.2,
            0.25,
            0.25,
            0.0
        ],
        [
            0,
            0,
            1,
            0,
            0.2,
            0.2,
            0.25,
            0.25,
            0.0
        ],
        [
            0,
            0,
            0,
            1,
            0.0,
            0.2,
            0.0,
            0.25,
            -0.0229402523956543
        ],
        [
            0,
            1,
            0,
            0,
            0.2,
            0.0,
            0.25,
            0.0,
            0.0229402523956543
        ],
        [
            0,
            0,
            1,
            0,
            0.2,
            0.2,
            0.25,
            0.25,
            0.0
        ]
    ],
    "nodeCount": 6,
    "edgeCount": 5,
    "tokenCount": 4,
    "nodes": [
        "0x39cf967c96476219b07c551dc04f04dfa7c13a4b",
        "0xda28eb7aba389c1ea226a420bce04cb565aafb85",
        "0x969f2556f786a576f32aef6c1d6618f0221ec70e",
        "0x0000000000000000000000000000000000000000",
        "0x782395303692abed877d2737aa7982345eb44c11",
        "0xaf9aa53146c5752bf6068a84b970e9fbb22a87bc"
    ],
    "tokens": [
        "0x55d398326f99059ff775485246999027b3197955",
        "0x7130d2a12b9bcbfae4f2634d864a1ee1ce3ead9c",
        "0x9c65ab58d8d978db963e63f2bfb7121627e3a739",
        "0xbb4cdb9cbd36b01bd1cbaebf2de08d9173bc095c"
    ]
}