{
    "hash": "0xb0946f2322276c2dab8f3edbd2f00ba4f273f9abdf7b22ea7468f7cc754bf8a4",
    "chain": "Binance",
    "U": [
        0,
        1,
        2,
        4,
        3,
        3,
        5,
        6,
        1,
        7,
        7,
        7,
        1,
        7,
        1
    ],
    "V": [
        1,
        2,
        3,
        3,
        5,
        5,
        6,
        1,
        7,
        2,
        1,
        1,
        7,
        1,
        0
    ],
    "feat": [
        [
            0,
            0,
            0,
            1,
            0.06666666666666667,
            0.06666666666666667,
            0.2,
            0.2,
            0.0
        ],
        [
            0,
            1,
            0,
            0,
            0.3333333333333333,
            0.26666666666666666,
            0.8,
            0.8,
            0.0
        ],
        [
            0,
            0,
            0,
            1,
            0.13333333333333333,
            0.06666666666666667,
            0.4,
            0.2,
            1.0
        ],
        [
            0,
            1,
            0,
            0,
            0.13333333333333333,
            0.13333333333333333,
            0.4,
            0.4,
            0.398131103258224
        ],
        [
            0,
            1,
            0,
            0,
            0.0,
            0.06666666666666667,
            0.0,
            0.2,
            -1.0
        ],
        [
            0,
            1,
            0,
            0,
            0.13333333333333333,
            0.06666666666666667,
            0.4,
            0.2,
            0.601868896741776
        ],
        [
            0,
            0,
            1,
            0,
            0.06666666666666667,
            0.06666666666666667,
            0.2,
            0.2,
            0.0
        ],
        [
            0,
            0,
            1,
            0,
            0.13333333333333333,
            0.26666666666666666,
            0.4,
            0.6,
            -1.0
        ]
    ],
    "nodeCount": 8,
    "edgeCount": 15,
    "tokenCount": 5,
    "nodes": [
        "0xe46b3957ddd13bb091da1e9c7452b458f1a1a383",
        "0x03c509fd85d51dc7e75fa2de06276cfa147486ea",
        "0x0000000000000000000000000000000000000000",
        "0xa48b61392b240e122d00fe334ef995a9a23decff",
        "0x53ee388f037876850d4fd60307fba02e203a1c0e",
        "0xf5ea95da6e7d9ddade65d6b54ccbbc3a6f19a0a4",
        "0xaae97e1b198406d691d75b5aa60ac0b4e4b0e5cd",
        "0x69758726b04e527238b261ab00236afe9f34929d"
    ],
    "tokens": [
        "0xaae97e1b198406d691d75b5aa60ac0b4e4b0e5cd",
        "0x1c6bc8e962427deb4106ae06a7fa2d715687395c",
        "0x69758726b04e527238b261ab00236afe9f34929d",
        "0x7deb9906bd1d77b410a56e5c23c36340bd60c983",
        "0xe9e7cea3dedca5984780bafc599bd69add087d56"
    ]
}