{
    "hash": "0xb0bc94ace315f126d69012888f5da38e20a3cb879e2af383a70e67e6cbdd1c1c",
    "chain": "Binance",
    "U": [
        0,
        2,
        3,
        4,
        5,
        6
    ],
    "V": [
        1,
        3,
        1,
        5,
        6,
        1
    ],
    "feat": [
        [
            1,
            0,
            0,
            0,
            0.0,
            0.16666666666666666,
            0.0,
            0.3333333333333333,
            -1.0
        ],
        [
            0,
            0,
            0,
            1,
            0.5,
            0.0,
            1.0,
            0.0,
            3.0
        ],
        [
            1,
            0,
            0,
            0,
            0.0,
            0.16666666666666666,
            0.0,
            0.3333333333333333,
            -1.0
        ],
        [
            1,
            0,
            0,
            0,
            0.16666666666666666,
            0.16666666666666666,
            0.3333333333333333,
            0.3333333333333333,
            0.0
        ],
        [
            1,
            0,
            0,
            0,
            0.0,
            0.16666666666666666,
            0.0,
            0.3333333333333333,
            -1.0
        ],
        [
            1,
            0,
            0,
            0,
            0.16666666666666666,
            0.16666666666666666,
            0.3333333333333333,
            0.3333333333333333,
            0.0
        ],
        [
            1,
            0,
            0,
            0,
            0.16666666666666666,
            0.16666666666666666,
            0.3333333333333333,
            0.3333333333333333,
            0.0
        ]
    ],
    "nodeCount": 7,
    "edgeCount": 6,
    "tokenCount": 3,
    "nodes": [
        "0x33bbc88a39204cbf4289169aa142f3236e00cedf",
        "0x3bd30a0f5c65b6d49081db2312e8380a8a1bc615",
        "0xeed5826f1e0d79c7447bb62e989add7a1e029081",
        "0x904061de78bbe73ed3e704718f10bc94486317ef",
        "0x6ba7d75ec6576f88a10be832c56f0f27dc040ddd",
        "0x0c303182d60cf32424d7ef2e4c0072b9b0bfaf97",
        "0x52d22f040dee3027422e837312320b42e1fd737f"
    ],
    "tokens": [
        "0x9c65ab58d8d978db963e63f2bfb7121627e3a739",
        "0x422e3af98bc1de5a1838be31a56f75db4ad43730",
        "0xbb4cdb9cbd36b01bd1cbaebf2de08d9173bc095c"
    ]
}