{
    "hash": "0xb0cdfb63d6e3bb3a7246a532b9e460599ecd3e7a49d1c5db57d7cf194c694fed",
    "chain": "Binance",
    "U": [
        0,
        1,
        2,
        3,
        2,
        2
    ],
    "V": [
        1,
        2,
        3,
        2,
        4,
        1
    ],
    "feat": [
        [
            0,
            0,
            0,
            1,
            0.0,
            0.16666666666666666,
            0.0,
            0.5,
            -1.0
        ],
        [
            0,
            1,
            0,
            0,
            0.3333333333333333,
            0.16666666666666666,
            0.5,
            0.5,
            0.9724086478005202
        ],
        [
            0,
            1,
            0,
            0,
            0.3333333333333333,
            0.5,
            1.0,
            1.0,
            0.0
        ],
        [
            0,
            0,
            1,
            0,
            0.16666666666666666,
            0.16666666666666666,
            0.5,
            0.5,
            -0.97240864780052
        ],
        [
            0,
            1,
            0,
            0,
            0.16666666666666666,
            0.0,
            0.5,
            0.0,
            1.0
        ]
    ],
    "nodeCount": 5,
    "edgeCount": 6,
    "tokenCount": 2,
    "nodes": [
        "0x0000000000000000000000000000000000000000",
        "0xdbc1a13490deef9c3c12b44fe77b503c1b061739",
        "0x545cad34ddb7d49caf3ec2d9c830af4a00a7321d",
        "0x46492b26639df0cda9b2769429845cb991591e0a",
        "0xe9542db9ce9520c0e8ed2fad34bac269ed0cd97e"
    ],
    "tokens": [
        "0x965f527d9159dce6288a2219db51fc6eef120dd1",
        "0xbb4cdb9cbd36b01bd1cbaebf2de08d9173bc095c"
    ]
}