{
    "hash": "0xb1ffe54eb822981b2e7e286be585c06e2e2d556068de727ad73728cb8a7d5cb5",
    "chain": "Binance",
    "U": [
        0,
        2,
        1,
        0,
        1,
        3,
        0,
        4
    ],
    "V": [
        1,
        3,
        0,
        1,
        0,
        0,
        4,
        0
    ],
    "feat": [
        [
            1,
            0,
            0,
            0,
            0.5,
            0.375,
            1.0,
            1.0,
            0.00017063430814782433
        ],
        [
            0,
            0,
            1,
            0,
            0.25,
            0.25,
            0.6666666666666666,
            0.6666666666666666,
            0.005983294415858875
        ],
        [
            0,
            0,
            0,
            1,
            0.0,
            0.125,
            0.0,
            0.3333333333333333,
            -1.0
        ],
        [
            0,
            1,
            0,
            0,
            0.125,
            0.125,
            0.3333333333333333,
            0.3333333333333333,
            0.01946798746856926
        ],
        [
            0,
            0,
            1,
            0,
            0.125,
            0.125,
            0.3333333333333333,
            0.3333333333333333,
            0.974378083807424
        ]
    ],
    "nodeCount": 5,
    "edgeCount": 8,
    "tokenCount": 3,
    "nodes": [
        "0x93175e7c47a12e7303e0b1f4277343ef7ee070a5",
        "0x86746cc10ba1422cb17483748105d1d1df5a2876",
        "0x0000000000000000000000000000000000000000",
        "0x782395303692abed877d2737aa7982345eb44c11",
        "0xe1cbe92b5375ee6afe1b22b555d257b4357f6c68"
    ],
    "tokens": [
        "0x55d398326f99059ff775485246999027b3197955",
        "0x9c65ab58d8d978db963e63f2bfb7121627e3a739",
        "0x1d2f0da169ceb9fc7b3144628db156f3f6c60dbe"
    ]
}