{
    "hash": "0xb164d7ea0fe03a59a2aa6669521c409e24e41abe9d90acff4741febfa4a6c53f",
    "chain": "Binance",
    "U": [
        0,
        0,
        2,
        3,
        2,
        5,
        4,
        5,
        5,
        4,
        5,
        5,
        4,
        5,
        5,
        4
    ],
    "V": [
        1,
        2,
        3,
        2,
        4,
        4,
        5,
        4,
        4,
        5,
        4,
        4,
        5,
        4,
        4,
        5
    ],
    "feat": [
        [
            0,
            0,
            0,
            1,
            0.0,
            0.125,
            0.0,
            0.3333333333333333,
            -1.1379999999999997
        ],
        [
            0,
            1,
            0,
            0,
            0.0625,
            0.0,
            0.3333333333333333,
            0.0,
            0.13799999999999968
        ],
        [
            0,
            1,
            0,
            0,
            0.125,
            0.125,
            0.6666666666666666,
            0.6666666666666666,
            0.8480151448692679
        ],
        [
            0,
            0,
            0,
            1,
            0.0625,
            0.0625,
            0.3333333333333333,
            0.3333333333333333,
            -0.8480151448692679
        ],
        [
            0,
            1,
            0,
            0,
            0.5,
            0.25,
            0.6666666666666666,
            0.3333333333333333,
            2.1274266238229624
        ],
        [
            0,
            0,
            1,
            0,
            0.25,
            0.4375,
            0.3333333333333333,
            0.6666666666666666,
            -1.1274266238229627
        ]
    ],
    "nodeCount": 6,
    "edgeCount": 16,
    "tokenCount": 3,
    "nodes": [
        "0x0000000000000000000000000000000000000000",
        "0x28579eca0a326e53340edd93e18698d379876a04",
        "0x0895196562c7868c5be92459fae7f877ed450452",
        "0x27ef8248567e7a5381a2b272e17ca47b2bdb44c4",
        "0xb4f2976cf76b0b8b68505672b64a60b1662adfd2",
        "0xf508fcd89b8bd15579dc79a6827cb4686a3592c8"
    ],
    "tokens": [
        "0xa184088a740c695e156f91f5cc086a06bb78b827",
        "0x2170ed0880ac9a755fd29b2688956bd959f933f8",
        "0xf508fcd89b8bd15579dc79a6827cb4686a3592c8"
    ]
}