{
    "hash": "0xb1bb8633ddc0448e084b71b2d25873bff06d524c2fce22d91859e0a289af2220",
    "chain": "Ethereum",
    "U": [
        0,
        1,
        2,
        1,
        3,
        1,
        4,
        1,
        3,
        1,
        5,
        3,
        5,
        1,
        3,
        1,
        3,
        1,
        6,
        1
    ],
    "V": [
        1,
        2,
        1,
        3,
        1,
        4,
        1,
        3,
        1,
        5,
        3,
        5,
        1,
        3,
        1,
        3,
        1,
        6,
        1,
        0
    ],
    "feat": [
        [
            0,
            0,
            0,
            1,
            0.05,
            0.05,
            0.25,
            0.25,
            0.0
        ],
        [
            0,
            1,
            0,
            0,
            0.45,
            0.45,
            1.0,
            1.0,
            0.0
        ],
        [
            1,
            0,
            0,
            0,
            0.05,
            0.05,
            0.25,
            0.25,
            0.0002027453533062218
        ],
        [
            0,
            0,
            1,
            0,
            0.25,
            0.25,
            0.5,
            0.5,
            0.0
        ],
        [
            0,
            0,
            1,
            0,
            0.05,
            0.05,
            0.25,
            0.25,
            -1.5846207727043815e-05
        ],
        [
            0,
            1,
            0,
            0,
            0.1,
            0.1,
            0.5,
            0.5,
            -0.00018689914557912246
        ],
        [
            0,
            0,
            0,
            1,
            0.05,
            0.05,
            0.25,
            0.25,
            0.0
        ]
    ],
    "nodeCount": 7,
    "edgeCount": 20,
    "tokenCount": 4,
    "nodes": [
        "0xf4c586a2dcd0afb8718f830c31de0c3c5c91b90c",
        "0xdef171fe48cf0115b1d80b88dc8eab59176fee57",
        "0x0000006daea1723962647b7e189d311d757fb793",
        "0xc02aaa39b223fe8d0a0e5c4f27ead9083c756cc2",
        "0x58dc5a51fe44589beb22e8ce67720b5bc5378009",
        "0x8301ae4fc9c624d1d396cbdaa1ed877821d7c511",
        "0x969378cdb054d9887392b21c84afab429029a91a"
    ],
    "tokens": [
        "0xd533a949740bb3306d119cc777fa900ba034cd52",
        "0xc02aaa39b223fe8d0a0e5c4f27ead9083c756cc2",
        "native_token",
        "0xa0b86991c6218b36c1d19d4a2e9eb0ce3606eb48"
    ]
}