{
    "hash": "0xb2e7e19df24b64769c08500b7d6f4e47d2ec8c9882789840874fd8eb37f15180",
    "chain": "Ethereum",
    "U": [
        0,
        2,
        1,
        3,
        3
    ],
    "V": [
        1,
        1,
        0,
        4,
        0
    ],
    "feat": [
        [
            0,
            0,
            0,
            1,
            0.4,
            0.2,
            0.6666666666666666,
            0.3333333333333333,
            1.0
        ],
        [
            0,
            0,
            1,
            0,
            0.4,
            0.2,
            0.6666666666666666,
            0.3333333333333333,
            1.0
        ],
        [
            0,
            0,
            1,
            0,
            0.0,
            0.2,
            0.0,
            0.3333333333333333,
            -1.0
        ],
        [
            0,
            0,
            0,
            1,
            0.0,
            0.4,
            0.0,
            0.3333333333333333,
            -1.001
        ],
        [
            0,
            1,
            0,
            0,
            0.2,
            0.0,
            0.3333333333333333,
            0.0,
            0.001
        ]
    ],
    "nodeCount": 5,
    "edgeCount": 5,
    "tokenCount": 3,
    "nodes": [
        "0x8501017f7566d8d3892f49dd359a9eb3807dc021",
        "0xaa6e8127831c9de45ae56bb1b0d4d4da6e5665bd",
        "0x39aa39c021dfbae8fac545936693ac917d5e7563",
        "0x0000000000000000000000000000000000000000",
        "0x445307de5279cd4b1bcbf38853f81b190a806075"
    ],
    "tokens": [
        "0x4ddc2d193948926d02f9b1fe9e1daa0718270ed5",
        "0xa0b86991c6218b36c1d19d4a2e9eb0ce3606eb48",
        "0xaa6e8127831c9de45ae56bb1b0d4d4da6e5665bd"
    ]
}