{
    "hash": "0xb276a16fc0569fab0b2c9c3b54caa5da32132c62abffe4c40ea17783450c08e7",
    "chain": "Binance",
    "U": [
        0,
        0,
        2,
        3,
        2,
        5,
        4,
        6,
        6,
        4,
        6,
        6,
        4,
        6,
        6,
        4,
        6
    ],
    "V": [
        1,
        2,
        3,
        2,
        4,
        4,
        6,
        4,
        4,
        6,
        4,
        4,
        6,
        4,
        4,
        6,
        4
    ],
    "feat": [
        [
            0,
            0,
            0,
            1,
            0.0,
            0.11764705882352941,
            0.0,
            0.25,
            -1.138
        ],
        [
            0,
            1,
            0,
            0,
            0.058823529411764705,
            0.0,
            0.25,
            0.0,
            0.13799999999999998
        ],
        [
            0,
            1,
            0,
            0,
            0.11764705882352941,
            0.11764705882352941,
            0.5,
            0.5,
            0.9239321416082515
        ],
        [
            0,
            0,
            0,
            1,
            0.058823529411764705,
            0.058823529411764705,
            0.25,
            0.25,
            -0.9239321416082514
        ],
        [
            0,
            1,
            0,
            0,
            0.5294117647058824,
            0.23529411764705882,
            0.75,
            0.25,
            3.127426624942329
        ],
        [
            0,
            0,
            1,
            0,
            0.0,
            0.058823529411764705,
            0.0,
            0.25,
            -1.0
        ],
        [
            0,
            0,
            1,
            0,
            0.23529411764705882,
            0.4117647058823529,
            0.25,
            0.5,
            -1.1274266249423288
        ]
    ],
    "nodeCount": 7,
    "edgeCount": 17,
    "tokenCount": 4,
    "nodes": [
        "0x0000000000000000000000000000000000000000",
        "0x28579eca0a326e53340edd93e18698d379876a04",
        "0x0895196562c7868c5be92459fae7f877ed450452",
        "0x1711db57099ff446d8160242c265f15cf99321d0",
        "0xce55c6fb1ad3dbe557e3b24c73086bdcee1af94e",
        "0xbb4cdb9cbd36b01bd1cbaebf2de08d9173bc095c",
        "0xa07c5b74c9b40447a954e1466938b865b6bbea36"
    ],
    "tokens": [
        "0xa184088a740c695e156f91f5cc086a06bb78b827",
        "0xbb4cdb9cbd36b01bd1cbaebf2de08d9173bc095c",
        "native_token",
        "0xa07c5b74c9b40447a954e1466938b865b6bbea36"
    ]
}