{
    "hash": "0xb38e13c1842c21109e40b2514bd977ce237309f9eea381da6d237dc32b0a6485",
    "chain": "Ethereum",
    "U": [
        0,
        2,
        1,
        3,
        1,
        1,
        4,
        5,
        1,
        6,
        1,
        1,
        7,
        8,
        1,
        1
    ],
    "V": [
        1,
        1,
        2,
        1,
        3,
        4,
        1,
        1,
        5,
        1,
        6,
        7,
        1,
        1,
        8,
        0
    ],
    "feat": [
        [
            0,
            0,
            0,
            1,
            0.0625,
            0.0625,
            0.25,
            0.25,
            0.0
        ],
        [
            1,
            0,
            0,
            0,
            0.5,
            0.5,
            1.0,
            1.0,
            1.464792298566664e-08
        ],
        [
            1,
            0,
            0,
            0,
            0.0625,
            0.0625,
            0.25,
            0.25,
            -0.0011252128885055196
        ],
        [
            1,
            0,
            0,
            0,
            0.0625,
            0.0625,
            0.25,
            0.25,
            -0.013784268357857246
        ],
        [
            0,
            0,
            1,
            0,
            0.0625,
            0.0625,
            0.25,
            0.25,
            -0.16749999999999998
        ],
        [
            1,
            0,
            0,
            0,
            0.0625,
            0.0625,
            0.25,
            0.25,
            -0.020204754606526043
        ],
        [
            1,
            0,
            0,
            0,
            0.0625,
            0.0625,
            0.25,
            0.25,
            -0.041368134540682444
        ],
        [
            0,
            0,
            1,
            0,
            0.0625,
            0.0625,
            0.25,
            0.25,
            0.030486284463256172
        ],
        [
            1,
            0,
            0,
            0,
            0.0625,
            0.0625,
            0.25,
            0.25,
            0.21349607128239223
        ]
    ],
    "nodeCount": 9,
    "edgeCount": 16,
    "tokenCount": 4,
    "nodes": [
        "0xfd9e6fd73a0694057b632d8d3d4925d99c374306",
        "0xfd3dfb524b2da40c8a6d703c62be36b5d8540626",
        "0x012a47d45f077796282f22220d3844c4d72504aa",
        "0x87d1b1a3675ff4ff6101926c1cce971cd2d513ef",
        "0x164fe0239d703379bddde3c80e4d4800a1cd452b",
        "0x4585fe77225b41b697c938b018e2ac67ac5a20c0",
        "0x0000006daea1723962647b7e189d311d757fb793",
        "0xf91c12dae1313d0be5d7a27aa559b1171cc1eac5",
        "0x151ccb92bc1ed5c6d0f9adb5cec4763ceb66ac7f"
    ],
    "tokens": [
        "0x0b498ff89709d3838a063f1dfa463091f9801c2b",
        "0xaa6e8127831c9de45ae56bb1b0d4d4da6e5665bd",
        "0x2260fac5e5542a773aa44fbcfedf7c193bc2c599",
        "0xc02aaa39b223fe8d0a0e5c4f27ead9083c756cc2"
    ]
}