{
    "hash": "0xb32bf94bfc964f404ad05ac14f167c7c0a3a074d08fea3a9d576ec669b894cb6",
    "chain": "Ethereum",
    "U": [
        0,
        2,
        1,
        1,
        1,
        4,
        1
    ],
    "V": [
        1,
        1,
        2,
        3,
        3,
        1,
        0
    ],
    "feat": [
        [
            0,
            0,
            0,
            1,
            0.14285714285714285,
            0.14285714285714285,
            0.25,
            0.25,
            0.0
        ],
        [
            0,
            1,
            0,
            0,
            0.42857142857142855,
            0.5714285714285714,
            0.75,
            1.0,
            0.0
        ],
        [
            0,
            0,
            1,
            0,
            0.14285714285714285,
            0.14285714285714285,
            0.25,
            0.25,
            0.0
        ],
        [
            0,
            1,
            0,
            0,
            0.2857142857142857,
            0.0,
            0.5,
            0.0,
            1.0
        ],
        [
            0,
            0,
            0,
            1,
            0.0,
            0.14285714285714285,
            0.0,
            0.25,
            -1.0
        ]
    ],
    "nodeCount": 5,
    "edgeCount": 7,
    "tokenCount": 4,
    "nodes": [
        "0x2880620a82bf151b2ab3fda4eab455c151dee9eb",
        "0xeb21209ae4c2c9ff2a86aca31e123764a3b6bc06",
        "0x39aa39c021dfbae8fac545936693ac917d5e7563",
        "0xa2b47e3d5c44877cca798226b7b8118f9bfb7a56",
        "0x0000000000000000000000000000000000000000"
    ],
    "tokens": [
        "0xa0b86991c6218b36c1d19d4a2e9eb0ce3606eb48",
        "0x39aa39c021dfbae8fac545936693ac917d5e7563",
        "0x5d3a536e4d6dbd6114cc1ead35777bab948e3643",
        "0x845838df265dcd2c412a1dc9e959c7d08537f8a2"
    ]
}