{
    "hash": "0xb324dbfb22f26028846b496993145177733222d31b1c4afdd9a5a69f32a97be5",
    "chain": "Binance",
    "U": [
        0,
        0,
        1,
        1
    ],
    "V": [
        1,
        1,
        2,
        2
    ],
    "feat": [
        [
            0,
            0,
            0,
            1,
            0.0,
            0.5,
            0.0,
            1.0,
            -0.49055538472109406
        ],
        [
            0,
            1,
            0,
            0,
            0.5,
            0.5,
            1.0,
            1.0,
            -0.5094446152789059
        ],
        [
            0,
            0,
            0,
            1,
            0.5,
            0.0,
            1.0,
            0.0,
            1.0
        ]
    ],
    "nodeCount": 3,
    "edgeCount": 4,
    "tokenCount": 1,
    "nodes": [
        "0x0000000000000000000000000000000000000000",
        "0x2e6011ba6703266a334ed62c9c8dda422aa06d79",
        "0xd5c666a4ae127a6571ceda4d047ab7de29be8c6c"
    ],
    "tokens": [
        "0xeecf92bf5e8f96e174510e9cd2b2a857aa039460"
    ]
}