{
    "hash": "0xb373731aa262d64fae863d6462883d2c3148eeac938f962dbe2bceeeeeff3924",
    "chain": "Ethereum",
    "U": [
        0,
        1,
        2,
        1,
        4,
        3,
        1,
        4,
        3,
        1,
        4,
        3,
        1,
        4,
        3,
        1,
        4,
        3,
        1,
        4,
        3,
        1,
        4,
        3,
        1,
        4,
        3,
        1,
        4,
        3,
        1,
        4,
        3,
        1,
        3,
        1,
        1,
        4,
        1,
        2,
        1,
        1,
        1
    ],
    "V": [
        1,
        2,
        1,
        3,
        1,
        1,
        3,
        1,
        1,
        3,
        1,
        1,
        3,
        1,
        1,
        3,
        1,
        1,
        3,
        1,
        1,
        3,
        1,
        1,
        3,
        1,
        1,
        3,
        1,
        1,
        3,
        1,
        1,
        3,
        1,
        3,
        3,
        0,
        2,
        1,
        0,
        0,
        0
    ],
    "feat": [
        [
            0,
            0,
            0,
            1,
            0.09302325581395349,
            0.023255813953488372,
            0.8,
            0.2,
            1.0013842608379073
        ],
        [
            0,
            1,
            0,
            0,
            0.5581395348837209,
            0.4186046511627907,
            0.8,
            0.8,
            -2.0079424234431542e-15
        ],
        [
            0,
            0,
            1,
            0,
            0.046511627906976744,
            0.046511627906976744,
            0.4,
            0.4,
            -6.505213034913027e-17
        ],
        [
            0,
            0,
            1,
            0,
            0.3023255813953488,
            0.2558139534883721,
            0.4,
            0.4,
            0.9986157391620925
        ],
        [
            0,
            0,
            0,
            1,
            0.0,
            0.2558139534883721,
            0.0,
            0.4,
            -2.0
        ]
    ],
    "nodeCount": 5,
    "edgeCount": 43,
    "tokenCount": 5,
    "nodes": [
        "0x17fe00c094ce17cfedf706477ad2359d06cc4dd8",
        "0xc8b227ae84a162744465007c38240b367928d5f8",
        "0xc02aaa39b223fe8d0a0e5c4f27ead9083c756cc2",
        "0xac10f17627cd6bc22719ceebf1fc524c9cfdc255",
        "0x0000000000000000000000000000000000000000"
    ],
    "tokens": [
        "native_token",
        "0xc02aaa39b223fe8d0a0e5c4f27ead9083c756cc2",
        "0xf220b808807bc66062fd6eaddff846268a5d4b30",
        "0x066798d9ef0833ccc719076dab77199ecbd178b0",
        "0xac10f17627cd6bc22719ceebf1fc524c9cfdc255"
    ]
}