{
    "hash": "0xb3cde09b8e03442ab30a6a48bd791f3e7d4035ff26e4a3a4d953ecb8f710f796",
    "chain": "Binance",
    "U": [
        0,
        2,
        1,
        4,
        3,
        2,
        2,
        3,
        3,
        1,
        1,
        4,
        3
    ],
    "V": [
        1,
        1,
        3,
        3,
        2,
        5,
        3,
        4,
        1,
        6,
        3,
        3,
        0
    ],
    "feat": [
        [
            0,
            0,
            0,
            1,
            0.07692307692307693,
            0.07692307692307693,
            0.3333333333333333,
            0.3333333333333333,
            0.00014743601701355802
        ],
        [
            0,
            0,
            1,
            0,
            0.23076923076923078,
            0.23076923076923078,
            0.6666666666666666,
            0.6666666666666666,
            0.0061845763001257895
        ],
        [
            0,
            0,
            1,
            0,
            0.07692307692307693,
            0.23076923076923078,
            0.3333333333333333,
            0.6666666666666666,
            -0.09146284213813938
        ],
        [
            0,
            1,
            0,
            0,
            0.38461538461538464,
            0.3076923076923077,
            0.6666666666666666,
            0.6666666666666666,
            1.1145707802950586
        ],
        [
            0,
            0,
            1,
            0,
            0.07692307692307693,
            0.15384615384615385,
            0.3333333333333333,
            0.3333333333333333,
            -1.1145707802950586
        ],
        [
            0,
            0,
            0,
            1,
            0.07692307692307693,
            0.0,
            0.3333333333333333,
            0.0,
            0.04
        ],
        [
            0,
            0,
            0,
            1,
            0.07692307692307693,
            0.0,
            0.3333333333333333,
            0.0,
            0.04513082982100006
        ]
    ],
    "nodeCount": 7,
    "edgeCount": 13,
    "tokenCount": 3,
    "nodes": [
        "0x9a0974b886304ff09658929901400a262c6ad33d",
        "0x67da03b0f19e254bec8d08e666e17a24ee772190",
        "0xf7bf4507336aea836ab5575ec1801d96c3059483",
        "0x10ed43c718714eb63d5aa57b78b54704e256024e",
        "0xbb4cdb9cbd36b01bd1cbaebf2de08d9173bc095c",
        "0xd3f678f1d8b01b327bef3e10f681bfd6991f0be8",
        "0x000000000000000000000000000000000000dead"
    ],
    "tokens": [
        "0xf7bf4507336aea836ab5575ec1801d96c3059483",
        "0xbb4cdb9cbd36b01bd1cbaebf2de08d9173bc095c",
        "native_token"
    ]
}