{
    "hash": "0xb300daf734bce701528a2fa21c51cc065651231a5fb8c37f85e53a5e142d5ac1",
    "chain": "Ethereum",
    "U": [
        0,
        1,
        1,
        1,
        1,
        1,
        1,
        1,
        1,
        1,
        1,
        1,
        1
    ],
    "V": [
        1,
        1,
        2,
        0,
        1,
        2,
        0,
        1,
        2,
        0,
        1,
        2,
        0
    ],
    "feat": [
        [
            0,
            0,
            0,
            1,
            0.3076923076923077,
            0.07692307692307693,
            0.5,
            0.5,
            3.0
        ],
        [
            0,
            1,
            0,
            0,
            0.38461538461538464,
            0.9230769230769231,
            0.5,
            1.0,
            -3.002027146130783
        ],
        [
            0,
            0,
            0,
            1,
            0.3076923076923077,
            0.0,
            0.5,
            0.0,
            0.0020271461307833005
        ]
    ],
    "nodeCount": 3,
    "edgeCount": 13,
    "tokenCount": 2,
    "nodes": [
        "0x1a775f6ce71044461adf1f8d6bbb3675cd94d87e",
        "0xfbddadd80fe7bda00b901fbaf73803f2238ae655",
        "0x4b5057b2c87ec9e7c047fb00c0e406dff2fdacad"
    ],
    "tokens": [
        "native_token",
        "0x990f341946a3fdb507ae7e52d17851b87168017c"
    ]
}