{
    "hash": "0xb4eb16e84300d26d721cbaa6b57694cce510ed00351ed9d6fc3c34fec5161608",
    "chain": "Ethereum",
    "U": [
        0,
        1,
        2,
        3,
        4,
        4
    ],
    "V": [
        1,
        2,
        3,
        0,
        5,
        6
    ],
    "feat": [
        [
            0,
            0,
            0,
            1,
            0.16666666666666666,
            0.16666666666666666,
            0.25,
            0.25,
            0.0
        ],
        [
            0,
            1,
            0,
            0,
            0.16666666666666666,
            0.16666666666666666,
            0.25,
            0.25,
            0.0
        ],
        [
            0,
            0,
            1,
            0,
            0.16666666666666666,
            0.16666666666666666,
            0.25,
            0.25,
            0.0
        ],
        [
            0,
            0,
            1,
            0,
            0.16666666666666666,
            0.16666666666666666,
            0.25,
            0.25,
            0.0
        ],
        [
            0,
            1,
            0,
            0,
            0.0,
            0.3333333333333333,
            0.0,
            0.25,
            -1.0813449595813165
        ],
        [
            0,
            0,
            0,
            1,
            0.16666666666666666,
            0.0,
            0.25,
            0.0,
            1.0
        ],
        [
            0,
            1,
            0,
            0,
            0.16666666666666666,
            0.0,
            0.25,
            0.0,
            0.08134495958131649
        ]
    ],
    "nodeCount": 7,
    "edgeCount": 6,
    "tokenCount": 4,
    "nodes": [
        "0x9492510bbcb93b6992d8b7bb67888558e12dcac4",
        "0xd2d067e8f93e5cade35e95f74f1d5b00a91fbf2c",
        "0x9ca8aef2372c705d6848fdda3c1267a7f51267c1",
        "0xa478c2975ab1ea89e8196811f51a7b7ade33eb11",
        "0xfca6a62a11cd75ef6506c4973a67c5b2a3d8915f",
        "0xeb1dadb3b0d4d5e97300d592015998629796f99a",
        "0x5db6e1b7ce743a2d49b2546b3ebe17132e0ab04d"
    ],
    "tokens": [
        "0x90de74265a416e1393a450752175aed98fe11517",
        "0xc02aaa39b223fe8d0a0e5c4f27ead9083c756cc2",
        "0x6b175474e89094c44da98b954eedeac495271d0f",
        "native_token"
    ]
}