{
    "hash": "0xb51683f53d241ff7d46b077210230854153d75bf80f81dc27d1ca888c63584ed",
    "chain": "Binance",
    "U": [
        0,
        1,
        1
    ],
    "V": [
        1,
        2,
        0
    ],
    "feat": [
        [
            0,
            0,
            0,
            1,
            0.3333333333333333,
            0.3333333333333333,
            0.5,
            0.5,
            0.0
        ],
        [
            0,
            0,
            1,
            0,
            0.3333333333333333,
            0.6666666666666666,
            0.5,
            0.5,
            -0.00010001000100001711
        ],
        [
            0,
            1,
            0,
            0,
            0.3333333333333333,
            0.0,
            0.5,
            0.0,
            0.00010001000100010001
        ]
    ],
    "nodeCount": 3,
    "edgeCount": 3,
    "tokenCount": 2,
    "nodes": [
        "0x4d37f2a705377ac4c0827b79a8a4b84267b03ea1",
        "0x2ff3d0f6990a40261c66e1ff2017acbc282eb6d0",
        "0xf322942f644a996a617bd29c16bd7d231d9f35e9"
    ],
    "tokens": [
        "0x2ff3d0f6990a40261c66e1ff2017acbc282eb6d0",
        "0x47bead2563dcbf3bf2c9407fea4dc236faba485a"
    ]
}