{
    "hash": "0xb590b292ace257691bbc739f56553ddc086caac0970c48f9416ff8e0cf09e259",
    "chain": "Ethereum",
    "U": [
        0,
        1,
        1,
        1,
        3,
        5,
        4,
        4,
        3,
        1,
        6,
        1,
        6,
        1
    ],
    "V": [
        1,
        2,
        2,
        3,
        4,
        4,
        5,
        3,
        1,
        6,
        1,
        6,
        1,
        7
    ],
    "feat": [
        [
            0,
            0,
            0,
            1,
            0.0,
            0.07142857142857142,
            0.0,
            0.3333333333333333,
            -1.0
        ],
        [
            0,
            1,
            0,
            0,
            0.2857142857142857,
            0.42857142857142855,
            1.0,
            1.0,
            0.0
        ],
        [
            0,
            0,
            0,
            1,
            0.14285714285714285,
            0.0,
            0.3333333333333333,
            0.0,
            0.04325565504324703
        ],
        [
            0,
            1,
            0,
            0,
            0.14285714285714285,
            0.14285714285714285,
            0.6666666666666666,
            0.6666666666666666,
            0.0
        ],
        [
            0,
            1,
            0,
            0,
            0.14285714285714285,
            0.14285714285714285,
            0.6666666666666666,
            0.6666666666666666,
            0.0
        ],
        [
            1,
            0,
            0,
            0,
            0.07142857142857142,
            0.07142857142857142,
            0.3333333333333333,
            0.3333333333333333,
            -0.04325565504324702
        ],
        [
            0,
            0,
            1,
            0,
            0.14285714285714285,
            0.14285714285714285,
            0.6666666666666666,
            0.6666666666666666,
            0.0
        ],
        [
            0,
            1,
            0,
            0,
            0.07142857142857142,
            0.0,
            0.3333333333333333,
            0.0,
            1.0
        ]
    ],
    "nodeCount": 8,
    "edgeCount": 14,
    "tokenCount": 3,
    "nodes": [
        "0x0000000000000000000000000000000000000000",
        "0x12d4a599678a25e349ebde7a04a85762c36b24cf",
        "0x76720ac2574631530ec8163e4085d6f98513fb27",
        "0x0c4e16899f2059f4e41ddb164317414a5c0d2988",
        "0x22f9dcf4647084d6c31b2765f6910cd85c178c18",
        "0x60594a405d53811d3bc4766596efd80fd545a270",
        "0xc02aaa39b223fe8d0a0e5c4f27ead9083c756cc2",
        "0x2f0b23f53734252bda2277357e97e1517d6b042a"
    ],
    "tokens": [
        "0x6b175474e89094c44da98b954eedeac495271d0f",
        "0xc02aaa39b223fe8d0a0e5c4f27ead9083c756cc2",
        "native_token"
    ]
}