{
    "hash": "0xb5b0b09e5c791b948df5ae2616ff1b9ad134e766ed1c6e1c6b00aabcb5be695b",
    "chain": "Ethereum",
    "U": [
        0,
        1,
        2,
        3,
        2,
        1,
        4,
        1
    ],
    "V": [
        1,
        2,
        3,
        2,
        1,
        4,
        1,
        0
    ],
    "feat": [
        [
            0,
            0,
            1,
            0,
            0.125,
            0.125,
            0.3333333333333333,
            0.3333333333333333,
            -0.0010160790905568984
        ],
        [
            1,
            0,
            0,
            0,
            0.375,
            0.375,
            1.0,
            1.0,
            0.0010160790905571204
        ],
        [
            0,
            1,
            0,
            0,
            0.25,
            0.25,
            0.6666666666666666,
            0.6666666666666666,
            0.0
        ],
        [
            0,
            1,
            0,
            0,
            0.125,
            0.125,
            0.3333333333333333,
            0.3333333333333333,
            0.0
        ],
        [
            0,
            0,
            1,
            0,
            0.125,
            0.125,
            0.3333333333333333,
            0.3333333333333333,
            0.0
        ]
    ],
    "nodeCount": 5,
    "edgeCount": 8,
    "tokenCount": 3,
    "nodes": [
        "0xc3d03e4f041fd4cd388c549ee2a29a9e5075882f",
        "0x0000000000005117dd3a72e64a705198753fdd54",
        "0x2393c368c70b42f055a4932a3fbec2ac9c548011",
        "0xbebc44782c7db0a1a60cb6fe97d0b483032ff1c7",
        "0x0d4a11d5eeaac28ec3f61d100daf4d40471f1852"
    ],
    "tokens": [
        "0x6b175474e89094c44da98b954eedeac495271d0f",
        "0xdac17f958d2ee523a2206206994597c13d831ec7",
        "0xc02aaa39b223fe8d0a0e5c4f27ead9083c756cc2"
    ]
}