{
    "hash": "0xb53e4413e61ae20609449d3de78d80fad56db2bdfb9d837db903557b62b6688c",
    "chain": "Binance",
    "U": [
        0,
        2,
        1,
        2,
        2,
        3,
        0,
        4,
        5
    ],
    "V": [
        1,
        3,
        0,
        3,
        3,
        0,
        4,
        5,
        0
    ],
    "feat": [
        [
            1,
            0,
            0,
            0,
            0.3333333333333333,
            0.2222222222222222,
            0.5,
            0.5,
            0.016829502155783504
        ],
        [
            0,
            0,
            1,
            0,
            0.1111111111111111,
            0.1111111111111111,
            0.25,
            0.25,
            0.0
        ],
        [
            0,
            0,
            0,
            1,
            0.0,
            0.3333333333333333,
            0.0,
            0.25,
            -1.3721875000000001
        ],
        [
            0,
            1,
            0,
            0,
            0.3333333333333333,
            0.1111111111111111,
            0.25,
            0.25,
            1.0256192807087672
        ],
        [
            0,
            0,
            1,
            0,
            0.1111111111111111,
            0.1111111111111111,
            0.25,
            0.25,
            -0.6534317807087673
        ],
        [
            0,
            0,
            1,
            0,
            0.1111111111111111,
            0.1111111111111111,
            0.25,
            0.25,
            0.9831704978442165
        ]
    ],
    "nodeCount": 6,
    "edgeCount": 9,
    "tokenCount": 4,
    "nodes": [
        "0x75971fb415bef8927aeea0bca34d349be0c80cef",
        "0xcaabda10a3ac99fc15f5b636aa18e6b4fd8db16d",
        "0x0000000000000000000000000000000000000000",
        "0x782395303692abed877d2737aa7982345eb44c11",
        "0x223740a259e461abee12d84a9fff5da69ff071dd",
        "0x62c1dec1ff328dcdc157ae0068bb21af3967acd9"
    ],
    "tokens": [
        "0x0d8ce2a99bb6e3b7db580ed848240e4a0f9ae153",
        "0x9c65ab58d8d978db963e63f2bfb7121627e3a739",
        "0x55d398326f99059ff775485246999027b3197955",
        "0xe9e7cea3dedca5984780bafc599bd69add087d56"
    ]
}