{
    "hash": "0xb6c658de29d2371d43c8fd30ae55c5161c85d82e52025b98f03e7148ab216833",
    "chain": "Binance",
    "U": [
        0,
        1,
        2,
        1,
        2,
        3,
        1,
        2,
        1
    ],
    "V": [
        1,
        2,
        1,
        2,
        1,
        1,
        2,
        1,
        0
    ],
    "feat": [
        [
            0,
            0,
            1,
            0,
            0.1111111111111111,
            0.1111111111111111,
            0.5,
            0.5,
            0.00029991002699192304
        ],
        [
            1,
            0,
            0,
            0,
            0.5555555555555556,
            0.4444444444444444,
            1.0,
            1.0,
            0.0012711891703796486
        ],
        [
            0,
            0,
            1,
            0,
            0.3333333333333333,
            0.3333333333333333,
            1.0,
            1.0,
            0.006053478512378
        ],
        [
            0,
            1,
            0,
            0,
            0.0,
            0.1111111111111111,
            0.0,
            0.5,
            -0.007624577709749418
        ]
    ],
    "nodeCount": 4,
    "edgeCount": 9,
    "tokenCount": 2,
    "nodes": [
        "0x15cc701370cb8ada2a2b6f4226ec5cf6aa93bc67",
        "0x44c98cbaecf9fa634f0d92c5e6bfa1f0951e1c7f",
        "0x36ae10a4d16311959b607ee98bc4a8a653a33b1f",
        "0x5c9f1a9ced41ccc5dcecda5afc317b72f1e49636"
    ],
    "tokens": [
        "0xbb4cdb9cbd36b01bd1cbaebf2de08d9173bc095c",
        "0x53e562b9b7e5e94b81f10e96ee70ad06df3d2657"
    ]
}