{
    "hash": "0xb6329cc30c7a3cd58e7b23d5761bed8944f6a65c9aa31ce7cdd0410410cfe66f",
    "chain": "Binance",
    "U": [
        0,
        0,
        2,
        3,
        3,
        4,
        3,
        3,
        3,
        7,
        3,
        3,
        4,
        3,
        3,
        0,
        3
    ],
    "V": [
        1,
        2,
        3,
        2,
        4,
        3,
        5,
        6,
        7,
        6,
        8,
        4,
        3,
        4,
        4,
        3,
        2
    ],
    "feat": [
        [
            0,
            0,
            0,
            1,
            0.0,
            0.17647058823529413,
            0.0,
            0.5,
            -1.0544741042826293
        ],
        [
            0,
            0,
            0,
            1,
            0.058823529411764705,
            0.0,
            0.25,
            0.0,
            0.0013286366898202257
        ],
        [
            0,
            1,
            0,
            0,
            0.17647058823529413,
            0.058823529411764705,
            0.5,
            0.25,
            0.05314546759280914
        ],
        [
            0,
            1,
            0,
            0,
            0.23529411764705882,
            0.5882352941176471,
            0.75,
            0.75,
            0.019943157451329352
        ],
        [
            0,
            0,
            1,
            0,
            0.23529411764705882,
            0.11764705882352941,
            0.5,
            0.25,
            0.852394284773112
        ],
        [
            0,
            0,
            0,
            1,
            0.058823529411764705,
            0.0,
            0.25,
            0.0,
            0.02119198459074273
        ],
        [
            0,
            1,
            0,
            0,
            0.11764705882352941,
            0.0,
            0.5,
            0.0,
            1.0106598235742592
        ],
        [
            0,
            0,
            1,
            0,
            0.058823529411764705,
            0.058823529411764705,
            0.25,
            0.25,
            -0.9893401764257409
        ],
        [
            0,
            1,
            0,
            0,
            0.058823529411764705,
            0.0,
            0.25,
            0.0,
            0.0851509260362976
        ]
    ],
    "nodeCount": 9,
    "edgeCount": 17,
    "tokenCount": 4,
    "nodes": [
        "0x0000000000000000000000000000000000000000",
        "0x305b0ecf72634825f7231058444c65d885e1f327",
        "0x86f4bc1ebf2c209d12d3587b7085aea5707d4b56",
        "0x8f4ca8e2e230b44f46b93db117380bbb8281f841",
        "0xd26092c6ce6fb359302a9453dc0c7f312794ef7e",
        "0x60a713a3a95fe76f81a893a86b7a57ce37e700d2",
        "0x4a32de8c248533c28904b24b4cfcfe18e9f2ad01",
        "0x223b53b64aa5f87d2de194a15701fc0bc7474a31",
        "0x453d4ba9a2d594314df88564248497f7d74d6b2c"
    ],
    "tokens": [
        "0x2090c8295769791ab7a3cf1cc6e0aa19f35e441a",
        "0xd26092c6ce6fb359302a9453dc0c7f312794ef7e",
        "0xbb4cdb9cbd36b01bd1cbaebf2de08d9173bc095c",
        "0xca3f508b8e4dd382ee878a314789373d80a5190a"
    ]
}