{
    "hash": "0xb6543e71c9241129095ea4e4f1026f144bf75c254afcf538305d728b58e73d2c",
    "chain": "Binance",
    "U": [
        0,
        2,
        1,
        4,
        3,
        2,
        2,
        3,
        3,
        1,
        1,
        4,
        3
    ],
    "V": [
        1,
        1,
        3,
        3,
        2,
        5,
        3,
        4,
        1,
        6,
        3,
        3,
        0
    ],
    "feat": [
        [
            0,
            0,
            0,
            1,
            0.07692307692307693,
            0.07692307692307693,
            0.3333333333333333,
            0.3333333333333333,
            -9.814704816019093e-05
        ],
        [
            0,
            0,
            1,
            0,
            0.23076923076923078,
            0.23076923076923078,
            0.6666666666666666,
            0.6666666666666666,
            0.05866879838328248
        ],
        [
            0,
            0,
            1,
            0,
            0.07692307692307693,
            0.23076923076923078,
            0.3333333333333333,
            0.6666666666666666,
            -1.2813576436853853
        ],
        [
            0,
            1,
            0,
            0,
            0.38461538461538464,
            0.3076923076923077,
            0.6666666666666666,
            0.6666666666666666,
            1.052838690748412
        ],
        [
            0,
            0,
            1,
            0,
            0.07692307692307693,
            0.15384615384615385,
            0.3333333333333333,
            0.3333333333333333,
            -1.052838690748412
        ],
        [
            0,
            0,
            0,
            1,
            0.07692307692307693,
            0.0,
            0.3333333333333333,
            0.0,
            0.9
        ],
        [
            0,
            0,
            0,
            1,
            0.07692307692307693,
            0.0,
            0.3333333333333333,
            0.0,
            0.32278699235026304
        ]
    ],
    "nodeCount": 7,
    "edgeCount": 13,
    "tokenCount": 3,
    "nodes": [
        "0xf05e0beaf58cba548b229d74cf06b0a97120f9f1",
        "0x054ddc4faf8fa30fc1200dbb41b311d0f157aa34",
        "0x28a5d73ad0ab174959ae56b4f133c105e1b00cd3",
        "0x10ed43c718714eb63d5aa57b78b54704e256024e",
        "0xbb4cdb9cbd36b01bd1cbaebf2de08d9173bc095c",
        "0x23fbd4519b29ef0ca7d206fe4c4101338849bc15",
        "0x000000000000000000000000000000000000dead"
    ],
    "tokens": [
        "0x28a5d73ad0ab174959ae56b4f133c105e1b00cd3",
        "0xbb4cdb9cbd36b01bd1cbaebf2de08d9173bc095c",
        "native_token"
    ]
}