{
    "hash": "0xb66a0cb5ea5a2f8e321c45726dc48c65541ef070d0a85e104a13d9d8d8883cf8",
    "chain": "Ethereum",
    "U": [
        0,
        1,
        1,
        1,
        1,
        1,
        1,
        1,
        1,
        1,
        1,
        1,
        1,
        1,
        1,
        1
    ],
    "V": [
        1,
        1,
        2,
        0,
        1,
        2,
        0,
        1,
        2,
        0,
        1,
        2,
        0,
        1,
        2,
        0
    ],
    "feat": [
        [
            0,
            0,
            0,
            1,
            0.3125,
            0.0625,
            0.5,
            0.5,
            3.999667095985505
        ],
        [
            0,
            1,
            0,
            0,
            0.375,
            0.9375,
            0.5,
            1.0,
            -4.9996670959855045
        ],
        [
            0,
            0,
            0,
            1,
            0.3125,
            0.0,
            0.5,
            0.0,
            0.9999999999999993
        ]
    ],
    "nodeCount": 3,
    "edgeCount": 16,
    "tokenCount": 2,
    "nodes": [
        "0x66ffa7515e47cf89780e13ed2b029f504ef3fe71",
        "0xfbddadd80fe7bda00b901fbaf73803f2238ae655",
        "0x4b5057b2c87ec9e7c047fb00c0e406dff2fdacad"
    ],
    "tokens": [
        "native_token",
        "0x990f341946a3fdb507ae7e52d17851b87168017c"
    ]
}