{
    "hash": "0xb73bcc2f1741e89eb3980fa275e6a35a3fe86d336224d52defa636d51ce02fcc",
    "chain": "Binance",
    "U": [
        0,
        1,
        0,
        1,
        3,
        4,
        1
    ],
    "V": [
        1,
        0,
        2,
        3,
        4,
        1,
        5
    ],
    "feat": [
        [
            0,
            1,
            0,
            0,
            0.14285714285714285,
            0.2857142857142857,
            0.25,
            0.25,
            -0.0015473752008471342
        ],
        [
            1,
            0,
            0,
            0,
            0.2857142857142857,
            0.42857142857142855,
            0.5,
            0.75,
            -0.9984726247991529
        ],
        [
            0,
            1,
            0,
            0,
            0.14285714285714285,
            0.0,
            0.25,
            0.0,
            1.9999999999999998e-05
        ],
        [
            0,
            0,
            1,
            0,
            0.14285714285714285,
            0.14285714285714285,
            0.25,
            0.25,
            0.0
        ],
        [
            0,
            1,
            0,
            0,
            0.14285714285714285,
            0.14285714285714285,
            0.25,
            0.25,
            0.0
        ],
        [
            0,
            0,
            0,
            1,
            0.14285714285714285,
            0.0,
            0.25,
            0.0,
            1.0
        ]
    ],
    "nodeCount": 6,
    "edgeCount": 7,
    "tokenCount": 4,
    "nodes": [
        "0x6064dbd0ff10bfed5a797807042e9f63f18cfe10",
        "0x5a4dbcb37bfe02d869e437ce63750602c7428256",
        "0xcaa42f09af66a8bae3a7445a7f63dad97c11638b",
        "0xa34337690711ce3f265f56ebd545dda00d7c0405",
        "0x0fe261aee0d1c4dfddee4102e82dd425999065f4",
        "0x0000000000000000000000000000000000000000"
    ],
    "tokens": [
        "0x8ac76a51cc950d9822d68b83fe1ad97b32cd580d",
        "0xe9e7cea3dedca5984780bafc599bd69add087d56",
        "0xbb4cdb9cbd36b01bd1cbaebf2de08d9173bc095c",
        "0x0000000000004946c0e9f43f4dee607b0ef1fa1c"
    ]
}