{
    "hash": "0xb81c50f9a784f20148a61816d7139f462d3d6fbc25135306bbd9be8d0b048e0b",
    "chain": "Binance",
    "U": [
        0,
        2,
        2
    ],
    "V": [
        1,
        3,
        0
    ],
    "feat": [
        [
            0,
            0,
            0,
            1,
            0.3333333333333333,
            0.3333333333333333,
            0.5,
            0.5,
            0.0
        ],
        [
            0,
            1,
            0,
            0,
            0.3333333333333333,
            0.0,
            0.5,
            0.0,
            1.0
        ],
        [
            0,
            0,
            0,
            1,
            0.0,
            0.6666666666666666,
            0.0,
            0.5,
            -1.125
        ],
        [
            0,
            0,
            0,
            1,
            0.3333333333333333,
            0.0,
            0.5,
            0.0,
            0.125
        ]
    ],
    "nodeCount": 4,
    "edgeCount": 3,
    "tokenCount": 2,
    "nodes": [
        "0xfebcd1b2b8a3be8e1b2b99734b5e083068af6615",
        "0xfd06197d51f3fd97d96803b64635c8abc4f66b1e",
        "0x0000000000000000000000000000000000000000",
        "0x201389abaae550a79a10319447cc6243708ac231"
    ],
    "tokens": [
        "0xe9e7cea3dedca5984780bafc599bd69add087d56",
        "0x78832bd03078fb75a72d72fbf567ba90b6dab317"
    ]
}