{
    "hash": "0xb8a704a7a770b4dd807b3601927f09b06d6a60182e8f9812437ab1edb8784a1a",
    "chain": "Ethereum",
    "U": [
        0,
        1,
        1,
        1,
        1,
        1,
        1,
        1,
        1,
        1,
        1,
        1,
        1,
        1,
        1,
        1,
        1,
        1,
        1,
        1,
        1,
        1,
        1,
        1,
        1,
        1,
        1,
        1,
        1,
        1,
        1,
        1,
        1,
        1,
        1,
        1,
        1,
        1,
        1,
        1,
        1,
        1,
        1,
        1,
        1,
        1
    ],
    "V": [
        1,
        1,
        2,
        0,
        1,
        2,
        0,
        1,
        2,
        0,
        1,
        2,
        0,
        1,
        2,
        0,
        1,
        2,
        0,
        1,
        2,
        0,
        1,
        2,
        0,
        1,
        2,
        0,
        1,
        2,
        0,
        1,
        2,
        0,
        1,
        2,
        0,
        1,
        2,
        0,
        1,
        2,
        0,
        1,
        2,
        0
    ],
    "feat": [
        [
            0,
            0,
            0,
            1,
            0.32608695652173914,
            0.021739130434782608,
            0.5,
            0.5,
            13.99973260840501
        ],
        [
            0,
            1,
            0,
            0,
            0.34782608695652173,
            0.9782608695652174,
            0.5,
            1.0,
            -14.999732608405008
        ],
        [
            0,
            0,
            0,
            1,
            0.32608695652173914,
            0.0,
            0.5,
            0.0,
            0.9999999999999969
        ]
    ],
    "nodeCount": 3,
    "edgeCount": 46,
    "tokenCount": 2,
    "nodes": [
        "0x843977e28f3a36bb4656f9a30c2ed00707d5e7b7",
        "0xfbddadd80fe7bda00b901fbaf73803f2238ae655",
        "0x4b5057b2c87ec9e7c047fb00c0e406dff2fdacad"
    ],
    "tokens": [
        "native_token",
        "0x990f341946a3fdb507ae7e52d17851b87168017c"
    ]
}