{
    "hash": "0xb9005018f0297966cedf339aa6f2f26b150b9ff15a99ac0f9ba57141515ba0f1",
    "chain": "Binance",
    "U": [
        0,
        1,
        3,
        2,
        0,
        0,
        1,
        3,
        2,
        0,
        0,
        1,
        3,
        2,
        0,
        0,
        2,
        2,
        6,
        0,
        1,
        3,
        2
    ],
    "V": [
        1,
        2,
        2,
        0,
        4,
        1,
        2,
        2,
        0,
        5,
        1,
        2,
        2,
        0,
        2,
        1,
        3,
        1,
        6,
        1,
        2,
        2,
        0
    ],
    "feat": [
        [
            0,
            0,
            1,
            0,
            0.17391304347826086,
            0.34782608695652173,
            0.25,
            0.5,
            -1.0706581452779202
        ],
        [
            0,
            0,
            1,
            0,
            0.2608695652173913,
            0.17391304347826086,
            0.5,
            0.25,
            0.35317908342531135
        ],
        [
            0,
            1,
            0,
            0,
            0.391304347826087,
            0.2608695652173913,
            0.5,
            0.5,
            1.717479061852608
        ],
        [
            0,
            0,
            1,
            0,
            0.043478260869565216,
            0.17391304347826086,
            0.25,
            0.25,
            -1.7174790618526083
        ],
        [
            0,
            0,
            0,
            1,
            0.043478260869565216,
            0.0,
            0.25,
            0.0,
            0.07185565269073609
        ],
        [
            0,
            0,
            0,
            1,
            0.043478260869565216,
            0.0,
            0.25,
            0.0,
            0.6456234091618722
        ],
        [
            0,
            0,
            0,
            1,
            0.043478260869565216,
            0.043478260869565216,
            0.25,
            0.25,
            0.0
        ]
    ],
    "nodeCount": 7,
    "edgeCount": 23,
    "tokenCount": 4,
    "nodes": [
        "0x521ef54063148e5f15f18b9631426175cee23de2",
        "0x04134cf96d5a67a7cd9f87d6f94a5fdb15803983",
        "0x10ed43c718714eb63d5aa57b78b54704e256024e",
        "0xbb4cdb9cbd36b01bd1cbaebf2de08d9173bc095c",
        "0x78221a79f4724ec7a280e733958a6a3eeb236da1",
        "0xa46cc87eca075c5ae387b86867aa3ee4cb397372",
        "0x0000000000000000000000000000000000000000"
    ],
    "tokens": [
        "0x521ef54063148e5f15f18b9631426175cee23de2",
        "0xbb4cdb9cbd36b01bd1cbaebf2de08d9173bc095c",
        "native_token",
        "0x04134cf96d5a67a7cd9f87d6f94a5fdb15803983"
    ]
}