{
    "hash": "0xb97d6d38d235f7bc12a5c1eb7662254c1da8af89467d121d9e6286d9d343713f",
    "chain": "Binance",
    "U": [
        0,
        0,
        2,
        0,
        0,
        5,
        5,
        6,
        2
    ],
    "V": [
        1,
        2,
        3,
        4,
        5,
        6,
        6,
        2,
        3
    ],
    "feat": [
        [
            0,
            0,
            0,
            1,
            0.0,
            0.4444444444444444,
            0.0,
            0.6666666666666666,
            -1.2561187779870773
        ],
        [
            0,
            1,
            0,
            0,
            0.1111111111111111,
            0.0,
            0.3333333333333333,
            0.0,
            0.13799999999999996
        ],
        [
            0,
            1,
            0,
            0,
            0.2222222222222222,
            0.2222222222222222,
            0.6666666666666666,
            0.6666666666666666,
            0.8993646259644668
        ],
        [
            0,
            0,
            0,
            1,
            0.2222222222222222,
            0.0,
            0.6666666666666666,
            0.0,
            1.1006353740355332
        ],
        [
            0,
            0,
            0,
            1,
            0.1111111111111111,
            0.0,
            0.3333333333333333,
            0.0,
            0.010738070726097938
        ],
        [
            0,
            1,
            0,
            0,
            0.1111111111111111,
            0.2222222222222222,
            0.3333333333333333,
            0.6666666666666666,
            -1.8926192927390206
        ],
        [
            0,
            1,
            0,
            0,
            0.2222222222222222,
            0.1111111111111111,
            0.6666666666666666,
            0.3333333333333333,
            1.0
        ]
    ],
    "nodeCount": 7,
    "edgeCount": 9,
    "tokenCount": 3,
    "nodes": [
        "0x0000000000000000000000000000000000000000",
        "0x28579eca0a326e53340edd93e18698d379876a04",
        "0x0895196562c7868c5be92459fae7f877ed450452",
        "0x92ef280c00b948ffc32ae04bcc1f193b0a418a19",
        "0xb7f72028d9b502dc871c444363a7ac5a52546608",
        "0x1fdca2422668b961e162a8849dc0c2feadb58915",
        "0x71060d3153463dc457b6f458e88b5208c27e04e1"
    ],
    "tokens": [
        "0xa184088a740c695e156f91f5cc086a06bb78b827",
        "0xf8e026dc4c0860771f691ecffbbdfe2fa51c77cf",
        "0x49646513609085f39d9e44b413c74530ba6e2c0f"
    ]
}