{
    "hash": "0xb9039bd29236dbab03948667915c963956ef982b9ba3fdd83208e1c4131727b4",
    "chain": "Binance",
    "U": [
        0,
        0,
        1,
        0,
        0,
        1
    ],
    "V": [
        1,
        2,
        0,
        1,
        2,
        0
    ],
    "feat": [
        [
            1,
            0,
            0,
            0,
            0.3333333333333333,
            0.6666666666666666,
            0.6666666666666666,
            1.0,
            -1.993798887395986
        ],
        [
            0,
            0,
            1,
            0,
            0.3333333333333333,
            0.3333333333333333,
            0.6666666666666666,
            0.6666666666666666,
            0.0
        ],
        [
            0,
            0,
            0,
            1,
            0.3333333333333333,
            0.0,
            0.3333333333333333,
            0.0,
            1.9937988873959862
        ]
    ],
    "nodeCount": 3,
    "edgeCount": 6,
    "tokenCount": 3,
    "nodes": [
        "0xa4557a38733efae9d5f322765d65437b5615d25c",
        "0x6e7e933fdadc3a132c529aaa3c1c62f641300f01",
        "0x000000000000000000000000000000000000dead"
    ],
    "tokens": [
        "0x55d398326f99059ff775485246999027b3197955",
        "0xc53c40fb8ed1522fb9b5a500ae89bc6b1bbc9302",
        "0xe9e7cea3dedca5984780bafc599bd69add087d56"
    ]
}