{
    "hash": "0xba038653ca3cc1a0b5829ab719dae99aeb95fca645fbf999ba5671a521cb01b3",
    "chain": "Binance",
    "U": [
        0,
        2,
        1,
        3,
        4,
        2,
        1,
        6
    ],
    "V": [
        1,
        1,
        3,
        4,
        5,
        0,
        6,
        7
    ],
    "feat": [
        [
            0,
            0,
            0,
            1,
            0.125,
            0.125,
            0.3333333333333333,
            0.3333333333333333,
            0.0
        ],
        [
            0,
            1,
            0,
            0,
            0.25,
            0.25,
            0.6666666666666666,
            0.6666666666666666,
            0.0
        ],
        [
            0,
            0,
            0,
            1,
            0.0,
            0.25,
            0.0,
            0.6666666666666666,
            -2.0
        ],
        [
            0,
            0,
            1,
            0,
            0.125,
            0.125,
            0.3333333333333333,
            0.3333333333333333,
            0.0
        ],
        [
            0,
            1,
            0,
            0,
            0.125,
            0.125,
            0.3333333333333333,
            0.3333333333333333,
            0.0
        ],
        [
            0,
            1,
            0,
            0,
            0.125,
            0.0,
            0.3333333333333333,
            0.0,
            1.0
        ],
        [
            0,
            1,
            0,
            0,
            0.125,
            0.125,
            0.3333333333333333,
            0.3333333333333333,
            0.0
        ],
        [
            0,
            1,
            0,
            0,
            0.125,
            0.0,
            0.3333333333333333,
            0.0,
            1.0
        ]
    ],
    "nodeCount": 8,
    "edgeCount": 8,
    "tokenCount": 3,
    "nodes": [
        "0xacde13e385bb3706d1b8f37b05added25fcf801f",
        "0x1f50ff82b414d4822ffb2b24939c4bd931a5fee0",
        "0x0000000000000000000000000000000000000000",
        "0xc264c0d6e8a35abb7a118e9592ad400f640471d9",
        "0x4c1f529864747b0411a1c2b3c615b51835ad5c83",
        "0xcf4c1d926547a491204c3c9bd52f282ede0539e5",
        "0x9eec0b65eb5efd69174cd2ac8b559340121bd23a",
        "0x25c21af7a1eb4f1c63b7e772be62837754c884a1"
    ],
    "tokens": [
        "0x3fcca8648651e5b974dd6d3e50f61567779772a8",
        "0xc264c0d6e8a35abb7a118e9592ad400f640471d9",
        "0xcd3941d4825c08991b98930ef18062f6df2959d4"
    ]
}