{
    "hash": "0xbad582ced99441ef5206eded1970454ee6b430a6756fea7ceb5eb6d5e1c3749c",
    "chain": "Binance",
    "U": [
        0,
        1,
        0,
        2,
        0,
        4,
        4,
        3
    ],
    "V": [
        1,
        0,
        2,
        0,
        3,
        5,
        6,
        0
    ],
    "feat": [
        [
            1,
            0,
            0,
            0,
            0.375,
            0.375,
            1.0,
            1.0,
            0.022026136829300658
        ],
        [
            0,
            0,
            1,
            0,
            0.125,
            0.125,
            0.3333333333333333,
            0.3333333333333333,
            -0.022026136829300547
        ],
        [
            0,
            0,
            1,
            0,
            0.125,
            0.125,
            0.3333333333333333,
            0.3333333333333333,
            0.0
        ],
        [
            0,
            0,
            1,
            0,
            0.125,
            0.125,
            0.3333333333333333,
            0.3333333333333333,
            0.0
        ],
        [
            0,
            0,
            0,
            1,
            0.0,
            0.25,
            0.0,
            0.3333333333333333,
            -0.0021156113679007753
        ],
        [
            0,
            1,
            0,
            0,
            0.125,
            0.0,
            0.3333333333333333,
            0.0,
            0.0019232830617279774
        ],
        [
            0,
            0,
            0,
            1,
            0.125,
            0.0,
            0.3333333333333333,
            0.0,
            0.00019232830617279772
        ]
    ],
    "nodeCount": 7,
    "edgeCount": 8,
    "tokenCount": 3,
    "nodes": [
        "0x6eb0569afb79ec893c8212cbf4dbad74eea666aa",
        "0x4bbed8d9a1b27a4ddd84a3368a850e78c9580404",
        "0xe978ec5334c92e25ec63a0ec64c12f0e52d357a8",
        "0x79c01659750f0ae2ffd852070320e44288a5cf6d",
        "0x0000000000000000000000000000000000000000",
        "0xa39bd99d6adabff4c795b42d770fb60569cd5e06",
        "0x5f1ff91c4bc2d88e97ad7f6b9b3ea55b0f0a99b6"
    ],
    "tokens": [
        "0xbb4cdb9cbd36b01bd1cbaebf2de08d9173bc095c",
        "0xe9e7cea3dedca5984780bafc599bd69add087d56",
        "0x53f63a116269a17761ebbf29b7f8a3aecb5dbe3d"
    ]
}