{
    "hash": "0xbb92cc11e22bfdb0ef8ca6fe3532d9520d3ab930be63c55354ca04ed6b8508c7",
    "chain": "Ethereum",
    "U": [
        0,
        1,
        0,
        2,
        0,
        3,
        4
    ],
    "V": [
        1,
        0,
        2,
        0,
        3,
        4,
        0
    ],
    "feat": [
        [
            1,
            0,
            0,
            0,
            0.42857142857142855,
            0.42857142857142855,
            0.75,
            0.75,
            0.004584439657716821
        ],
        [
            0,
            0,
            1,
            0,
            0.14285714285714285,
            0.14285714285714285,
            0.25,
            0.25,
            -0.004584439657744244
        ],
        [
            0,
            0,
            1,
            0,
            0.14285714285714285,
            0.14285714285714285,
            0.25,
            0.25,
            2.7533531010703882e-14
        ],
        [
            0,
            1,
            0,
            0,
            0.14285714285714285,
            0.14285714285714285,
            0.25,
            0.25,
            0.0
        ],
        [
            0,
            1,
            0,
            0,
            0.14285714285714285,
            0.14285714285714285,
            0.25,
            0.25,
            0.0
        ]
    ],
    "nodeCount": 5,
    "edgeCount": 7,
    "tokenCount": 4,
    "nodes": [
        "0x0000000000007f150bd6f54c40a34d7c3d5e9f56",
        "0xc02aaa39b223fe8d0a0e5c4f27ead9083c756cc2",
        "0x15e86e6f65ef7ea1dbb72a5e51a07926fb1c82e3",
        "0x6a74941c1cf4151b3f15cdd84ee3abde713a999b",
        "0x4c9a2bd661d640da3634a4988a9bd2bc0f18e5a9"
    ],
    "tokens": [
        "native_token",
        "0xc02aaa39b223fe8d0a0e5c4f27ead9083c756cc2",
        "0xff20817765cb7f73d4bde2e66e067e58d11095c2",
        "0x1f573d6fb3f13d689ff844b4ce37794d79a7ff1c"
    ]
}