{
    "hash": "0xbb33fe0d5e51d932cb61a118cd478df04c0c6f9e7d4fbe38c315ec4211aa0db6",
    "chain": "Ethereum",
    "U": [
        0,
        1,
        0,
        0,
        3,
        2,
        0,
        5,
        0,
        6,
        0,
        1
    ],
    "V": [
        1,
        0,
        2,
        3,
        0,
        4,
        5,
        0,
        6,
        0,
        1,
        0
    ],
    "feat": [
        [
            1,
            0,
            0,
            0,
            0.4166666666666667,
            0.5,
            1.0,
            1.0,
            0.007468253614209885
        ],
        [
            0,
            0,
            1,
            0,
            0.16666666666666666,
            0.16666666666666666,
            0.5,
            0.5,
            0.0
        ],
        [
            0,
            1,
            0,
            0,
            0.08333333333333333,
            0.08333333333333333,
            0.25,
            0.25,
            0.0
        ],
        [
            0,
            0,
            0,
            1,
            0.08333333333333333,
            0.08333333333333333,
            0.25,
            0.25,
            -0.008625436595711244
        ],
        [
            0,
            1,
            0,
            0,
            0.08333333333333333,
            0.0,
            0.25,
            0.0,
            0.001157182978676888
        ],
        [
            0,
            1,
            0,
            0,
            0.08333333333333333,
            0.08333333333333333,
            0.25,
            0.25,
            2.8244073746463982e-12
        ],
        [
            0,
            1,
            0,
            0,
            0.08333333333333333,
            0.08333333333333333,
            0.25,
            0.25,
            0.0
        ]
    ],
    "nodeCount": 7,
    "edgeCount": 12,
    "tokenCount": 4,
    "nodes": [
        "0x0000000000007f150bd6f54c40a34d7c3d5e9f56",
        "0xc02aaa39b223fe8d0a0e5c4f27ead9083c756cc2",
        "0x61935cbdd02287b511119ddb11aeb42f1593b7ef",
        "0xe28a07e11492568fed8e60e7606c780a27dd4476",
        "0xa26e80e7dea86279c6d778d702cc413e6cffa777",
        "0xbebc44782c7db0a1a60cb6fe97d0b483032ff1c7",
        "0xba12222222228d8ba445958a75a0704d566bf2c8"
    ],
    "tokens": [
        "native_token",
        "0xc02aaa39b223fe8d0a0e5c4f27ead9083c756cc2",
        "0xa0b86991c6218b36c1d19d4a2e9eb0ce3606eb48",
        "0x6b175474e89094c44da98b954eedeac495271d0f"
    ]
}