{
    "hash": "0xbb587ec49e98e9ba40a9d297f2d32ef0a431dc4a26b3e61b558ca8b58b56c573",
    "chain": "Ethereum",
    "U": [
        0,
        1,
        0,
        2,
        0,
        0,
        4,
        3,
        0,
        6,
        7
    ],
    "V": [
        1,
        0,
        2,
        0,
        3,
        4,
        0,
        5,
        6,
        7,
        0
    ],
    "feat": [
        [
            1,
            0,
            0,
            0,
            0.36363636363636365,
            0.45454545454545453,
            0.8,
            0.8,
            0.008562659639648085
        ],
        [
            0,
            0,
            1,
            0,
            0.09090909090909091,
            0.09090909090909091,
            0.2,
            0.2,
            -0.009050618107270036
        ],
        [
            0,
            1,
            0,
            0,
            0.09090909090909091,
            0.09090909090909091,
            0.2,
            0.2,
            1.3069212378979955e-11
        ],
        [
            0,
            1,
            0,
            0,
            0.09090909090909091,
            0.09090909090909091,
            0.2,
            0.2,
            0.0
        ],
        [
            0,
            0,
            0,
            1,
            0.09090909090909091,
            0.09090909090909091,
            0.2,
            0.2,
            2.502498208656334e-11
        ],
        [
            0,
            1,
            0,
            0,
            0.09090909090909091,
            0.0,
            0.2,
            0.0,
            0.00048795842952791934
        ],
        [
            0,
            1,
            0,
            0,
            0.09090909090909091,
            0.09090909090909091,
            0.2,
            0.2,
            0.0
        ],
        [
            0,
            1,
            0,
            0,
            0.09090909090909091,
            0.09090909090909091,
            0.2,
            0.2,
            0.0
        ]
    ],
    "nodeCount": 8,
    "edgeCount": 11,
    "tokenCount": 5,
    "nodes": [
        "0x0000000000007f150bd6f54c40a34d7c3d5e9f56",
        "0xc02aaa39b223fe8d0a0e5c4f27ead9083c756cc2",
        "0xc697051d1c6296c24ae3bcef39aca743861d9a81",
        "0x61935cbdd02287b511119ddb11aeb42f1593b7ef",
        "0xbb01103f6b8f8df6a020e78640768f860644b99f",
        "0xa26e80e7dea86279c6d778d702cc413e6cffa777",
        "0x44360fb15a2f17715e5052cf5994b23978081d9e",
        "0xe24c8bbdba150aa3cb13c785d3a19d012ddc1e86"
    ],
    "tokens": [
        "native_token",
        "0xc02aaa39b223fe8d0a0e5c4f27ead9083c756cc2",
        "0x7fc66500c84a76ad7e9c93437bfc5ac33e2ddae9",
        "0xa0b86991c6218b36c1d19d4a2e9eb0ce3606eb48",
        "0x1f573d6fb3f13d689ff844b4ce37794d79a7ff1c"
    ]
}