{
    "hash": "0xbb0405e6874e53885de433bf69335328aeaba162aca9432d139ea06f9f6bfbec",
    "chain": "Binance",
    "U": [
        0,
        1,
        3,
        3,
        5,
        2,
        5,
        7,
        6,
        3
    ],
    "V": [
        1,
        2,
        4,
        5,
        2,
        5,
        6,
        6,
        8,
        6
    ],
    "feat": [
        [
            0,
            0,
            0,
            1,
            0.0,
            0.1,
            0.0,
            0.3333333333333333,
            -0.11146387255252102
        ],
        [
            0,
            0,
            1,
            0,
            0.1,
            0.1,
            0.3333333333333333,
            0.3333333333333333,
            0.0
        ],
        [
            0,
            1,
            0,
            0,
            0.2,
            0.1,
            0.6666666666666666,
            0.3333333333333333,
            0.28120081162249744
        ],
        [
            0,
            0,
            0,
            1,
            0.0,
            0.3,
            0.0,
            0.6666666666666666,
            -2.1379999999999995
        ],
        [
            0,
            1,
            0,
            0,
            0.1,
            0.0,
            0.3333333333333333,
            0.0,
            0.13799999999999957
        ],
        [
            0,
            1,
            0,
            0,
            0.2,
            0.2,
            0.6666666666666666,
            0.6666666666666666,
            0.7187991883775026
        ],
        [
            0,
            1,
            0,
            0,
            0.3,
            0.1,
            0.6666666666666666,
            0.3333333333333333,
            1.000000178949883
        ],
        [
            0,
            0,
            1,
            0,
            0.0,
            0.1,
            0.0,
            0.3333333333333333,
            -0.888536306397362
        ],
        [
            0,
            1,
            0,
            0,
            0.1,
            0.0,
            0.3333333333333333,
            0.0,
            1.0
        ]
    ],
    "nodeCount": 9,
    "edgeCount": 10,
    "tokenCount": 3,
    "nodes": [
        "0x1d3de210e134ec2551a267845f3ac4b88fbabe3f",
        "0xe0b473c0dd6d7fea5b395c3ce7ffd4fef0ab4373",
        "0xb40fc2359563ac63636f4f094c71521dc8ae81cb",
        "0x0000000000000000000000000000000000000000",
        "0x28579eca0a326e53340edd93e18698d379876a04",
        "0x0895196562c7868c5be92459fae7f877ed450452",
        "0x1004a537a1c39ee9d38110bfe3042627c2cd5bbe",
        "0x009cf7bc57584b7998236eff51b98a168dcea9b0",
        "0x73feaa1ee314f8c655e354234017be2193c9e24e"
    ],
    "tokens": [
        "0x0e09fabb73bd3ade0a17ecc321fd13a19e81ce82",
        "0xa184088a740c695e156f91f5cc086a06bb78b827",
        "0x009cf7bc57584b7998236eff51b98a168dcea9b0"
    ]
}