{
    "hash": "0xbce87c720371ccb907a8a9ee7d7fde5e3fdb375a23f9535189349ff2c1866b71",
    "chain": "Binance",
    "U": [
        0,
        2,
        1,
        2,
        4
    ],
    "V": [
        1,
        3,
        4,
        3,
        0
    ],
    "feat": [
        [
            1,
            0,
            0,
            0,
            0.2,
            0.2,
            0.25,
            0.25,
            0.0
        ],
        [
            0,
            0,
            1,
            0,
            0.2,
            0.2,
            0.25,
            0.25,
            0.0
        ],
        [
            0,
            0,
            0,
            1,
            0.0,
            0.4,
            0.0,
            0.25,
            -1.689799331103679
        ],
        [
            0,
            1,
            0,
            0,
            0.4,
            0.0,
            0.25,
            0.0,
            1.689799331103679
        ],
        [
            0,
            0,
            1,
            0,
            0.2,
            0.2,
            0.25,
            0.25,
            0.0
        ]
    ],
    "nodeCount": 5,
    "edgeCount": 5,
    "tokenCount": 4,
    "nodes": [
        "0x2c48e57d3f16f0f4e138f506b852535f4fea7b43",
        "0x09cb618bf5ef305fadfd2c8fc0c26eecf8c6d5fd",
        "0x0000000000000000000000000000000000000000",
        "0x782395303692abed877d2737aa7982345eb44c11",
        "0xa13afe2df0fa0bb11f2aeaaaf98ac1d591e108d1"
    ],
    "tokens": [
        "0x55d398326f99059ff775485246999027b3197955",
        "0x9c65ab58d8d978db963e63f2bfb7121627e3a739",
        "0xbb4cdb9cbd36b01bd1cbaebf2de08d9173bc095c",
        "0x0e09fabb73bd3ade0a17ecc321fd13a19e81ce82"
    ]
}