{
    "hash": "0xbd0fa3daaeb0ee93b4076ddb8311ffbb800b6de7421b7166acb81fff5e62edc5",
    "chain": "Binance",
    "U": [
        0,
        1,
        2,
        3,
        2,
        0
    ],
    "V": [
        1,
        2,
        3,
        2,
        0,
        4
    ],
    "feat": [
        [
            0,
            0,
            0,
            1,
            0.16666666666666666,
            0.3333333333333333,
            0.3333333333333333,
            0.6666666666666666,
            -1.0
        ],
        [
            0,
            1,
            0,
            0,
            0.16666666666666666,
            0.16666666666666666,
            0.3333333333333333,
            0.3333333333333333,
            0.0
        ],
        [
            1,
            0,
            0,
            0,
            0.3333333333333333,
            0.3333333333333333,
            0.6666666666666666,
            0.6666666666666666,
            0.0
        ],
        [
            0,
            0,
            1,
            0,
            0.16666666666666666,
            0.16666666666666666,
            0.3333333333333333,
            0.3333333333333333,
            0.0
        ],
        [
            0,
            0,
            0,
            1,
            0.16666666666666666,
            0.0,
            0.3333333333333333,
            0.0,
            1.0
        ]
    ],
    "nodeCount": 5,
    "edgeCount": 6,
    "tokenCount": 3,
    "nodes": [
        "0x8c1a93ec0e1d5e5b56a9b674d4e823c08637d120",
        "0x11111112542d85b3ef69ae05771c2dccff4faa26",
        "0xc603a00595d5f8ea8d93c5c338c00ff29dba6258",
        "0xa07c5b74c9b40447a954e1466938b865b6bbea36",
        "0x0000000000000000000000000000000000000000"
    ],
    "tokens": [
        "native_token",
        "0xa07c5b74c9b40447a954e1466938b865b6bbea36",
        "0x0000000000004946c0e9f43f4dee607b0ef1fa1c"
    ]
}