{
    "hash": "0xbe63dd5ce4cb76364ac33c19572d9ae777d4a80934f9c62bb6d4c450ce65386b",
    "chain": "Binance",
    "U": [
        0,
        1,
        2,
        0,
        3
    ],
    "V": [
        1,
        2,
        0,
        3,
        0
    ],
    "feat": [
        [
            1,
            0,
            0,
            0,
            0.4,
            0.4,
            0.6666666666666666,
            0.6666666666666666,
            0.40671897469465046
        ],
        [
            0,
            0,
            1,
            0,
            0.2,
            0.2,
            0.3333333333333333,
            0.3333333333333333,
            -0.40671897469465035
        ],
        [
            0,
            1,
            0,
            0,
            0.2,
            0.2,
            0.3333333333333333,
            0.3333333333333333,
            0.0
        ],
        [
            0,
            1,
            0,
            0,
            0.2,
            0.2,
            0.3333333333333333,
            0.3333333333333333,
            0.0
        ]
    ],
    "nodeCount": 4,
    "edgeCount": 5,
    "tokenCount": 3,
    "nodes": [
        "0x5c563d6dcf2ab25becbbb1ec3ce59b13b5399a50",
        "0x876ba49c4f438643ab33f871e14a54cbb897df49",
        "0x48a0473da41c87e0997ee5e7ee374f6442443448",
        "0x0fe261aee0d1c4dfddee4102e82dd425999065f4"
    ],
    "tokens": [
        "0xbb4cdb9cbd36b01bd1cbaebf2de08d9173bc095c",
        "0x42f6f551ae042cbe50c739158b4f0cac0edb9096",
        "0xe9e7cea3dedca5984780bafc599bd69add087d56"
    ]
}