{
    "hash": "0xbea417a077221e09d5551e7a5f3e37f1edacc75a8307a7ddcf8a484205a5e2bc",
    "chain": "Ethereum",
    "U": [
        0,
        1,
        1,
        1,
        1,
        1,
        1,
        1,
        1,
        1,
        1,
        1,
        1
    ],
    "V": [
        1,
        1,
        2,
        0,
        1,
        2,
        0,
        1,
        2,
        0,
        1,
        2,
        0
    ],
    "feat": [
        [
            0,
            0,
            0,
            1,
            0.3076923076923077,
            0.07692307692307693,
            0.5,
            0.5,
            2.999812138152464
        ],
        [
            0,
            1,
            0,
            0,
            0.38461538461538464,
            0.9230769230769231,
            0.5,
            1.0,
            -3.999812138152463
        ],
        [
            0,
            0,
            0,
            1,
            0.3076923076923077,
            0.0,
            0.5,
            0.0,
            0.9999999999999996
        ]
    ],
    "nodeCount": 3,
    "edgeCount": 13,
    "tokenCount": 2,
    "nodes": [
        "0x61e127ee8dd299c81d0ff1f9484132afece2287a",
        "0xfbddadd80fe7bda00b901fbaf73803f2238ae655",
        "0x4b5057b2c87ec9e7c047fb00c0e406dff2fdacad"
    ],
    "tokens": [
        "native_token",
        "0x990f341946a3fdb507ae7e52d17851b87168017c"
    ]
}