{
    "hash": "0xbebe8fe34d6b5b4a0cff7c613e0518bb1a7c22b94267b9b61aa63f5ffd06b4fc",
    "chain": "Ethereum",
    "U": [
        0,
        2,
        1,
        1,
        3,
        1,
        4,
        1,
        0
    ],
    "V": [
        1,
        1,
        2,
        3,
        1,
        4,
        1,
        0,
        5
    ],
    "feat": [
        [
            0,
            1,
            0,
            0,
            0.1111111111111111,
            0.2222222222222222,
            0.3333333333333333,
            0.3333333333333333,
            0.0
        ],
        [
            1,
            0,
            0,
            0,
            0.4444444444444444,
            0.4444444444444444,
            1.0,
            1.0,
            0.000516987682207315
        ],
        [
            1,
            0,
            0,
            0,
            0.1111111111111111,
            0.1111111111111111,
            0.3333333333333333,
            0.3333333333333333,
            -0.000517039386146112
        ],
        [
            0,
            0,
            0,
            1,
            0.1111111111111111,
            0.1111111111111111,
            0.3333333333333333,
            0.3333333333333333,
            0.0
        ],
        [
            0,
            1,
            0,
            0,
            0.1111111111111111,
            0.1111111111111111,
            0.3333333333333333,
            0.3333333333333333,
            0.0
        ],
        [
            0,
            1,
            0,
            0,
            0.1111111111111111,
            0.0,
            0.3333333333333333,
            0.0,
            5.17039386146145e-08
        ]
    ],
    "nodeCount": 6,
    "edgeCount": 9,
    "tokenCount": 3,
    "nodes": [
        "0x4f868c1aa37fcf307ab38d215382e88fca6275e2",
        "0x3d71d79c224998e608d03c5ec9b405e7a38505f0",
        "0x60594a405d53811d3bc4766596efd80fd545a270",
        "0x57845987c8c859d52931ee248d8d84ab10532407",
        "0xbebc44782c7db0a1a60cb6fe97d0b483032ff1c7",
        "0x9a67f1940164d0318612b497e8e6038f902a00a4"
    ],
    "tokens": [
        "0x6b175474e89094c44da98b954eedeac495271d0f",
        "0xc02aaa39b223fe8d0a0e5c4f27ead9083c756cc2",
        "0xdac17f958d2ee523a2206206994597c13d831ec7"
    ]
}