{
    "hash": "0xbe84567b11edb511d25f52747197bc6ca9002587a43c57ce36daf51362f2f23a",
    "chain": "Ethereum",
    "U": [
        0,
        1,
        1,
        3,
        4,
        6,
        4,
        3,
        7,
        3,
        1
    ],
    "V": [
        1,
        2,
        3,
        4,
        5,
        4,
        3,
        7,
        3,
        1,
        0
    ],
    "feat": [
        [
            0,
            0,
            0,
            1,
            0.09090909090909091,
            0.09090909090909091,
            0.25,
            0.25,
            0.0
        ],
        [
            1,
            0,
            0,
            0,
            0.18181818181818182,
            0.2727272727272727,
            0.5,
            0.5,
            0.0
        ],
        [
            0,
            0,
            0,
            1,
            0.09090909090909091,
            0.0,
            0.25,
            0.0,
            0.008749999999526335
        ],
        [
            0,
            1,
            0,
            0,
            0.2727272727272727,
            0.2727272727272727,
            0.75,
            0.75,
            0.0
        ],
        [
            0,
            1,
            0,
            0,
            0.18181818181818182,
            0.18181818181818182,
            0.5,
            0.5,
            0.0
        ],
        [
            0,
            1,
            0,
            0,
            0.09090909090909091,
            0.0,
            0.25,
            0.0,
            0.9912500000004737
        ],
        [
            0,
            0,
            0,
            1,
            0.0,
            0.09090909090909091,
            0.0,
            0.25,
            -1.0
        ],
        [
            0,
            0,
            1,
            0,
            0.09090909090909091,
            0.09090909090909091,
            0.25,
            0.25,
            0.0
        ]
    ],
    "nodeCount": 8,
    "edgeCount": 11,
    "tokenCount": 4,
    "nodes": [
        "0x0948b9e32b8024cf306b1657d71e617b9f7f4dcd",
        "0x74de5d4fcbf63e00296fd95d33236b9794016631",
        "0x11ededebf63bef0ea2d2d071bdf88f71543ec6fb",
        "0x22f9dcf4647084d6c31b2765f6910cd85c178c18",
        "0x890f4e345b1daed0367a877a1612f86a1f86985f",
        "0xbebc44782c7db0a1a60cb6fe97d0b483032ff1c7",
        "0x0000000000000000000000000000000000000000",
        "0x87da823b6fc8eb8575a235a824690fda94674c88"
    ],
    "tokens": [
        "0xdac17f958d2ee523a2206206994597c13d831ec7",
        "0x6c3f90f043a72fa612cbac8115ee7e52bde6e490",
        "0xa47c8bf37f92abed4a126bda807a7b7498661acd",
        "0x09a3ecafa817268f77be1283176b946c4ff2e608"
    ]
}