{
    "hash": "0xbed7ecef83dd0671cc3fbe5ca8685321b21ff9710fdce32ef5c256be5272e925",
    "chain": "Binance",
    "U": [
        0,
        1,
        2,
        3,
        4,
        4,
        6,
        4,
        7,
        4,
        2,
        2
    ],
    "V": [
        1,
        2,
        3,
        4,
        5,
        6,
        4,
        7,
        4,
        2,
        8,
        0
    ],
    "feat": [
        [
            0,
            0,
            0,
            1,
            0.08333333333333333,
            0.08333333333333333,
            0.25,
            0.25,
            0.0
        ],
        [
            1,
            0,
            0,
            0,
            0.08333333333333333,
            0.08333333333333333,
            0.25,
            0.25,
            0.0
        ],
        [
            1,
            0,
            0,
            0,
            0.16666666666666666,
            0.25,
            0.5,
            0.5,
            0.0
        ],
        [
            0,
            1,
            0,
            0,
            0.08333333333333333,
            0.08333333333333333,
            0.25,
            0.25,
            0.0
        ],
        [
            0,
            1,
            0,
            0,
            0.25,
            0.3333333333333333,
            0.75,
            1.0,
            -1.0
        ],
        [
            0,
            0,
            1,
            0,
            0.08333333333333333,
            0.0,
            0.25,
            0.0,
            0.99125
        ],
        [
            1,
            0,
            0,
            0,
            0.08333333333333333,
            0.08333333333333333,
            0.25,
            0.25,
            0.0
        ],
        [
            0,
            0,
            1,
            0,
            0.08333333333333333,
            0.08333333333333333,
            0.25,
            0.25,
            0.0
        ],
        [
            0,
            0,
            0,
            1,
            0.08333333333333333,
            0.0,
            0.25,
            0.0,
            0.00875
        ]
    ],
    "nodeCount": 9,
    "edgeCount": 12,
    "tokenCount": 4,
    "nodes": [
        "0x4e0f59a3ff27ca15c4fe706cc0ff5f1580a08753",
        "0x1a1ec25dc08e98e5e93f1104b5e5cdd298707d31",
        "0xc590175e458b83680867afd273527ff58f74c02b",
        "0xdef1c0ded9bec7f1a1670819833240f027b25eff",
        "0xdb6f1920a889355780af7570773609bd8cb1f498",
        "0xbb4cdb9cbd36b01bd1cbaebf2de08d9173bc095c",
        "0xcbf1fee592cdcb5dedf508d75d052fb43ed04e19",
        "0x27de951fe107a4da3f849015f4f00d6e0df37c3b",
        "0x11ededebf63bef0ea2d2d071bdf88f71543ec6fb"
    ],
    "tokens": [
        "native_token",
        "0xbb4cdb9cbd36b01bd1cbaebf2de08d9173bc095c",
        "0xe9e7cea3dedca5984780bafc599bd69add087d56",
        "0x31471e0791fcdbe82fbf4c44943255e923f1b794"
    ]
}