{
    "hash": "0xbeb7f289ca1acdb828ce85e717423ca8d384f488b9fffe7ab9f94a574e543c2b",
    "chain": "Binance",
    "U": [
        0,
        2,
        1,
        1,
        4,
        5,
        6,
        7,
        4,
        3,
        4,
        3,
        4,
        1,
        1,
        3
    ],
    "V": [
        1,
        1,
        3,
        4,
        5,
        6,
        7,
        4,
        8,
        4,
        8,
        4,
        9,
        8,
        2,
        1
    ],
    "feat": [
        [
            0,
            0,
            1,
            0,
            0.0,
            0.0625,
            0.0,
            0.25,
            -0.6849185136813435
        ],
        [
            0,
            1,
            0,
            0,
            0.1875,
            0.25,
            0.5,
            0.5,
            -0.3150814863186565
        ],
        [
            0,
            1,
            0,
            0,
            0.0625,
            0.0625,
            0.25,
            0.25,
            -0.3150814863186565
        ],
        [
            0,
            0,
            0,
            1,
            0.0625,
            0.1875,
            0.25,
            0.5,
            0.08407220553990735
        ],
        [
            0,
            1,
            0,
            0,
            0.25,
            0.25,
            0.5,
            0.5,
            -3.469446951953614e-17
        ],
        [
            0,
            1,
            0,
            0,
            0.0625,
            0.0625,
            0.25,
            0.25,
            0.0
        ],
        [
            0,
            0,
            1,
            0,
            0.0625,
            0.0625,
            0.25,
            0.25,
            -0.7
        ],
        [
            0,
            0,
            1,
            0,
            0.0625,
            0.0625,
            0.25,
            0.25,
            0.0
        ],
        [
            0,
            0,
            0,
            1,
            0.1875,
            0.0,
            0.5,
            0.0,
            1.9008776354597818
        ],
        [
            0,
            1,
            0,
            0,
            0.0625,
            0.0,
            0.25,
            0.0,
            0.030131645318967275
        ]
    ],
    "nodeCount": 10,
    "edgeCount": 16,
    "tokenCount": 4,
    "nodes": [
        "0x009cf7bc57584b7998236eff51b98a168dcea9b0",
        "0xedfcb78e73f7ba6ad2d829bf5d462a0924da28ed",
        "0x73feaa1ee314f8c655e354234017be2193c9e24e",
        "0x0000000000000000000000000000000000000000",
        "0x8cb88701790f650f273c8bb2cc4c5f439cd65219",
        "0xdc2bbb0d33e0e7dea9f5b98f46edbac823586a0c",
        "0x0ed7e52944161450477ee417de9cd3a859b14fd0",
        "0x5afef8567414f29f0f927a0f2787b188624c10e2",
        "0x88db3aade67a6ec113941608ea3bbb4e69e6101e",
        "0x4fd0143a3da1e4ba762d42ff53be5fab633e014d"
    ],
    "tokens": [
        "0x0e09fabb73bd3ade0a17ecc321fd13a19e81ce82",
        "0x009cf7bc57584b7998236eff51b98a168dcea9b0",
        "0xbb4cdb9cbd36b01bd1cbaebf2de08d9173bc095c",
        "0xc9849e6fdb743d08faee3e34dd2d1bc69ea11a51"
    ]
}