{
    "hash": "0xbf4d3a971b5b66ed2c790a0068ed2b3b8f587b1af406d3641c4770f1a6f9e8dc",
    "chain": "Ethereum",
    "U": [
        0,
        2,
        1,
        4,
        1,
        5,
        6,
        2,
        1,
        2
    ],
    "V": [
        1,
        3,
        2,
        1,
        5,
        6,
        1,
        3,
        7,
        0
    ],
    "feat": [
        [
            0,
            0,
            0,
            1,
            0.1,
            0.1,
            0.2,
            0.2,
            0.0
        ],
        [
            0,
            1,
            0,
            0,
            0.3,
            0.3,
            0.6,
            0.6,
            0.0
        ],
        [
            0,
            0,
            0,
            1,
            0.1,
            0.3,
            0.2,
            0.4,
            -0.024526915376871017
        ],
        [
            0,
            1,
            0,
            0,
            0.2,
            0.0,
            0.4,
            0.0,
            0.024526915376870913
        ],
        [
            0,
            0,
            1,
            0,
            0.0,
            0.1,
            0.0,
            0.2,
            -1.0
        ],
        [
            0,
            0,
            1,
            0,
            0.1,
            0.1,
            0.2,
            0.2,
            0.0
        ],
        [
            0,
            0,
            1,
            0,
            0.1,
            0.1,
            0.2,
            0.2,
            0.0
        ],
        [
            0,
            0,
            1,
            0,
            0.1,
            0.0,
            0.2,
            0.0,
            1.0
        ]
    ],
    "nodeCount": 8,
    "edgeCount": 10,
    "tokenCount": 5,
    "nodes": [
        "0x5d2e561a59b5ab7da7ff9551502515ccdc9293d8",
        "0x135896de8421be2ec868e0b811006171d9df802a",
        "0x0000000000000000000000000000000000000000",
        "0x464c71f6c2f760dda6093dcb91c24c39e5d6e18c",
        "0x8dae6cb04688c62d939ed9b68d32bc62e49970b1",
        "0x58dc5a51fe44589beb22e8ce67720b5bc5378009",
        "0xc3d03e4f041fd4cd388c549ee2a29a9e5075882f",
        "0x028171bca77440897b824ca71d1c56cac55b68a3"
    ],
    "tokens": [
        "0x8dae6cb04688c62d939ed9b68d32bc62e49970b1",
        "0xd533a949740bb3306d119cc777fa900ba034cd52",
        "0xc02aaa39b223fe8d0a0e5c4f27ead9083c756cc2",
        "0x6b175474e89094c44da98b954eedeac495271d0f",
        "0x028171bca77440897b824ca71d1c56cac55b68a3"
    ]
}