{
    "hash": "0xbf5d896cbb03c7d0d9dbc78088b6fbfd2895a4e0caa9a331cc1d1ac764fffa7e",
    "chain": "Ethereum",
    "U": [
        0,
        1,
        1,
        1,
        1,
        1,
        1,
        1,
        1,
        1,
        1,
        1,
        1,
        1,
        1,
        1,
        1,
        1,
        1
    ],
    "V": [
        1,
        1,
        2,
        0,
        1,
        2,
        0,
        1,
        2,
        0,
        1,
        2,
        0,
        1,
        2,
        0,
        1,
        2,
        0
    ],
    "feat": [
        [
            0,
            0,
            0,
            1,
            0.3157894736842105,
            0.05263157894736842,
            0.5,
            0.5,
            4.444444444444524
        ],
        [
            0,
            1,
            0,
            0,
            0.3684210526315789,
            0.9473684210526315,
            0.5,
            1.0,
            -5.444444444444521
        ],
        [
            0,
            0,
            0,
            1,
            0.3157894736842105,
            0.0,
            0.5,
            0.0,
            0.9999999999999986
        ]
    ],
    "nodeCount": 3,
    "edgeCount": 19,
    "tokenCount": 2,
    "nodes": [
        "0x20f4e45033c05e2dfceb9a5dfec3a963ba58844a",
        "0xfbddadd80fe7bda00b901fbaf73803f2238ae655",
        "0x4b5057b2c87ec9e7c047fb00c0e406dff2fdacad"
    ],
    "tokens": [
        "native_token",
        "0x990f341946a3fdb507ae7e52d17851b87168017c"
    ]
}