{
    "hash": "0xc08c05ab8052ee343d2960251b8e008fb2e5865d857495dadfb04b2d55fd6dc2",
    "chain": "Ethereum",
    "U": [
        0,
        2,
        1,
        1,
        4,
        1
    ],
    "V": [
        1,
        1,
        3,
        3,
        1,
        5
    ],
    "feat": [
        [
            0,
            0,
            0,
            1,
            0.0,
            0.16666666666666666,
            0.0,
            0.3333333333333333,
            -1.0
        ],
        [
            0,
            1,
            0,
            0,
            0.5,
            0.5,
            1.0,
            1.0,
            0.0
        ],
        [
            0,
            0,
            1,
            0,
            0.0,
            0.16666666666666666,
            0.0,
            0.3333333333333333,
            -1.0
        ],
        [
            0,
            1,
            0,
            0,
            0.3333333333333333,
            0.0,
            0.6666666666666666,
            0.0,
            2.0
        ],
        [
            0,
            0,
            1,
            0,
            0.0,
            0.16666666666666666,
            0.0,
            0.3333333333333333,
            -1.0
        ],
        [
            0,
            1,
            0,
            0,
            0.16666666666666666,
            0.0,
            0.3333333333333333,
            0.0,
            1.0
        ]
    ],
    "nodeCount": 6,
    "edgeCount": 6,
    "tokenCount": 3,
    "nodes": [
        "0x72a916702bd97923e55d78ea5a3f413dec7f7f85",
        "0xeead394a017b8428e2d5a976a054f303f78f3c0c",
        "0x1f573d6fb3f13d689ff844b4ce37794d79a7ff1c",
        "0xe24c8bbdba150aa3cb13c785d3a19d012ddc1e86",
        "0xb1cd6e4153b2a390cf00a6556b0fc1458c4a5533",
        "0xd1d846312b819743974786050848d9b3d06b9b55"
    ],
    "tokens": [
        "native_token",
        "0x1f573d6fb3f13d689ff844b4ce37794d79a7ff1c",
        "0xb1cd6e4153b2a390cf00a6556b0fc1458c4a5533"
    ]
}