{
    "hash": "0xc27dc46f0009be4e25aa9d54ba135fde76242947c879ebd33528fb40b5434398",
    "chain": "Binance",
    "U": [
        0,
        1,
        0,
        1,
        2,
        3,
        0,
        4
    ],
    "V": [
        1,
        0,
        1,
        0,
        3,
        0,
        4,
        0
    ],
    "feat": [
        [
            1,
            0,
            0,
            0,
            0.5,
            0.375,
            1.0,
            1.0,
            3.961565083651208e-05
        ],
        [
            0,
            0,
            1,
            0,
            0.25,
            0.25,
            0.6666666666666666,
            0.6666666666666666,
            0.005988399237870423
        ],
        [
            0,
            0,
            0,
            1,
            0.0,
            0.125,
            0.0,
            0.3333333333333333,
            -0.06784918538390755
        ],
        [
            0,
            1,
            0,
            0,
            0.125,
            0.125,
            0.3333333333333333,
            0.3333333333333333,
            -0.9321508146160924
        ],
        [
            0,
            0,
            1,
            0,
            0.125,
            0.125,
            0.3333333333333333,
            0.3333333333333333,
            0.993971985111293
        ]
    ],
    "nodeCount": 5,
    "edgeCount": 8,
    "tokenCount": 3,
    "nodes": [
        "0xd69d5534701ab518f2bdd3dd1115c8c6602f5b2f",
        "0xda28eb7aba389c1ea226a420bce04cb565aafb85",
        "0x0000000000000000000000000000000000000000",
        "0x782395303692abed877d2737aa7982345eb44c11",
        "0xe1cbe92b5375ee6afe1b22b555d257b4357f6c68"
    ],
    "tokens": [
        "0x55d398326f99059ff775485246999027b3197955",
        "0x7130d2a12b9bcbfae4f2634d864a1ee1ce3ead9c",
        "0x9c65ab58d8d978db963e63f2bfb7121627e3a739"
    ]
}