{
    "hash": "0xc2243371c3e173d1843a5039133bfe4a6b9bbe4cee3567501f398c36027c62bc",
    "chain": "Ethereum",
    "U": [
        0,
        1,
        1,
        1,
        1,
        1,
        1,
        1,
        1,
        1,
        1,
        1,
        1,
        1,
        1,
        1,
        1,
        1,
        1,
        1,
        1,
        1,
        1,
        1,
        1,
        1,
        1,
        1,
        1,
        1,
        1
    ],
    "V": [
        1,
        1,
        2,
        0,
        1,
        2,
        0,
        1,
        2,
        0,
        1,
        2,
        0,
        1,
        2,
        0,
        1,
        2,
        0,
        1,
        2,
        0,
        1,
        2,
        0,
        1,
        2,
        0,
        1,
        2,
        0
    ],
    "feat": [
        [
            0,
            0,
            0,
            1,
            0.3225806451612903,
            0.03225806451612903,
            0.5,
            0.5,
            7.153846153751481
        ],
        [
            0,
            1,
            0,
            0,
            0.3548387096774194,
            0.967741935483871,
            0.5,
            1.0,
            -8.153846153751482
        ],
        [
            0,
            0,
            0,
            1,
            0.3225806451612903,
            0.0,
            0.5,
            0.0,
            1.0000000000000002
        ]
    ],
    "nodeCount": 3,
    "edgeCount": 31,
    "tokenCount": 2,
    "nodes": [
        "0x15062c79c764317bd069a7e236550516fa5d0c80",
        "0xfbddadd80fe7bda00b901fbaf73803f2238ae655",
        "0x4b5057b2c87ec9e7c047fb00c0e406dff2fdacad"
    ],
    "tokens": [
        "native_token",
        "0x990f341946a3fdb507ae7e52d17851b87168017c"
    ]
}