{
    "hash": "0xc26b4b75a8ea7949ef1e72f32546090c9e1d82d2557e0f9ec5ca4f3e12e7bffd",
    "chain": "Binance",
    "U": [
        0,
        1,
        3,
        2,
        4,
        2,
        0
    ],
    "V": [
        1,
        2,
        2,
        4,
        2,
        0,
        5
    ],
    "feat": [
        [
            0,
            0,
            0,
            1,
            0.14285714285714285,
            0.2857142857142857,
            0.25,
            0.5,
            -0.001216051884880498
        ],
        [
            0,
            0,
            1,
            0,
            0.14285714285714285,
            0.14285714285714285,
            0.25,
            0.25,
            0.0
        ],
        [
            1,
            0,
            0,
            0,
            0.42857142857142855,
            0.2857142857142857,
            0.75,
            0.5,
            1.0
        ],
        [
            0,
            0,
            1,
            0,
            0.0,
            0.14285714285714285,
            0.0,
            0.25,
            -1.0
        ],
        [
            0,
            0,
            1,
            0,
            0.14285714285714285,
            0.14285714285714285,
            0.25,
            0.25,
            0.0
        ],
        [
            0,
            0,
            0,
            1,
            0.14285714285714285,
            0.0,
            0.25,
            0.0,
            0.0012160518848804217
        ]
    ],
    "nodeCount": 6,
    "edgeCount": 7,
    "tokenCount": 4,
    "nodes": [
        "0xdd3a758b7eaae12ca3ae990c0a334b19146e892b",
        "0x20781bc3701c5309ac75291f5d09bdc23d7b7fa8",
        "0xf235a5e5c8df3292114afce280d2a166f520d92e",
        "0xbb4cdb9cbd36b01bd1cbaebf2de08d9173bc095c",
        "0x06783bbef1770ca264b208e84ee03a4367ee7387",
        "0x0000000000000000000000000000000000000000"
    ],
    "tokens": [
        "0x5ac52ee5b2a633895292ff6d8a89bb9190451587",
        "0xbb4cdb9cbd36b01bd1cbaebf2de08d9173bc095c",
        "native_token",
        "0x0000000000004946c0e9f43f4dee607b0ef1fa1c"
    ]
}