{
    "hash": "0xc252fdeea0b88130837a05f5b56632b64ef2599a01e8d6789af5df78298f5d8b",
    "chain": "Ethereum",
    "U": [
        0,
        2,
        1,
        4,
        1,
        5,
        6,
        1,
        2
    ],
    "V": [
        1,
        3,
        2,
        1,
        5,
        6,
        1,
        7,
        0
    ],
    "feat": [
        [
            0,
            0,
            0,
            1,
            0.1111111111111111,
            0.1111111111111111,
            0.2,
            0.2,
            0.0
        ],
        [
            0,
            1,
            0,
            0,
            0.3333333333333333,
            0.3333333333333333,
            0.6,
            0.6,
            0.0
        ],
        [
            0,
            0,
            0,
            1,
            0.1111111111111111,
            0.2222222222222222,
            0.2,
            0.4,
            -0.0006641662950934712
        ],
        [
            0,
            1,
            0,
            0,
            0.1111111111111111,
            0.0,
            0.2,
            0.0,
            0.0006641662950933887
        ],
        [
            0,
            0,
            1,
            0,
            0.0,
            0.1111111111111111,
            0.0,
            0.2,
            -1.0
        ],
        [
            0,
            0,
            1,
            0,
            0.1111111111111111,
            0.1111111111111111,
            0.2,
            0.2,
            0.0
        ],
        [
            0,
            0,
            1,
            0,
            0.1111111111111111,
            0.1111111111111111,
            0.2,
            0.2,
            0.0
        ],
        [
            0,
            0,
            1,
            0,
            0.1111111111111111,
            0.0,
            0.2,
            0.0,
            1.0
        ]
    ],
    "nodeCount": 8,
    "edgeCount": 9,
    "tokenCount": 5,
    "nodes": [
        "0x10642e574a115e89ab52c39918ddcbd1c41997ce",
        "0x63a3f444e97d14e671e7ee323c4234c8095e3516",
        "0x0000000000000000000000000000000000000000",
        "0x464c71f6c2f760dda6093dcb91c24c39e5d6e18c",
        "0x35f6b052c598d933d69a4eec4d04c73a191fe6c2",
        "0x43ae24960e5534731fc831386c07755a2dc33d47",
        "0xb4e16d0168e52d35cacd2c6185b44281ec28c9dc",
        "0xbcca60bb61934080951369a648fb03df4f96263c"
    ],
    "tokens": [
        "0x35f6b052c598d933d69a4eec4d04c73a191fe6c2",
        "0xc011a73ee8576fb46f5e1c5751ca3b9fe0af2a6f",
        "0xc02aaa39b223fe8d0a0e5c4f27ead9083c756cc2",
        "0xa0b86991c6218b36c1d19d4a2e9eb0ce3606eb48",
        "0xbcca60bb61934080951369a648fb03df4f96263c"
    ]
}