{
    "hash": "0xc33b35ed8c82cfec2b2c84b1501786e24f8c28f0d4d704a733a3185a0ef73e73",
    "chain": "Binance",
    "U": [
        0,
        2,
        1,
        1,
        3,
        4,
        5,
        1,
        1,
        1
    ],
    "V": [
        1,
        1,
        2,
        3,
        1,
        1,
        1,
        5,
        0,
        6
    ],
    "feat": [
        [
            1,
            0,
            0,
            0,
            0.1,
            0.1,
            0.3333333333333333,
            0.3333333333333333,
            0.0
        ],
        [
            1,
            0,
            0,
            0,
            0.5,
            0.5,
            1.0,
            1.0,
            -1.3552527156068805e-16
        ],
        [
            0,
            1,
            0,
            0,
            0.1,
            0.1,
            0.3333333333333333,
            0.3333333333333333,
            0.0
        ],
        [
            0,
            0,
            1,
            0,
            0.1,
            0.1,
            0.3333333333333333,
            0.3333333333333333,
            0.0004854336176421947
        ],
        [
            0,
            1,
            0,
            0,
            0.0,
            0.1,
            0.0,
            0.3333333333333333,
            -1.0
        ],
        [
            0,
            1,
            0,
            0,
            0.1,
            0.1,
            0.3333333333333333,
            0.3333333333333333,
            0.9982339631476883
        ],
        [
            0,
            0,
            0,
            1,
            0.1,
            0.0,
            0.3333333333333333,
            0.0,
            0.0012806032346694887
        ]
    ],
    "nodeCount": 7,
    "edgeCount": 10,
    "tokenCount": 3,
    "nodes": [
        "0x01c601a56d289775c979e17c3b503512403becc2",
        "0xf0c8697a47bd811f0bba5ffc6eb56864c4028f37",
        "0x5f7213e3e96c6d0d413211b318af4181a6d7c8c7",
        "0x753c734dfe05af28a732c033e26ea6d369e07662",
        "0x7e65ad65f07e211998893b7e4a9db26582c1dc3d",
        "0xb140c180f40ddb3401f66bbd3788246ce8b800ea",
        "0xbd104fc54a1394b295c820f1f5eb0e1b8d896fbf"
    ],
    "tokens": [
        "0xbb4cdb9cbd36b01bd1cbaebf2de08d9173bc095c",
        "0xcf6bb5389c92bdda8a3747ddb454cb7a64626c63",
        "0xc67a54d5e08e59fb70dd29d81350c6ff4562d544"
    ]
}