{
    "hash": "0xc37cb1f1786281ee060a1da868951396fd6826ad264de2f132a7e54a865adbfe",
    "chain": "Binance",
    "U": [
        0,
        1,
        2,
        3,
        4,
        0
    ],
    "V": [
        1,
        2,
        3,
        4,
        0,
        5
    ],
    "feat": [
        [
            1,
            0,
            0,
            0,
            0.16666666666666666,
            0.3333333333333333,
            0.2,
            0.4,
            -0.9985507218952558
        ],
        [
            0,
            0,
            1,
            0,
            0.16666666666666666,
            0.16666666666666666,
            0.2,
            0.2,
            -0.001449278104744156
        ],
        [
            0,
            0,
            1,
            0,
            0.16666666666666666,
            0.16666666666666666,
            0.2,
            0.2,
            0.0
        ],
        [
            0,
            0,
            1,
            0,
            0.16666666666666666,
            0.16666666666666666,
            0.2,
            0.2,
            0.0
        ],
        [
            0,
            1,
            0,
            0,
            0.16666666666666666,
            0.16666666666666666,
            0.2,
            0.2,
            0.0
        ],
        [
            0,
            0,
            0,
            1,
            0.16666666666666666,
            0.0,
            0.2,
            0.0,
            1.0
        ]
    ],
    "nodeCount": 6,
    "edgeCount": 6,
    "tokenCount": 5,
    "nodes": [
        "0x5a4dbcb37bfe02d869e437ce63750602c7428256",
        "0xd5d00b0ad40ff6d8c1a6f7e72f185b6fb3c3fd1f",
        "0x85e5889fc3ed01b4e8b56bbc717d7643294d2c31",
        "0x824eb9fadfb377394430d2744fa7c42916de3ece",
        "0x64b2e6bba89e5c9788a4fb238694055a16c2f1e3",
        "0x0000000000000000000000000000000000000000"
    ],
    "tokens": [
        "0xe9e7cea3dedca5984780bafc599bd69add087d56",
        "0x1d229b958d5ddfca92146585a8711aecbe56f095",
        "0xbb4cdb9cbd36b01bd1cbaebf2de08d9173bc095c",
        "0xf8a0bf9cf54bb92f17374d9e9a321e6a111a51bd",
        "0x0000000000004946c0e9f43f4dee607b0ef1fa1c"
    ]
}