{
    "hash": "0xc37df0f3fa17ebe1367776ca3ccd6a4a055fca85a2ee5f8e947d4410ea71eeb3",
    "chain": "Ethereum",
    "U": [
        0,
        1,
        0,
        2,
        0,
        3,
        4,
        0,
        5,
        0,
        1,
        0
    ],
    "V": [
        1,
        0,
        2,
        0,
        3,
        4,
        0,
        5,
        0,
        1,
        0,
        6
    ],
    "feat": [
        [
            1,
            0,
            0,
            0,
            0.4166666666666667,
            0.5,
            0.8,
            0.8,
            0.051075144879594525
        ],
        [
            0,
            0,
            1,
            0,
            0.16666666666666666,
            0.16666666666666666,
            0.4,
            0.4,
            0.0
        ],
        [
            0,
            0,
            1,
            0,
            0.08333333333333333,
            0.08333333333333333,
            0.2,
            0.2,
            -0.05255764734262236
        ],
        [
            0,
            1,
            0,
            0,
            0.08333333333333333,
            0.08333333333333333,
            0.2,
            0.2,
            0.0
        ],
        [
            0,
            1,
            0,
            0,
            0.08333333333333333,
            0.08333333333333333,
            0.2,
            0.2,
            0.0
        ],
        [
            0,
            0,
            1,
            0,
            0.08333333333333333,
            0.08333333333333333,
            0.2,
            0.2,
            0.0
        ],
        [
            0,
            0,
            0,
            1,
            0.08333333333333333,
            0.0,
            0.2,
            0.0,
            0.0014825024630278174
        ]
    ],
    "nodeCount": 7,
    "edgeCount": 12,
    "tokenCount": 5,
    "nodes": [
        "0x000000000025d4386f7fb58984cbe110aee3a4c4",
        "0xc02aaa39b223fe8d0a0e5c4f27ead9083c756cc2",
        "0x11cb9e028b82eee75443fdc27929b9c49736c552",
        "0xd826af646cd3420510d0731c8cee06df21d132ea",
        "0x6c96693580caa51515fc7fe9ae7a088ccb8451a5",
        "0xb89ed43f45d1f870be815c7b53368a1cc5184474",
        "0x5a0b54d5dc17e0aadc383d2db43b0a0d3e029c4c"
    ],
    "tokens": [
        "native_token",
        "0xc02aaa39b223fe8d0a0e5c4f27ead9083c756cc2",
        "0xde4ee8057785a7e8e800db58f9784845a5c2cbd6",
        "0x1f573d6fb3f13d689ff844b4ce37794d79a7ff1c",
        "0x7b0c06043468469967dba22d1af33d77d44056c8"
    ]
}