{
    "hash": "0xc43d5bec3e5f271ade709932cf7c376b7483371c3a38685e5333d18abecdf30a",
    "chain": "Ethereum",
    "U": [
        0,
        1,
        2,
        3,
        5,
        6
    ],
    "V": [
        1,
        2,
        3,
        4,
        6,
        7
    ],
    "feat": [
        [
            0,
            0,
            1,
            0,
            0.0,
            0.16666666666666666,
            0.0,
            0.5,
            -1.0
        ],
        [
            0,
            1,
            0,
            0,
            0.16666666666666666,
            0.16666666666666666,
            0.5,
            0.5,
            0.0
        ],
        [
            0,
            1,
            0,
            0,
            0.16666666666666666,
            0.16666666666666666,
            0.5,
            0.5,
            0.0
        ],
        [
            0,
            1,
            0,
            0,
            0.16666666666666666,
            0.16666666666666666,
            0.5,
            0.5,
            0.0
        ],
        [
            0,
            1,
            0,
            0,
            0.16666666666666666,
            0.0,
            0.5,
            0.0,
            1.0
        ],
        [
            0,
            0,
            0,
            1,
            0.0,
            0.16666666666666666,
            0.0,
            0.5,
            -1.0
        ],
        [
            0,
            1,
            0,
            0,
            0.16666666666666666,
            0.16666666666666666,
            0.5,
            0.5,
            0.0
        ],
        [
            0,
            1,
            0,
            0,
            0.16666666666666666,
            0.0,
            0.5,
            0.0,
            1.0
        ]
    ],
    "nodeCount": 8,
    "edgeCount": 6,
    "tokenCount": 2,
    "nodes": [
        "0x6def55d2e18486b9ddfaa075bc4e4ee0b28c1545",
        "0x63cf44b2548e4493fd099222a1ec79f3344d9682",
        "0x6582a5b139fc1c6360846efdc4440d51aad4df7b",
        "0x989aeb4d175e16225e39e87d0d97a3360524ad80",
        "0xb1f2cdec61db658f091671f5f199635aef202cac",
        "0x0000000000000000000000000000000000000000",
        "0xf403c135812408bfbe8713b5a23a04b3d48aae31",
        "0x8e299c62eed737a5d5a53539df37b5356a27b07d"
    ],
    "tokens": [
        "0x49849c98ae39fff122806c06791fa73784fb3675",
        "0x74b79021ea6de3f0d1731fb8bdff6ee7df10b8ae"
    ]
}