{
    "hash": "0xc4559cdbb3de3d2ecf98409f748506744295abff52ee712b15eab91891bdbc42",
    "chain": "Ethereum",
    "U": [
        0,
        1,
        2,
        1,
        3,
        1,
        4,
        5,
        1,
        1,
        3,
        1,
        6,
        0
    ],
    "V": [
        1,
        2,
        1,
        3,
        1,
        4,
        0,
        1,
        5,
        3,
        1,
        6,
        0,
        7
    ],
    "feat": [
        [
            0,
            0,
            0,
            1,
            0.14285714285714285,
            0.14285714285714285,
            0.25,
            0.5,
            0.6564063101192767
        ],
        [
            1,
            0,
            0,
            0,
            0.35714285714285715,
            0.42857142857142855,
            0.75,
            0.75,
            0.0
        ],
        [
            0,
            0,
            1,
            0,
            0.07142857142857142,
            0.07142857142857142,
            0.25,
            0.25,
            -0.2631066671144112
        ],
        [
            0,
            0,
            1,
            0,
            0.14285714285714285,
            0.14285714285714285,
            0.5,
            0.5,
            0.0
        ],
        [
            0,
            0,
            1,
            0,
            0.07142857142857142,
            0.07142857142857142,
            0.25,
            0.25,
            0.0005441430667005864
        ],
        [
            0,
            1,
            0,
            0,
            0.07142857142857142,
            0.07142857142857142,
            0.25,
            0.25,
            -0.4
        ],
        [
            0,
            0,
            1,
            0,
            0.07142857142857142,
            0.07142857142857142,
            0.25,
            0.25,
            0.0
        ],
        [
            0,
            0,
            0,
            1,
            0.07142857142857142,
            0.0,
            0.25,
            0.0,
            0.0061562139284340135
        ]
    ],
    "nodeCount": 8,
    "edgeCount": 14,
    "tokenCount": 4,
    "nodes": [
        "0xae95d3a172e2090bc4b6967691a6968d3d6882f0",
        "0xfd3dfb524b2da40c8a6d703c62be36b5d8540626",
        "0xe82906b6b1b04f631d126c974af57a3a7b6a99d9",
        "0xc02aaa39b223fe8d0a0e5c4f27ead9083c756cc2",
        "0xa6f3ef841d371a82ca757fad08efc0dee2f1f5e2",
        "0x11b815efb8f581194ae79006d24e0d814b7697f6",
        "0xf39b0a6c5d2f223fe8d823492855a34b4efe32b0",
        "0x0000000000000000000000000000000000000000"
    ],
    "tokens": [
        "0xdac17f958d2ee523a2206206994597c13d831ec7",
        "native_token",
        "0xc02aaa39b223fe8d0a0e5c4f27ead9083c756cc2",
        "0x0000000000004946c0e9f43f4dee607b0ef1fa1c"
    ]
}