{
    "hash": "0xc5ea6f59fdcab6034de170c281865257221ab61eb2775dd6a45a805c25cfe2df",
    "chain": "Binance",
    "U": [
        0,
        0,
        2,
        4,
        3,
        3,
        0,
        0,
        2,
        6,
        0,
        6,
        0,
        4,
        6,
        6,
        3,
        0,
        0,
        7
    ],
    "V": [
        1,
        2,
        3,
        3,
        5,
        6,
        1,
        2,
        6,
        4,
        6,
        4,
        6,
        6,
        0,
        3,
        5,
        5,
        7,
        8
    ],
    "feat": [
        [
            0,
            0,
            0,
            1,
            0.05,
            0.4,
            0.25,
            0.75,
            -3.27580562238545
        ],
        [
            0,
            0,
            0,
            1,
            0.1,
            0.0,
            0.25,
            0.0,
            0.10472027972027972
        ],
        [
            0,
            0,
            1,
            0,
            0.1,
            0.1,
            0.25,
            0.25,
            0.9128056473249949
        ],
        [
            0,
            1,
            0,
            0,
            0.15,
            0.15,
            0.5,
            0.5,
            3.122502256758253e-17
        ],
        [
            0,
            1,
            0,
            0,
            0.1,
            0.1,
            0.25,
            0.5,
            -0.8818474244144539
        ],
        [
            0,
            0,
            0,
            1,
            0.15,
            0.0,
            0.75,
            0.0,
            2.016244574292256
        ],
        [
            0,
            1,
            0,
            0,
            0.25,
            0.2,
            0.5,
            0.5,
            0.9738825454625548
        ],
        [
            1,
            0,
            0,
            0,
            0.05,
            0.05,
            0.25,
            0.25,
            0.0
        ],
        [
            0,
            1,
            0,
            0,
            0.05,
            0.0,
            0.25,
            0.0,
            0.14999999999981772
        ]
    ],
    "nodeCount": 9,
    "edgeCount": 20,
    "tokenCount": 4,
    "nodes": [
        "0x0000000000000000000000000000000000000000",
        "0xcef34e4db130c8a64493517985b23af5b13e8cc6",
        "0x86ef5e73edb2fea111909fe35afcc564572acc06",
        "0x864dd8f464262719da87095b7a6eafe73fb7556b",
        "0x5c8d727b265dbafaba67e050f2f739caeeb4a6f9",
        "0x6a7d995800c2d0e86c1433ed2214f93c2d457817",
        "0xb8fda49a709e9d00274053d9ed34cca1b4bb21f8",
        "0x0dd664414773cd84f82fece24c389b6979eefe03",
        "0xd79dc49ed716832658ec28fe93dd733e0dfb8d58"
    ],
    "tokens": [
        "0x603c7f932ed1fc6575303d8fb018fdcbb0f39a95",
        "0xd0f82498051067e154d1dcd3d88fa95063949d7e",
        "0x86ef5e73edb2fea111909fe35afcc564572acc06",
        "0xe486a69e432fdc29622bf00315f6b34c99b45e80"
    ]
}