{
    "hash": "0xc636d7adeff6f5e5bfd4857fb4cf0cf9448314e746b94e6df9a791713fc74aaa",
    "chain": "Ethereum",
    "U": [
        0,
        1,
        2,
        1,
        3,
        1,
        4,
        1,
        0
    ],
    "V": [
        1,
        2,
        1,
        3,
        1,
        4,
        1,
        0,
        5
    ],
    "feat": [
        [
            0,
            0,
            0,
            1,
            0.1111111111111111,
            0.2222222222222222,
            0.3333333333333333,
            0.6666666666666666,
            -1.0
        ],
        [
            1,
            0,
            0,
            0,
            0.4444444444444444,
            0.4444444444444444,
            0.6666666666666666,
            0.6666666666666666,
            0.0
        ],
        [
            0,
            0,
            1,
            0,
            0.1111111111111111,
            0.1111111111111111,
            0.3333333333333333,
            0.3333333333333333,
            0.0014600191802013884
        ],
        [
            0,
            0,
            1,
            0,
            0.1111111111111111,
            0.1111111111111111,
            0.3333333333333333,
            0.3333333333333333,
            0.0009697819093483218
        ],
        [
            0,
            0,
            1,
            0,
            0.1111111111111111,
            0.1111111111111111,
            0.3333333333333333,
            0.3333333333333333,
            -0.00242980108954971
        ],
        [
            0,
            0,
            0,
            1,
            0.1111111111111111,
            0.0,
            0.3333333333333333,
            0.0,
            1.0
        ]
    ],
    "nodeCount": 6,
    "edgeCount": 9,
    "tokenCount": 3,
    "nodes": [
        "0xafccdc2f3cda6b5488a41a037614899793a468a4",
        "0xfd3dfb524b2da40c8a6d703c62be36b5d8540626",
        "0xa751a143f8fe0a108800bfb915585e4255c2fe80",
        "0xcb2286d9471cc185281c4f763d34a962ed212962",
        "0xc5be99a02c6857f9eac67bbce58df5572498f40c",
        "0x0000000000000000000000000000000000000000"
    ],
    "tokens": [
        "0xc02aaa39b223fe8d0a0e5c4f27ead9083c756cc2",
        "0xd46ba6d942050d489dbd938a2c909a5d5039a161",
        "0x0000000000004946c0e9f43f4dee607b0ef1fa1c"
    ]
}