{
    "hash": "0xc6e698042275d07e65597a86dc831fe1d8b54d13068a952b12a7358f67373fff",
    "chain": "Binance",
    "U": [
        0,
        0,
        1,
        1,
        1,
        1,
        5,
        6,
        7,
        1
    ],
    "V": [
        1,
        1,
        2,
        3,
        4,
        5,
        6,
        1,
        1,
        7
    ],
    "feat": [
        [
            0,
            1,
            0,
            0,
            0.0,
            0.2,
            0.0,
            0.25,
            -1.0559662090813093
        ],
        [
            0,
            1,
            0,
            0,
            0.4,
            0.5,
            0.75,
            0.5,
            1.0
        ],
        [
            0,
            1,
            0,
            0,
            0.1,
            0.0,
            0.25,
            0.0,
            0.047518479408658915
        ],
        [
            0,
            0,
            0,
            1,
            0.1,
            0.0,
            0.25,
            0.0,
            0.005279831045406492
        ],
        [
            0,
            0,
            0,
            1,
            0.1,
            0.0,
            0.25,
            0.0,
            0.0031678986272438833
        ],
        [
            0,
            0,
            1,
            0,
            0.1,
            0.1,
            0.25,
            0.25,
            0.0
        ],
        [
            0,
            0,
            1,
            0,
            0.1,
            0.1,
            0.25,
            0.25,
            0.0
        ],
        [
            0,
            0,
            1,
            0,
            0.1,
            0.1,
            0.25,
            0.25,
            0.0
        ]
    ],
    "nodeCount": 8,
    "edgeCount": 10,
    "tokenCount": 4,
    "nodes": [
        "0xfd36e2c2a6789db23113685031d7f16329158384",
        "0xe53cdd2eb4776b232fe066d24822ba98ccee386f",
        "0xa13a1e5b7c1d5d40087803a6d4b69b2fc00306d9",
        "0xb9a81e121d8c9d619682bb9ddb6823439178f2f8",
        "0x7ff02831570d50b9aefa18e4b07f55580bd67209",
        "0x7eb5d86fd78f3852a3e0e064f2842d45a3db6ea2",
        "0x61eb789d75a95caa3ff50ed7e47b96c132fec082",
        "0x882c173bc7ff3b7786ca16dfed3dfffb9ee7847b"
    ],
    "tokens": [
        "0xcf6bb5389c92bdda8a3747ddb454cb7a64626c63",
        "0xbb4cdb9cbd36b01bd1cbaebf2de08d9173bc095c",
        "0x7130d2a12b9bcbfae4f2634d864a1ee1ce3ead9c",
        "0x882c173bc7ff3b7786ca16dfed3dfffb9ee7847b"
    ]
}