{
    "hash": "0xc60adeb9d34a150d6192c16806e6177ab1b7729b588cdbda9817eb5459ce3771",
    "chain": "Ethereum",
    "U": [
        0,
        2,
        1,
        4,
        3,
        1,
        5,
        1,
        1,
        6,
        1
    ],
    "V": [
        1,
        3,
        2,
        1,
        4,
        5,
        1,
        5,
        5,
        1,
        0
    ],
    "feat": [
        [
            0,
            0,
            0,
            1,
            0.09090909090909091,
            0.09090909090909091,
            0.2,
            0.2,
            0.0
        ],
        [
            0,
            1,
            0,
            0,
            0.36363636363636365,
            0.45454545454545453,
            0.8,
            0.8,
            0.0
        ],
        [
            1,
            0,
            0,
            0,
            0.09090909090909091,
            0.09090909090909091,
            0.2,
            0.2,
            0.0
        ],
        [
            0,
            1,
            0,
            0,
            0.09090909090909091,
            0.09090909090909091,
            0.2,
            0.2,
            0.0
        ],
        [
            1,
            0,
            0,
            0,
            0.09090909090909091,
            0.09090909090909091,
            0.2,
            0.2,
            0.0
        ],
        [
            0,
            0,
            1,
            0,
            0.2727272727272727,
            0.09090909090909091,
            0.4,
            0.2,
            1.0
        ],
        [
            0,
            0,
            0,
            1,
            0.0,
            0.09090909090909091,
            0.0,
            0.2,
            -1.0
        ]
    ],
    "nodeCount": 7,
    "edgeCount": 11,
    "tokenCount": 5,
    "nodes": [
        "0xdedeed62c73e554f377c2b81ac53a2d297ff799b",
        "0x6d9893fa101cd2b1f8d1a12de3189ff7b80fdc10",
        "0x92995d179a5528334356cb4dc5c6cbb1c068696c",
        "0xdef1c0ded9bec7f1a1670819833240f027b25eff",
        "0x88e6a0c2ddd26feeb64f039a2c41296fcb3f5640",
        "0x5fa464cefe8901d66c09b85d5fcdc55b3738c688",
        "0x0000000000000000000000000000000000000000"
    ],
    "tokens": [
        "0xa47c8bf37f92abed4a126bda807a7b7498661acd",
        "0xa0b86991c6218b36c1d19d4a2e9eb0ce3606eb48",
        "0xc02aaa39b223fe8d0a0e5c4f27ead9083c756cc2",
        "0x2e9d63788249371f1dfc918a52f8d799f4a38c94",
        "0x5fa464cefe8901d66c09b85d5fcdc55b3738c688"
    ]
}