{
    "hash": "0xc624f4c8919b9991554f8a9786f84a48de1ee64b96a69bb76923ac6cccbcf62d",
    "chain": "Binance",
    "U": [
        0,
        1,
        1,
        0,
        0,
        4
    ],
    "V": [
        1,
        2,
        0,
        3,
        4,
        5
    ],
    "feat": [
        [
            0,
            1,
            0,
            0,
            0.16666666666666666,
            0.5,
            0.5,
            1.0,
            -1.0
        ],
        [
            0,
            0,
            1,
            0,
            0.16666666666666666,
            0.3333333333333333,
            0.5,
            0.5,
            -0.00010001000100001711
        ],
        [
            0,
            1,
            0,
            0,
            0.16666666666666666,
            0.0,
            0.5,
            0.0,
            0.00010001000100010001
        ],
        [
            0,
            1,
            0,
            0,
            0.16666666666666666,
            0.0,
            0.5,
            0.0,
            0.005
        ],
        [
            0,
            0,
            1,
            0,
            0.16666666666666666,
            0.16666666666666666,
            0.5,
            0.5,
            0.0
        ],
        [
            0,
            0,
            0,
            1,
            0.16666666666666666,
            0.0,
            0.5,
            0.0,
            0.995
        ]
    ],
    "nodeCount": 6,
    "edgeCount": 6,
    "tokenCount": 2,
    "nodes": [
        "0xefbfc05a3ee143d13793972e1fe789c17c1e5147",
        "0x650b940a1033b8a1b1873f78730fcfc73ec11f1f",
        "0xf322942f644a996a617bd29c16bd7d231d9f35e9",
        "0xa13a1e5b7c1d5d40087803a6d4b69b2fc00306d9",
        "0x161afe47561cfcf9603ef67c44de95114e78d33f",
        "0xa1920f3268cc4823d2d6b3b64d5ab9f5b9e22aea"
    ],
    "tokens": [
        "0x650b940a1033b8a1b1873f78730fcfc73ec11f1f",
        "0xf8a0bf9cf54bb92f17374d9e9a321e6a111a51bd"
    ]
}