{
    "hash": "0xc6497498bae928faed33a8043af54488462120ac972d34ca7f1fb217a580c11b",
    "chain": "Ethereum",
    "U": [
        0,
        1,
        2,
        3,
        4,
        5,
        4,
        4,
        2,
        0
    ],
    "V": [
        1,
        2,
        3,
        4,
        5,
        4,
        2,
        6,
        0,
        7
    ],
    "feat": [
        [
            0,
            0,
            0,
            1,
            0.1,
            0.2,
            0.3333333333333333,
            0.6666666666666666,
            -1.0
        ],
        [
            0,
            1,
            0,
            0,
            0.1,
            0.1,
            0.3333333333333333,
            0.3333333333333333,
            0.0
        ],
        [
            1,
            0,
            0,
            0,
            0.2,
            0.2,
            0.6666666666666666,
            0.6666666666666666,
            0.0
        ],
        [
            0,
            1,
            0,
            0,
            0.1,
            0.1,
            0.3333333333333333,
            0.3333333333333333,
            0.0
        ],
        [
            0,
            1,
            0,
            0,
            0.2,
            0.3,
            0.6666666666666666,
            0.6666666666666666,
            0.0
        ],
        [
            0,
            1,
            0,
            0,
            0.1,
            0.1,
            0.3333333333333333,
            0.3333333333333333,
            -0.0010000000000000009
        ],
        [
            0,
            1,
            0,
            0,
            0.1,
            0.0,
            0.3333333333333333,
            0.0,
            0.001
        ],
        [
            0,
            0,
            0,
            1,
            0.1,
            0.0,
            0.3333333333333333,
            0.0,
            1.0
        ]
    ],
    "nodeCount": 8,
    "edgeCount": 10,
    "tokenCount": 3,
    "nodes": [
        "0x8d802d950916e44a846128b938f393c15e1d7eb8",
        "0x11111112542d85b3ef69ae05771c2dccff4faa26",
        "0xdb38ae75c5f44276803345f7f02e95a0aeef5944",
        "0x9aab3f75489902f3a48495025729a0af77d4b11e",
        "0x7c66550c9c730b6fdd4c03bc2e73c5462c5f7acc",
        "0xaa448eff88b1e752d50b87220b543d79eac15a0e",
        "0xd3d2b5643e506c6d9b7099e9116d7aaa941114fe",
        "0x0000000000000000000000000000000000000000"
    ],
    "tokens": [
        "native_token",
        "0x5732046a883704404f284ce41ffadd5b007fd668",
        "0x0000000000004946c0e9f43f4dee607b0ef1fa1c"
    ]
}