{
    "hash": "0xc68398b4ce351753bf1542b6532ff3a1c3dd1a9bf0b7681e2edc5b573b98fd1e",
    "chain": "Binance",
    "U": [
        0,
        2,
        1,
        4,
        3,
        2,
        2,
        3,
        3,
        5,
        1,
        7
    ],
    "V": [
        1,
        1,
        3,
        3,
        2,
        3,
        1,
        4,
        1,
        6,
        7,
        0
    ],
    "feat": [
        [
            0,
            0,
            0,
            1,
            0.08333333333333333,
            0.08333333333333333,
            0.2,
            0.2,
            0.0
        ],
        [
            0,
            1,
            0,
            0,
            0.3333333333333333,
            0.16666666666666666,
            0.4,
            0.2,
            0.06419008131281452
        ],
        [
            0,
            0,
            1,
            0,
            0.08333333333333333,
            0.25,
            0.2,
            0.4,
            0.4997227330489372
        ],
        [
            0,
            1,
            0,
            0,
            0.25,
            0.25,
            0.4,
            0.4,
            0.05147180102286364
        ],
        [
            0,
            0,
            1,
            0,
            0.08333333333333333,
            0.08333333333333333,
            0.2,
            0.2,
            -0.6153846153846154
        ],
        [
            0,
            0,
            0,
            1,
            0.0,
            0.08333333333333333,
            0.0,
            0.2,
            -1.0
        ],
        [
            0,
            0,
            0,
            1,
            0.08333333333333333,
            0.0,
            0.2,
            0.0,
            1.0
        ],
        [
            0,
            0,
            1,
            0,
            0.08333333333333333,
            0.08333333333333333,
            0.2,
            0.2,
            0.0
        ]
    ],
    "nodeCount": 8,
    "edgeCount": 12,
    "tokenCount": 5,
    "nodes": [
        "0xcb89b0db32c68791bfeeeed475a614de73f4f851",
        "0xefb6b29475fb5a1b383eea93326e97cb77207aeb",
        "0x89bc016b4b3826ea08ae04ef51f490cd2fe08b3a",
        "0x10ed43c718714eb63d5aa57b78b54704e256024e",
        "0xbb4cdb9cbd36b01bd1cbaebf2de08d9173bc095c",
        "0x0000000000000000000000000000000000000000",
        "0xbbe5f40ff78029894b64f60fbfcc4190f61fcea3",
        "0x16b9a82891338f9ba80e2d6970fdda79d1eb0dae"
    ],
    "tokens": [
        "0x89bc016b4b3826ea08ae04ef51f490cd2fe08b3a",
        "0xbb4cdb9cbd36b01bd1cbaebf2de08d9173bc095c",
        "native_token",
        "0xefb6b29475fb5a1b383eea93326e97cb77207aeb",
        "0x55d398326f99059ff775485246999027b3197955"
    ]
}