{
    "hash": "0xc7ef5d2bdb9792255689e316dccbaf0a98c4d74f656980324ea4aea897d4120b",
    "chain": "Binance",
    "U": [
        0,
        1,
        2,
        3,
        4,
        2,
        5,
        2,
        1,
        1
    ],
    "V": [
        1,
        2,
        3,
        4,
        2,
        5,
        2,
        1,
        6,
        0
    ],
    "feat": [
        [
            0,
            0,
            0,
            1,
            0.1,
            0.1,
            0.25,
            0.25,
            0.0
        ],
        [
            1,
            0,
            0,
            0,
            0.2,
            0.3,
            0.5,
            0.5,
            0.0
        ],
        [
            0,
            1,
            0,
            0,
            0.3,
            0.3,
            0.75,
            0.75,
            0.0
        ],
        [
            0,
            0,
            1,
            0,
            0.1,
            0.1,
            0.25,
            0.25,
            -0.008750000000000036
        ],
        [
            0,
            0,
            1,
            0,
            0.1,
            0.1,
            0.25,
            0.25,
            0.0
        ],
        [
            0,
            0,
            1,
            0,
            0.1,
            0.1,
            0.25,
            0.25,
            0.0
        ],
        [
            0,
            0,
            0,
            1,
            0.1,
            0.0,
            0.25,
            0.0,
            0.008749999999999999
        ]
    ],
    "nodeCount": 7,
    "edgeCount": 10,
    "tokenCount": 4,
    "nodes": [
        "0xeb9685e7bf85012b9d2cfbe09ed6c6d4dffeae28",
        "0xc590175e458b83680867afd273527ff58f74c02b",
        "0xdb6f1920a889355780af7570773609bd8cb1f498",
        "0x3ab77e40340ab084c3e23be8e5a6f7afed9d41dc",
        "0x56c77d59e82f33c712f919d09fceddf49660a829",
        "0xfdfde3af740a22648b9dd66d05698e5095940850",
        "0x11ededebf63bef0ea2d2d071bdf88f71543ec6fb"
    ],
    "tokens": [
        "0xe9e7cea3dedca5984780bafc599bd69add087d56",
        "0x1af3f329e8be154074d8769d1ffa4ee058b1dbc3",
        "0xbb4cdb9cbd36b01bd1cbaebf2de08d9173bc095c",
        "0x1633b7157e7638c4d6593436111bf125ee74703f"
    ]
}