{
    "hash": "0xc7961d4c28687d2a6d838bf9bea98ed85713abb402aa075f119fb21063348863",
    "chain": "Binance",
    "U": [
        0,
        1,
        0,
        2
    ],
    "V": [
        1,
        2,
        2,
        3
    ],
    "feat": [
        [
            0,
            0,
            0,
            1,
            0.0,
            0.5,
            0.0,
            0.6666666666666666,
            -2.0
        ],
        [
            0,
            0,
            0,
            1,
            0.25,
            0.25,
            0.3333333333333333,
            0.3333333333333333,
            0.0
        ],
        [
            0,
            0,
            1,
            0,
            0.5,
            0.25,
            0.6666666666666666,
            0.3333333333333333,
            1.0
        ],
        [
            0,
            0,
            1,
            0,
            0.25,
            0.0,
            0.3333333333333333,
            0.0,
            1.0
        ]
    ],
    "nodeCount": 4,
    "edgeCount": 4,
    "tokenCount": 3,
    "nodes": [
        "0x0000000000000000000000000000000000000000",
        "0x3b9da47b2fb43511c9ac92c5bc29d70c6dafbd98",
        "0x51bd63f240fb13870550423d208452ca87c44444",
        "0x3cdd556c882dbeb4a0f3444de6d76e12618c9100"
    ],
    "tokens": [
        "0x51bd63f240fb13870550423d208452ca87c44444",
        "0x7130d2a12b9bcbfae4f2634d864a1ee1ce3ead9c",
        "0x3cdd556c882dbeb4a0f3444de6d76e12618c9100"
    ]
}