{
    "hash": "0xc7b3b430fdd782d850e4991ab89e2e5db7de5c95ebdf0057ee6d3584dbe15566",
    "chain": "Ethereum",
    "U": [
        0,
        1,
        2,
        3,
        2
    ],
    "V": [
        1,
        2,
        3,
        2,
        0
    ],
    "feat": [
        [
            0,
            0,
            0,
            1,
            0.2,
            0.2,
            0.3333333333333333,
            0.3333333333333333,
            0.0
        ],
        [
            0,
            0,
            1,
            0,
            0.2,
            0.2,
            0.3333333333333333,
            0.3333333333333333,
            0.0
        ],
        [
            0,
            1,
            0,
            0,
            0.4,
            0.4,
            0.6666666666666666,
            0.6666666666666666,
            0.0
        ],
        [
            0,
            0,
            1,
            0,
            0.2,
            0.2,
            0.3333333333333333,
            0.3333333333333333,
            0.0
        ]
    ],
    "nodeCount": 4,
    "edgeCount": 5,
    "tokenCount": 3,
    "nodes": [
        "0x069e85d4f1010dd961897dc8c095fbb5ff297434",
        "0xc7ff546c6cbc87ad9f6f557db5a0df5c742ca440",
        "0xd9e1ce17f2641f24ae83637ab66a2cca9c378b9f",
        "0xc02aaa39b223fe8d0a0e5c4f27ead9083c756cc2"
    ],
    "tokens": [
        "0x2aa5ce395b00cc486159adbdd97c55b535cf2cf9",
        "0xc02aaa39b223fe8d0a0e5c4f27ead9083c756cc2",
        "native_token"
    ]
}