{
    "hash": "0xc89aa632890494498cf8f569dad61f56b93b1d67b3f09d116681399e18858894",
    "chain": "Binance",
    "U": [
        0,
        2,
        2,
        2,
        2,
        2,
        1,
        7
    ],
    "V": [
        1,
        0,
        3,
        4,
        5,
        6,
        7,
        0
    ],
    "feat": [
        [
            0,
            0,
            0,
            1,
            0.25,
            0.125,
            0.3333333333333333,
            0.3333333333333333,
            0.013008920486440645
        ],
        [
            0,
            0,
            1,
            0,
            0.125,
            0.125,
            0.3333333333333333,
            0.3333333333333333,
            0.0
        ],
        [
            0,
            1,
            0,
            0,
            0.0,
            0.625,
            0.0,
            0.3333333333333333,
            -0.029552131250651495
        ],
        [
            0,
            0,
            0,
            1,
            0.125,
            0.0,
            0.3333333333333333,
            0.0,
            0.004401091679527562
        ],
        [
            0,
            0,
            0,
            1,
            0.125,
            0.0,
            0.3333333333333333,
            0.0,
            0.0031871015643707007
        ],
        [
            0,
            0,
            0,
            1,
            0.125,
            0.0,
            0.3333333333333333,
            0.0,
            0.0036424858726265075
        ],
        [
            0,
            0,
            0,
            1,
            0.125,
            0.0,
            0.3333333333333333,
            0.0,
            0.005312531647686086
        ],
        [
            0,
            0,
            1,
            0,
            0.125,
            0.125,
            0.3333333333333333,
            0.3333333333333333,
            0.0
        ]
    ],
    "nodeCount": 8,
    "edgeCount": 8,
    "tokenCount": 3,
    "nodes": [
        "0xca777cf583f118496bc2274951299549154aa151",
        "0x9c51034c57dc2e1ea55944a1ecb2912cecfcb757",
        "0x9b6d11c63dbe7c15cf4a7c3a1924c3305df70838",
        "0xac5373587b5187346e25c1b0b47d60a7c2d22e21",
        "0xbc97d61fe4f233bd49bbea131361e3a957c3e874",
        "0x98ec4a4fd8d07a22b81ba9be3f4ddc07c06550ad",
        "0x99f7a667f6bdc50ff7312f9eedf9bdb34f2b2fb0",
        "0x58f876857a02d6762e0101bb5c46a8c1ed44dc16"
    ],
    "tokens": [
        "0x18b426813731c144108c6d7faf5ede71a258fd9a",
        "0xe9e7cea3dedca5984780bafc599bd69add087d56",
        "0xbb4cdb9cbd36b01bd1cbaebf2de08d9173bc095c"
    ]
}