{
    "hash": "0xc81b6019fc756e7542619503d5211f2b0e0393adbcc4db7ac73ad52621caae49",
    "chain": "Ethereum",
    "U": [
        0,
        1,
        1,
        1,
        1,
        1,
        1,
        1,
        1,
        1,
        1,
        1,
        1,
        1,
        1,
        1,
        1,
        1,
        1,
        1,
        1,
        1,
        1,
        1,
        1,
        1,
        1,
        1,
        1,
        1,
        1,
        1,
        1,
        1,
        1,
        1,
        1,
        1,
        1,
        1,
        1,
        1,
        1,
        1,
        1,
        1,
        1,
        1,
        1,
        1,
        1,
        1,
        1,
        1,
        1,
        1,
        1,
        1,
        1,
        1,
        1,
        1,
        1,
        1,
        1,
        1,
        1,
        1,
        1,
        1,
        1,
        1,
        1,
        1,
        1,
        1
    ],
    "V": [
        1,
        1,
        2,
        0,
        1,
        2,
        0,
        1,
        2,
        0,
        1,
        2,
        0,
        1,
        2,
        0,
        1,
        2,
        0,
        1,
        2,
        0,
        1,
        2,
        0,
        1,
        2,
        0,
        1,
        2,
        0,
        1,
        2,
        0,
        1,
        2,
        0,
        1,
        2,
        0,
        1,
        2,
        0,
        1,
        2,
        0,
        1,
        2,
        0,
        1,
        2,
        0,
        1,
        2,
        0,
        1,
        2,
        0,
        1,
        2,
        0,
        1,
        2,
        0,
        1,
        2,
        0,
        1,
        2,
        0,
        1,
        2,
        0,
        1,
        2,
        0
    ],
    "feat": [
        [
            0,
            0,
            0,
            1,
            0.32894736842105265,
            0.013157894736842105,
            0.5,
            0.5,
            22.87107684874042
        ],
        [
            0,
            1,
            0,
            0,
            0.34210526315789475,
            0.9868421052631579,
            0.5,
            1.0,
            -23.871076848740422
        ],
        [
            0,
            0,
            0,
            1,
            0.32894736842105265,
            0.0,
            0.5,
            0.0,
            0.9999999999999968
        ]
    ],
    "nodeCount": 3,
    "edgeCount": 76,
    "tokenCount": 2,
    "nodes": [
        "0x6f6362dc5e8a3f4f013c734fe5422f1d49e7ccfa",
        "0xfbddadd80fe7bda00b901fbaf73803f2238ae655",
        "0x4b5057b2c87ec9e7c047fb00c0e406dff2fdacad"
    ],
    "tokens": [
        "native_token",
        "0x990f341946a3fdb507ae7e52d17851b87168017c"
    ]
}