{
    "hash": "0xc88447fa6431f8aba82578c786a65934f5c624ae4527b185f482e9af323a8958",
    "chain": "Ethereum",
    "U": [
        0,
        1,
        2,
        3,
        4,
        2,
        1,
        1,
        1,
        0
    ],
    "V": [
        1,
        2,
        3,
        4,
        2,
        1,
        5,
        6,
        0,
        5
    ],
    "feat": [
        [
            0,
            1,
            0,
            0,
            0.1,
            0.2,
            0.25,
            0.5,
            -1.005
        ],
        [
            0,
            1,
            0,
            0,
            0.2,
            0.4,
            0.5,
            0.5,
            0.0
        ],
        [
            1,
            0,
            0,
            0,
            0.2,
            0.2,
            0.5,
            0.5,
            0.0
        ],
        [
            0,
            0,
            1,
            0,
            0.1,
            0.1,
            0.25,
            0.25,
            0.0
        ],
        [
            0,
            0,
            1,
            0,
            0.1,
            0.1,
            0.25,
            0.25,
            0.0
        ],
        [
            0,
            0,
            0,
            1,
            0.2,
            0.0,
            0.5,
            0.0,
            1.00425
        ],
        [
            0,
            0,
            0,
            1,
            0.1,
            0.0,
            0.25,
            0.0,
            0.00075
        ]
    ],
    "nodeCount": 7,
    "edgeCount": 10,
    "tokenCount": 4,
    "nodes": [
        "0x46df5c1a98c5f48c6476cfb0c984b03ef80d0d84",
        "0x9509665d015bfe3c77aa5ad6ca20c8afa1d98989",
        "0x3b4503cba9add1194dd8098440e4be91c4c37806",
        "0x75382c52b6f90b3f8014bfcadac2386513f1e3bc",
        "0x0eee7f7319013df1f24f5eaf83004fcf9cf49245",
        "0x482579f93dc13e6b434e38b5a0447ca543d88a46",
        "0x6f52a45c54518e5726dfd76d6472ce4f8cd3dc06"
    ],
    "tokens": [
        "0x607f4c5bb672230e8672085532f7e901544a7375",
        "0xc02aaa39b223fe8d0a0e5c4f27ead9083c756cc2",
        "0x374cb8c27130e2c9e04f44303f3c8351b9de61c1",
        "native_token"
    ]
}