{
    "hash": "0xc968a12746628d8a11f62b6b938226e31704f79ae502ff6422a790e1508145b9",
    "chain": "Binance",
    "U": [
        0,
        1,
        3,
        2,
        0,
        1,
        4,
        4
    ],
    "V": [
        1,
        2,
        2,
        0,
        1,
        4,
        5,
        6
    ],
    "feat": [
        [
            0,
            0,
            0,
            1,
            0.125,
            0.25,
            0.3333333333333333,
            0.3333333333333333,
            -0.0030090270812437314
        ],
        [
            0,
            1,
            0,
            0,
            0.25,
            0.25,
            0.3333333333333333,
            0.6666666666666666,
            -4.336808689942018e-19
        ],
        [
            0,
            1,
            0,
            0,
            0.25,
            0.125,
            0.6666666666666666,
            0.3333333333333333,
            1.0
        ],
        [
            0,
            0,
            1,
            0,
            0.0,
            0.125,
            0.0,
            0.3333333333333333,
            -1.0
        ],
        [
            0,
            1,
            0,
            0,
            0.125,
            0.25,
            0.3333333333333333,
            0.3333333333333333,
            0.0018054162487462385
        ],
        [
            0,
            1,
            0,
            0,
            0.125,
            0.0,
            0.3333333333333333,
            0.0,
            0.00036108324974924776
        ],
        [
            0,
            0,
            0,
            1,
            0.125,
            0.0,
            0.3333333333333333,
            0.0,
            0.0008425275827482448
        ]
    ],
    "nodeCount": 7,
    "edgeCount": 8,
    "tokenCount": 3,
    "nodes": [
        "0xe99926e65b0daa776b187f3d20627ee76208318e",
        "0x7ac55ac530f2c29659573bde0700c6758d69e677",
        "0xbf6527834dbb89cdc97a79fcd62e6c08b19f8ec0",
        "0xbb4cdb9cbd36b01bd1cbaebf2de08d9173bc095c",
        "0x86a327715d707bca24983b1145d1f6c40c5d4a74",
        "0x9154c2684aef8d106babcb19aa81d4fabf7581ec",
        "0x0000000000000000000000000000000000000000"
    ],
    "tokens": [
        "0xae9269f27437f0fcbc232d39ec814844a51d6b8f",
        "0xbb4cdb9cbd36b01bd1cbaebf2de08d9173bc095c",
        "native_token"
    ]
}