{
    "hash": "0xc9c59225d4741ea8efa47a09824cccc6d6e0d33d4389c4ac3eb43bcaaf07ba4d",
    "chain": "Ethereum",
    "U": [
        0,
        2,
        1,
        4,
        1,
        5,
        6,
        2,
        1,
        2
    ],
    "V": [
        1,
        3,
        2,
        1,
        5,
        6,
        1,
        3,
        7,
        0
    ],
    "feat": [
        [
            0,
            0,
            0,
            1,
            0.1,
            0.1,
            0.2,
            0.2,
            0.0
        ],
        [
            0,
            1,
            0,
            0,
            0.3,
            0.3,
            0.6,
            0.6,
            0.0
        ],
        [
            0,
            0,
            0,
            1,
            0.1,
            0.3,
            0.2,
            0.4,
            -4.0629674350922684e-05
        ],
        [
            0,
            1,
            0,
            0,
            0.2,
            0.0,
            0.4,
            0.0,
            4.062967435083003e-05
        ],
        [
            0,
            0,
            1,
            0,
            0.0,
            0.1,
            0.0,
            0.2,
            -1.0
        ],
        [
            0,
            0,
            1,
            0,
            0.1,
            0.1,
            0.2,
            0.2,
            0.0
        ],
        [
            0,
            0,
            1,
            0,
            0.1,
            0.1,
            0.2,
            0.2,
            0.0
        ],
        [
            0,
            0,
            1,
            0,
            0.1,
            0.0,
            0.2,
            0.0,
            1.0
        ]
    ],
    "nodeCount": 8,
    "edgeCount": 10,
    "tokenCount": 5,
    "nodes": [
        "0x678f0c19825f01161121e705c4acacb0f22a8fd1",
        "0x63a3f444e97d14e671e7ee323c4234c8095e3516",
        "0x0000000000000000000000000000000000000000",
        "0x464c71f6c2f760dda6093dcb91c24c39e5d6e18c",
        "0xdf7ff54aacacbff42dfe29dd6144a69b629f8c9e",
        "0xc6f348dd3b91a56d117ec0071c1e9b83c0996de4",
        "0xbb2b8038a1640196fbe3e38816f3e67cba72d940",
        "0x9ff58f4ffb29fa2266ab25e75e2a8b3503311656"
    ],
    "tokens": [
        "0xdf7ff54aacacbff42dfe29dd6144a69b629f8c9e",
        "0xe41d2489571d322189246dafa5ebde1f4699f498",
        "0xc02aaa39b223fe8d0a0e5c4f27ead9083c756cc2",
        "0x2260fac5e5542a773aa44fbcfedf7c193bc2c599",
        "0x9ff58f4ffb29fa2266ab25e75e2a8b3503311656"
    ]
}