{
    "hash": "0xc9ba4c0d2b2cfd8281ff50ef496b52d5a946a419ccd966a4860d61e2eff11257",
    "chain": "Binance",
    "U": [
        0,
        2,
        1,
        2,
        4,
        5
    ],
    "V": [
        1,
        3,
        4,
        3,
        5,
        0
    ],
    "feat": [
        [
            0,
            0,
            0,
            1,
            0.16666666666666666,
            0.16666666666666666,
            0.2,
            0.2,
            0.0
        ],
        [
            0,
            0,
            1,
            0,
            0.16666666666666666,
            0.16666666666666666,
            0.2,
            0.2,
            0.0
        ],
        [
            0,
            0,
            0,
            1,
            0.0,
            0.3333333333333333,
            0.0,
            0.2,
            -1.0775894187779433
        ],
        [
            0,
            1,
            0,
            0,
            0.3333333333333333,
            0.0,
            0.2,
            0.0,
            1.0775894187779433
        ],
        [
            0,
            0,
            1,
            0,
            0.16666666666666666,
            0.16666666666666666,
            0.2,
            0.2,
            0.0
        ],
        [
            0,
            0,
            1,
            0,
            0.16666666666666666,
            0.16666666666666666,
            0.2,
            0.2,
            0.0
        ]
    ],
    "nodeCount": 6,
    "edgeCount": 6,
    "tokenCount": 5,
    "nodes": [
        "0xa80cff17ce03ec9cf5cf676d0f9be6ec1fbd4426",
        "0x8e949822087e9d2f5b816fcc79ba4b05453eef89",
        "0x0000000000000000000000000000000000000000",
        "0x782395303692abed877d2737aa7982345eb44c11",
        "0x09cb618bf5ef305fadfd2c8fc0c26eecf8c6d5fd",
        "0x62c1dec1ff328dcdc157ae0068bb21af3967acd9"
    ],
    "tokens": [
        "0xd25631648e3ad4863332319e8e0d6f2a8ec6f267",
        "0x9c65ab58d8d978db963e63f2bfb7121627e3a739",
        "0xbb4cdb9cbd36b01bd1cbaebf2de08d9173bc095c",
        "0x55d398326f99059ff775485246999027b3197955",
        "0xe9e7cea3dedca5984780bafc599bd69add087d56"
    ]
}