{
    "hash": "0xca373845be2c723a7aea6f06b41595194e95f0e183db6c061a4218a367ace9f7",
    "chain": "Binance",
    "U": [
        0,
        0,
        2,
        2,
        2,
        2,
        2,
        2,
        2,
        2,
        2,
        2,
        2,
        2,
        2,
        2,
        2,
        2,
        2,
        2,
        2,
        2,
        2,
        2,
        2,
        2,
        2,
        2,
        2,
        2,
        2,
        2,
        2,
        2,
        2,
        2,
        2,
        2,
        2,
        2,
        2,
        2,
        2,
        2,
        2,
        2,
        2,
        2,
        2,
        2,
        2
    ],
    "V": [
        1,
        2,
        0,
        0,
        0,
        0,
        0,
        0,
        0,
        0,
        0,
        0,
        0,
        0,
        0,
        0,
        0,
        0,
        0,
        0,
        0,
        0,
        0,
        0,
        0,
        0,
        0,
        0,
        0,
        0,
        0,
        0,
        0,
        0,
        0,
        0,
        0,
        0,
        0,
        0,
        0,
        0,
        0,
        0,
        0,
        0,
        0,
        0,
        0,
        0,
        0
    ],
    "feat": [
        [
            0,
            0,
            0,
            1,
            0.9607843137254902,
            0.0392156862745098,
            0.8888888888888888,
            0.1111111111111111,
            47.96907216494846
        ],
        [
            1,
            0,
            0,
            0,
            0.0196078431372549,
            0.0,
            0.1111111111111111,
            0.0,
            1.0
        ],
        [
            0,
            0,
            0,
            1,
            0.0196078431372549,
            0.9607843137254902,
            0.1111111111111111,
            0.8888888888888888,
            -48.96907216494845
        ]
    ],
    "nodeCount": 3,
    "edgeCount": 51,
    "tokenCount": 9,
    "nodes": [
        "0xc4aed4f19ed87936407dde97b725471343db4881",
        "0x1e2e1296285e149242bee23a16ec137fee9f0510",
        "0x0000000000000000000000000000000000000000"
    ],
    "tokens": [
        "0xbcc60f96eaafc409bd914f6890e8dd0a6cf3234f",
        "0x8b5a8c9aaf9018eaf056f94c568ddfbf0d6d2187",
        "0x7d09688b3fc4d14f4c306030584bd115deb65e20",
        "0x413f22bacb885143de12a77da54d670fc72ba2d6",
        "0x831e3301b28b7591d67256264963bd2292f385c4",
        "0xa7c01ef6f57e1b3456f7844eac7bc8c867121760",
        "0x3a6e7fdc786d7393522bce1d2c266561fb1c6f53",
        "0x58f20dfb8b3415d315dc544762815f241e901aa9",
        "0xf592faf13721839db3d743c13fc3dbf2179b9d30"
    ]
}