{
    "hash": "0xcadeba30933945748f8d1a1e797b33a318bd04c7f6745f3a1f942cf42a362084",
    "chain": "Ethereum",
    "U": [
        0,
        2,
        1,
        2,
        4
    ],
    "V": [
        1,
        1,
        3,
        4,
        5
    ],
    "feat": [
        [
            0,
            0,
            0,
            1,
            0.0,
            0.2,
            0.0,
            0.3333333333333333,
            -1.0
        ],
        [
            0,
            1,
            0,
            0,
            0.4,
            0.2,
            0.6666666666666666,
            0.3333333333333333,
            1.0
        ],
        [
            0,
            0,
            0,
            1,
            0.0,
            0.4,
            0.0,
            0.6666666666666666,
            -2.0
        ],
        [
            0,
            0,
            1,
            0,
            0.2,
            0.0,
            0.3333333333333333,
            0.0,
            1.0
        ],
        [
            0,
            1,
            0,
            0,
            0.2,
            0.2,
            0.3333333333333333,
            0.3333333333333333,
            0.0
        ],
        [
            0,
            1,
            0,
            0,
            0.2,
            0.0,
            0.3333333333333333,
            0.0,
            1.0
        ]
    ],
    "nodeCount": 6,
    "edgeCount": 5,
    "tokenCount": 3,
    "nodes": [
        "0xcd7270d1574e3513068606eed084d98e76b27e2c",
        "0x989aeb4d175e16225e39e87d0d97a3360524ad80",
        "0x0000000000000000000000000000000000000000",
        "0x05ca5c01629a8e5845f12ea3a03ff7331932233a",
        "0xf403c135812408bfbe8713b5a23a04b3d48aae31",
        "0xb1fae59f23cace4949ae734e63e42168adb0ccb3"
    ],
    "tokens": [
        "0x3f1b0278a9ee595635b61817630cc19de792f506",
        "0x05ca5c01629a8e5845f12ea3a03ff7331932233a",
        "0xbec1fa170974f0b38eb76d8ca87053abd5cedfff"
    ]
}