{
    "hash": "0xcbfc6b59d4710669384256c02a4449ac8e6d9fda8f5189359857c811a1645782",
    "chain": "Binance",
    "U": [
        0,
        1,
        2,
        3,
        4,
        5
    ],
    "V": [
        1,
        2,
        3,
        4,
        0,
        6
    ],
    "feat": [
        [
            0,
            0,
            0,
            1,
            0.16666666666666666,
            0.16666666666666666,
            0.2,
            0.2,
            0.007123652783641354
        ],
        [
            0,
            0,
            1,
            0,
            0.16666666666666666,
            0.16666666666666666,
            0.2,
            0.2,
            -0.007123652783641354
        ],
        [
            0,
            0,
            1,
            0,
            0.16666666666666666,
            0.16666666666666666,
            0.2,
            0.2,
            0.0
        ],
        [
            0,
            0,
            1,
            0,
            0.16666666666666666,
            0.16666666666666666,
            0.2,
            0.2,
            0.0
        ],
        [
            0,
            0,
            1,
            0,
            0.16666666666666666,
            0.16666666666666666,
            0.2,
            0.2,
            0.0
        ],
        [
            1,
            0,
            0,
            0,
            0.0,
            0.16666666666666666,
            0.0,
            0.2,
            -1.0
        ],
        [
            0,
            0,
            0,
            1,
            0.16666666666666666,
            0.0,
            0.2,
            0.0,
            1.0
        ]
    ],
    "nodeCount": 7,
    "edgeCount": 6,
    "tokenCount": 5,
    "nodes": [
        "0x1a9efc7507d3bb3206ca5babb4df9e168bd5cdee",
        "0x7efaef62fddcca950418312c6c91aef321375a00",
        "0xff44e10662e1cd4f7afe399144636c74b0d05d80",
        "0xa007ac283a4e9c915337d8a6c89fe7c9064e7522",
        "0x4ddd56e2f34338839bb5953515833950ea680afb",
        "0x86bc539df8be57bc4f5d362dbec48e02016b7efa",
        "0x0000000000000000000000000000000000000000"
    ],
    "tokens": [
        "0xe9e7cea3dedca5984780bafc599bd69add087d56",
        "0x55d398326f99059ff775485246999027b3197955",
        "0x7083609fce4d1d8dc0c979aab8c869ea2c873402",
        "0x0112e557d400474717056c4e6d40edd846f38351",
        "0x0000000000004946c0e9f43f4dee607b0ef1fa1c"
    ]
}