{
    "hash": "0xcccf9973fe7beec06f1985bb08136b72db923d2a32e31566b3d5f0648e200b9d",
    "chain": "Binance",
    "U": [
        0,
        0,
        2,
        4,
        3,
        5,
        0,
        5,
        0,
        5,
        3
    ],
    "V": [
        1,
        2,
        3,
        3,
        5,
        6,
        5,
        7,
        5,
        6,
        7
    ],
    "feat": [
        [
            0,
            0,
            0,
            1,
            0.0,
            0.36363636363636365,
            0.0,
            0.6666666666666666,
            -2.2499999999998384
        ],
        [
            0,
            1,
            0,
            0,
            0.09090909090909091,
            0.0,
            0.3333333333333333,
            0.0,
            0.1
        ],
        [
            0,
            0,
            1,
            0,
            0.09090909090909091,
            0.09090909090909091,
            0.3333333333333333,
            0.3333333333333333,
            0.9959854869647158
        ],
        [
            0,
            1,
            0,
            0,
            0.18181818181818182,
            0.18181818181818182,
            0.6666666666666666,
            0.3333333333333333,
            0.004014513035284217
        ],
        [
            0,
            1,
            0,
            0,
            0.0,
            0.09090909090909091,
            0.0,
            0.3333333333333333,
            -1.0
        ],
        [
            0,
            1,
            0,
            0,
            0.2727272727272727,
            0.2727272727272727,
            0.6666666666666666,
            0.6666666666666666,
            -1.1102230246251565e-16
        ],
        [
            0,
            1,
            0,
            0,
            0.18181818181818182,
            0.0,
            0.6666666666666666,
            0.0,
            0.44999999999970336
        ],
        [
            0,
            0,
            0,
            1,
            0.18181818181818182,
            0.0,
            0.6666666666666666,
            0.0,
            1.700000000000135
        ]
    ],
    "nodeCount": 8,
    "edgeCount": 11,
    "tokenCount": 3,
    "nodes": [
        "0x0000000000000000000000000000000000000000",
        "0x8488cb2f54ecb9aa1cdc1bc83bc1d200bb2f216b",
        "0x009cf7bc57584b7998236eff51b98a168dcea9b0",
        "0xe0aca387c6600b455ccfc32b253e2db13b71ca62",
        "0x73feaa1ee314f8c655e354234017be2193c9e24e",
        "0x8cb88701790f650f273c8bb2cc4c5f439cd65219",
        "0x0989091f27708bc92ea4ca60073e03592b94c0ee",
        "0x8869278b9e0a4b84b955492e6de3ad7a7bb9e0b0"
    ],
    "tokens": [
        "0x0e09fabb73bd3ade0a17ecc321fd13a19e81ce82",
        "0x58f876857a02d6762e0101bb5c46a8c1ed44dc16",
        "0xc9849e6fdb743d08faee3e34dd2d1bc69ea11a51"
    ]
}