{
    "hash": "0xcc6d08cb669949075d450c2b20789ba811412e0b4b2ae79287d41c2c8c76c28f",
    "chain": "Binance",
    "U": [
        0,
        2,
        1,
        2,
        4
    ],
    "V": [
        1,
        3,
        4,
        3,
        0
    ],
    "feat": [
        [
            1,
            0,
            0,
            0,
            0.2,
            0.2,
            0.25,
            0.25,
            0.0
        ],
        [
            0,
            0,
            1,
            0,
            0.2,
            0.2,
            0.25,
            0.25,
            0.0
        ],
        [
            0,
            0,
            0,
            1,
            0.0,
            0.4,
            0.0,
            0.25,
            -1.056020066889632
        ],
        [
            0,
            1,
            0,
            0,
            0.4,
            0.0,
            0.25,
            0.0,
            1.056020066889632
        ],
        [
            0,
            0,
            1,
            0,
            0.2,
            0.2,
            0.25,
            0.25,
            0.0
        ]
    ],
    "nodeCount": 5,
    "edgeCount": 5,
    "tokenCount": 4,
    "nodes": [
        "0x3a4a586b8cc473e20c004d96ac14e36175d33a57",
        "0x09cb618bf5ef305fadfd2c8fc0c26eecf8c6d5fd",
        "0x0000000000000000000000000000000000000000",
        "0x782395303692abed877d2737aa7982345eb44c11",
        "0x82e8f9e7624fa038dff4a39960f5197a43fa76aa"
    ],
    "tokens": [
        "0x55d398326f99059ff775485246999027b3197955",
        "0x9c65ab58d8d978db963e63f2bfb7121627e3a739",
        "0xbb4cdb9cbd36b01bd1cbaebf2de08d9173bc095c",
        "0x2170ed0880ac9a755fd29b2688956bd959f933f8"
    ]
}