{
    "hash": "0xcceefb668acae26ef474033932e0e76cb392f2ad7e5c1ad7c5dd6b81c8b58928",
    "chain": "Binance",
    "U": [
        0,
        2,
        2,
        2,
        2,
        2,
        2,
        1,
        5
    ],
    "V": [
        1,
        0,
        0,
        3,
        3,
        4,
        4,
        5,
        0
    ],
    "feat": [
        [
            0,
            0,
            0,
            1,
            0.3333333333333333,
            0.1111111111111111,
            0.6,
            0.2,
            2.0
        ],
        [
            0,
            1,
            0,
            0,
            0.1111111111111111,
            0.1111111111111111,
            0.2,
            0.2,
            0.0
        ],
        [
            0,
            0,
            1,
            0,
            0.0,
            0.6666666666666666,
            0.0,
            0.4,
            -2.78745756548311
        ],
        [
            0,
            0,
            0,
            1,
            0.2222222222222222,
            0.0,
            0.4,
            0.0,
            0.2197767589377571
        ],
        [
            0,
            0,
            0,
            1,
            0.2222222222222222,
            0.0,
            0.4,
            0.0,
            0.5676808065453531
        ],
        [
            0,
            0,
            1,
            0,
            0.1111111111111111,
            0.1111111111111111,
            0.2,
            0.2,
            0.0
        ]
    ],
    "nodeCount": 6,
    "edgeCount": 9,
    "tokenCount": 5,
    "nodes": [
        "0x12364559ccbe1e6a68deb4eea834bbda98108e6b",
        "0xf65b6068f1237c07fe60e049cc44173528fe8001",
        "0x7181638e041e26321f9f2519e2f885f656458519",
        "0x7d574efc4089fb510e7b635c387c46ac6f6d3988",
        "0xe6f422b18a0effbfcd4e2ff2afa6d16e39b99118",
        "0x58f876857a02d6762e0101bb5c46a8c1ed44dc16"
    ],
    "tokens": [
        "0x7181638e041e26321f9f2519e2f885f656458519",
        "0xba2ae424d960c26247dd6c32edc70b295c744c43",
        "0x0e09fabb73bd3ade0a17ecc321fd13a19e81ce82",
        "0xbb4cdb9cbd36b01bd1cbaebf2de08d9173bc095c",
        "0xe9e7cea3dedca5984780bafc599bd69add087d56"
    ]
}