{
    "hash": "0xcdfc03be45b54dacce19a65c95f3c9059c45fa70cd8126cbefdd1754a2ccb3af",
    "chain": "Ethereum",
    "U": [
        0,
        1,
        2,
        2,
        4,
        2,
        5
    ],
    "V": [
        1,
        2,
        3,
        4,
        2,
        5,
        0
    ],
    "feat": [
        [
            1,
            0,
            0,
            0,
            0.14285714285714285,
            0.14285714285714285,
            0.3333333333333333,
            0.3333333333333333,
            0.03261879697269188
        ],
        [
            0,
            0,
            1,
            0,
            0.14285714285714285,
            0.14285714285714285,
            0.3333333333333333,
            0.3333333333333333,
            -0.03261879697269188
        ],
        [
            1,
            0,
            0,
            0,
            0.2857142857142857,
            0.42857142857142855,
            0.6666666666666666,
            0.6666666666666666,
            0.015324100211239866
        ],
        [
            0,
            1,
            0,
            0,
            0.14285714285714285,
            0.0,
            0.3333333333333333,
            0.0,
            0.00098467589978876
        ],
        [
            0,
            0,
            1,
            0,
            0.14285714285714285,
            0.14285714285714285,
            0.3333333333333333,
            0.3333333333333333,
            -0.016308776111028656
        ],
        [
            0,
            0,
            1,
            0,
            0.14285714285714285,
            0.14285714285714285,
            0.3333333333333333,
            0.3333333333333333,
            0.0
        ]
    ],
    "nodeCount": 6,
    "edgeCount": 7,
    "tokenCount": 3,
    "nodes": [
        "0xdfee68a9adb981cd08699891a11cabe10f25ec44",
        "0xaf988aff99d3d0cb870812c325c588d8d8cb7de8",
        "0x0000000000007f150bd6f54c40a34d7c3d5e9f56",
        "0xd132973eaebbd6d7ca7b88e9170f2cca058de430",
        "0xb4bebd34f6daafd808f73de0d10235a92fbb6c3d",
        "0xf169cea51eb51774cf107c88309717dda20be167"
    ],
    "tokens": [
        "0xc02aaa39b223fe8d0a0e5c4f27ead9083c756cc2",
        "0x1ceb5cb57c4d4e2b2433641b95dd330a33185a44",
        "0x2ba592f78db6436527729929aaf6c908497cb200"
    ]
}