{
    "hash": "0xcda84da2ffba6b00b19a1c4a663838bcff503a6858d69c2db7dfbb6b03abdcf4",
    "chain": "Ethereum",
    "U": [
        0,
        1,
        2,
        1,
        3,
        1
    ],
    "V": [
        1,
        2,
        1,
        3,
        1,
        0
    ],
    "feat": [
        [
            0,
            0,
            0,
            1,
            0.16666666666666666,
            0.16666666666666666,
            0.3333333333333333,
            0.3333333333333333,
            0.0
        ],
        [
            1,
            0,
            0,
            0,
            0.5,
            0.5,
            1.0,
            1.0,
            0.0
        ],
        [
            0,
            1,
            0,
            0,
            0.16666666666666666,
            0.16666666666666666,
            0.3333333333333333,
            0.3333333333333333,
            0.0
        ],
        [
            0,
            1,
            0,
            0,
            0.16666666666666666,
            0.16666666666666666,
            0.3333333333333333,
            0.3333333333333333,
            0.0
        ]
    ],
    "nodeCount": 4,
    "edgeCount": 6,
    "tokenCount": 3,
    "nodes": [
        "0x1611c227725c5e420ef058275ae772b41775e261",
        "0x27239549dd40e1d60f5b80b0c4196923745b1fd2",
        "0x3052b2d9694a0dc36735a14e4c313be66f3c7e68",
        "0x79d89b87468a59b9895b31e3a373dc5973d60065"
    ],
    "tokens": [
        "0x408e41876cccdc0f92210600ef50372656052a38",
        "0x1f573d6fb3f13d689ff844b4ce37794d79a7ff1c",
        "0xdac17f958d2ee523a2206206994597c13d831ec7"
    ]
}