{
    "hash": "0xcdb2d84b78f929b494d1aead25073cd7ce79a3a5dea5d4a24aca5e8ff193c2d0",
    "chain": "Binance",
    "U": [
        0,
        1,
        1,
        0,
        0,
        0,
        1,
        1,
        0,
        0,
        0,
        1,
        1,
        0,
        0,
        0,
        1,
        1,
        0,
        0,
        0
    ],
    "V": [
        1,
        2,
        3,
        4,
        4,
        1,
        2,
        3,
        5,
        5,
        1,
        2,
        3,
        6,
        6,
        1,
        2,
        3,
        7,
        7,
        4
    ],
    "feat": [
        [
            0,
            0,
            1,
            0,
            0.0,
            0.6190476190476191,
            0.0,
            0.6666666666666666,
            -4.932308272381181
        ],
        [
            0,
            1,
            0,
            0,
            0.19047619047619047,
            0.38095238095238093,
            0.3333333333333333,
            0.6666666666666666,
            -2.2312818632780766
        ],
        [
            0,
            0,
            1,
            0,
            0.19047619047619047,
            0.0,
            0.3333333333333333,
            0.0,
            0.4697435501638116
        ],
        [
            0,
            0,
            1,
            0,
            0.19047619047619047,
            0.0,
            0.3333333333333333,
            0.0,
            2.2312818632780766
        ],
        [
            0,
            0,
            0,
            1,
            0.14285714285714285,
            0.0,
            0.6666666666666666,
            0.0,
            0.19619821887158018
        ],
        [
            0,
            0,
            0,
            1,
            0.09523809523809523,
            0.0,
            0.6666666666666666,
            0.0,
            1.9722069665071031
        ],
        [
            0,
            0,
            0,
            1,
            0.09523809523809523,
            0.0,
            0.6666666666666666,
            0.0,
            2.0
        ],
        [
            0,
            0,
            0,
            1,
            0.09523809523809523,
            0.0,
            0.6666666666666666,
            0.0,
            0.294159536838685
        ]
    ],
    "nodeCount": 8,
    "edgeCount": 21,
    "tokenCount": 3,
    "nodes": [
        "0x57022edd5c7ed7b6bd870488853fe961dfdd3fb6",
        "0x10ed43c718714eb63d5aa57b78b54704e256024e",
        "0xbb4cdb9cbd36b01bd1cbaebf2de08d9173bc095c",
        "0x63730fcf35b0edc45742c19ebe20205ab99ce05d",
        "0x7d4fd0e53eb91d497fa046917b79771c1b1f6252",
        "0x0cacc0ad4c8562da52cfd9fc4a6a1ce7b5775424",
        "0x2c1b5c4f3a4df1733006c8b835548007be82d6f3",
        "0x20386cccfaa03274e78ca0349e58ff640eb1100f"
    ],
    "tokens": [
        "native_token",
        "0xbb4cdb9cbd36b01bd1cbaebf2de08d9173bc095c",
        "0x57022edd5c7ed7b6bd870488853fe961dfdd3fb6"
    ]
}