{
    "hash": "0xce3199d2f159599cfc2b862621ef86f8262c3a2ff54440482a5712e37a9f66ef",
    "chain": "Binance",
    "U": [
        0,
        1,
        2,
        4,
        4,
        6,
        3,
        4,
        3,
        3,
        3,
        4
    ],
    "V": [
        1,
        2,
        3,
        5,
        6,
        3,
        7,
        3,
        8,
        9,
        7,
        3
    ],
    "feat": [
        [
            0,
            0,
            0,
            1,
            0.0,
            0.08333333333333333,
            0.0,
            0.5,
            -0.1931717882300836
        ],
        [
            0,
            0,
            1,
            0,
            0.08333333333333333,
            0.08333333333333333,
            0.5,
            0.5,
            0.0
        ],
        [
            0,
            1,
            0,
            0,
            0.08333333333333333,
            0.08333333333333333,
            0.5,
            0.5,
            0.0
        ],
        [
            0,
            1,
            0,
            0,
            0.3333333333333333,
            0.3333333333333333,
            1.0,
            0.5,
            0.4890877776988715
        ],
        [
            0,
            0,
            0,
            1,
            0.0,
            0.3333333333333333,
            0.0,
            1.0,
            -2.3384993011175528
        ],
        [
            0,
            0,
            0,
            1,
            0.08333333333333333,
            0.0,
            0.5,
            0.0,
            0.1
        ],
        [
            0,
            0,
            1,
            0,
            0.08333333333333333,
            0.08333333333333333,
            0.5,
            0.5,
            0.7633626725544225
        ],
        [
            0,
            1,
            0,
            0,
            0.16666666666666666,
            0.0,
            0.5,
            0.0,
            1.1673887727220633
        ],
        [
            0,
            1,
            0,
            0,
            0.08333333333333333,
            0.0,
            0.5,
            0.0,
            0.01064867973505099
        ],
        [
            0,
            0,
            0,
            1,
            0.08333333333333333,
            0.0,
            0.5,
            0.0,
            0.0011831866372278878
        ]
    ],
    "nodeCount": 10,
    "edgeCount": 12,
    "tokenCount": 2,
    "nodes": [
        "0x70360fbb46b94bf11c81b3c567a0bbc236a5e555",
        "0xb6eb654fbdc697edd73174a19b074bc67c00a0c0",
        "0xeb8f15086274586f95c551890a29077a5b6e5e55",
        "0x4fb1ba482a7f66863317452d0835d87ad8ab17f5",
        "0x0000000000000000000000000000000000000000",
        "0xd4cfec77cdc21573982ec85cf33cfde6cc677e74",
        "0x009cf7bc57584b7998236eff51b98a168dcea9b0",
        "0x73feaa1ee314f8c655e354234017be2193c9e24e",
        "0x8650ab7e2c53e705d484c3b98be14c1ba1e8d690",
        "0xb9a81e121d8c9d619682bb9ddb6823439178f2f8"
    ],
    "tokens": [
        "0x0e09fabb73bd3ade0a17ecc321fd13a19e81ce82",
        "0x009cf7bc57584b7998236eff51b98a168dcea9b0"
    ]
}