{
    "hash": "0xce7563950f53ec54a29f8862930578d9a174e8699c56a3eff4894ab806284361",
    "chain": "Ethereum",
    "U": [
        0,
        1,
        2,
        3,
        2,
        4,
        2,
        2
    ],
    "V": [
        1,
        2,
        3,
        2,
        4,
        2,
        5,
        0
    ],
    "feat": [
        [
            0,
            0,
            0,
            1,
            0.125,
            0.125,
            0.3333333333333333,
            0.3333333333333333,
            -0.002988035892311336
        ],
        [
            0,
            1,
            0,
            0,
            0.125,
            0.125,
            0.3333333333333333,
            0.3333333333333333,
            0.0
        ],
        [
            0,
            1,
            0,
            0,
            0.375,
            0.5,
            1.0,
            1.0,
            0.0
        ],
        [
            0,
            0,
            1,
            0,
            0.125,
            0.125,
            0.3333333333333333,
            0.3333333333333333,
            0.0
        ],
        [
            0,
            0,
            1,
            0,
            0.125,
            0.125,
            0.3333333333333333,
            0.3333333333333333,
            0.0
        ],
        [
            0,
            0,
            0,
            1,
            0.125,
            0.0,
            0.3333333333333333,
            0.0,
            0.0029880358923112835
        ]
    ],
    "nodeCount": 6,
    "edgeCount": 8,
    "tokenCount": 3,
    "nodes": [
        "0x448c3651831a1472308daf6780ed68ef48225582",
        "0xdef1c0ded9bec7f1a1670819833240f027b25eff",
        "0x22f9dcf4647084d6c31b2765f6910cd85c178c18",
        "0xc02aaa39b223fe8d0a0e5c4f27ead9083c756cc2",
        "0x18f238a96392a8fabb87065b5129dd00192e6cb1",
        "0x96c195f6643a3d797cb90cb6ba0ae2776d51b5f3"
    ],
    "tokens": [
        "native_token",
        "0xc02aaa39b223fe8d0a0e5c4f27ead9083c756cc2",
        "0x39795344cbcc76cc3fb94b9d1b15c23c2070c66d"
    ]
}