{
    "hash": "0xce69182826fd04d0f6d6ec03aaaa7e011f90d21efede2ce3ace63b17ae70563e",
    "chain": "Ethereum",
    "U": [
        0,
        1,
        1,
        1,
        1,
        1,
        1,
        1,
        1,
        1,
        1,
        1,
        1,
        1,
        1,
        1,
        1,
        1,
        1,
        1,
        1,
        1,
        1,
        1,
        1,
        1,
        1,
        1,
        1,
        1,
        1,
        1,
        1,
        1,
        1,
        1,
        1,
        1,
        1,
        1,
        1,
        1,
        1,
        1,
        1,
        1,
        1,
        1,
        1,
        1,
        1,
        1,
        1,
        1,
        1
    ],
    "V": [
        1,
        1,
        2,
        0,
        1,
        2,
        0,
        1,
        2,
        0,
        1,
        2,
        0,
        1,
        2,
        0,
        1,
        2,
        0,
        1,
        2,
        0,
        1,
        2,
        0,
        1,
        2,
        0,
        1,
        2,
        0,
        1,
        2,
        0,
        1,
        2,
        0,
        1,
        2,
        0,
        1,
        2,
        0,
        1,
        2,
        0,
        1,
        2,
        0,
        1,
        2,
        0,
        1,
        2,
        0
    ],
    "feat": [
        [
            0,
            0,
            0,
            1,
            0.32727272727272727,
            0.01818181818181818,
            0.5,
            0.5,
            6.58987653197057
        ],
        [
            0,
            1,
            0,
            0,
            0.34545454545454546,
            0.9818181818181818,
            0.5,
            1.0,
            -7.589876531970568
        ],
        [
            0,
            0,
            0,
            1,
            0.32727272727272727,
            0.0,
            0.5,
            0.0,
            0.9999999999999998
        ]
    ],
    "nodeCount": 3,
    "edgeCount": 55,
    "tokenCount": 2,
    "nodes": [
        "0xee3534ef38fa68c9ec4c83db398de8a6bf51d5d3",
        "0xfbddadd80fe7bda00b901fbaf73803f2238ae655",
        "0x4b5057b2c87ec9e7c047fb00c0e406dff2fdacad"
    ],
    "tokens": [
        "native_token",
        "0x990f341946a3fdb507ae7e52d17851b87168017c"
    ]
}