{
    "hash": "0xce7c03b75fd3915943a96ef684584f297451e1e515a024e9c9e363308fa03f5b",
    "chain": "Ethereum",
    "U": [
        0,
        1,
        1,
        2,
        1,
        3,
        1,
        4,
        1,
        5
    ],
    "V": [
        1,
        0,
        2,
        1,
        3,
        1,
        4,
        1,
        5,
        1
    ],
    "feat": [
        [
            1,
            0,
            0,
            0,
            0.1,
            0.1,
            0.2,
            0.2,
            -0.16039751426041082
        ],
        [
            1,
            0,
            0,
            0,
            0.5,
            0.5,
            1.0,
            1.0,
            0.16039751426041082
        ],
        [
            0,
            0,
            1,
            0,
            0.1,
            0.1,
            0.2,
            0.2,
            0.0
        ],
        [
            0,
            0,
            1,
            0,
            0.1,
            0.1,
            0.2,
            0.2,
            0.0
        ],
        [
            0,
            0,
            1,
            0,
            0.1,
            0.1,
            0.2,
            0.2,
            0.0
        ],
        [
            0,
            0,
            1,
            0,
            0.1,
            0.1,
            0.2,
            0.2,
            0.0
        ]
    ],
    "nodeCount": 6,
    "edgeCount": 10,
    "tokenCount": 5,
    "nodes": [
        "0x5412be87c36d671358353dffc839ef79cdf79530",
        "0x0000000089341e263b85d84a0eea39f47c37a9d2",
        "0x3d0e2267885fdd573673d6bffe09c71a34a76a47",
        "0x44ed13fca4ce66caa29d03dde9a74a24802cd6be",
        "0x55353cbadda8fd525f0e6f307b3527d518416700",
        "0xc40d16476380e4037e6b1a2594caf6a6cc8da967"
    ],
    "tokens": [
        "0x33349b282065b0284d756f0577fb39c158f935e6",
        "0xc02aaa39b223fe8d0a0e5c4f27ead9083c756cc2",
        "0x2260fac5e5542a773aa44fbcfedf7c193bc2c599",
        "0xc011a73ee8576fb46f5e1c5751ca3b9fe0af2a6f",
        "0x514910771af9ca656af840dff83e8264ecf986ca"
    ]
}