{
    "hash": "0xcedd4c905ce87eab5be5ccad5fee6726c79e666d8ceef377a2925be4f7c24179",
    "chain": "Ethereum",
    "U": [
        0,
        1,
        3
    ],
    "V": [
        1,
        2,
        4
    ],
    "feat": [
        [
            0,
            0,
            0,
            1,
            0.0,
            0.3333333333333333,
            0.0,
            0.5,
            -1.0
        ],
        [
            0,
            1,
            0,
            0,
            0.3333333333333333,
            0.3333333333333333,
            0.5,
            0.5,
            0.0
        ],
        [
            0,
            0,
            0,
            1,
            0.3333333333333333,
            0.0,
            0.5,
            0.0,
            1.0
        ],
        [
            0,
            0,
            1,
            0,
            0.0,
            0.3333333333333333,
            0.0,
            0.5,
            -1.0
        ],
        [
            0,
            1,
            0,
            0,
            0.3333333333333333,
            0.0,
            0.5,
            0.0,
            1.0
        ]
    ],
    "nodeCount": 5,
    "edgeCount": 3,
    "tokenCount": 2,
    "nodes": [
        "0x0e72a4457ced0d96f8d7108bd733110d87c12ceb",
        "0x42743f4d9f139bfd04680df50bce2d7dd8816f90",
        "0x0000000000000000000000000000000000000000",
        "0x1f573d6fb3f13d689ff844b4ce37794d79a7ff1c",
        "0xd1d846312b819743974786050848d9b3d06b9b55"
    ],
    "tokens": [
        "0x48fb253446873234f2febbf9bdeaa72d9d387f94",
        "0x1f573d6fb3f13d689ff844b4ce37794d79a7ff1c"
    ]
}