{
    "hash": "0xce33a5eaa1953167852362ed325ec75d527290d9e686acaccf38910bea5deea8",
    "chain": "Binance",
    "U": [
        0,
        1,
        2,
        3,
        4,
        5
    ],
    "V": [
        1,
        2,
        3,
        4,
        0,
        6
    ],
    "feat": [
        [
            0,
            0,
            0,
            1,
            0.16666666666666666,
            0.16666666666666666,
            0.2,
            0.2,
            0.0048906194930120606
        ],
        [
            0,
            0,
            1,
            0,
            0.16666666666666666,
            0.16666666666666666,
            0.2,
            0.2,
            -0.0048906194930120606
        ],
        [
            0,
            0,
            1,
            0,
            0.16666666666666666,
            0.16666666666666666,
            0.2,
            0.2,
            0.0
        ],
        [
            0,
            0,
            1,
            0,
            0.16666666666666666,
            0.16666666666666666,
            0.2,
            0.2,
            0.0
        ],
        [
            0,
            0,
            1,
            0,
            0.16666666666666666,
            0.16666666666666666,
            0.2,
            0.2,
            0.0
        ],
        [
            1,
            0,
            0,
            0,
            0.0,
            0.16666666666666666,
            0.0,
            0.2,
            -1.0
        ],
        [
            0,
            0,
            0,
            1,
            0.16666666666666666,
            0.0,
            0.2,
            0.0,
            1.0
        ]
    ],
    "nodeCount": 7,
    "edgeCount": 6,
    "tokenCount": 5,
    "nodes": [
        "0x1a9efc7507d3bb3206ca5babb4df9e168bd5cdee",
        "0x8e744ec2795c8b836689d1b4ebe1489204357dac",
        "0x4836dbc94d5a47d8207e97024ba4b5d322b8942d",
        "0x9aa8c58101b5884b30d12507ca75a6bd1cb8f71c",
        "0x133ee93fe93320e1182923e1a640912ede17c90c",
        "0x86ca0bf368784c114c9e9df8108a19ab90c4ab2f",
        "0x0000000000000000000000000000000000000000"
    ],
    "tokens": [
        "0xe9e7cea3dedca5984780bafc599bd69add087d56",
        "0x12bb890508c125661e03b09ec06e404bc9289040",
        "0x9a78649501bbaac285ea4187299471b7ad4abd35",
        "0x4bd17003473389a42daf6a0a729f6fdb328bbbd7",
        "0x0000000000004946c0e9f43f4dee607b0ef1fa1c"
    ]
}