{
    "hash": "0xce46d05562310a84d61d0d6f3b1eb3eeb4821c3160c46cca76aea4bc2e587b50",
    "chain": "Binance",
    "U": [
        0,
        1,
        3,
        1,
        3,
        3,
        6,
        1,
        1,
        3,
        3
    ],
    "V": [
        1,
        2,
        1,
        4,
        5,
        6,
        1,
        7,
        6,
        8,
        9
    ],
    "feat": [
        [
            0,
            0,
            0,
            1,
            0.0,
            0.09090909090909091,
            0.0,
            0.2,
            -1.0
        ],
        [
            0,
            1,
            0,
            0,
            0.2727272727272727,
            0.36363636363636365,
            0.6,
            0.8,
            -0.965991833482512
        ],
        [
            0,
            0,
            1,
            0,
            0.09090909090909091,
            0.0,
            0.2,
            0.0,
            1.0
        ],
        [
            0,
            0,
            0,
            1,
            0.0,
            0.45454545454545453,
            0.0,
            0.6,
            -3.2
        ],
        [
            0,
            0,
            1,
            0,
            0.09090909090909091,
            0.0,
            0.2,
            0.0,
            1.0
        ],
        [
            0,
            0,
            0,
            1,
            0.09090909090909091,
            0.0,
            0.2,
            0.0,
            0.1
        ],
        [
            0,
            1,
            0,
            0,
            0.18181818181818182,
            0.09090909090909091,
            0.4,
            0.2,
            1.9659918334825122
        ],
        [
            0,
            0,
            1,
            0,
            0.09090909090909091,
            0.0,
            0.2,
            0.0,
            0
        ],
        [
            0,
            1,
            0,
            0,
            0.09090909090909091,
            0.0,
            0.2,
            0.0,
            1.0
        ],
        [
            0,
            0,
            0,
            1,
            0.09090909090909091,
            0.0,
            0.2,
            0.0,
            0.09999999999999996
        ]
    ],
    "nodeCount": 10,
    "edgeCount": 11,
    "tokenCount": 5,
    "nodes": [
        "0xa00aef043f6fcca4b329715e8b4da4d9e61ccd38",
        "0x1735783c26731789933a8cd308253a5f4ffa0802",
        "0xbb4cdb9cbd36b01bd1cbaebf2de08d9173bc095c",
        "0x0000000000000000000000000000000000000000",
        "0xd7d069493685a581d27824fc46eda46b7efc0063",
        "0xc44f82b07ab3e691f826951a6e335e1bc1bb0b51",
        "0xa625ab01b08ce023b2a342dbb12a16f2c8489a8f",
        "0x8f0528ce5ef7b51152a59745befdd91d97091d2f",
        "0xe2009352ae22cd1cfd4c89110fb0e9225a89cf8c",
        "0x71d7e2a8268c42364f8a430f4f4671dcb24c5ff5"
    ],
    "tokens": [
        "native_token",
        "0xd7d069493685a581d27824fc46eda46b7efc0063",
        "0xbb4cdb9cbd36b01bd1cbaebf2de08d9173bc095c",
        "0x8f0528ce5ef7b51152a59745befdd91d97091d2f",
        "0x8cef274596d334ffa10f8976a920ddc81ba6e29b"
    ]
}