{
    "hash": "0xd0be4a25fc752a3aa1d43ecb64549b10bfce3542575bc59f62e6e6cb904a9e46",
    "chain": "Ethereum",
    "U": [
        0,
        1,
        2,
        3,
        4,
        5,
        6,
        7,
        0,
        8
    ],
    "V": [
        1,
        2,
        3,
        4,
        5,
        6,
        7,
        0,
        8,
        0
    ],
    "feat": [
        [
            1,
            0,
            0,
            0,
            0.2,
            0.2,
            0.3333333333333333,
            0.3333333333333333,
            0.13513581100214056
        ],
        [
            0,
            1,
            0,
            0,
            0.1,
            0.1,
            0.16666666666666666,
            0.16666666666666666,
            -0.13513581100214067
        ],
        [
            0,
            0,
            1,
            0,
            0.1,
            0.1,
            0.16666666666666666,
            0.16666666666666666,
            0.10272311718644422
        ],
        [
            0,
            0,
            1,
            0,
            0.1,
            0.1,
            0.16666666666666666,
            0.16666666666666666,
            -0.10272311718644422
        ],
        [
            0,
            0,
            1,
            0,
            0.1,
            0.1,
            0.16666666666666666,
            0.16666666666666666,
            0.0
        ],
        [
            0,
            0,
            1,
            0,
            0.1,
            0.1,
            0.16666666666666666,
            0.16666666666666666,
            0.0290094014880814
        ],
        [
            0,
            0,
            1,
            0,
            0.1,
            0.1,
            0.16666666666666666,
            0.16666666666666666,
            -0.0290094014880814
        ],
        [
            0,
            0,
            1,
            0,
            0.1,
            0.1,
            0.16666666666666666,
            0.16666666666666666,
            0.0
        ],
        [
            0,
            0,
            1,
            0,
            0.1,
            0.1,
            0.16666666666666666,
            0.16666666666666666,
            0.0
        ]
    ],
    "nodeCount": 9,
    "edgeCount": 10,
    "tokenCount": 6,
    "nodes": [
        "0x0000000000000eb4ec62758aae93400b3e5f7f18",
        "0x4f0d6e2179938828cff93da40a8ba1df7519ca8c",
        "0xd6054455ca2e1aef02178e0462d9ab953bea4e23",
        "0x09792f32659fc8d98e1ad6cbbbbafb97d4fe3b2f",
        "0xf70932da90d76c377d048483db832f9aa3390fbb",
        "0xab659dee3030602c1af8c29d146facd4aed6ec85",
        "0x67e475577b4036ee4f0f12fa2d538ed18cef48e3",
        "0xfaab5238f5d2163e25518b0c1af205da0f783dd0",
        "0xc02aaa39b223fe8d0a0e5c4f27ead9083c756cc2"
    ],
    "tokens": [
        "native_token",
        "0x0cf0ee63788a0849fe5297f3407f701e122cc023",
        "0xc02aaa39b223fe8d0a0e5c4f27ead9083c756cc2",
        "0x98c36c0e953463bd5146c8783ce081ce1d187acf",
        "0x3f382dbd960e3a9bbceae22651e88158d2791550",
        "0x9d47894f8becb68b9cf3428d256311affe8b068b"
    ]
}