{
    "hash": "0xd08735f183f305ba46386966e1cce71b28bfc73caa6f0aa8bb37df34dd2d8671",
    "chain": "Binance",
    "U": [
        0,
        0,
        0,
        0,
        0,
        0,
        0,
        0,
        0,
        0,
        0,
        0,
        0,
        0,
        0,
        0,
        0,
        0,
        0,
        0,
        0,
        0,
        0,
        0,
        0,
        0,
        0,
        0,
        0,
        0,
        0,
        0,
        0,
        0,
        0,
        0,
        0,
        0,
        0,
        0,
        0,
        0
    ],
    "V": [
        1,
        1,
        1,
        1,
        1,
        1,
        1,
        1,
        1,
        1,
        1,
        1,
        1,
        1,
        1,
        1,
        1,
        1,
        1,
        1,
        1,
        1,
        1,
        1,
        1,
        1,
        1,
        1,
        1,
        1,
        1,
        1,
        1,
        1,
        1,
        1,
        1,
        1,
        1,
        1,
        1,
        1
    ],
    "feat": [
        [
            0,
            0,
            0,
            1,
            0.0,
            1.0,
            0.0,
            1.0,
            -33.396446627299106
        ],
        [
            0,
            0,
            0,
            1,
            1.0,
            0.0,
            1.0,
            0.0,
            33.396446627299106
        ]
    ],
    "nodeCount": 2,
    "edgeCount": 42,
    "tokenCount": 1,
    "nodes": [
        "0x0000000000000000000000000000000000000000",
        "0x3302d6e302ac7e3836f333bdadde9bcb3317e817"
    ],
    "tokens": [
        "0xacb8f52dc63bb752a51186d1c55868adbffee9c1"
    ]
}