{
    "hash": "0xd0280ef02e87d62300136055d48c546b0407db0763a8f4566dd2804eed925f31",
    "chain": "Ethereum",
    "U": [
        0,
        1,
        3,
        4
    ],
    "V": [
        1,
        2,
        1,
        0
    ],
    "feat": [
        [
            0,
            0,
            0,
            1,
            0.25,
            0.25,
            0.3333333333333333,
            0.3333333333333333,
            0.0
        ],
        [
            0,
            0,
            0,
            1,
            0.5,
            0.25,
            0.6666666666666666,
            0.3333333333333333,
            0.001227692444068589
        ],
        [
            0,
            1,
            0,
            0,
            0.25,
            0.0,
            0.3333333333333333,
            0.0,
            1.0
        ],
        [
            0,
            1,
            0,
            0,
            0.0,
            0.25,
            0.0,
            0.3333333333333333,
            -0.001227692444068589
        ],
        [
            0,
            0,
            1,
            0,
            0.0,
            0.25,
            0.0,
            0.3333333333333333,
            -1.0
        ]
    ],
    "nodeCount": 5,
    "edgeCount": 4,
    "tokenCount": 3,
    "nodes": [
        "0x5e014aa0649102e07c074f498845f01bcd520317",
        "0x0000000000000000000000000000000000000000",
        "0x464c71f6c2f760dda6093dcb91c24c39e5d6e18c",
        "0xdebf20617708857ebe4f679508e7b7863a8a8eee",
        "0xbcca60bb61934080951369a648fb03df4f96263c"
    ],
    "tokens": [
        "0xfd2a8fa60abd58efe3eee34dd494cd491dc14900",
        "0xbcca60bb61934080951369a648fb03df4f96263c",
        "0xa0b86991c6218b36c1d19d4a2e9eb0ce3606eb48"
    ]
}