{
    "hash": "0xd1741f2a757a13ef5fab3a60fa683664949a7ba54a4f1b9bf3f33322aa5e1cb1",
    "chain": "Ethereum",
    "U": [
        0,
        1,
        1
    ],
    "V": [
        1,
        0,
        2
    ],
    "feat": [
        [
            0,
            0,
            0,
            1,
            0.3333333333333333,
            0.3333333333333333,
            0.5,
            0.5,
            0.0
        ],
        [
            0,
            0,
            0,
            1,
            0.3333333333333333,
            0.6666666666666666,
            0.5,
            1.0,
            -0.0029999999999998916
        ],
        [
            0,
            0,
            0,
            1,
            0.3333333333333333,
            0.0,
            0.5,
            0.0,
            0.003
        ]
    ],
    "nodeCount": 3,
    "edgeCount": 3,
    "tokenCount": 2,
    "nodes": [
        "0xf3ae3bbdeb2fb7f9c32fbb1f4fbdaf1150a1c5ce",
        "0x0000000000000000000000000000000000000000",
        "0xfeefeefeefeefeefeefeefeefeefeefeefeefeef"
    ],
    "tokens": [
        "0x57ab1ec28d129707052df4df418d58a2d46d5f51",
        "0x9cf7e61853ea30a41b02169391b393b901eac457"
    ]
}