{
    "hash": "0xd2c0508a6bf0a3afee4e8df2cb0c61412b145d956590c496d937e6f6aadcb248",
    "chain": "Ethereum",
    "U": [
        0,
        2,
        3
    ],
    "V": [
        1,
        0,
        2
    ],
    "feat": [
        [
            0,
            0,
            0,
            1,
            0.3333333333333333,
            0.3333333333333333,
            0.5,
            0.5,
            0.9998750571428572
        ],
        [
            0,
            1,
            0,
            0,
            0.3333333333333333,
            0.0,
            0.5,
            0.0,
            0.00012494285714285714
        ],
        [
            0,
            0,
            0,
            1,
            0.3333333333333333,
            0.3333333333333333,
            0.5,
            0.5,
            0.0
        ],
        [
            0,
            0,
            1,
            0,
            0.0,
            0.3333333333333333,
            0.0,
            0.5,
            -1.0
        ]
    ],
    "nodeCount": 4,
    "edgeCount": 3,
    "tokenCount": 2,
    "nodes": [
        "0x0000000000000000000000000000000000000000",
        "0x464c71f6c2f760dda6093dcb91c24c39e5d6e18c",
        "0x6dd91bdab368282dc4ea4f4befc831b78a7c38c0",
        "0x9ff58f4ffb29fa2266ab25e75e2a8b3503311656"
    ],
    "tokens": [
        "0x9ff58f4ffb29fa2266ab25e75e2a8b3503311656",
        "0x2260fac5e5542a773aa44fbcfedf7c193bc2c599"
    ]
}