{
    "hash": "0xd27be1ea054e5c78e66e776e6011742e92234aca63a6d4062288b42e357726a5",
    "chain": "Binance",
    "U": [
        0,
        0,
        0,
        0,
        0,
        0,
        3,
        0,
        0,
        0,
        0,
        0,
        0,
        0,
        3,
        0,
        0,
        0,
        0,
        3,
        0,
        0,
        0,
        0,
        3,
        0,
        0,
        0,
        0,
        3,
        0,
        0,
        0,
        0,
        3,
        0,
        0,
        0,
        0,
        3,
        0,
        0,
        0,
        0
    ],
    "V": [
        1,
        2,
        3,
        1,
        2,
        3,
        4,
        1,
        1,
        2,
        3,
        1,
        2,
        3,
        4,
        1,
        1,
        2,
        3,
        4,
        1,
        1,
        2,
        3,
        4,
        1,
        1,
        2,
        3,
        4,
        1,
        1,
        2,
        3,
        4,
        1,
        1,
        2,
        3,
        4,
        1,
        1,
        2,
        3
    ],
    "feat": [
        [
            0,
            0,
            0,
            1,
            0.0,
            0.8409090909090909,
            0.0,
            1.0,
            -1.2254864006724506
        ],
        [
            0,
            1,
            0,
            0,
            0.38636363636363635,
            0.0,
            1.0,
            0.0,
            0.11380838609778936
        ],
        [
            0,
            1,
            0,
            0,
            0.22727272727272727,
            0.0,
            1.0,
            0.0,
            0.011006713015590705
        ],
        [
            0,
            1,
            0,
            0,
            0.22727272727272727,
            0.1590909090909091,
            1.0,
            1.0,
            -0.39583107519384936
        ],
        [
            0,
            0,
            0,
            1,
            0.1590909090909091,
            0.0,
            1.0,
            0.0,
            1.4965023767529197
        ]
    ],
    "nodeCount": 5,
    "edgeCount": 44,
    "tokenCount": 1,
    "nodes": [
        "0x0000000000000000000000000000000000000000",
        "0xffcdc72285a0aba0ac2192c5e93ea774826abc7f",
        "0x0118316c50dda729fcf4ee43cfb6c0dd3f8eede5",
        "0xa07fcb5edf05ea16e681ca7019e696c7dad2ee4a",
        "0xe85fac0637b44f192ee2315a9e5e6c492ed5bcd5"
    ],
    "tokens": [
        "0x129e6d84c6cab9b0c2f37ad1d14a9fe2e59dab09"
    ]
}