{
    "hash": "0xd468a1fb6461b84fca1cd76f6426d707009eb372e272d1d3d626a5222d259313",
    "chain": "Ethereum",
    "U": [
        0,
        1,
        2,
        3,
        1,
        1,
        4,
        1,
        5,
        1
    ],
    "V": [
        1,
        2,
        1,
        1,
        3,
        4,
        1,
        5,
        1,
        0
    ],
    "feat": [
        [
            0,
            0,
            0,
            1,
            0.1,
            0.1,
            0.25,
            0.25,
            0.0
        ],
        [
            1,
            0,
            0,
            0,
            0.5,
            0.5,
            1.0,
            1.0,
            0.0
        ],
        [
            0,
            0,
            1,
            0,
            0.1,
            0.1,
            0.25,
            0.25,
            -0.7
        ],
        [
            1,
            0,
            0,
            0,
            0.1,
            0.1,
            0.25,
            0.25,
            0.7001071867590065
        ],
        [
            0,
            1,
            0,
            0,
            0.1,
            0.1,
            0.25,
            0.25,
            -0.30000000000000004
        ],
        [
            0,
            1,
            0,
            0,
            0.1,
            0.1,
            0.25,
            0.25,
            0.2998928132409935
        ]
    ],
    "nodeCount": 6,
    "edgeCount": 10,
    "tokenCount": 4,
    "nodes": [
        "0x4145b8a9b596981cafe78c20bf7a18466686a88d",
        "0xfd3dfb524b2da40c8a6d703c62be36b5d8540626",
        "0xf55c33d94150d93c2cfb833bcca30be388b14964",
        "0x88e6a0c2ddd26feeb64f039a2c41296fcb3f5640",
        "0xf8d9b7691e7721a8697e1d72725375a7abfdf670",
        "0x23d1b2755d6c243dfa9dd06624f1686b9c9e13eb"
    ],
    "tokens": [
        "0xa1faa113cbe53436df28ff0aee54275c13b40975",
        "0xc02aaa39b223fe8d0a0e5c4f27ead9083c756cc2",
        "0xa0b86991c6218b36c1d19d4a2e9eb0ce3606eb48",
        "0x1f573d6fb3f13d689ff844b4ce37794d79a7ff1c"
    ]
}