{
    "hash": "0xd4c8ca9a110f937268a837ae1d0be0f8d6c576b5be3e9e1125906d30da629177",
    "chain": "Ethereum",
    "U": [
        0,
        0,
        3,
        2,
        5,
        4,
        6,
        4,
        2
    ],
    "V": [
        1,
        2,
        4,
        3,
        4,
        5,
        2,
        6,
        0
    ],
    "feat": [
        [
            0,
            0,
            0,
            1,
            0.1111111111111111,
            0.2222222222222222,
            0.25,
            0.25,
            -0.01010101010012221
        ],
        [
            0,
            0,
            0,
            1,
            0.1111111111111111,
            0.0,
            0.25,
            0.0,
            0.010101010100122312
        ],
        [
            0,
            1,
            0,
            0,
            0.2222222222222222,
            0.2222222222222222,
            0.5,
            0.5,
            0.0
        ],
        [
            1,
            0,
            0,
            0,
            0.1111111111111111,
            0.1111111111111111,
            0.25,
            0.25,
            0.0
        ],
        [
            0,
            1,
            0,
            0,
            0.2222222222222222,
            0.2222222222222222,
            0.5,
            0.5,
            0.0
        ],
        [
            1,
            0,
            0,
            0,
            0.1111111111111111,
            0.1111111111111111,
            0.25,
            0.25,
            0.0
        ],
        [
            1,
            0,
            0,
            0,
            0.1111111111111111,
            0.1111111111111111,
            0.25,
            0.25,
            0.0
        ]
    ],
    "nodeCount": 7,
    "edgeCount": 9,
    "tokenCount": 4,
    "nodes": [
        "0x947370bde5c14b7c3b203001dc04911ce3b87456",
        "0x382ffce2287252f930e1c8dc9328dac5bf282ba1",
        "0xe66b31678d6c16e9ebf358268a790b763c133750",
        "0x6ca34601c452848025713957069ff410d418b5cb",
        "0xdef1c0ded9bec7f1a1670819833240f027b25eff",
        "0x88e6a0c2ddd26feeb64f039a2c41296fcb3f5640",
        "0x2f62f2b4c5fcd7570a709dec05d68ea19c82a9ec"
    ],
    "tokens": [
        "0xc08512927d12348f6620a698105e1baac6ecd911",
        "0xa0b86991c6218b36c1d19d4a2e9eb0ce3606eb48",
        "0xc02aaa39b223fe8d0a0e5c4f27ead9083c756cc2",
        "0x95ad61b0a150d79219dcf64e1e6cc01f0b64c4ce"
    ]
}