{
    "hash": "0xd5a8e35e6cf4694e9ff133370798262c34b5425ead4bca48a9479e657ae0cc03",
    "chain": "Ethereum",
    "U": [
        0,
        1,
        2,
        3,
        2,
        4,
        2,
        5,
        2,
        3,
        2,
        6,
        2,
        7,
        2
    ],
    "V": [
        1,
        2,
        3,
        2,
        4,
        2,
        5,
        2,
        3,
        2,
        6,
        2,
        7,
        2,
        0
    ],
    "feat": [
        [
            0,
            0,
            0,
            1,
            0.06666666666666667,
            0.06666666666666667,
            0.25,
            0.25,
            0.0
        ],
        [
            0,
            1,
            0,
            0,
            0.06666666666666667,
            0.06666666666666667,
            0.25,
            0.25,
            0.0
        ],
        [
            1,
            0,
            0,
            0,
            0.4666666666666667,
            0.4666666666666667,
            1.0,
            1.0,
            3.885780586188048e-16
        ],
        [
            0,
            0,
            1,
            0,
            0.13333333333333333,
            0.13333333333333333,
            0.25,
            0.25,
            -0.6666666666666666
        ],
        [
            0,
            0,
            1,
            0,
            0.06666666666666667,
            0.06666666666666667,
            0.25,
            0.25,
            -0.33333333333333337
        ],
        [
            0,
            0,
            1,
            0,
            0.06666666666666667,
            0.06666666666666667,
            0.25,
            0.25,
            0.5968654818498385
        ],
        [
            0,
            0,
            1,
            0,
            0.06666666666666667,
            0.06666666666666667,
            0.25,
            0.25,
            0.13734495025294782
        ],
        [
            0,
            0,
            1,
            0,
            0.06666666666666667,
            0.06666666666666667,
            0.25,
            0.25,
            0.2657895678972138
        ]
    ],
    "nodeCount": 8,
    "edgeCount": 15,
    "tokenCount": 4,
    "nodes": [
        "0xd2e07735f60384ca213c67cf171ea2a597411111",
        "0x11111112542d85b3ef69ae05771c2dccff4faa26",
        "0xdb38ae75c5f44276803345f7f02e95a0aeef5944",
        "0xc02aaa39b223fe8d0a0e5c4f27ead9083c756cc2",
        "0xeeb82fa092e3cecb1ba99f8342775b70efb40cf8",
        "0x3b63a353c996a2c0a7beadd8a9052a04ca8d7a5c",
        "0x8ff9529e81c03c109a9e9c848cb3ac7615ce86ca",
        "0x6cb5c5cb789fae62ce5ce280e1fbc5dd3bbdad81"
    ],
    "tokens": [
        "native_token",
        "0xc02aaa39b223fe8d0a0e5c4f27ead9083c756cc2",
        "0xba100000625a3754423978a60c9317c58a424e3d",
        "0x467bccd9d29f223bce8043b84e8c8b282827790f"
    ]
}