{
    "hash": "0xd58fcf9aff7ce38be424dc567e962063245b113b1af2d78d6df7012c63ca6965",
    "chain": "Ethereum",
    "U": [
        0,
        1,
        2,
        3,
        0,
        1,
        1
    ],
    "V": [
        1,
        2,
        1,
        4,
        3,
        5,
        0
    ],
    "feat": [
        [
            0,
            0,
            0,
            1,
            0.14285714285714285,
            0.2857142857142857,
            0.25,
            0.5,
            -1.9975062357556084
        ],
        [
            0,
            1,
            0,
            0,
            0.2857142857142857,
            0.42857142857142855,
            0.5,
            0.5,
            0.0
        ],
        [
            0,
            0,
            1,
            0,
            0.14285714285714285,
            0.14285714285714285,
            0.25,
            0.25,
            -0.0024937642443916275
        ],
        [
            0,
            0,
            0,
            1,
            0.14285714285714285,
            0.14285714285714285,
            0.25,
            0.25,
            0.0
        ],
        [
            0,
            1,
            0,
            0,
            0.14285714285714285,
            0.0,
            0.25,
            0.0,
            1.0
        ],
        [
            0,
            0,
            1,
            0,
            0.14285714285714285,
            0.0,
            0.25,
            0.0,
            1.0
        ]
    ],
    "nodeCount": 6,
    "edgeCount": 7,
    "tokenCount": 4,
    "nodes": [
        "0xe43dbcfed11ca91ba3572d862ecbbbb4d7a29929",
        "0xcc9a0b7c43dc2a5f023bb9b738e45b0ef6b06e04",
        "0xc02aaa39b223fe8d0a0e5c4f27ead9083c756cc2",
        "0x0000000000000000000000000000000000000000",
        "0x464c71f6c2f760dda6093dcb91c24c39e5d6e18c",
        "0x030ba81f1c18d280636f32af80b9aad02cf0854e"
    ],
    "tokens": [
        "native_token",
        "0xc02aaa39b223fe8d0a0e5c4f27ead9083c756cc2",
        "0x030ba81f1c18d280636f32af80b9aad02cf0854e",
        "0xf63b34710400cad3e044cffdcab00a0f32e33ecf"
    ]
}