{
    "hash": "0xd67807904a1c3762f665b78c5192b60716b5721939a836a693dad0cb72ab5f0c",
    "chain": "Ethereum",
    "U": [
        0,
        1,
        2,
        1,
        3,
        4,
        1,
        1,
        0
    ],
    "V": [
        1,
        2,
        1,
        3,
        1,
        1,
        4,
        0,
        5
    ],
    "feat": [
        [
            0,
            1,
            0,
            0,
            0.1111111111111111,
            0.2222222222222222,
            0.3333333333333333,
            0.3333333333333333,
            0.0
        ],
        [
            1,
            0,
            0,
            0,
            0.4444444444444444,
            0.4444444444444444,
            1.0,
            1.0,
            0.0009653693292346333
        ],
        [
            0,
            1,
            0,
            0,
            0.1111111111111111,
            0.1111111111111111,
            0.3333333333333333,
            0.3333333333333333,
            -0.0009654658757576318
        ],
        [
            0,
            0,
            0,
            1,
            0.1111111111111111,
            0.1111111111111111,
            0.3333333333333333,
            0.3333333333333333,
            0.0
        ],
        [
            1,
            0,
            0,
            0,
            0.1111111111111111,
            0.1111111111111111,
            0.3333333333333333,
            0.3333333333333333,
            0.0
        ],
        [
            0,
            1,
            0,
            0,
            0.1111111111111111,
            0.0,
            0.3333333333333333,
            0.0,
            9.654652273919534e-08
        ]
    ],
    "nodeCount": 6,
    "edgeCount": 9,
    "tokenCount": 3,
    "nodes": [
        "0x4f868c1aa37fcf307ab38d215382e88fca6275e2",
        "0x3d71d79c224998e608d03c5ec9b405e7a38505f0",
        "0xbebc44782c7db0a1a60cb6fe97d0b483032ff1c7",
        "0x1ce1ceec677405655fde73f891f717cd4019703c",
        "0x88e6a0c2ddd26feeb64f039a2c41296fcb3f5640",
        "0x9a67f1940164d0318612b497e8e6038f902a00a4"
    ],
    "tokens": [
        "0xa0b86991c6218b36c1d19d4a2e9eb0ce3606eb48",
        "0x6b175474e89094c44da98b954eedeac495271d0f",
        "0xc02aaa39b223fe8d0a0e5c4f27ead9083c756cc2"
    ]
}