{
    "hash": "0xd70c1a2446a4638526efa46c53dd0c2c580fefcd168b68cd2e6504f0dd7048b4",
    "chain": "Binance",
    "U": [
        0,
        1,
        3,
        3,
        5,
        2,
        5,
        7,
        6,
        7,
        7,
        6,
        7,
        7,
        6,
        7,
        7,
        6
    ],
    "V": [
        1,
        2,
        4,
        5,
        2,
        5,
        6,
        6,
        7,
        6,
        6,
        7,
        6,
        6,
        7,
        6,
        6,
        7
    ],
    "feat": [
        [
            0,
            0,
            1,
            0,
            0.0,
            0.05555555555555555,
            0.0,
            0.3333333333333333,
            -1.0
        ],
        [
            0,
            1,
            0,
            0,
            0.05555555555555555,
            0.05555555555555555,
            0.3333333333333333,
            0.3333333333333333,
            0.0
        ],
        [
            0,
            1,
            0,
            0,
            0.1111111111111111,
            0.05555555555555555,
            0.6666666666666666,
            0.3333333333333333,
            1.0
        ],
        [
            0,
            0,
            0,
            1,
            0.0,
            0.1111111111111111,
            0.0,
            0.3333333333333333,
            -0.10902933244522017
        ],
        [
            0,
            1,
            0,
            0,
            0.05555555555555555,
            0.0,
            0.3333333333333333,
            0.0,
            0.013221483196344792
        ],
        [
            0,
            1,
            0,
            0,
            0.1111111111111111,
            0.1111111111111111,
            0.6666666666666666,
            0.6666666666666666,
            -0.9041921507511246
        ],
        [
            0,
            1,
            0,
            0,
            0.4444444444444444,
            0.2222222222222222,
            0.6666666666666666,
            0.3333333333333333,
            2.1274266249999987
        ],
        [
            0,
            0,
            1,
            0,
            0.2222222222222222,
            0.3888888888888889,
            0.3333333333333333,
            0.6666666666666666,
            -1.1274266249999987
        ]
    ],
    "nodeCount": 8,
    "edgeCount": 18,
    "tokenCount": 3,
    "nodes": [
        "0x36f4aecc8fdcc9042f0e1b4f12c915d243e78da1",
        "0xb06bade8d55e0be6e235674527299b73dcde1552",
        "0xc6f47d68a7217803cc9645c8d0bf098a9b74ff42",
        "0x0000000000000000000000000000000000000000",
        "0x28579eca0a326e53340edd93e18698d379876a04",
        "0x0895196562c7868c5be92459fae7f877ed450452",
        "0x95d3ee15b902711cc0ed39271cb5480fced80192",
        "0xeca88125a5adbe82614ffc12d0db554e2e2867c8"
    ],
    "tokens": [
        "0x8ac76a51cc950d9822d68b83fe1ad97b32cd580d",
        "0xa184088a740c695e156f91f5cc086a06bb78b827",
        "0xeca88125a5adbe82614ffc12d0db554e2e2867c8"
    ]
}