{
    "hash": "0xd9aca6aaad33614442dce56c973c38c4bcf330e15361c60ef5a1b0731ca0b606",
    "chain": "Ethereum",
    "U": [
        0,
        1,
        2,
        1,
        2,
        1,
        1,
        4,
        5,
        6,
        5,
        4,
        1,
        1
    ],
    "V": [
        1,
        2,
        1,
        2,
        1,
        3,
        4,
        5,
        6,
        5,
        4,
        1,
        3,
        7
    ],
    "feat": [
        [
            0,
            1,
            0,
            0,
            0.0,
            0.07142857142857142,
            0.0,
            0.3333333333333333,
            -1.0
        ],
        [
            0,
            1,
            0,
            0,
            0.2857142857142857,
            0.42857142857142855,
            1.0,
            1.0,
            0.0
        ],
        [
            0,
            0,
            1,
            0,
            0.14285714285714285,
            0.14285714285714285,
            0.6666666666666666,
            0.6666666666666666,
            0.0
        ],
        [
            0,
            0,
            0,
            1,
            0.14285714285714285,
            0.0,
            0.6666666666666666,
            0.0,
            0.03960112188666838
        ],
        [
            0,
            1,
            0,
            0,
            0.14285714285714285,
            0.14285714285714285,
            0.6666666666666666,
            0.6666666666666666,
            0.0
        ],
        [
            0,
            1,
            0,
            0,
            0.14285714285714285,
            0.14285714285714285,
            0.6666666666666666,
            0.6666666666666666,
            0.0
        ],
        [
            1,
            0,
            0,
            0,
            0.07142857142857142,
            0.07142857142857142,
            0.3333333333333333,
            0.3333333333333333,
            -0.0030030030030030463
        ],
        [
            0,
            0,
            0,
            1,
            0.07142857142857142,
            0.0,
            0.3333333333333333,
            0.0,
            0.9634018811163346
        ]
    ],
    "nodeCount": 8,
    "edgeCount": 14,
    "tokenCount": 3,
    "nodes": [
        "0x2f0b23f53734252bda2277357e97e1517d6b042a",
        "0x965572b8a017c03fcef4a6c25d4282f443f5d456",
        "0xc02aaa39b223fe8d0a0e5c4f27ead9083c756cc2",
        "0x76720ac2574631530ec8163e4085d6f98513fb27",
        "0x0c4e16899f2059f4e41ddb164317414a5c0d2988",
        "0x22f9dcf4647084d6c31b2765f6910cd85c178c18",
        "0x0000006daea1723962647b7e189d311d757fb793",
        "0x0000000000000000000000000000000000000000"
    ],
    "tokens": [
        "0xc02aaa39b223fe8d0a0e5c4f27ead9083c756cc2",
        "native_token",
        "0x6b175474e89094c44da98b954eedeac495271d0f"
    ]
}