{
    "hash": "0xdac4dee5ca5d17d98771d602c82876e37a89ddc82cb71718f73a8fcbf3551dbf",
    "chain": "Ethereum",
    "U": [
        0,
        1,
        2,
        0,
        3,
        0,
        4,
        0,
        0,
        1
    ],
    "V": [
        1,
        0,
        0,
        2,
        0,
        3,
        0,
        4,
        1,
        0
    ],
    "feat": [
        [
            1,
            0,
            0,
            0,
            0.5,
            0.5,
            1.0,
            1.0,
            0.04667649703184429
        ],
        [
            0,
            0,
            1,
            0,
            0.2,
            0.2,
            0.5,
            0.5,
            0.0
        ],
        [
            1,
            0,
            0,
            0,
            0.1,
            0.1,
            0.25,
            0.25,
            -0.04667649703184429
        ],
        [
            1,
            0,
            0,
            0,
            0.1,
            0.1,
            0.25,
            0.25,
            -1.1102230246251565e-16
        ],
        [
            1,
            0,
            0,
            0,
            0.1,
            0.1,
            0.25,
            0.25,
            -1.1102230246251565e-16
        ]
    ],
    "nodeCount": 5,
    "edgeCount": 10,
    "tokenCount": 4,
    "nodes": [
        "0x0000000000007f150bd6f54c40a34d7c3d5e9f56",
        "0xc02aaa39b223fe8d0a0e5c4f27ead9083c756cc2",
        "0x2f62f2b4c5fcd7570a709dec05d68ea19c82a9ec",
        "0xb0a115d33a93b6ee11c8c0539e30ae648aa5753f",
        "0xc246467ab1466f4963ba45c335479b3055e82060"
    ],
    "tokens": [
        "native_token",
        "0xc02aaa39b223fe8d0a0e5c4f27ead9083c756cc2",
        "0x95ad61b0a150d79219dcf64e1e6cc01f0b64c4ce",
        "0x27c70cd1946795b66be9d954418546998b546634"
    ]
}