{
    "hash": "0xda5791df12fc4678f25c6d794505f17ac6322561c45c2abfa844c83a8b63647a",
    "chain": "Ethereum",
    "U": [
        0,
        2,
        1,
        3,
        4,
        5,
        4,
        3,
        1,
        1,
        2,
        1,
        0
    ],
    "V": [
        1,
        1,
        3,
        4,
        5,
        4,
        3,
        1,
        6,
        7,
        1,
        0,
        8
    ],
    "feat": [
        [
            0,
            1,
            0,
            0,
            0.07692307692307693,
            0.15384615384615385,
            0.5,
            0.5,
            7.927560503911968e-05
        ],
        [
            0,
            1,
            0,
            0,
            0.3076923076923077,
            0.3076923076923077,
            1.0,
            1.0,
            -1.6653345369377348e-16
        ],
        [
            0,
            1,
            0,
            0,
            0.0,
            0.15384615384615385,
            0.0,
            0.5,
            -1.0001132497405982
        ],
        [
            0,
            1,
            0,
            0,
            0.15384615384615385,
            0.15384615384615385,
            1.0,
            1.0,
            0.0
        ],
        [
            0,
            1,
            0,
            0,
            0.15384615384615385,
            0.15384615384615385,
            1.0,
            1.0,
            0.0
        ],
        [
            1,
            0,
            0,
            0,
            0.07692307692307693,
            0.07692307692307693,
            0.5,
            0.5,
            0.0
        ],
        [
            0,
            1,
            0,
            0,
            0.07692307692307693,
            0.0,
            0.5,
            0.0,
            0.006567528960364772
        ],
        [
            0,
            0,
            0,
            1,
            0.07692307692307693,
            0.0,
            0.5,
            0.0,
            0.9934324710396353
        ],
        [
            0,
            1,
            0,
            0,
            0.07692307692307693,
            0.0,
            0.5,
            0.0,
            3.397413555903488e-05
        ]
    ],
    "nodeCount": 9,
    "edgeCount": 13,
    "tokenCount": 2,
    "nodes": [
        "0x3dfd23a6c5e8bbcfc9581d2e864a68feb6a076d3",
        "0x8c89f5a9db1298e6adfcd5dcfe10b5952432c4eb",
        "0xbf72da2bd84c5170618fbe5914b0eca9638d5eb5",
        "0x0c4e16899f2059f4e41ddb164317414a5c0d2988",
        "0x22f9dcf4647084d6c31b2765f6910cd85c178c18",
        "0x0000006daea1723962647b7e189d311d757fb793",
        "0x6467e807db1e71b9ef04e0e3afb962e4b0900b2b",
        "0x0000000000000000000000000000000000000000",
        "0xe3d9988f676457123c5fd01297605efdd0cba1ae"
    ],
    "tokens": [
        "0x2260fac5e5542a773aa44fbcfedf7c193bc2c599",
        "0x6b175474e89094c44da98b954eedeac495271d0f"
    ]
}