{
    "hash": "0xdb32a759daf65534a67da5d4d5b89fe363707a7696623ff580f467e4df67bcb9",
    "chain": "Ethereum",
    "U": [
        0,
        1,
        1,
        3,
        4,
        1
    ],
    "V": [
        1,
        2,
        3,
        4,
        1,
        0
    ],
    "feat": [
        [
            0,
            0,
            0,
            1,
            0.16666666666666666,
            0.16666666666666666,
            0.3333333333333333,
            0.3333333333333333,
            0.0
        ],
        [
            1,
            0,
            0,
            0,
            0.3333333333333333,
            0.5,
            0.6666666666666666,
            0.6666666666666666,
            0.0
        ],
        [
            0,
            0,
            0,
            1,
            0.16666666666666666,
            0.0,
            0.3333333333333333,
            0.0,
            0.00875
        ],
        [
            0,
            0,
            1,
            0,
            0.16666666666666666,
            0.16666666666666666,
            0.3333333333333333,
            0.3333333333333333,
            -0.008750000000000036
        ],
        [
            0,
            0,
            1,
            0,
            0.16666666666666666,
            0.16666666666666666,
            0.3333333333333333,
            0.3333333333333333,
            0.0
        ]
    ],
    "nodeCount": 5,
    "edgeCount": 6,
    "tokenCount": 3,
    "nodes": [
        "0xc14fe2bb657ed70ddbe9961c5aabe9efc0b98a26",
        "0x74de5d4fcbf63e00296fd95d33236b9794016631",
        "0x11ededebf63bef0ea2d2d071bdf88f71543ec6fb",
        "0x718dd8b743ea19d71bdb4cb48bb984b73a65ce06",
        "0xb3f39c3108cd45e1112d8bc9ae3cd5a110a7cebd"
    ],
    "tokens": [
        "0xc0f9bd5fa5698b6505f643900ffa515ea5df54a9",
        "0xc02aaa39b223fe8d0a0e5c4f27ead9083c756cc2",
        "0x2f141ce366a2462f02cea3d12cf93e4dca49e4fd"
    ]
}