{
    "hash": "0xdb92d8df8fe7eea5dd41aec7dfc2ab001edc734b8884c3cda5cd4b48af0cee5e",
    "chain": "Ethereum",
    "U": [
        0,
        1,
        0,
        2,
        3,
        4,
        0
    ],
    "V": [
        1,
        0,
        2,
        3,
        4,
        0,
        5
    ],
    "feat": [
        [
            1,
            0,
            0,
            0,
            0.2857142857142857,
            0.42857142857142855,
            0.4,
            0.6,
            -1.0
        ],
        [
            0,
            0,
            1,
            0,
            0.14285714285714285,
            0.14285714285714285,
            0.2,
            0.2,
            0.0
        ],
        [
            0,
            1,
            0,
            0,
            0.14285714285714285,
            0.14285714285714285,
            0.2,
            0.2,
            0.0
        ],
        [
            0,
            1,
            0,
            0,
            0.14285714285714285,
            0.14285714285714285,
            0.2,
            0.2,
            0.0
        ],
        [
            0,
            1,
            0,
            0,
            0.14285714285714285,
            0.14285714285714285,
            0.2,
            0.2,
            0.0
        ],
        [
            0,
            0,
            0,
            1,
            0.14285714285714285,
            0.0,
            0.2,
            0.0,
            1.0
        ]
    ],
    "nodeCount": 6,
    "edgeCount": 7,
    "tokenCount": 5,
    "nodes": [
        "0x4d246be90c2f36730bb853ad41d0a189061192d3",
        "0xc02aaa39b223fe8d0a0e5c4f27ead9083c756cc2",
        "0x2f9ec37d6ccfff1cab21733bdadede11c823ccb0",
        "0x4c9a2bd661d640da3634a4988a9bd2bc0f18e5a9",
        "0xf8d9b7691e7721a8697e1d72725375a7abfdf670",
        "0x0000000000000000000000000000000000000000"
    ],
    "tokens": [
        "0xc02aaa39b223fe8d0a0e5c4f27ead9083c756cc2",
        "native_token",
        "0x1f573d6fb3f13d689ff844b4ce37794d79a7ff1c",
        "0xa1faa113cbe53436df28ff0aee54275c13b40975",
        "0x0000000000004946c0e9f43f4dee607b0ef1fa1c"
    ]
}