{
    "hash": "0xdbfa2e0c33aa04af3cb83882f230a679743110dd63f154dac4498f0d45603592",
    "chain": "Ethereum",
    "U": [
        0,
        1,
        1,
        1,
        3,
        4,
        5,
        4,
        3,
        1,
        6,
        1,
        6,
        1
    ],
    "V": [
        1,
        2,
        2,
        3,
        4,
        5,
        4,
        3,
        1,
        6,
        1,
        6,
        1,
        7
    ],
    "feat": [
        [
            0,
            0,
            0,
            1,
            0.0,
            0.07142857142857142,
            0.0,
            0.3333333333333333,
            -1.0
        ],
        [
            0,
            1,
            0,
            0,
            0.2857142857142857,
            0.42857142857142855,
            1.0,
            1.0,
            0.0
        ],
        [
            0,
            0,
            0,
            1,
            0.14285714285714285,
            0.0,
            0.3333333333333333,
            0.0,
            0.014683149879555291
        ],
        [
            0,
            1,
            0,
            0,
            0.14285714285714285,
            0.14285714285714285,
            0.6666666666666666,
            0.6666666666666666,
            0.0
        ],
        [
            0,
            1,
            0,
            0,
            0.14285714285714285,
            0.14285714285714285,
            0.6666666666666666,
            0.6666666666666666,
            0.0
        ],
        [
            0,
            0,
            0,
            1,
            0.07142857142857142,
            0.07142857142857142,
            0.3333333333333333,
            0.3333333333333333,
            -0.014683149879555324
        ],
        [
            0,
            0,
            1,
            0,
            0.14285714285714285,
            0.14285714285714285,
            0.6666666666666666,
            0.6666666666666666,
            0.0
        ],
        [
            0,
            1,
            0,
            0,
            0.07142857142857142,
            0.0,
            0.3333333333333333,
            0.0,
            1.0
        ]
    ],
    "nodeCount": 8,
    "edgeCount": 14,
    "tokenCount": 3,
    "nodes": [
        "0x0000000000000000000000000000000000000000",
        "0x7afc24d610e07f6dcc27ab851888de661b176b91",
        "0x76720ac2574631530ec8163e4085d6f98513fb27",
        "0xd43c482507725ecba217e3e8a6acf78f14be24dd",
        "0x22f9dcf4647084d6c31b2765f6910cd85c178c18",
        "0x6be36e53242a2224942826afa2d24960419f84ee",
        "0xc02aaa39b223fe8d0a0e5c4f27ead9083c756cc2",
        "0x2f0b23f53734252bda2277357e97e1517d6b042a"
    ],
    "tokens": [
        "0x6b175474e89094c44da98b954eedeac495271d0f",
        "0xc02aaa39b223fe8d0a0e5c4f27ead9083c756cc2",
        "native_token"
    ]
}