{
    "hash": "0xdbb742388a5cfc393cb79e730dd97c4ee652b42c586e5a1a5ca32b5288d34525",
    "chain": "Ethereum",
    "U": [
        0,
        2,
        2,
        2,
        2,
        1,
        1
    ],
    "V": [
        1,
        1,
        1,
        1,
        1,
        3,
        0
    ],
    "feat": [
        [
            0,
            0,
            0,
            1,
            0.14285714285714285,
            0.14285714285714285,
            0.2,
            0.2,
            0.0
        ],
        [
            0,
            1,
            0,
            0,
            0.7142857142857143,
            0.2857142857142857,
            1.0,
            0.4,
            5.361324250641175e-05
        ],
        [
            0,
            1,
            0,
            0,
            0.0,
            0.5714285714285714,
            0.0,
            0.8,
            -1.0
        ],
        [
            0,
            0,
            0,
            1,
            0.14285714285714285,
            0.0,
            0.2,
            0.0,
            0.9999463867574937
        ]
    ],
    "nodeCount": 4,
    "edgeCount": 7,
    "tokenCount": 5,
    "nodes": [
        "0xe51a50e95c5a92cb4650eacf6ffcb3eb25c7a012",
        "0xfcba3e75865d2d561be8d220616520c171f12851",
        "0xa5407eae9ba41422680e2e00537571bcc53efbfd",
        "0x0000000000000000000000000000000000000000"
    ],
    "tokens": [
        "0xc25a3a3b969415c80451098fa907ec722572917f",
        "0x6b175474e89094c44da98b954eedeac495271d0f",
        "0xa0b86991c6218b36c1d19d4a2e9eb0ce3606eb48",
        "0xdac17f958d2ee523a2206206994597c13d831ec7",
        "0x57ab1ec28d129707052df4df418d58a2d46d5f51"
    ]
}