{
    "hash": "0xddd8a56163be2428a5609d702d4cdd77c1a996669d6ea86c62b0186716253bdb",
    "chain": "Binance",
    "U": [
        0,
        1,
        2,
        3,
        2,
        4,
        2,
        5,
        2,
        6,
        2,
        1
    ],
    "V": [
        1,
        2,
        3,
        2,
        4,
        2,
        5,
        2,
        6,
        2,
        1,
        0
    ],
    "feat": [
        [
            0,
            0,
            0,
            1,
            0.08333333333333333,
            0.08333333333333333,
            0.25,
            0.25,
            0.0
        ],
        [
            0,
            1,
            0,
            0,
            0.16666666666666666,
            0.16666666666666666,
            0.5,
            0.5,
            0.0
        ],
        [
            1,
            0,
            0,
            0,
            0.4166666666666667,
            0.4166666666666667,
            1.0,
            1.0,
            0.0
        ],
        [
            0,
            0,
            1,
            0,
            0.08333333333333333,
            0.08333333333333333,
            0.25,
            0.25,
            -0.975
        ],
        [
            0,
            0,
            1,
            0,
            0.08333333333333333,
            0.08333333333333333,
            0.25,
            0.25,
            0.9752702658856598
        ],
        [
            0,
            1,
            0,
            0,
            0.08333333333333333,
            0.08333333333333333,
            0.25,
            0.25,
            -0.025000000000000022
        ],
        [
            0,
            0,
            1,
            0,
            0.08333333333333333,
            0.08333333333333333,
            0.25,
            0.25,
            0.024729734114340207
        ]
    ],
    "nodeCount": 7,
    "edgeCount": 12,
    "tokenCount": 4,
    "nodes": [
        "0x09a93c45b57844fd32af543d9bc543bb06e21ec4",
        "0x8f8dd7db1bda5ed3da8c9daf3bfa471c12d58486",
        "0xbaf9a5d4b0052359326a6cdab54babaa3a3a9643",
        "0xacaac9311b0096e04dfe96b6d87dec867d3883dc",
        "0x61009926bd8f6d6c0962125be17fea82d561e601",
        "0xb3f0c9ea1f05e312093fdb031e789a756659b0ac",
        "0x1472976e0b97f5b2fc93f1fff14e2b5c4447b64f"
    ],
    "tokens": [
        "0xe9e7cea3dedca5984780bafc599bd69add087d56",
        "0xbb4cdb9cbd36b01bd1cbaebf2de08d9173bc095c",
        "0x20de22029ab63cf9a7cf5feb2b737ca1ee4c82a6",
        "0x8ac76a51cc950d9822d68b83fe1ad97b32cd580d"
    ]
}