{
    "hash": "0xdd67be150b062a2d2a020d1072f54c2413bc544a081f937cd8199dd57ad3a439",
    "chain": "Ethereum",
    "U": [
        0,
        1,
        2,
        0,
        0,
        3,
        3,
        0
    ],
    "V": [
        1,
        0,
        0,
        3,
        3,
        4,
        4,
        5
    ],
    "feat": [
        [
            0,
            1,
            0,
            0,
            0.25,
            0.5,
            0.5,
            1.0,
            -2.0
        ],
        [
            0,
            0,
            1,
            0,
            0.125,
            0.125,
            0.25,
            0.25,
            0.0
        ],
        [
            0,
            0,
            0,
            1,
            0.0,
            0.125,
            0.0,
            0.25,
            -1.0
        ],
        [
            0,
            0,
            1,
            0,
            0.25,
            0.25,
            0.5,
            0.5,
            2.2162201438025164e-05
        ],
        [
            1,
            0,
            0,
            0,
            0.25,
            0.0,
            0.5,
            0.0,
            1.999977837798562
        ],
        [
            0,
            1,
            0,
            0,
            0.125,
            0.0,
            0.25,
            0.0,
            1.0
        ]
    ],
    "nodeCount": 6,
    "edgeCount": 8,
    "tokenCount": 4,
    "nodes": [
        "0x23c4691108b0671f8c9071325efe484ce15065d2",
        "0xc02aaa39b223fe8d0a0e5c4f27ead9083c756cc2",
        "0x0000000000000000000000000000000000000000",
        "0x288a17459b5d0ecc401f5ecdc166f447ea3da13a",
        "0xcba27c8e7115b4eb50aa14999bc0866674a96ecb",
        "0xf3f1a1d89c0a2a990fc9d17193365306f69f93c0"
    ],
    "tokens": [
        "native_token",
        "0xc02aaa39b223fe8d0a0e5c4f27ead9083c756cc2",
        "0x288a17459b5d0ecc401f5ecdc166f447ea3da13a",
        "0x6f40d4a6237c257fff2db00fa0510deeecd303eb"
    ]
}