{
    "hash": "0xdd220768180819ed13dcaf75508d4699972753b8640b2164b524b04ef4367568",
    "chain": "Ethereum",
    "U": [
        0,
        2,
        1,
        3,
        4,
        3,
        2,
        2,
        3,
        4,
        3,
        5,
        2,
        1,
        3,
        4,
        3,
        2,
        2,
        1
    ],
    "V": [
        1,
        1,
        3,
        4,
        3,
        2,
        3,
        1,
        4,
        3,
        1,
        6,
        1,
        3,
        4,
        3,
        2,
        7,
        8,
        0
    ],
    "feat": [
        [
            0,
            0,
            0,
            1,
            0.05,
            0.05,
            0.25,
            0.25,
            0.0
        ],
        [
            0,
            0,
            1,
            0,
            0.25,
            0.15,
            0.5,
            0.25,
            0.00014158742629587876
        ],
        [
            0,
            0,
            1,
            0,
            0.1,
            0.3,
            0.25,
            0.5,
            -0.0003025438866970376
        ],
        [
            0,
            1,
            0,
            0,
            0.3,
            0.3,
            0.5,
            0.5,
            1.1102230246251565e-16
        ],
        [
            0,
            0,
            1,
            0,
            0.15,
            0.15,
            0.5,
            0.5,
            -0.9998390435395986
        ],
        [
            0,
            0,
            0,
            1,
            0.0,
            0.05,
            0.0,
            0.25,
            -1.0
        ],
        [
            0,
            0,
            0,
            1,
            0.05,
            0.0,
            0.25,
            0.0,
            1.0
        ],
        [
            0,
            0,
            0,
            1,
            0.05,
            0.0,
            0.25,
            0.0,
            0.4999999999999852
        ],
        [
            0,
            0,
            0,
            1,
            0.05,
            0.0,
            0.25,
            0.0,
            0.5000000000000149
        ]
    ],
    "nodeCount": 9,
    "edgeCount": 20,
    "tokenCount": 4,
    "nodes": [
        "0x0ff81614c04f6fd075f9521eaac9816a2fe82ced",
        "0x7f5cb8ee752ddc2286688255bad83a6bc06a2482",
        "0x0b5d37deb6bdffa5ff91cedb193f73e6758f4fc2",
        "0x7a250d5630b4cf539739df2c5dacb4c659f2488d",
        "0xc02aaa39b223fe8d0a0e5c4f27ead9083c756cc2",
        "0x0000000000000000000000000000000000000000",
        "0x5d8a399015f18afaeb4813896df36d614ccc4a6f",
        "0x3ca6a576e8a9acdeaa916e07d62827bc18f146cf",
        "0x48a67fc45d5224690eb418c7d88f90d68a44482d"
    ],
    "tokens": [
        "0x0b5d37deb6bdffa5ff91cedb193f73e6758f4fc2",
        "0xc02aaa39b223fe8d0a0e5c4f27ead9083c756cc2",
        "native_token",
        "0x7f5cb8ee752ddc2286688255bad83a6bc06a2482"
    ]
}