{
    "hash": "0xdec05da76b95f903c0cbaf0cee1a63130b42ab9a4d01db1cfeb3c513eb5ba927",
    "chain": "Binance",
    "U": [
        0,
        2,
        0,
        2,
        1,
        0,
        0,
        1,
        0,
        0,
        1,
        0,
        0,
        1,
        0,
        0,
        1,
        0,
        0,
        0,
        1,
        1,
        0,
        1,
        1,
        0,
        1,
        1,
        0,
        1,
        1,
        3,
        4
    ],
    "V": [
        1,
        0,
        1,
        0,
        0,
        1,
        1,
        0,
        1,
        1,
        0,
        1,
        1,
        0,
        1,
        1,
        0,
        3,
        4,
        1,
        0,
        0,
        1,
        0,
        0,
        1,
        0,
        0,
        1,
        0,
        0,
        4,
        5
    ],
    "feat": [
        [
            0,
            1,
            0,
            0,
            0.45454545454545453,
            0.48484848484848486,
            0.75,
            0.75,
            0.9799948027924885
        ],
        [
            0,
            0,
            1,
            0,
            0.42424242424242425,
            0.3939393939393939,
            0.5,
            0.5,
            0.0011318984726335635
        ],
        [
            0,
            1,
            0,
            0,
            0.0,
            0.06060606060606061,
            0.0,
            0.25,
            -1.982049363183556
        ],
        [
            0,
            0,
            1,
            0,
            0.030303030303030304,
            0.030303030303030304,
            0.25,
            0.25,
            4.419903694899809e-07
        ],
        [
            0,
            0,
            1,
            0,
            0.06060606060606061,
            0.030303030303030304,
            0.5,
            0.25,
            1.0
        ],
        [
            0,
            0,
            0,
            1,
            0.030303030303030304,
            0.0,
            0.25,
            0.0,
            0.0009222199280643688
        ]
    ],
    "nodeCount": 6,
    "edgeCount": 33,
    "tokenCount": 4,
    "nodes": [
        "0xfa3ccb086bf371a2ff33db8521be47c5b4b9d10e",
        "0xa07c5b74c9b40447a954e1466938b865b6bbea36",
        "0xfd36e2c2a6789db23113685031d7f16329158384",
        "0xbb4cdb9cbd36b01bd1cbaebf2de08d9173bc095c",
        "0x6be4741ab0ad233e4315a10bc783a7b923386b71",
        "0x1556c8e6fcebcb7d7b5270ab0097e58c235bac5e"
    ],
    "tokens": [
        "native_token",
        "0xcf6bb5389c92bdda8a3747ddb454cb7a64626c63",
        "0xa07c5b74c9b40447a954e1466938b865b6bbea36",
        "0xbb4cdb9cbd36b01bd1cbaebf2de08d9173bc095c"
    ]
}