{
    "hash": "0xde5c2349b738e27bc55677ce78c120df85924dc09419d2ce7dc63fbb660e7023",
    "chain": "Binance",
    "U": [
        0,
        2,
        1,
        4,
        3,
        2,
        5,
        3,
        3,
        6,
        2,
        5,
        1,
        4,
        3
    ],
    "V": [
        1,
        1,
        3,
        3,
        2,
        5,
        3,
        4,
        6,
        5,
        7,
        0,
        3,
        3,
        0
    ],
    "feat": [
        [
            0,
            0,
            0,
            1,
            0.13333333333333333,
            0.06666666666666667,
            0.5,
            0.25,
            1.0
        ],
        [
            0,
            1,
            0,
            0,
            0.13333333333333333,
            0.13333333333333333,
            0.25,
            0.25,
            -0.001920945297436527
        ],
        [
            0,
            1,
            0,
            0,
            0.06666666666666667,
            0.2,
            0.25,
            0.5,
            -0.16491930309576502
        ],
        [
            0,
            1,
            0,
            0,
            0.3333333333333333,
            0.26666666666666666,
            0.5,
            0.5,
            1.238343211990288
        ],
        [
            0,
            0,
            1,
            0,
            0.06666666666666667,
            0.13333333333333333,
            0.25,
            0.25,
            -1.2383432119902882
        ],
        [
            1,
            0,
            0,
            0,
            0.13333333333333333,
            0.13333333333333333,
            0.5,
            0.5,
            -0.09451134055078125
        ],
        [
            0,
            0,
            1,
            0,
            0.06666666666666667,
            0.06666666666666667,
            0.25,
            0.25,
            -0.8578200170511613
        ],
        [
            0,
            0,
            0,
            1,
            0.06666666666666667,
            0.0,
            0.25,
            0.0,
            0.11917160599514397
        ]
    ],
    "nodeCount": 8,
    "edgeCount": 15,
    "tokenCount": 4,
    "nodes": [
        "0x29a8605c743e3bdbada367e3221b6d55f752166b",
        "0xd936473e42199722383a47c09ae468269fa11aa8",
        "0xf0bdd3e7462e98c7d33264929f3f8b35c1145ecd",
        "0x10ed43c718714eb63d5aa57b78b54704e256024e",
        "0xbb4cdb9cbd36b01bd1cbaebf2de08d9173bc095c",
        "0xb3ea46c54e2c0aae6e67171631ef3152fd830008",
        "0x58f876857a02d6762e0101bb5c46a8c1ed44dc16",
        "0x303b51fa5daa5c79bc03ae72eca86f46c1c78c18"
    ],
    "tokens": [
        "0xf0bdd3e7462e98c7d33264929f3f8b35c1145ecd",
        "0xbb4cdb9cbd36b01bd1cbaebf2de08d9173bc095c",
        "native_token",
        "0xe9e7cea3dedca5984780bafc599bd69add087d56"
    ]
}