{
    "hash": "0xde80204ec5792bb8151322f22b5de747a4a37a6c978ca8ba8e089a988275fdfb",
    "chain": "Ethereum",
    "U": [
        0,
        1,
        2,
        3,
        4,
        3,
        5,
        2,
        2,
        7,
        6,
        2
    ],
    "V": [
        1,
        2,
        3,
        4,
        3,
        5,
        2,
        6,
        7,
        2,
        8,
        0
    ],
    "feat": [
        [
            0,
            0,
            0,
            1,
            0.08333333333333333,
            0.08333333333333333,
            0.25,
            0.25,
            0.0
        ],
        [
            0,
            1,
            0,
            0,
            0.08333333333333333,
            0.08333333333333333,
            0.25,
            0.25,
            0.0
        ],
        [
            1,
            0,
            0,
            0,
            0.25,
            0.3333333333333333,
            0.75,
            0.75,
            0.0
        ],
        [
            1,
            0,
            0,
            0,
            0.16666666666666666,
            0.16666666666666666,
            0.5,
            0.5,
            1.1102230246251565e-16
        ],
        [
            0,
            0,
            1,
            0,
            0.08333333333333333,
            0.08333333333333333,
            0.25,
            0.25,
            -0.0015376320466481408
        ],
        [
            1,
            0,
            0,
            0,
            0.08333333333333333,
            0.08333333333333333,
            0.25,
            0.25,
            0.0
        ],
        [
            0,
            1,
            0,
            0,
            0.08333333333333333,
            0.08333333333333333,
            0.25,
            0.25,
            0.0
        ],
        [
            0,
            0,
            0,
            1,
            0.08333333333333333,
            0.08333333333333333,
            0.25,
            0.25,
            0.0
        ],
        [
            0,
            1,
            0,
            0,
            0.08333333333333333,
            0.0,
            0.25,
            0.0,
            0.0015376320466481618
        ]
    ],
    "nodeCount": 9,
    "edgeCount": 12,
    "tokenCount": 4,
    "nodes": [
        "0x320297270e204e5d8037e034445947064286ffe7",
        "0x11111112542d85b3ef69ae05771c2dccff4faa26",
        "0xdb38ae75c5f44276803345f7f02e95a0aeef5944",
        "0x39d085e13d7876ca3311f0affb42778799d24f09",
        "0xc02aaa39b223fe8d0a0e5c4f27ead9083c756cc2",
        "0xb3c839dbde6b96d37c56ee4f9dad3390d49310aa",
        "0x61935cbdd02287b511119ddb11aeb42f1593b7ef",
        "0xf6d61560d1b6e70ab61cc58b0daa5b1dff742351",
        "0xa26e80e7dea86279c6d778d702cc413e6cffa777"
    ],
    "tokens": [
        "native_token",
        "0xc02aaa39b223fe8d0a0e5c4f27ead9083c756cc2",
        "0xa0b86991c6218b36c1d19d4a2e9eb0ce3606eb48",
        "0x50d1c9771902476076ecfc8b2a83ad6b9355a4c9"
    ]
}