{
    "hash": "0xdf294090efb5930763467126845bb9c35b366929b6fb86d46b206cb354e3fcfd",
    "chain": "Binance",
    "U": [
        0,
        0,
        3,
        0
    ],
    "V": [
        1,
        2,
        0,
        4
    ],
    "feat": [
        [
            0,
            0,
            0,
            1,
            0.25,
            0.75,
            0.5,
            0.5,
            -0.0025062656641603454
        ],
        [
            0,
            1,
            0,
            0,
            0.25,
            0.0,
            0.5,
            0.0,
            0.0017543859649122807
        ],
        [
            0,
            0,
            0,
            1,
            0.25,
            0.0,
            0.5,
            0.0,
            0.0007518796992481203
        ],
        [
            0,
            1,
            0,
            0,
            0.0,
            0.25,
            0.0,
            0.5,
            -1.0
        ],
        [
            0,
            0,
            0,
            1,
            0.25,
            0.0,
            0.5,
            0.0,
            1.0
        ]
    ],
    "nodeCount": 5,
    "edgeCount": 4,
    "tokenCount": 2,
    "nodes": [
        "0x0000000000000000000000000000000000000000",
        "0x9c86c4764e59a336c108a6f85be48f8a9a7fad85",
        "0xadbefe7b1cd46a2a15ed00d25b1580e2f3903bb8",
        "0x2c33d6fa54bb6fa81b3a569d639fe23ab36cca7f",
        "0x3ab8a60d3f0df036022673e542e54b29c68ffb14"
    ],
    "tokens": [
        "0x23e8a70534308a4aaf76fb8c32ec13d17a3bd89e",
        "0xde333eff717fb7e1d77f7c4df3ba1cb179305201"
    ]
}