{
    "hash": "0xe04954f0dccdaed11cab2d6f92ed91543c569b9195db469f0af90400b710494a",
    "chain": "Ethereum",
    "U": [
        0,
        2,
        0,
        2
    ],
    "V": [
        1,
        3,
        2,
        4
    ],
    "feat": [
        [
            0,
            0,
            0,
            1,
            0.0,
            0.5,
            0.0,
            0.5,
            -1.0075004672881356
        ],
        [
            0,
            1,
            0,
            0,
            0.25,
            0.0,
            0.5,
            0.0,
            0.007500467288135593
        ],
        [
            0,
            1,
            0,
            0,
            0.25,
            0.5,
            0.5,
            0.5,
            -0.007160719322033993
        ],
        [
            0,
            0,
            1,
            0,
            0.25,
            0.0,
            0.5,
            0.0,
            1.0
        ],
        [
            0,
            0,
            0,
            1,
            0.25,
            0.0,
            0.5,
            0.0,
            0.007160719322033898
        ]
    ],
    "nodeCount": 5,
    "edgeCount": 4,
    "tokenCount": 2,
    "nodes": [
        "0x0000000000000000000000000000000000000000",
        "0x464c71f6c2f760dda6093dcb91c24c39e5d6e18c",
        "0x20a2520c9da25c2da500dad8073f8a3f7cbf6bfa",
        "0xbcca60bb61934080951369a648fb03df4f96263c",
        "0x482579f93dc13e6b434e38b5a0447ca543d88a46"
    ],
    "tokens": [
        "0xbcca60bb61934080951369a648fb03df4f96263c",
        "0xa0b86991c6218b36c1d19d4a2e9eb0ce3606eb48"
    ]
}