{
    "hash": "0xe1a0641bd8bed3d8e331a3f4ff9ef6dae044c2c0478eae42e824b731159dccb0",
    "chain": "Ethereum",
    "U": [
        0,
        1,
        1,
        1,
        1,
        1,
        1,
        1,
        1,
        1,
        1,
        1,
        1,
        1,
        1,
        1,
        1,
        1,
        1,
        1,
        1,
        1,
        1,
        1,
        1,
        1,
        1,
        1,
        1,
        1,
        1,
        1,
        1,
        1,
        1,
        1,
        1,
        1,
        1,
        1,
        1,
        1,
        1,
        1,
        1,
        1,
        1,
        1,
        1,
        1,
        1,
        1,
        1,
        1,
        1,
        1,
        1,
        1,
        1,
        1,
        1,
        1,
        1,
        1,
        1,
        1,
        1
    ],
    "V": [
        1,
        1,
        2,
        1,
        2,
        1,
        2,
        1,
        2,
        1,
        2,
        1,
        2,
        1,
        2,
        1,
        2,
        1,
        2,
        1,
        2,
        1,
        2,
        1,
        2,
        1,
        2,
        1,
        2,
        1,
        2,
        1,
        2,
        1,
        2,
        1,
        2,
        1,
        2,
        1,
        2,
        1,
        2,
        1,
        2,
        1,
        2,
        1,
        2,
        1,
        2,
        1,
        2,
        1,
        2,
        1,
        2,
        1,
        2,
        1,
        2,
        1,
        2,
        1,
        2,
        1,
        2
    ],
    "feat": [
        [
            0,
            0,
            0,
            1,
            0.0,
            0.014925373134328358,
            0.0,
            1.0,
            -1.0
        ],
        [
            0,
            1,
            0,
            0,
            0.5074626865671642,
            0.9850746268656716,
            1.0,
            1.0,
            9.159339953157541e-16
        ],
        [
            0,
            0,
            0,
            1,
            0.4925373134328358,
            0.0,
            1.0,
            0.0,
            0.9999999999999993
        ]
    ],
    "nodeCount": 3,
    "edgeCount": 67,
    "tokenCount": 1,
    "nodes": [
        "0x5f7424f8224bd85866e837f8ac779c8e5eb8487f",
        "0xfbddadd80fe7bda00b901fbaf73803f2238ae655",
        "0x4b5057b2c87ec9e7c047fb00c0e406dff2fdacad"
    ],
    "tokens": [
        "native_token"
    ]
}