{
    "hash": "0xe1c5b768213839696dd0680ed0a70aeac66cd06bfdcd9cc39b38545b3c031c0b",
    "chain": "Ethereum",
    "U": [
        0,
        1,
        2,
        3,
        2,
        4
    ],
    "V": [
        1,
        2,
        3,
        2,
        4,
        0
    ],
    "feat": [
        [
            1,
            0,
            0,
            0,
            0.16666666666666666,
            0.16666666666666666,
            0.3333333333333333,
            0.3333333333333333,
            0.005465298750229053
        ],
        [
            0,
            0,
            1,
            0,
            0.16666666666666666,
            0.16666666666666666,
            0.3333333333333333,
            0.3333333333333333,
            -0.005465298750229053
        ],
        [
            1,
            0,
            0,
            0,
            0.3333333333333333,
            0.3333333333333333,
            0.6666666666666666,
            0.6666666666666666,
            -1.7266188478970435e-12
        ],
        [
            0,
            1,
            0,
            0,
            0.16666666666666666,
            0.16666666666666666,
            0.3333333333333333,
            0.3333333333333333,
            1.7266188478970435e-12
        ],
        [
            0,
            0,
            1,
            0,
            0.16666666666666666,
            0.16666666666666666,
            0.3333333333333333,
            0.3333333333333333,
            0.0
        ]
    ],
    "nodeCount": 5,
    "edgeCount": 6,
    "tokenCount": 3,
    "nodes": [
        "0xdfee68a9adb981cd08699891a11cabe10f25ec44",
        "0xc3d03e4f041fd4cd388c549ee2a29a9e5075882f",
        "0x0000000000007f150bd6f54c40a34d7c3d5e9f56",
        "0xa5407eae9ba41422680e2e00537571bcc53efbfd",
        "0xf1f85b2c54a2bd284b1cf4141d64fd171bd85539"
    ],
    "tokens": [
        "0xc02aaa39b223fe8d0a0e5c4f27ead9083c756cc2",
        "0x6b175474e89094c44da98b954eedeac495271d0f",
        "0x57ab1ec28d129707052df4df418d58a2d46d5f51"
    ]
}