{
    "hash": "0xe229493561de506aeb36dd2d2b0ec75f5997c3df7a39878390eb45bdc8f202a0",
    "chain": "Binance",
    "U": [
        0,
        1
    ],
    "V": [
        1,
        2
    ],
    "feat": [
        [
            0,
            0,
            0,
            1,
            0.0,
            0.5,
            0.0,
            1.0,
            -1.0
        ],
        [
            0,
            1,
            0,
            0,
            0.5,
            0.5,
            1.0,
            1.0,
            0.001996007984031989
        ],
        [
            1,
            0,
            0,
            0,
            0.5,
            0.0,
            1.0,
            0.0,
            0.998003992015968
        ]
    ],
    "nodeCount": 3,
    "edgeCount": 2,
    "tokenCount": 1,
    "nodes": [
        "0x5c40a3c89e89155e288ef91ffffca2623ac05a74",
        "0x6ad2f66b2e18924355089f0110408f3c97eea1fa",
        "0xfdabdc77bf11963f858bbbd2378d0c6856723a69"
    ],
    "tokens": [
        "0xeecf92bf5e8f96e174510e9cd2b2a857aa039460"
    ]
}