{
    "hash": "0xe2363c76dd20887c9402f6c04046f75dce17b8ca018a1f08e3f86e5f69c6aa6c",
    "chain": "Ethereum",
    "U": [
        0,
        2,
        3
    ],
    "V": [
        1,
        0,
        2
    ],
    "feat": [
        [
            0,
            0,
            0,
            1,
            0.3333333333333333,
            0.3333333333333333,
            0.5,
            0.5,
            0.9977522930112928
        ],
        [
            0,
            1,
            0,
            0,
            0.3333333333333333,
            0.0,
            0.5,
            0.0,
            0.002247706988707257
        ],
        [
            0,
            0,
            0,
            1,
            0.3333333333333333,
            0.3333333333333333,
            0.5,
            0.5,
            0.0
        ],
        [
            0,
            0,
            1,
            0,
            0.0,
            0.3333333333333333,
            0.0,
            0.5,
            -1.0
        ]
    ],
    "nodeCount": 4,
    "edgeCount": 3,
    "tokenCount": 2,
    "nodes": [
        "0x0000000000000000000000000000000000000000",
        "0x464c71f6c2f760dda6093dcb91c24c39e5d6e18c",
        "0xe457891452b23aae5e5dec72c76caa04e09507fb",
        "0xbcca60bb61934080951369a648fb03df4f96263c"
    ],
    "tokens": [
        "0xbcca60bb61934080951369a648fb03df4f96263c",
        "0xa0b86991c6218b36c1d19d4a2e9eb0ce3606eb48"
    ]
}