{
    "hash": "0xe23e01bff4316ccf8f079939cddf1c5190327f0cb39f536971eaf6808b29ee9a",
    "chain": "Binance",
    "U": [
        0,
        1,
        1
    ],
    "V": [
        1,
        0,
        0
    ],
    "feat": [
        [
            0,
            0,
            0,
            1,
            0.6666666666666666,
            0.3333333333333333,
            1.0,
            0.5,
            1.0
        ],
        [
            0,
            0,
            0,
            1,
            0.3333333333333333,
            0.6666666666666666,
            0.5,
            1.0,
            -1.0
        ]
    ],
    "nodeCount": 2,
    "edgeCount": 3,
    "tokenCount": 2,
    "nodes": [
        "0x0000000000000000000000000000000000000000",
        "0xf0d712e5247619a8bb9de2ad65399acd380a6e34"
    ],
    "tokens": [
        "0xce6bb8d92043e78e590bc27ea9f89b465fe9939f",
        "0xf8b074291974e2b360309ddbc1393769595c7565"
    ]
}