{
    "hash": "0xe27172a1290c06cfe7fbd709dab314e348513d8800ea7b726dd5b6215db56bc9",
    "chain": "Ethereum",
    "U": [
        0,
        1,
        2,
        3,
        1,
        1,
        4,
        5,
        1,
        5,
        1,
        7,
        8,
        7,
        1,
        1
    ],
    "V": [
        1,
        2,
        1,
        1,
        3,
        4,
        1,
        1,
        5,
        6,
        7,
        2,
        7,
        1,
        0,
        0
    ],
    "feat": [
        [
            0,
            0,
            0,
            1,
            0.125,
            0.0625,
            0.4,
            0.2,
            0.3210445565850726
        ],
        [
            1,
            0,
            0,
            0,
            0.375,
            0.4375,
            0.8,
            0.8,
            0.7200000000005393
        ],
        [
            0,
            1,
            0,
            0,
            0.125,
            0.0625,
            0.4,
            0.2,
            0.43005126130672994
        ],
        [
            1,
            0,
            0,
            0,
            0.0625,
            0.0625,
            0.2,
            0.2,
            -0.2710958178923415
        ],
        [
            0,
            0,
            1,
            0,
            0.0625,
            0.0625,
            0.2,
            0.2,
            -0.19999999999999996
        ],
        [
            0,
            1,
            0,
            0,
            0.0625,
            0.125,
            0.2,
            0.2,
            -2.0001998621177464e-05
        ],
        [
            0,
            1,
            0,
            0,
            0.0625,
            0.0,
            0.2,
            0.0,
            2.000199862110638e-05
        ],
        [
            0,
            1,
            0,
            0,
            0.125,
            0.125,
            0.4,
            0.4,
            1.1102230246251565e-16
        ],
        [
            0,
            0,
            0,
            1,
            0.0,
            0.0625,
            0.0,
            0.2,
            -1.0
        ]
    ],
    "nodeCount": 9,
    "edgeCount": 16,
    "tokenCount": 5,
    "nodes": [
        "0x3733ad8492c7c6b85af4b6f6b602eeb7a9b80fe3",
        "0x27239549dd40e1d60f5b80b0c4196923745b1fd2",
        "0xbebc44782c7db0a1a60cb6fe97d0b483032ff1c7",
        "0x868b7bbbfe148516e5397f23982923686182c2d2",
        "0x3058ef90929cb8180174d74c507176cca6835d73",
        "0xc9f93163c99695c6526b799ebca2207fdf7d61ad",
        "0x95c4f5b83aa70810d4f142d58e5f7242bd891cb0",
        "0x890f4e345b1daed0367a877a1612f86a1f86985f",
        "0x0000000000000000000000000000000000000000"
    ],
    "tokens": [
        "0x6b175474e89094c44da98b954eedeac495271d0f",
        "0xdac17f958d2ee523a2206206994597c13d831ec7",
        "0xa47c8bf37f92abed4a126bda807a7b7498661acd",
        "0xa0b86991c6218b36c1d19d4a2e9eb0ce3606eb48",
        "0x6c3f90f043a72fa612cbac8115ee7e52bde6e490"
    ]
}