{
    "hash": "0xe3b00936d40bb2bbce938705b790c6f519cae678cc41391f4b66b2e6e605b16f",
    "chain": "Ethereum",
    "U": [
        0,
        2,
        3,
        5,
        1,
        1,
        0
    ],
    "V": [
        1,
        1,
        4,
        4,
        4,
        0,
        6
    ],
    "feat": [
        [
            0,
            0,
            0,
            1,
            0.14285714285714285,
            0.2857142857142857,
            0.25,
            0.25,
            -0.007903522178730027
        ],
        [
            0,
            1,
            0,
            0,
            0.2857142857142857,
            0.2857142857142857,
            0.5,
            0.5,
            0.0
        ],
        [
            0,
            0,
            0,
            1,
            0.0,
            0.14285714285714285,
            0.0,
            0.25,
            -1.0
        ],
        [
            0,
            1,
            0,
            0,
            0.0,
            0.14285714285714285,
            0.0,
            0.25,
            -1.0
        ],
        [
            0,
            0,
            1,
            0,
            0.42857142857142855,
            0.0,
            0.75,
            0.0,
            2.00790352217873
        ],
        [
            0,
            1,
            0,
            0,
            0.0,
            0.14285714285714285,
            0.0,
            0.25,
            -1.0
        ],
        [
            0,
            0,
            0,
            1,
            0.14285714285714285,
            0.0,
            0.25,
            0.0,
            1.0
        ]
    ],
    "nodeCount": 7,
    "edgeCount": 7,
    "tokenCount": 4,
    "nodes": [
        "0x442aea0fd2afbd3391dae768f7046f132f0a6300",
        "0xde3c769ccd1878372864375e9f89956806b86daa",
        "0x0000000000000000000000000000000000000000",
        "0x3d9819210a31b4961b30ef54be2aed79b9c9cd3b",
        "0x3fe7940616e5bc47b0775a0dccf6237893353bb4",
        "0x275da8e61ea8e02d51edd8d0dc5c0e62b4cdb0be",
        "0x30d524adcf4385b5ef95067a630734886d7ea6e6"
    ],
    "tokens": [
        "0x6b175474e89094c44da98b954eedeac495271d0f",
        "0x3fe7940616e5bc47b0775a0dccf6237893353bb4",
        "0xc00e94cb662c3520282e6f5717214004a7f26888",
        "0x875773784af8135ea0ef43b5a374aad105c5d39e"
    ]
}