{
    "hash": "0xe454c2988410832bc518416cf731db3e901cd08ad66b12012a3b63d0604a273c",
    "chain": "Ethereum",
    "U": [
        0,
        1,
        1,
        1,
        4,
        3,
        3,
        1,
        5,
        1,
        5,
        1
    ],
    "V": [
        1,
        2,
        2,
        3,
        3,
        4,
        1,
        5,
        1,
        5,
        1,
        6
    ],
    "feat": [
        [
            0,
            0,
            0,
            1,
            0.0,
            0.08333333333333333,
            0.0,
            0.3333333333333333,
            -1.0
        ],
        [
            0,
            1,
            0,
            0,
            0.3333333333333333,
            0.5,
            1.0,
            1.0,
            0.0
        ],
        [
            0,
            0,
            0,
            1,
            0.16666666666666666,
            0.0,
            0.3333333333333333,
            0.0,
            0.005675420915548642
        ],
        [
            0,
            1,
            0,
            0,
            0.16666666666666666,
            0.16666666666666666,
            0.6666666666666666,
            0.6666666666666666,
            1.1102230246251565e-16
        ],
        [
            0,
            0,
            0,
            1,
            0.08333333333333333,
            0.08333333333333333,
            0.3333333333333333,
            0.3333333333333333,
            -0.0056754209155486235
        ],
        [
            0,
            0,
            1,
            0,
            0.16666666666666666,
            0.16666666666666666,
            0.6666666666666666,
            0.6666666666666666,
            0.0
        ],
        [
            0,
            1,
            0,
            0,
            0.08333333333333333,
            0.0,
            0.3333333333333333,
            0.0,
            1.0
        ]
    ],
    "nodeCount": 7,
    "edgeCount": 12,
    "tokenCount": 3,
    "nodes": [
        "0x0000000000000000000000000000000000000000",
        "0xcebdb3bcee6b1e52136418e2c6ba82a201be3664",
        "0x76720ac2574631530ec8163e4085d6f98513fb27",
        "0x5f3e654edeedf8f236b8a8bc4b459ae4fed7f44d",
        "0x56178a0d5f301baf6cf3e1cd53d9863437345bf9",
        "0xc02aaa39b223fe8d0a0e5c4f27ead9083c756cc2",
        "0x2f0b23f53734252bda2277357e97e1517d6b042a"
    ],
    "tokens": [
        "0x6b175474e89094c44da98b954eedeac495271d0f",
        "0xc02aaa39b223fe8d0a0e5c4f27ead9083c756cc2",
        "native_token"
    ]
}