{
    "hash": "0xe505abc35fc69c48f61e79a13337936c5c69ee6d1ccc62d8b1bdd763f1e6101a",
    "chain": "Binance",
    "U": [
        0,
        1,
        2,
        1,
        1
    ],
    "V": [
        1,
        2,
        1,
        0,
        3
    ],
    "feat": [
        [
            0,
            0,
            1,
            0,
            0.2,
            0.2,
            0.5,
            0.5,
            -0.0037413183403094408
        ],
        [
            1,
            0,
            0,
            0,
            0.4,
            0.6,
            1.0,
            1.0,
            0.0
        ],
        [
            0,
            1,
            0,
            0,
            0.2,
            0.2,
            0.5,
            0.5,
            0.0
        ],
        [
            0,
            0,
            0,
            1,
            0.2,
            0.0,
            0.5,
            0.0,
            0.0037413183403094494
        ]
    ],
    "nodeCount": 4,
    "edgeCount": 5,
    "tokenCount": 2,
    "nodes": [
        "0xc15fa3e22c912a276550f3e5fe3b0deb87b55acd",
        "0x9f792260f6a9341849ccb2430b58527930df7d39",
        "0x1b3771a66ee31180906972580ade9b81afc5fcdc",
        "0x9ef1e8a27f6a543647db6c2ec6d0625e4a459b3f"
    ],
    "tokens": [
        "0xe9e7cea3dedca5984780bafc599bd69add087d56",
        "0x55d398326f99059ff775485246999027b3197955"
    ]
}