{
    "hash": "0xe58e4f738aa03902105a4aa2d8c8d449953a758576e356c404a460cf38e0a729",
    "chain": "Binance",
    "U": [
        0,
        2,
        1,
        2,
        4,
        2,
        3,
        1,
        1,
        1,
        1,
        2,
        1
    ],
    "V": [
        1,
        1,
        3,
        4,
        5,
        3,
        6,
        7,
        7,
        7,
        7,
        1,
        0
    ],
    "feat": [
        [
            0,
            0,
            0,
            1,
            0.07692307692307693,
            0.07692307692307693,
            0.125,
            0.125,
            0.0
        ],
        [
            0,
            1,
            0,
            0,
            0.23076923076923078,
            0.46153846153846156,
            0.375,
            0.75,
            0.0
        ],
        [
            0,
            0,
            0,
            1,
            0.0,
            0.3076923076923077,
            0.0,
            0.5,
            -3.0
        ],
        [
            0,
            0,
            1,
            0,
            0.15384615384615385,
            0.07692307692307693,
            0.25,
            0.125,
            1.0
        ],
        [
            0,
            1,
            0,
            0,
            0.07692307692307693,
            0.07692307692307693,
            0.125,
            0.125,
            0
        ],
        [
            0,
            1,
            0,
            0,
            0.07692307692307693,
            0.0,
            0.125,
            0.0,
            0
        ],
        [
            0,
            0,
            1,
            0,
            0.07692307692307693,
            0.0,
            0.125,
            0.0,
            1.0
        ],
        [
            0,
            1,
            0,
            0,
            0.3076923076923077,
            0.0,
            0.5,
            0.0,
            1.0
        ]
    ],
    "nodeCount": 8,
    "edgeCount": 13,
    "tokenCount": 8,
    "nodes": [
        "0x737284cfc66fd5989f2ac866989d70ae134227cb",
        "0xf6e65b33370ee6a49eb0dbcaa9f43839c1ac04d5",
        "0x0000000000000000000000000000000000000000",
        "0x9171bf7c050ac8b4cf7835e51f7b4841dfb2ccd0",
        "0x5798c3573f06f5bd1acccf07de3b647734714076",
        "0xc78248d676debb4597e88071d3d889eca70e5469",
        "0x53a53a9e10abe9d18d009f6f962f51dc8b1d6edc",
        "0xaea4f7dcd172997947809ce6f12018a6d5c1e8b6"
    ],
    "tokens": [
        "0xe9e7cea3dedca5984780bafc599bd69add087d56",
        "0x9171bf7c050ac8b4cf7835e51f7b4841dfb2ccd0",
        "0x57160962dc107c8fbc2a619aca43f79fd03e7556",
        "0x53a53a9e10abe9d18d009f6f962f51dc8b1d6edc",
        "0x9a86fc508a423ae8a243445dba7ed5364118ab1d",
        "0x7a59bf07d529a5fdbab67d597d63d7d5a83e61e5",
        "0x55e1b1e49b969c018f2722445cd2dd9818ddcc25",
        "0x9cb73f20164e399958261c289eb5f9846f4d1404"
    ]
}