{
    "hash": "0xe66bdea1a11fff01b4ebde9420ad670b0724f46e7744e938323045ec51a93fd1",
    "chain": "Ethereum",
    "U": [
        0,
        1,
        2,
        1,
        2,
        1,
        1,
        3
    ],
    "V": [
        1,
        2,
        1,
        2,
        1,
        3,
        4,
        5
    ],
    "feat": [
        [
            0,
            0,
            0,
            1,
            0.0,
            0.125,
            0.0,
            0.3333333333333333,
            -1.0
        ],
        [
            0,
            1,
            0,
            0,
            0.375,
            0.5,
            0.6666666666666666,
            1.0,
            0.0
        ],
        [
            0,
            0,
            1,
            0,
            0.25,
            0.25,
            0.6666666666666666,
            0.6666666666666666,
            0.0
        ],
        [
            0,
            1,
            0,
            0,
            0.125,
            0.125,
            0.3333333333333333,
            0.3333333333333333,
            0.0
        ],
        [
            0,
            0,
            0,
            1,
            0.125,
            0.0,
            0.3333333333333333,
            0.0,
            0
        ],
        [
            0,
            1,
            0,
            0,
            0.125,
            0.0,
            0.3333333333333333,
            0.0,
            1.0
        ]
    ],
    "nodeCount": 6,
    "edgeCount": 8,
    "tokenCount": 3,
    "nodes": [
        "0xff1a52ca8edb296b10254f502916bb37fbc95612",
        "0x496f348f1c06d8bd6391eb5a4f09c76db9d61975",
        "0xc02aaa39b223fe8d0a0e5c4f27ead9083c756cc2",
        "0x24179cd81c9e782a4096035f7ec97fb8b783e007",
        "0x0000000000000000000000000000000000000000",
        "0xdf9eb223bafbe5c5271415c75aecd68c21fe3d7f"
    ],
    "tokens": [
        "native_token",
        "0xc02aaa39b223fe8d0a0e5c4f27ead9083c756cc2",
        "0x5f98805a4e8be255a32880fdec7f6728c6568ba0"
    ]
}