{
    "hash": "0xe71da0496030e653627d17636103625184a378dfda8c0ce24942a1e0029851d9",
    "chain": "Ethereum",
    "U": [
        0,
        1,
        0,
        2,
        0,
        3,
        3,
        0,
        5,
        0,
        1
    ],
    "V": [
        1,
        0,
        2,
        0,
        3,
        4,
        0,
        5,
        0,
        1,
        0
    ],
    "feat": [
        [
            1,
            0,
            0,
            0,
            0.45454545454545453,
            0.45454545454545453,
            1.0,
            1.0,
            0.03527788313128033
        ],
        [
            0,
            0,
            1,
            0,
            0.18181818181818182,
            0.18181818181818182,
            0.5,
            0.5,
            0.0
        ],
        [
            0,
            0,
            1,
            0,
            0.09090909090909091,
            0.09090909090909091,
            0.25,
            0.25,
            -0.03527788313128044
        ],
        [
            0,
            0,
            1,
            0,
            0.09090909090909091,
            0.18181818181818182,
            0.25,
            0.25,
            -0.005025125628140614
        ],
        [
            0,
            1,
            0,
            0,
            0.09090909090909091,
            0.0,
            0.25,
            0.0,
            0.005025125628140704
        ],
        [
            0,
            0,
            1,
            0,
            0.09090909090909091,
            0.09090909090909091,
            0.25,
            0.25,
            0.0
        ]
    ],
    "nodeCount": 6,
    "edgeCount": 11,
    "tokenCount": 4,
    "nodes": [
        "0x78a55b9b3bbeffb36a43d9905f654d2769dc55e8",
        "0xc02aaa39b223fe8d0a0e5c4f27ead9083c756cc2",
        "0x60a26d69263ef43e9a68964ba141263f19d71d51",
        "0x8f3f62a8337984ccb8a512c8a6408df71c23ffd3",
        "0xebc44681c125d63210a33d30c55fd3d37762675b",
        "0xab9bef8242c2b97772ae239a5d71c60496a06334"
    ],
    "tokens": [
        "native_token",
        "0xc02aaa39b223fe8d0a0e5c4f27ead9083c756cc2",
        "0x6b175474e89094c44da98b954eedeac495271d0f",
        "0x7865af71cf0b288b4e7f654f4f7851eb46a2b7f8"
    ]
}