{
    "hash": "0xe772b0a2f6adec8b2297733f60b935d5f97cc5a97f81ad1020767b3b0904c139",
    "chain": "Ethereum",
    "U": [
        0,
        2,
        3,
        2
    ],
    "V": [
        1,
        0,
        2,
        4
    ],
    "feat": [
        [
            0,
            0,
            0,
            1,
            0.25,
            0.25,
            0.5,
            0.5,
            0.9999966475599477
        ],
        [
            0,
            1,
            0,
            0,
            0.25,
            0.0,
            0.5,
            0.0,
            3.352440052377272e-06
        ],
        [
            0,
            1,
            0,
            0,
            0.25,
            0.5,
            0.5,
            1.0,
            -1.0
        ],
        [
            0,
            0,
            1,
            0,
            0.0,
            0.25,
            0.0,
            0.5,
            -1.0
        ],
        [
            0,
            1,
            0,
            0,
            0.25,
            0.0,
            0.5,
            0.0,
            1.0
        ]
    ],
    "nodeCount": 5,
    "edgeCount": 4,
    "tokenCount": 2,
    "nodes": [
        "0x0000000000000000000000000000000000000000",
        "0x464c71f6c2f760dda6093dcb91c24c39e5d6e18c",
        "0xa6c85ce49ca3f305999fd25a6087bac173b59f7c",
        "0x9ff58f4ffb29fa2266ab25e75e2a8b3503311656",
        "0xbf72da2bd84c5170618fbe5914b0eca9638d5eb5"
    ],
    "tokens": [
        "0x9ff58f4ffb29fa2266ab25e75e2a8b3503311656",
        "0x2260fac5e5542a773aa44fbcfedf7c193bc2c599"
    ]
}