{
    "hash": "0xe83efd709254d9f1156a7ada06494c4bd3cc9f132eaf1957e0499a6e3a695b99",
    "chain": "Ethereum",
    "U": [
        0,
        0,
        0
    ],
    "V": [
        1,
        1,
        1
    ],
    "feat": [
        [
            0,
            0,
            0,
            1,
            0.0,
            1.0,
            0.0,
            1.0,
            -1.6666666666666665
        ],
        [
            0,
            0,
            0,
            1,
            1.0,
            0.0,
            1.0,
            0.0,
            1.6666666666666665
        ]
    ],
    "nodeCount": 2,
    "edgeCount": 3,
    "tokenCount": 1,
    "nodes": [
        "0x3c561c0de449a7d07b66663d31f75fb8d5519e3a",
        "0x0000000000000000000000000000000000000000"
    ],
    "tokens": [
        "0x226de3151531ad8f6e4f6bebb1bd010ba25436fc"
    ]
}