{
    "hash": "0xe83888abad7a4abb59a0b0424bf0e42a3f11fc631fda14a0f756b5c7bb4df451",
    "chain": "Ethereum",
    "U": [
        0,
        1,
        1,
        2,
        1,
        3,
        1,
        4
    ],
    "V": [
        1,
        0,
        2,
        1,
        3,
        1,
        4,
        1
    ],
    "feat": [
        [
            1,
            0,
            0,
            0,
            0.125,
            0.125,
            0.25,
            0.25,
            -0.009590439696591013
        ],
        [
            1,
            0,
            0,
            0,
            0.5,
            0.5,
            1.0,
            1.0,
            0.009590439696590902
        ],
        [
            0,
            1,
            0,
            0,
            0.125,
            0.125,
            0.25,
            0.25,
            0.0
        ],
        [
            0,
            1,
            0,
            0,
            0.125,
            0.125,
            0.25,
            0.25,
            0.0
        ],
        [
            0,
            0,
            1,
            0,
            0.125,
            0.125,
            0.25,
            0.25,
            0.0
        ]
    ],
    "nodeCount": 5,
    "edgeCount": 8,
    "tokenCount": 4,
    "nodes": [
        "0x5447b274859457f11d7cc7131b378363bbee4e3a",
        "0x0000000089341e263b85d84a0eea39f47c37a9d2",
        "0xbff308a38e160d1b9f25d2c0545a98a930942750",
        "0x4c9a2bd661d640da3634a4988a9bd2bc0f18e5a9",
        "0xc02aaa39b223fe8d0a0e5c4f27ead9083c756cc2"
    ],
    "tokens": [
        "0x86772b1409b61c639eaac9ba0acfbb6e238e5f83",
        "0xc02aaa39b223fe8d0a0e5c4f27ead9083c756cc2",
        "0x1f573d6fb3f13d689ff844b4ce37794d79a7ff1c",
        "native_token"
    ]
}