{
    "hash": "0xe8dcf0a20daee127031543821d0ce3d684a796502ed4263205dddd825df755ac",
    "chain": "Ethereum",
    "U": [
        0,
        1,
        2,
        3,
        2,
        4,
        2,
        5,
        6,
        2,
        7,
        2
    ],
    "V": [
        1,
        2,
        3,
        2,
        4,
        2,
        5,
        6,
        2,
        7,
        2,
        0
    ],
    "feat": [
        [
            0,
            0,
            0,
            1,
            0.08333333333333333,
            0.08333333333333333,
            0.25,
            0.25,
            0.0
        ],
        [
            0,
            1,
            0,
            0,
            0.08333333333333333,
            0.08333333333333333,
            0.25,
            0.25,
            0.0
        ],
        [
            1,
            0,
            0,
            0,
            0.4166666666666667,
            0.4166666666666667,
            1.0,
            1.0,
            -1.1102230246251565e-16
        ],
        [
            0,
            0,
            1,
            0,
            0.08333333333333333,
            0.08333333333333333,
            0.25,
            0.25,
            -0.8
        ],
        [
            0,
            0,
            1,
            0,
            0.08333333333333333,
            0.08333333333333333,
            0.25,
            0.25,
            0.7978724363622355
        ],
        [
            1,
            0,
            0,
            0,
            0.08333333333333333,
            0.08333333333333333,
            0.25,
            0.25,
            0.0
        ],
        [
            1,
            0,
            0,
            0,
            0.08333333333333333,
            0.08333333333333333,
            0.25,
            0.25,
            -0.19999999999999996
        ],
        [
            0,
            0,
            1,
            0,
            0.08333333333333333,
            0.08333333333333333,
            0.25,
            0.25,
            0.20212756363776452
        ]
    ],
    "nodeCount": 8,
    "edgeCount": 12,
    "tokenCount": 4,
    "nodes": [
        "0xa20faf0ed0ebfc0a8ad727e5992fcc8098136f9c",
        "0x11111112542d85b3ef69ae05771c2dccff4faa26",
        "0x27239549dd40e1d60f5b80b0c4196923745b1fd2",
        "0xc02aaa39b223fe8d0a0e5c4f27ead9083c756cc2",
        "0x3f2eea452d4717dea05dbe55e1bfaf020294dd97",
        "0xa18607ca4a3804cc3cd5730eafefcc47a7641643",
        "0xfc7b1dad07111c77c5d619043d75ac9a19680760",
        "0x684b00a5773679f88598a19976fbeb25a68e9a5f"
    ],
    "tokens": [
        "native_token",
        "0xc02aaa39b223fe8d0a0e5c4f27ead9083c756cc2",
        "0x6468e79a80c0eab0f9a2b574c8d5bc374af59414",
        "0xa0b86991c6218b36c1d19d4a2e9eb0ce3606eb48"
    ]
}