{
    "hash": "0xe897cd67bf357a03d3959095fd98fa8e70052dbf7ace3af8d73fc4116dc54076",
    "chain": "Ethereum",
    "U": [
        0,
        1,
        3,
        2,
        2,
        4,
        2,
        4,
        2,
        5,
        2,
        4,
        2,
        6,
        2,
        2,
        1
    ],
    "V": [
        1,
        2,
        2,
        3,
        4,
        2,
        4,
        2,
        5,
        2,
        4,
        2,
        6,
        2,
        7,
        1,
        0
    ],
    "feat": [
        [
            0,
            0,
            0,
            1,
            0.058823529411764705,
            0.058823529411764705,
            0.25,
            0.25,
            0.0
        ],
        [
            0,
            1,
            0,
            0,
            0.11764705882352941,
            0.11764705882352941,
            0.5,
            0.5,
            0.0021775664999998945
        ],
        [
            0,
            1,
            0,
            0,
            0.4117647058823529,
            0.47058823529411764,
            1.0,
            1.0,
            4.996003610813204e-16
        ],
        [
            1,
            0,
            0,
            0,
            0.058823529411764705,
            0.058823529411764705,
            0.25,
            0.25,
            -0.0021775665000000055
        ],
        [
            0,
            0,
            1,
            0,
            0.17647058823529413,
            0.17647058823529413,
            0.5,
            0.5,
            5.551115123125783e-17
        ],
        [
            0,
            0,
            1,
            0,
            0.058823529411764705,
            0.058823529411764705,
            0.25,
            0.25,
            -0.0011172420819849371
        ],
        [
            0,
            0,
            1,
            0,
            0.058823529411764705,
            0.058823529411764705,
            0.25,
            0.25,
            0.0011172420819849926
        ],
        [
            0,
            0,
            0,
            1,
            0.058823529411764705,
            0.0,
            0.25,
            0.0,
            1.4867867865155793e-19
        ]
    ],
    "nodeCount": 8,
    "edgeCount": 17,
    "tokenCount": 4,
    "nodes": [
        "0x8b1ca84c014c8483a3a38ff9d696a5a4bf53d964",
        "0x3328f5f2cecaf00a2443082b657cedeaf70bfaef",
        "0x1bd435f3c054b6e901b7b108a0ab7617c808677b",
        "0x88e6a0c2ddd26feeb64f039a2c41296fcb3f5640",
        "0xc02aaa39b223fe8d0a0e5c4f27ead9083c756cc2",
        "0x3da1313ae46132a397d90d95b1424a9a7e3e0fce",
        "0x58dc5a51fe44589beb22e8ce67720b5bc5378009",
        "0xbc147973709a9f8f25b5f45021cab1ea030d3885"
    ],
    "tokens": [
        "0xa0b86991c6218b36c1d19d4a2e9eb0ce3606eb48",
        "0xc02aaa39b223fe8d0a0e5c4f27ead9083c756cc2",
        "native_token",
        "0xd533a949740bb3306d119cc777fa900ba034cd52"
    ]
}