{
    "hash": "0xea18fc7eb4812dcca287118bd6389baf10ced1b141b2f70171df71b74b5a0511",
    "chain": "Ethereum",
    "U": [
        0,
        1,
        1,
        1,
        1,
        1,
        1,
        1,
        1,
        1,
        1,
        1,
        1,
        1,
        1,
        1
    ],
    "V": [
        1,
        1,
        2,
        0,
        1,
        2,
        0,
        1,
        2,
        0,
        1,
        2,
        0,
        1,
        2,
        0
    ],
    "feat": [
        [
            0,
            0,
            0,
            1,
            0.3125,
            0.0625,
            0.5,
            0.5,
            3.7569407228513163
        ],
        [
            0,
            1,
            0,
            0,
            0.375,
            0.9375,
            0.5,
            1.0,
            -4.756940722851316
        ],
        [
            0,
            0,
            0,
            1,
            0.3125,
            0.0,
            0.5,
            0.0,
            0.9999999999999991
        ]
    ],
    "nodeCount": 3,
    "edgeCount": 16,
    "tokenCount": 2,
    "nodes": [
        "0x9e48b41453ddb089bc123eb6ebeff47b8a63ea7d",
        "0xfbddadd80fe7bda00b901fbaf73803f2238ae655",
        "0x4b5057b2c87ec9e7c047fb00c0e406dff2fdacad"
    ],
    "tokens": [
        "native_token",
        "0x990f341946a3fdb507ae7e52d17851b87168017c"
    ]
}