{
    "hash": "0xeaba4fa45018ab0e8ff93e796c0f49c9477198f66f6f4c525e8af714432a8b08",
    "chain": "Ethereum",
    "U": [
        0,
        1,
        2,
        3,
        2,
        4,
        2
    ],
    "V": [
        1,
        2,
        3,
        2,
        4,
        2,
        0
    ],
    "feat": [
        [
            0,
            0,
            0,
            1,
            0.14285714285714285,
            0.14285714285714285,
            0.3333333333333333,
            0.3333333333333333,
            0.0
        ],
        [
            0,
            1,
            0,
            0,
            0.14285714285714285,
            0.14285714285714285,
            0.3333333333333333,
            0.3333333333333333,
            0.0
        ],
        [
            1,
            0,
            0,
            0,
            0.42857142857142855,
            0.42857142857142855,
            1.0,
            1.0,
            0.0
        ],
        [
            0,
            1,
            0,
            0,
            0.14285714285714285,
            0.14285714285714285,
            0.3333333333333333,
            0.3333333333333333,
            0.0
        ],
        [
            0,
            0,
            1,
            0,
            0.14285714285714285,
            0.14285714285714285,
            0.3333333333333333,
            0.3333333333333333,
            0.0
        ]
    ],
    "nodeCount": 5,
    "edgeCount": 7,
    "tokenCount": 3,
    "nodes": [
        "0x4f5bbca1cd1790aea5c84e3d045a100ea3243355",
        "0x11111112542d85b3ef69ae05771c2dccff4faa26",
        "0xdb38ae75c5f44276803345f7f02e95a0aeef5944",
        "0xdc24316b9ae028f1497c275eb9192a3ea0f67022",
        "0x1f629794b34ffb3b29ff206be5478a52678b47ae"
    ],
    "tokens": [
        "native_token",
        "0xae7ab96520de3a18e5e111b5eaab095312d7fe84",
        "0x5a98fcbea516cf06857215779fd812ca3bef1b32"
    ]
}