{
    "hash": "0xebae18ab8fd3cee1eb14ea5c77e066310c7cccce0a3a0568fbacdabfdec9ac21",
    "chain": "Ethereum",
    "U": [
        0,
        1,
        1,
        1,
        1,
        1,
        1,
        1,
        1,
        1,
        1,
        1,
        1,
        1,
        1,
        1,
        1,
        1,
        1,
        1,
        1,
        1,
        1,
        1,
        1,
        1,
        1,
        1,
        1,
        1,
        1,
        1,
        1,
        1,
        1,
        1,
        1,
        1,
        1,
        1,
        1,
        1,
        1,
        1,
        1,
        1,
        1,
        1,
        1,
        1,
        1,
        1,
        1,
        1,
        1,
        1,
        1,
        1,
        1,
        1,
        1
    ],
    "V": [
        1,
        1,
        2,
        0,
        1,
        2,
        0,
        1,
        2,
        0,
        1,
        2,
        0,
        1,
        2,
        0,
        1,
        2,
        0,
        1,
        2,
        0,
        1,
        2,
        0,
        1,
        2,
        0,
        1,
        2,
        0,
        1,
        2,
        0,
        1,
        2,
        0,
        1,
        2,
        0,
        1,
        2,
        0,
        1,
        2,
        0,
        1,
        2,
        0,
        1,
        2,
        0,
        1,
        2,
        0,
        1,
        2,
        0,
        1,
        2,
        0
    ],
    "feat": [
        [
            0,
            0,
            0,
            1,
            0.32786885245901637,
            0.01639344262295082,
            0.5,
            0.5,
            19.0
        ],
        [
            0,
            1,
            0,
            0,
            0.3442622950819672,
            0.9836065573770492,
            0.5,
            1.0,
            -20.0
        ],
        [
            0,
            0,
            0,
            1,
            0.32786885245901637,
            0.0,
            0.5,
            0.0,
            0.999999999999997
        ]
    ],
    "nodeCount": 3,
    "edgeCount": 61,
    "tokenCount": 2,
    "nodes": [
        "0x237f38034ddcb0b6eec37366f7ee0b665bb4ffb3",
        "0xfbddadd80fe7bda00b901fbaf73803f2238ae655",
        "0x4b5057b2c87ec9e7c047fb00c0e406dff2fdacad"
    ],
    "tokens": [
        "native_token",
        "0x990f341946a3fdb507ae7e52d17851b87168017c"
    ]
}