{
    "hash": "0xeb256e3103853e64a46caac789f3e95526c95b6d6241d4e7c5ba6bbb6f7eea52",
    "chain": "Binance",
    "U": [
        0,
        1,
        0,
        2,
        3,
        0,
        0,
        4,
        4,
        5,
        4,
        0
    ],
    "V": [
        1,
        0,
        2,
        0,
        0,
        4,
        2,
        3,
        2,
        0,
        0,
        6
    ],
    "feat": [
        [
            0,
            1,
            0,
            0,
            0.4166666666666667,
            0.4166666666666667,
            0.8,
            1.0,
            -0.5112484868788308
        ],
        [
            0,
            0,
            1,
            0,
            0.08333333333333333,
            0.08333333333333333,
            0.2,
            0.2,
            0.0
        ],
        [
            0,
            0,
            1,
            0,
            0.25,
            0.08333333333333333,
            0.4,
            0.2,
            1.0059076591403873
        ],
        [
            0,
            0,
            1,
            0,
            0.08333333333333333,
            0.08333333333333333,
            0.2,
            0.2,
            0.011248486878830732
        ],
        [
            0,
            1,
            0,
            0,
            0.08333333333333333,
            0.25,
            0.2,
            0.4,
            -0.5059076591403875
        ],
        [
            0,
            0,
            0,
            1,
            0.0,
            0.08333333333333333,
            0.0,
            0.2,
            -1.0
        ],
        [
            0,
            1,
            0,
            0,
            0.08333333333333333,
            0.0,
            0.2,
            0.0,
            1.0
        ]
    ],
    "nodeCount": 7,
    "edgeCount": 12,
    "tokenCount": 5,
    "nodes": [
        "0x31fe02b9ea5501bfe8a872e205dfe6b6a79435ed",
        "0xf65c1c0478efde3c19b49ecbe7acc57bb6b1d713",
        "0x034c9e6b08c09a6144e0d0e52161338fb105e656",
        "0xbb4cdb9cbd36b01bd1cbaebf2de08d9173bc095c",
        "0x05ff2b0db69458a0750badebc4f9e13add608c7f",
        "0x0000000000000000000000000000000000000000",
        "0x9d5f6e85b3dead1cb27c8033059ab472674f62d4"
    ],
    "tokens": [
        "0x603c7f932ed1fc6575303d8fb018fdcbb0f39a95",
        "0xbb4cdb9cbd36b01bd1cbaebf2de08d9173bc095c",
        "0x8893d5fa71389673c5c4b9b3cb4ee1ba71207556",
        "native_token",
        "0x034c9e6b08c09a6144e0d0e52161338fb105e656"
    ]
}