{
    "hash": "0xeb3a71e857146808c876534041afe5586eccbe0e50ef692b750c62e30a24bc95",
    "chain": "Ethereum",
    "U": [
        0,
        1,
        0,
        2,
        3,
        3,
        0,
        5,
        0,
        1
    ],
    "V": [
        1,
        0,
        2,
        0,
        4,
        0,
        5,
        0,
        1,
        0
    ],
    "feat": [
        [
            1,
            0,
            0,
            0,
            0.5,
            0.4,
            1.0,
            0.75,
            1.0145426471827104
        ],
        [
            0,
            0,
            1,
            0,
            0.2,
            0.2,
            0.5,
            0.5,
            0.0
        ],
        [
            0,
            0,
            1,
            0,
            0.1,
            0.1,
            0.25,
            0.25,
            -0.01454264718753795
        ],
        [
            0,
            0,
            1,
            0,
            0.0,
            0.2,
            0.0,
            0.5,
            -1.0049999999951726
        ],
        [
            0,
            1,
            0,
            0,
            0.1,
            0.0,
            0.25,
            0.0,
            0.005000000000000051
        ],
        [
            0,
            1,
            0,
            0,
            0.1,
            0.1,
            0.25,
            0.25,
            0.0
        ]
    ],
    "nodeCount": 6,
    "edgeCount": 10,
    "tokenCount": 4,
    "nodes": [
        "0x0000000000007f150bd6f54c40a34d7c3d5e9f56",
        "0xc02aaa39b223fe8d0a0e5c4f27ead9083c756cc2",
        "0x2701ea55b8b4f0fe46c15a0f560e9cf0c430f833",
        "0x17ac188e09a7890a1844e5e65471fe8b0ccfadf3",
        "0x78a3ef33cf033381feb43ba4212f2af5a5a0a2ea",
        "0xc697051d1c6296c24ae3bcef39aca743861d9a81"
    ],
    "tokens": [
        "native_token",
        "0xc02aaa39b223fe8d0a0e5c4f27ead9083c756cc2",
        "0x17ac188e09a7890a1844e5e65471fe8b0ccfadf3",
        "0x7fc66500c84a76ad7e9c93437bfc5ac33e2ddae9"
    ]
}