{
    "hash": "0xeb17cde525ea25065cabc48227df3e4d3fd1049acde259194fe9074860c5adc6",
    "chain": "Binance",
    "U": [
        0,
        2,
        1,
        4,
        3,
        2,
        5,
        3,
        3,
        6,
        2,
        5,
        5,
        1,
        4,
        3
    ],
    "V": [
        1,
        1,
        3,
        3,
        2,
        5,
        3,
        4,
        6,
        5,
        7,
        0,
        8,
        3,
        3,
        0
    ],
    "feat": [
        [
            0,
            0,
            0,
            1,
            0.125,
            0.0625,
            0.5,
            0.25,
            0.023789654100433655
        ],
        [
            0,
            0,
            1,
            0,
            0.125,
            0.125,
            0.25,
            0.25,
            -0.00044850225946092837
        ],
        [
            0,
            0,
            1,
            0,
            0.0625,
            0.1875,
            0.25,
            0.5,
            -0.04069828108967688
        ],
        [
            0,
            1,
            0,
            0,
            0.3125,
            0.25,
            0.5,
            0.5,
            1.0705373428842364
        ],
        [
            0,
            0,
            1,
            0,
            0.0625,
            0.125,
            0.25,
            0.25,
            -1.0705373428842362
        ],
        [
            1,
            0,
            0,
            0,
            0.125,
            0.1875,
            0.5,
            0.5,
            0.3580088934520923
        ],
        [
            0,
            0,
            1,
            0,
            0.0625,
            0.0625,
            0.25,
            0.25,
            -0.9706094404649016
        ],
        [
            0,
            0,
            0,
            1,
            0.0625,
            0.0,
            0.25,
            0.0,
            0.011756223814039376
        ],
        [
            0,
            0,
            0,
            1,
            0.0625,
            0.0,
            0.25,
            0.0,
            0.618201452447474
        ]
    ],
    "nodeCount": 9,
    "edgeCount": 16,
    "tokenCount": 4,
    "nodes": [
        "0x6cf553d93e69d478906993059049b4e684c91197",
        "0x0fb6800ca4f8bf7646d8d1416ec5be9554f6ee90",
        "0x246b536d4da369407c2af434b03e3862ec2b6aa0",
        "0x10ed43c718714eb63d5aa57b78b54704e256024e",
        "0xbb4cdb9cbd36b01bd1cbaebf2de08d9173bc095c",
        "0x1c4efebfa89dd4483d5e232c991cd913b01c10a7",
        "0x58f876857a02d6762e0101bb5c46a8c1ed44dc16",
        "0xb8621dfddff2c39299538c5dc4c1c479c1d80802",
        "0xe956168530fa4ad244bc87fc428457c1702a0981"
    ],
    "tokens": [
        "0x246b536d4da369407c2af434b03e3862ec2b6aa0",
        "0xbb4cdb9cbd36b01bd1cbaebf2de08d9173bc095c",
        "native_token",
        "0xe9e7cea3dedca5984780bafc599bd69add087d56"
    ]
}