{
    "hash": "0xec99fead93a5952ff8e5131375107ffcf36f259c539550cbd46b86fe7cbd7df0",
    "chain": "Ethereum",
    "U": [
        0,
        0,
        1,
        2,
        3,
        1,
        4,
        3,
        1
    ],
    "V": [
        1,
        1,
        2,
        3,
        1,
        4,
        3,
        1,
        0
    ],
    "feat": [
        [
            0,
            0,
            0,
            1,
            0.1111111111111111,
            0.2222222222222222,
            0.25,
            0.5,
            -1.0
        ],
        [
            0,
            1,
            0,
            0,
            0.4444444444444444,
            0.3333333333333333,
            0.75,
            0.75,
            5.551115123125783e-17
        ],
        [
            0,
            0,
            1,
            0,
            0.1111111111111111,
            0.1111111111111111,
            0.25,
            0.25,
            0.0
        ],
        [
            0,
            0,
            1,
            0,
            0.2222222222222222,
            0.2222222222222222,
            0.25,
            0.25,
            0.8366925349195807
        ],
        [
            0,
            0,
            1,
            0,
            0.1111111111111111,
            0.1111111111111111,
            0.25,
            0.25,
            0.16330746508041927
        ]
    ],
    "nodeCount": 5,
    "edgeCount": 9,
    "tokenCount": 4,
    "nodes": [
        "0xfda93e97caa77d7d1aaec698a1a5419d73013313",
        "0x59daa74f2d15c87aac435ec18cb559f92490c100",
        "0x33906431e44553411b8668543ffc20aaa24f75f9",
        "0xb4e16d0168e52d35cacd2c6185b44281ec28c9dc",
        "0x5b272ce3e225b019a3fbd968206824b24c674344"
    ],
    "tokens": [
        "0xc4c2614e694cf534d407ee49f8e44d125e4681c4",
        "0xd69f306549e9d96f183b1aeca30b8f4353c2ecc3",
        "0xc02aaa39b223fe8d0a0e5c4f27ead9083c756cc2",
        "0xa0b86991c6218b36c1d19d4a2e9eb0ce3606eb48"
    ]
}