{
    "hash": "0xecd43c3a867b50b1e204e0967ebcbe81a1ec62654990805cfb940c3ac2f451e9",
    "chain": "Ethereum",
    "U": [
        0,
        2,
        3
    ],
    "V": [
        1,
        1,
        0
    ],
    "feat": [
        [
            0,
            0,
            0,
            1,
            0.3333333333333333,
            0.3333333333333333,
            0.5,
            0.5,
            0.0
        ],
        [
            0,
            0,
            0,
            1,
            0.6666666666666666,
            0.0,
            0.5,
            0.0,
            1.0000377372731046
        ],
        [
            0,
            1,
            0,
            0,
            0.0,
            0.3333333333333333,
            0.0,
            0.5,
            -3.773727310464546e-05
        ],
        [
            0,
            1,
            0,
            0,
            0.0,
            0.3333333333333333,
            0.0,
            0.5,
            -1.0
        ]
    ],
    "nodeCount": 4,
    "edgeCount": 3,
    "tokenCount": 2,
    "nodes": [
        "0xb58c4358669bb70df715b6747447eb63afea8916",
        "0x0000000000000000000000000000000000000000",
        "0x9555b042f969e561855e5f28cb1230819149a8d9",
        "0xdf9eb223bafbe5c5271415c75aecd68c21fe3d7f"
    ],
    "tokens": [
        "0x5f98805a4e8be255a32880fdec7f6728c6568ba0",
        "native_token"
    ]
}