{
    "hash": "0xed2270eea13e3861dd65736283049427e1ef0cf254ac685aaa25e45a2703a711",
    "chain": "Binance",
    "U": [
        0,
        2,
        1,
        0,
        1
    ],
    "V": [
        1,
        3,
        0,
        1,
        0
    ],
    "feat": [
        [
            1,
            0,
            0,
            0,
            0.4,
            0.4,
            0.6666666666666666,
            0.6666666666666666,
            -0.005987949149936389
        ],
        [
            0,
            0,
            1,
            0,
            0.4,
            0.4,
            0.6666666666666666,
            0.6666666666666666,
            0.005987949149936389
        ],
        [
            0,
            0,
            0,
            1,
            0.0,
            0.2,
            0.0,
            0.3333333333333333,
            -1.0
        ],
        [
            0,
            1,
            0,
            0,
            0.2,
            0.0,
            0.3333333333333333,
            0.0,
            1.0
        ]
    ],
    "nodeCount": 4,
    "edgeCount": 5,
    "tokenCount": 3,
    "nodes": [
        "0x551e668d75ae61597410aea9babb8e7e0b8a543f",
        "0x62c1dec1ff328dcdc157ae0068bb21af3967acd9",
        "0x0000000000000000000000000000000000000000",
        "0x782395303692abed877d2737aa7982345eb44c11"
    ],
    "tokens": [
        "0x55d398326f99059ff775485246999027b3197955",
        "0x9c65ab58d8d978db963e63f2bfb7121627e3a739",
        "0xe9e7cea3dedca5984780bafc599bd69add087d56"
    ]
}