{
    "hash": "0xeecf710a489ab72f182097c669c29bdf0eb916912f5928f4377a89cf4b85d40e",
    "chain": "Binance",
    "U": [
        0,
        0,
        3,
        4,
        6
    ],
    "V": [
        1,
        2,
        4,
        5,
        5
    ],
    "feat": [
        [
            0,
            0,
            0,
            1,
            0.0,
            0.4,
            0.0,
            0.3333333333333333,
            0
        ],
        [
            0,
            0,
            0,
            1,
            0.2,
            0.0,
            0.3333333333333333,
            0.0,
            0
        ],
        [
            0,
            0,
            1,
            0,
            0.2,
            0.0,
            0.3333333333333333,
            0.0,
            0
        ],
        [
            0,
            1,
            0,
            0,
            0.0,
            0.2,
            0.0,
            0.3333333333333333,
            -1.0
        ],
        [
            0,
            1,
            0,
            0,
            0.2,
            0.2,
            0.3333333333333333,
            0.3333333333333333,
            0.0
        ],
        [
            0,
            0,
            0,
            1,
            0.4,
            0.0,
            0.6666666666666666,
            0.0,
            2.0
        ],
        [
            0,
            1,
            0,
            0,
            0.0,
            0.2,
            0.0,
            0.3333333333333333,
            -1.0
        ]
    ],
    "nodeCount": 7,
    "edgeCount": 5,
    "tokenCount": 3,
    "nodes": [
        "0x0000000000000000000000000000000000000000",
        "0xd4cfec77cdc21573982ec85cf33cfde6cc677e74",
        "0x009cf7bc57584b7998236eff51b98a168dcea9b0",
        "0x73feaa1ee314f8c655e354234017be2193c9e24e",
        "0xb22425206d40605e9be5a5460786dbab5aba9485",
        "0x1e322c95cc6c00d0e7f53c9c5554b0492d00bda9",
        "0x1e2798ec9fae03522a9fa539c7b4be5c4ef04699"
    ],
    "tokens": [
        "0x0e09fabb73bd3ade0a17ecc321fd13a19e81ce82",
        "0x6411310c07d8c48730172146fd6f31fa84034a8b",
        "0x948d2a81086a075b3130bac19e4c6dee1d2e3fe8"
    ]
}