{
    "hash": "0xeeddc00aa8d1f7148040c29512cebe78191196a7f20f3f41f9467edc93446d8c",
    "chain": "Binance",
    "U": [
        0,
        2,
        1,
        4,
        3,
        2,
        2,
        3,
        3,
        5,
        2,
        1,
        4,
        3,
        2,
        0,
        7,
        7,
        1,
        4,
        3
    ],
    "V": [
        1,
        1,
        3,
        3,
        2,
        3,
        1,
        4,
        1,
        6,
        1,
        3,
        3,
        2,
        7,
        5,
        0,
        8,
        3,
        3,
        0
    ],
    "feat": [
        [
            0,
            0,
            0,
            1,
            0.09523809523809523,
            0.09523809523809523,
            0.2,
            0.4,
            -1.9971037084632386
        ],
        [
            0,
            0,
            1,
            0,
            0.23809523809523808,
            0.14285714285714285,
            0.4,
            0.2,
            0.3404910154954307
        ],
        [
            0,
            0,
            1,
            0,
            0.09523809523809523,
            0.23809523809523808,
            0.2,
            0.4,
            -1.024390243902439
        ],
        [
            0,
            1,
            0,
            0,
            0.3333333333333333,
            0.23809523809523808,
            0.4,
            0.4,
            1.6838992284070082
        ],
        [
            0,
            0,
            1,
            0,
            0.047619047619047616,
            0.14285714285714285,
            0.2,
            0.2,
            -0.004856245991920891
        ],
        [
            0,
            0,
            0,
            1,
            0.047619047619047616,
            0.047619047619047616,
            0.2,
            0.2,
            0.0
        ],
        [
            0,
            0,
            0,
            1,
            0.047619047619047616,
            0.0,
            0.2,
            0.0,
            1.0
        ],
        [
            0,
            0,
            1,
            0,
            0.047619047619047616,
            0.09523809523809523,
            0.2,
            0.2,
            -0.9980400455448405
        ],
        [
            1,
            0,
            0,
            0,
            0.047619047619047616,
            0.0,
            0.2,
            0.0,
            1.0
        ]
    ],
    "nodeCount": 9,
    "edgeCount": 21,
    "tokenCount": 5,
    "nodes": [
        "0x88ec76385fd6a554fc6b0663a2d131388b9a708f",
        "0xfa6faec58a41fd5673735d0795acded7fbf7e6e1",
        "0xf1018c71eebe32dd85012ad413bab6b940d0d51e",
        "0x10ed43c718714eb63d5aa57b78b54704e256024e",
        "0xbb4cdb9cbd36b01bd1cbaebf2de08d9173bc095c",
        "0x0000000000000000000000000000000000000000",
        "0xda7eb7f9a907aa2bae193c41574669e71c9b3cdb",
        "0xbdd2274262d05e79fc4ece64e8238c332f3d3ffc",
        "0x2d045410f002a95efcee67759a92518fa3fce677"
    ],
    "tokens": [
        "0xf1018c71eebe32dd85012ad413bab6b940d0d51e",
        "0xbb4cdb9cbd36b01bd1cbaebf2de08d9173bc095c",
        "native_token",
        "0xfa6faec58a41fd5673735d0795acded7fbf7e6e1",
        "0xbdd2274262d05e79fc4ece64e8238c332f3d3ffc"
    ]
}