{
    "hash": "0xee90f43ffde46ab526ca1c90daec86bee0f124fc02a249f2f6abc55960d468c2",
    "chain": "Binance",
    "U": [
        0,
        0,
        1,
        1,
        0,
        0,
        1,
        1,
        0,
        0,
        1,
        1,
        0,
        0,
        1,
        1,
        0,
        0,
        1,
        1,
        0,
        0,
        1,
        1,
        0,
        0,
        1,
        1,
        0,
        0,
        1,
        1,
        0,
        0,
        1,
        1,
        0,
        0,
        1,
        1,
        0,
        0,
        1,
        1,
        0,
        0,
        1,
        1,
        0,
        0,
        1,
        1,
        0,
        0,
        1,
        1,
        0,
        0,
        1,
        1,
        0,
        0,
        1,
        1,
        0,
        0,
        1,
        1,
        0,
        0,
        1,
        1,
        0,
        0,
        0,
        0,
        0,
        0
    ],
    "V": [
        1,
        1,
        0,
        0,
        1,
        1,
        0,
        0,
        1,
        1,
        0,
        0,
        1,
        1,
        0,
        0,
        1,
        1,
        0,
        0,
        1,
        1,
        0,
        0,
        1,
        1,
        0,
        0,
        1,
        1,
        0,
        0,
        1,
        1,
        0,
        0,
        1,
        1,
        0,
        0,
        1,
        1,
        0,
        0,
        1,
        1,
        0,
        0,
        1,
        1,
        0,
        0,
        1,
        1,
        0,
        0,
        1,
        1,
        0,
        0,
        1,
        1,
        0,
        0,
        1,
        1,
        0,
        0,
        1,
        1,
        0,
        0,
        1,
        1,
        1,
        1,
        1,
        1
    ],
    "feat": [
        [
            1,
            0,
            0,
            0,
            0.46153846153846156,
            0.5384615384615384,
            1.0,
            1.0,
            2.2222222222222223
        ],
        [
            0,
            1,
            0,
            0,
            0.5384615384615384,
            0.46153846153846156,
            1.0,
            1.0,
            -2.2222222222222223
        ]
    ],
    "nodeCount": 2,
    "edgeCount": 78,
    "tokenCount": 2,
    "nodes": [
        "0x34ace93987c7f737b2475b40e6846b7722eeca9b",
        "0x38a3b2c9d503046d3c734528c65c34c161e80344"
    ],
    "tokens": [
        "0x7083609fce4d1d8dc0c979aab8c869ea2c873402",
        "0xe9e7cea3dedca5984780bafc599bd69add087d56"
    ]
}