{
    "hash": "0xeef5cce967392f367421d7b1f16d9cc9a4aaca224a54db64cb838969f9315ccf",
    "chain": "Binance",
    "U": [
        0,
        1,
        2,
        0
    ],
    "V": [
        1,
        2,
        0,
        3
    ],
    "feat": [
        [
            1,
            0,
            0,
            0,
            0.25,
            0.5,
            0.5,
            0.5,
            0.0
        ],
        [
            0,
            0,
            1,
            0,
            0.25,
            0.25,
            0.5,
            0.5,
            -0.010798586444927816
        ],
        [
            0,
            0,
            1,
            0,
            0.25,
            0.25,
            0.5,
            0.5,
            0.0
        ],
        [
            0,
            0,
            0,
            1,
            0.25,
            0.0,
            0.5,
            0.0,
            0.01079858644492783
        ]
    ],
    "nodeCount": 4,
    "edgeCount": 4,
    "tokenCount": 2,
    "nodes": [
        "0xcc43b232dd8273bac669dad04b23448ff55ce3ee",
        "0xd7b0ae5952127154c320577642c28e0ca574077f",
        "0xc38d8e3f2212703b76bb7fc6d871af7ad6268a01",
        "0x6fed3cc06330edec296d408fa732cb30800a696b"
    ],
    "tokens": [
        "0xbb4cdb9cbd36b01bd1cbaebf2de08d9173bc095c",
        "0x06677dc4fe12d3ba3c7ccfd0df8cd45e4d4095bf"
    ]
}