{
    "hash": "0xefea7d1e292b3d3022c66677a57b3ec527e01a42933aabf75900a766e873cdc1",
    "chain": "Ethereum",
    "U": [
        0,
        2,
        1,
        1,
        3,
        1,
        0
    ],
    "V": [
        1,
        1,
        2,
        3,
        1,
        0,
        4
    ],
    "feat": [
        [
            0,
            0,
            0,
            1,
            0.14285714285714285,
            0.2857142857142857,
            0.25,
            0.5,
            -1.0
        ],
        [
            1,
            0,
            0,
            0,
            0.42857142857142855,
            0.42857142857142855,
            0.75,
            0.75,
            0.0
        ],
        [
            1,
            0,
            0,
            0,
            0.14285714285714285,
            0.14285714285714285,
            0.25,
            0.25,
            0.0
        ],
        [
            0,
            0,
            1,
            0,
            0.14285714285714285,
            0.14285714285714285,
            0.25,
            0.25,
            0.0
        ],
        [
            0,
            0,
            0,
            1,
            0.14285714285714285,
            0.0,
            0.25,
            0.0,
            1.0
        ]
    ],
    "nodeCount": 5,
    "edgeCount": 7,
    "tokenCount": 4,
    "nodes": [
        "0x35da3d2f891ba64e6fc625a1ff2b1074c41f5559",
        "0xb3c9669a5706477a2b237d98edb9b57678926f04",
        "0x0000006daea1723962647b7e189d311d757fb793",
        "0x811beed0119b4afce20d2583eb608c6f7af1954f",
        "0x0000000000000000000000000000000000000000"
    ],
    "tokens": [
        "0xdac17f958d2ee523a2206206994597c13d831ec7",
        "0xc02aaa39b223fe8d0a0e5c4f27ead9083c756cc2",
        "0x95ad61b0a150d79219dcf64e1e6cc01f0b64c4ce",
        "0x0000000000004946c0e9f43f4dee607b0ef1fa1c"
    ]
}