{
    "hash": "0xf1cd11b279edd93b3d9cfa770e93c2e61bee2d8c1cb32aae8bff667523d97897",
    "chain": "Ethereum",
    "U": [
        0,
        2,
        3,
        4,
        2,
        5,
        2,
        6,
        2,
        6,
        1,
        9,
        2,
        9,
        1,
        9
    ],
    "V": [
        1,
        1,
        1,
        1,
        1,
        1,
        1,
        7,
        6,
        8,
        9,
        7,
        9,
        8,
        9,
        6
    ],
    "feat": [
        [
            0,
            1,
            0,
            0,
            0.0,
            0.0625,
            0.0,
            0.25,
            -0.21239246364227038
        ],
        [
            0,
            0,
            0,
            1,
            0.4375,
            0.125,
            0.75,
            0.5,
            1.0000000000000002
        ],
        [
            0,
            0,
            0,
            1,
            0.0,
            0.3125,
            0.0,
            0.5,
            -2.213844060278882
        ],
        [
            0,
            1,
            0,
            0,
            0.0,
            0.0625,
            0.0,
            0.25,
            -1.0
        ],
        [
            0,
            1,
            0,
            0,
            0.0,
            0.0625,
            0.0,
            0.25,
            -0.0014484558270897855
        ],
        [
            0,
            1,
            0,
            0,
            0.0,
            0.0625,
            0.0,
            0.25,
            -3.1408095215204147e-06
        ],
        [
            0,
            1,
            0,
            0,
            0.125,
            0.125,
            0.5,
            0.5,
            0.0
        ],
        [
            0,
            1,
            0,
            0,
            0.125,
            0.0,
            0.25,
            0.0,
            1.2138440602788816
        ],
        [
            0,
            1,
            0,
            0,
            0.125,
            0.0,
            0.25,
            0.0,
            1.2138440602788816
        ],
        [
            0,
            1,
            0,
            0,
            0.1875,
            0.1875,
            0.75,
            0.75,
            -2.220446049250313e-16
        ]
    ],
    "nodeCount": 10,
    "edgeCount": 16,
    "tokenCount": 4,
    "nodes": [
        "0xfd5abf66b003881b88567eb9ed9c651f14dc4771",
        "0x4dacd010e15e220bc6c5c3210d166505d2b6c63a",
        "0x0000000000000000000000000000000000000000",
        "0x69a92f1656cd2e193797546cfe2eaf32eaccf6f7",
        "0x5edced358e6c0b435d53cc30fbe6f5f0833f404f",
        "0xcb8f69e0064d8cdd29cbeb45a14cf771d904bcd3",
        "0xcf50b810e57ac33b91dcf525c6ddd9881b139332",
        "0x8014595f2ab54cd7c604b00e9fb932176fdc86ae",
        "0x3fe65692bfcd0e6cf84cb1e7d24108e434a7587e",
        "0x8cb38a75ecd8572af23a8d086e9bda96ca521889"
    ],
    "tokens": [
        "0xd533a949740bb3306d119cc777fa900ba034cd52",
        "0x4e3fbd56cd56c3e72c1403e103b45db9da5b9d2b",
        "0x090185f2135308bad17527004364ebcc2d37e5f6",
        "0x62b9c7356a2dc64a1969e19c23e4f579f9810aa7"
    ]
}