{
    "hash": "0xf29915449a53b381f830fe8e9d8b030de6d0c7204257147ead137c9c9921b3ed",
    "chain": "Binance",
    "U": [
        0,
        2,
        2,
        4,
        1,
        1,
        2,
        2,
        4,
        6,
        2,
        6,
        6,
        2
    ],
    "V": [
        1,
        3,
        4,
        1,
        5,
        6,
        3,
        4,
        6,
        5,
        6,
        2,
        5,
        6
    ],
    "feat": [
        [
            0,
            0,
            0,
            1,
            0.0,
            0.07142857142857142,
            0.0,
            0.3333333333333333,
            -1.0
        ],
        [
            0,
            1,
            0,
            0,
            0.14285714285714285,
            0.14285714285714285,
            0.6666666666666666,
            0.6666666666666666,
            0.0
        ],
        [
            0,
            0,
            0,
            1,
            0.07142857142857142,
            0.42857142857142855,
            0.3333333333333333,
            0.6666666666666666,
            -2.927936804515358
        ],
        [
            0,
            0,
            0,
            1,
            0.14285714285714285,
            0.0,
            0.3333333333333333,
            0.0,
            0.12623047992411718
        ],
        [
            0,
            0,
            1,
            0,
            0.14285714285714285,
            0.14285714285714285,
            0.3333333333333333,
            0.3333333333333333,
            -0.27709672610889746
        ],
        [
            0,
            1,
            0,
            0,
            0.21428571428571427,
            0.0,
            0.6666666666666666,
            0.0,
            2.539401525350069
        ],
        [
            0,
            1,
            0,
            0,
            0.2857142857142857,
            0.21428571428571427,
            0.6666666666666666,
            0.6666666666666666,
            1.5394015253500692
        ]
    ],
    "nodeCount": 7,
    "edgeCount": 14,
    "tokenCount": 3,
    "nodes": [
        "0x9465150027c04821b4b559a9dde19e1e0d576218",
        "0x69ff781cf86d42af9bf93c06b8be0f16a2905cbc",
        "0x0000000000000000000000000000000000000000",
        "0xd4cfec77cdc21573982ec85cf33cfde6cc677e74",
        "0x009cf7bc57584b7998236eff51b98a168dcea9b0",
        "0x73feaa1ee314f8c655e354234017be2193c9e24e",
        "0xedfcb78e73f7ba6ad2d829bf5d462a0924da28ed"
    ],
    "tokens": [
        "0x7bb89460599dbf32ee3aa50798bbceae2a5f7f6a",
        "0x0e09fabb73bd3ade0a17ecc321fd13a19e81ce82",
        "0x009cf7bc57584b7998236eff51b98a168dcea9b0"
    ]
}