{
    "hash": "0xf3c53f2cc29e38f82d391bf0e8a89a79a82eec732119200480e356cb95781851",
    "chain": "Ethereum",
    "U": [
        0,
        2,
        1,
        1,
        3,
        0,
        3
    ],
    "V": [
        1,
        1,
        2,
        3,
        4,
        5,
        0
    ],
    "feat": [
        [
            0,
            0,
            0,
            1,
            0.14285714285714285,
            0.2857142857142857,
            0.3333333333333333,
            0.3333333333333333,
            -0.00970688854895041
        ],
        [
            0,
            1,
            0,
            0,
            0.2857142857142857,
            0.2857142857142857,
            0.6666666666666666,
            0.6666666666666666,
            0.0
        ],
        [
            1,
            0,
            0,
            0,
            0.14285714285714285,
            0.14285714285714285,
            0.3333333333333333,
            0.3333333333333333,
            0.0
        ],
        [
            0,
            1,
            0,
            0,
            0.14285714285714285,
            0.2857142857142857,
            0.3333333333333333,
            0.6666666666666666,
            -1.0
        ],
        [
            0,
            0,
            0,
            1,
            0.14285714285714285,
            0.0,
            0.3333333333333333,
            0.0,
            1.0
        ],
        [
            0,
            0,
            0,
            1,
            0.14285714285714285,
            0.0,
            0.3333333333333333,
            0.0,
            0.009706888548950476
        ]
    ],
    "nodeCount": 6,
    "edgeCount": 7,
    "tokenCount": 3,
    "nodes": [
        "0x5a27dbbff05f36dc927137855e3381f0c20c1cdd",
        "0x2d57690eba381611c77069fbcfc79d4806a4e53e",
        "0xe0fd4c0f10be3211a1b25dab6cb0078a248c08bf",
        "0xad84693a21e0a1db73ae6c6e5aceb041a6c8b6b3",
        "0xb8f9f1235788ff47687d9a9cc35b41197cd04841",
        "0xb631e8650fb4befdae74ab9f86a9cb65bc134706"
    ],
    "tokens": [
        "0xc02aaa39b223fe8d0a0e5c4f27ead9083c756cc2",
        "0xd0345d30fd918d7682398acbcdf139c808998709",
        "native_token"
    ]
}