{
    "hash": "0xf4496d1a559434fa911adf033d25657b5706ef8331e0baa9a7cb169fa73d2fae",
    "chain": "Ethereum",
    "U": [
        0,
        0,
        3
    ],
    "V": [
        1,
        2,
        2
    ],
    "feat": [
        [
            0,
            0,
            0,
            1,
            0.0,
            0.6666666666666666,
            0.0,
            0.6666666666666666,
            -2.0
        ],
        [
            0,
            1,
            0,
            0,
            0.3333333333333333,
            0.0,
            0.3333333333333333,
            0.0,
            1.0
        ],
        [
            0,
            0,
            0,
            1,
            0.6666666666666666,
            0.0,
            0.6666666666666666,
            0.0,
            2.0
        ],
        [
            0,
            0,
            1,
            0,
            0.0,
            0.3333333333333333,
            0.0,
            0.3333333333333333,
            -1.0
        ]
    ],
    "nodeCount": 4,
    "edgeCount": 3,
    "tokenCount": 3,
    "nodes": [
        "0x0000000000000000000000000000000000000000",
        "0x464c71f6c2f760dda6093dcb91c24c39e5d6e18c",
        "0x23d13330dc6db5faaeebe85d6f8f61187c218147",
        "0x028171bca77440897b824ca71d1c56cac55b68a3"
    ],
    "tokens": [
        "0x028171bca77440897b824ca71d1c56cac55b68a3",
        "0x6c3c78838c761c6ac7be9f59fe808ea2a6e4379d",
        "0x6b175474e89094c44da98b954eedeac495271d0f"
    ]
}