{
    "hash": "0xf4a8bd6004a430fd1ee70ec278b631d136ef73b3163d4ac24ea9cd7abb119fdd",
    "chain": "Ethereum",
    "U": [
        0,
        1,
        1,
        1,
        1,
        1,
        1,
        1,
        1,
        1,
        1,
        1,
        1,
        1,
        1,
        1,
        1,
        1,
        1,
        1,
        1,
        1
    ],
    "V": [
        1,
        1,
        2,
        0,
        1,
        2,
        0,
        1,
        2,
        0,
        1,
        2,
        0,
        1,
        2,
        0,
        1,
        2,
        0,
        1,
        2,
        0
    ],
    "feat": [
        [
            0,
            0,
            0,
            1,
            0.3181818181818182,
            0.045454545454545456,
            0.5,
            0.5,
            5.333333333333428
        ],
        [
            0,
            1,
            0,
            0,
            0.36363636363636365,
            0.9545454545454546,
            0.5,
            1.0,
            -6.333333333333428
        ],
        [
            0,
            0,
            0,
            1,
            0.3181818181818182,
            0.0,
            0.5,
            0.0,
            1.0
        ]
    ],
    "nodeCount": 3,
    "edgeCount": 22,
    "tokenCount": 2,
    "nodes": [
        "0xe4a6e2122574d83d5d371d8059aaa453d116a1e4",
        "0xfbddadd80fe7bda00b901fbaf73803f2238ae655",
        "0x4b5057b2c87ec9e7c047fb00c0e406dff2fdacad"
    ],
    "tokens": [
        "native_token",
        "0x990f341946a3fdb507ae7e52d17851b87168017c"
    ]
}