{
    "hash": "0xf5ae0707532c64160def86c4d5adeec846eedabf46dc944e48378d111182c141",
    "chain": "Binance",
    "U": [
        0,
        1,
        0,
        1,
        2,
        3,
        3
    ],
    "V": [
        1,
        0,
        1,
        2,
        3,
        4,
        5
    ],
    "feat": [
        [
            0,
            0,
            0,
            1,
            0.14285714285714285,
            0.2857142857142857,
            0.3333333333333333,
            0.3333333333333333,
            -0.0030090270812437314
        ],
        [
            0,
            1,
            0,
            0,
            0.2857142857142857,
            0.2857142857142857,
            0.3333333333333333,
            0.6666666666666666,
            -4.336808689942018e-19
        ],
        [
            0,
            1,
            0,
            0,
            0.14285714285714285,
            0.14285714285714285,
            0.3333333333333333,
            0.3333333333333333,
            -0.9969909729187563
        ],
        [
            0,
            1,
            0,
            0,
            0.14285714285714285,
            0.2857142857142857,
            0.3333333333333333,
            0.3333333333333333,
            0.5999999999999998
        ],
        [
            0,
            1,
            0,
            0,
            0.14285714285714285,
            0.0,
            0.3333333333333333,
            0.0,
            0.12000000000000001
        ],
        [
            0,
            0,
            0,
            1,
            0.14285714285714285,
            0.0,
            0.3333333333333333,
            0.0,
            0.28000000000000025
        ]
    ],
    "nodeCount": 6,
    "edgeCount": 7,
    "tokenCount": 3,
    "nodes": [
        "0x31b855537d60ef16a0ce19d5afa39a8b4230486c",
        "0xfd76ac6eb8893c5edf222e4a258259b14a709017",
        "0x25d09281680acf2437b4a8567a3bae5c05f4a1c9",
        "0x86a327715d707bca24983b1145d1f6c40c5d4a74",
        "0x9154c2684aef8d106babcb19aa81d4fabf7581ec",
        "0x0000000000000000000000000000000000000000"
    ],
    "tokens": [
        "0xafe24e29da7e9b3e8a25c9478376b6ad6ad788dd",
        "0x55d398326f99059ff775485246999027b3197955",
        "0xae9269f27437f0fcbc232d39ec814844a51d6b8f"
    ]
}