{
    "hash": "0xf50912e304357921cfd7dbd851dfbbd96e424f11227097b3b9cd2da01c2d92eb",
    "chain": "Ethereum",
    "U": [
        0,
        2,
        1,
        4,
        1,
        5,
        2,
        1,
        2
    ],
    "V": [
        1,
        3,
        2,
        1,
        5,
        1,
        3,
        6,
        0
    ],
    "feat": [
        [
            0,
            0,
            0,
            1,
            0.1111111111111111,
            0.1111111111111111,
            0.25,
            0.25,
            0.0
        ],
        [
            0,
            1,
            0,
            0,
            0.3333333333333333,
            0.3333333333333333,
            0.75,
            0.75,
            0.0
        ],
        [
            0,
            0,
            0,
            1,
            0.1111111111111111,
            0.3333333333333333,
            0.25,
            0.5,
            -0.0043773306247743005
        ],
        [
            0,
            1,
            0,
            0,
            0.2222222222222222,
            0.0,
            0.5,
            0.0,
            0.004377330624774403
        ],
        [
            0,
            0,
            1,
            0,
            0.0,
            0.1111111111111111,
            0.0,
            0.25,
            -1.0
        ],
        [
            0,
            0,
            1,
            0,
            0.1111111111111111,
            0.1111111111111111,
            0.25,
            0.25,
            0.0
        ],
        [
            0,
            0,
            1,
            0,
            0.1111111111111111,
            0.0,
            0.25,
            0.0,
            1.0
        ]
    ],
    "nodeCount": 7,
    "edgeCount": 9,
    "tokenCount": 4,
    "nodes": [
        "0x166b1948124307729a7ce48c3c336a5910598435",
        "0x63a3f444e97d14e671e7ee323c4234c8095e3516",
        "0x0000000000000000000000000000000000000000",
        "0x464c71f6c2f760dda6093dcb91c24c39e5d6e18c",
        "0x3ed3b47dd13ec9a98b44e6204a523e766b225811",
        "0x3041cbd36888becc7bbcbc0045e3b1f144466f5f",
        "0xbcca60bb61934080951369a648fb03df4f96263c"
    ],
    "tokens": [
        "0x3ed3b47dd13ec9a98b44e6204a523e766b225811",
        "0xdac17f958d2ee523a2206206994597c13d831ec7",
        "0xa0b86991c6218b36c1d19d4a2e9eb0ce3606eb48",
        "0xbcca60bb61934080951369a648fb03df4f96263c"
    ]
}