{
    "hash": "0xf504820f8c379a35307d448550975a6f01ee64a4b90a98d382bc81bc11d1862c",
    "chain": "Binance",
    "U": [
        0,
        1,
        3,
        2,
        3,
        2,
        5,
        2,
        2,
        1,
        1,
        1
    ],
    "V": [
        1,
        2,
        2,
        3,
        4,
        5,
        2,
        1,
        1,
        6,
        0,
        0
    ],
    "feat": [
        [
            0,
            0,
            0,
            1,
            0.16666666666666666,
            0.08333333333333333,
            0.6666666666666666,
            0.3333333333333333,
            0.0
        ],
        [
            1,
            0,
            0,
            0,
            0.25,
            0.3333333333333333,
            0.6666666666666666,
            0.6666666666666666,
            0.0
        ],
        [
            0,
            1,
            0,
            0,
            0.25,
            0.3333333333333333,
            1.0,
            1.0,
            0.0
        ],
        [
            0,
            1,
            0,
            0,
            0.08333333333333333,
            0.16666666666666666,
            0.3333333333333333,
            0.3333333333333333,
            -0.008769999999999945
        ],
        [
            0,
            1,
            0,
            0,
            0.08333333333333333,
            0.0,
            0.3333333333333333,
            0.0,
            1.999999999999999e-05
        ],
        [
            0,
            0,
            1,
            0,
            0.08333333333333333,
            0.08333333333333333,
            0.3333333333333333,
            0.3333333333333333,
            0.0
        ],
        [
            0,
            0,
            0,
            1,
            0.08333333333333333,
            0.0,
            0.3333333333333333,
            0.0,
            0.00875
        ]
    ],
    "nodeCount": 7,
    "edgeCount": 12,
    "tokenCount": 3,
    "nodes": [
        "0x6d7b2444928b1b7d8491dc72648e17283c43338b",
        "0xc590175e458b83680867afd273527ff58f74c02b",
        "0xdb6f1920a889355780af7570773609bd8cb1f498",
        "0xbe60d4c4250438344bec816ec2dec99925deb4c7",
        "0xcaa42f09af66a8bae3a7445a7f63dad97c11638b",
        "0x8e744ec2795c8b836689d1b4ebe1489204357dac",
        "0x11ededebf63bef0ea2d2d071bdf88f71543ec6fb"
    ],
    "tokens": [
        "0x55d398326f99059ff775485246999027b3197955",
        "0xe9e7cea3dedca5984780bafc599bd69add087d56",
        "0x12bb890508c125661e03b09ec06e404bc9289040"
    ]
}