{
    "hash": "0xf6660955972f064da23547fe775036b6e212f8a2b0fbfc74c9a2881d47b6ec3c",
    "chain": "Binance",
    "U": [
        0,
        2,
        1,
        1,
        3,
        1,
        4,
        1
    ],
    "V": [
        1,
        1,
        2,
        3,
        1,
        4,
        1,
        0
    ],
    "feat": [
        [
            0,
            0,
            0,
            1,
            0.125,
            0.125,
            0.3333333333333333,
            0.3333333333333333,
            0.0
        ],
        [
            1,
            0,
            0,
            0,
            0.5,
            0.5,
            1.0,
            1.0,
            1.1102230246251565e-16
        ],
        [
            0,
            0,
            0,
            1,
            0.125,
            0.125,
            0.3333333333333333,
            0.3333333333333333,
            -0.7
        ],
        [
            0,
            0,
            1,
            0,
            0.125,
            0.125,
            0.3333333333333333,
            0.3333333333333333,
            0.6997176202091573
        ],
        [
            0,
            0,
            1,
            0,
            0.125,
            0.125,
            0.3333333333333333,
            0.3333333333333333,
            0.0002823797908425574
        ]
    ],
    "nodeCount": 5,
    "edgeCount": 8,
    "tokenCount": 3,
    "nodes": [
        "0x74914d89795f3afbac4e031efa78abeb178fa896",
        "0xc1e16013a158d57a60d6aa5bb3108722b0ac6df5",
        "0x98a2b946cbff6537601db6ac0edb0eff85c36ab2",
        "0x61fe209e404166a53cc627d0ae30a65606315da7",
        "0x17632dcda12c522ec2bc8a08c6419ab16f249d35"
    ],
    "tokens": [
        "0x55d398326f99059ff775485246999027b3197955",
        "0x2170ed0880ac9a755fd29b2688956bd959f933f8",
        "0x3ee2200efb3400fabb9aacf31297cbdd1d435d47"
    ]
}