{
    "hash": "0xf6fa1066591c63e8355ad06e7be57715102c39fee5071206319d2780d2d299b2",
    "chain": "Binance",
    "U": [
        0,
        1,
        2,
        3,
        4,
        0
    ],
    "V": [
        1,
        2,
        3,
        4,
        0,
        5
    ],
    "feat": [
        [
            1,
            0,
            0,
            0,
            0.16666666666666666,
            0.3333333333333333,
            0.2,
            0.4,
            -0.982854913148834
        ],
        [
            0,
            0,
            1,
            0,
            0.16666666666666666,
            0.16666666666666666,
            0.2,
            0.2,
            -0.017145086851166003
        ],
        [
            0,
            0,
            1,
            0,
            0.16666666666666666,
            0.16666666666666666,
            0.2,
            0.2,
            0.0
        ],
        [
            0,
            0,
            1,
            0,
            0.16666666666666666,
            0.16666666666666666,
            0.2,
            0.2,
            0.0
        ],
        [
            0,
            0,
            1,
            0,
            0.16666666666666666,
            0.16666666666666666,
            0.2,
            0.2,
            0.0
        ],
        [
            0,
            0,
            0,
            1,
            0.16666666666666666,
            0.0,
            0.2,
            0.0,
            1.0
        ]
    ],
    "nodeCount": 6,
    "edgeCount": 6,
    "tokenCount": 5,
    "nodes": [
        "0x45cbc9620bc9101ee3cd7a53df293a2bfe3f78b9",
        "0x28f79355e595b56a5325deab52268df963046986",
        "0xe4305690e9b765bb7b85a48bbe6b16b82e12a3cc",
        "0xb1112056b03869ec55e76e1de159a1f3b279ff4a",
        "0xc69eb845f8b6ff661662e5221d3456b256834bec",
        "0x0000000000000000000000000000000000000000"
    ],
    "tokens": [
        "0xbb4cdb9cbd36b01bd1cbaebf2de08d9173bc095c",
        "0xe5b57e6e1b945b91fee368ac108d2ebcca78aa8f",
        "0xe9e7cea3dedca5984780bafc599bd69add087d56",
        "0x89671544190ee39e469c8393009875df6565457a",
        "0x0000000000004946c0e9f43f4dee607b0ef1fa1c"
    ]
}