{
    "hash": "0xf7c6dd91768b52c28ebb011cc5d401d6b8ce1a515482fe140ca76bfa60aaad58",
    "chain": "Binance",
    "U": [
        0,
        0,
        2,
        3,
        0,
        0,
        2,
        3,
        4,
        3,
        0,
        3,
        3,
        0
    ],
    "V": [
        1,
        2,
        3,
        0,
        1,
        2,
        3,
        4,
        3,
        5,
        3,
        0,
        6,
        3
    ],
    "feat": [
        [
            0,
            0,
            0,
            1,
            0.14285714285714285,
            0.42857142857142855,
            0.3333333333333333,
            0.6666666666666666,
            -2.212210731707317
        ],
        [
            0,
            0,
            0,
            1,
            0.14285714285714285,
            0.0,
            0.3333333333333333,
            0.0,
            0.1102009756097561
        ],
        [
            0,
            0,
            1,
            0,
            0.14285714285714285,
            0.14285714285714285,
            0.3333333333333333,
            0.3333333333333333,
            0.2971693914946898
        ],
        [
            0,
            1,
            0,
            0,
            0.35714285714285715,
            0.35714285714285715,
            1.0,
            1.0,
            0.9999999999999998
        ],
        [
            0,
            0,
            1,
            0,
            0.07142857142857142,
            0.07142857142857142,
            0.3333333333333333,
            0.3333333333333333,
            -0.7585478906191386
        ],
        [
            0,
            1,
            0,
            0,
            0.07142857142857142,
            0.0,
            0.3333333333333333,
            0.0,
            1.0
        ],
        [
            0,
            1,
            0,
            0,
            0.07142857142857142,
            0.0,
            0.3333333333333333,
            0.0,
            0.5633882552220099
        ]
    ],
    "nodeCount": 7,
    "edgeCount": 14,
    "tokenCount": 3,
    "nodes": [
        "0x0000000000000000000000000000000000000000",
        "0xcef34e4db130c8a64493517985b23af5b13e8cc6",
        "0x86ef5e73edb2fea111909fe35afcc564572acc06",
        "0x729ef17c40dafd87090df6827cf194892295dbda",
        "0xf65c1c0478efde3c19b49ecbe7acc57bb6b1d713",
        "0xe9542db9ce9520c0e8ed2fad34bac269ed0cd97e",
        "0x5c8d727b265dbafaba67e050f2f739caeeb4a6f9"
    ],
    "tokens": [
        "0x603c7f932ed1fc6575303d8fb018fdcbb0f39a95",
        "0x86ef5e73edb2fea111909fe35afcc564572acc06",
        "0xbb4cdb9cbd36b01bd1cbaebf2de08d9173bc095c"
    ]
}