{
    "hash": "0xf771095105dd3aedcd6bac52c59d1480318f85017ed3b9c5262e6d593cbea629",
    "chain": "Binance",
    "U": [
        0,
        0,
        2,
        0,
        0,
        0,
        2,
        0,
        0,
        0,
        2,
        0,
        0,
        0,
        2,
        0,
        0,
        0,
        2,
        0,
        0,
        0,
        2,
        0,
        0,
        0,
        2,
        0,
        0,
        0,
        2,
        0,
        0,
        0,
        2,
        0,
        0,
        0,
        2,
        0,
        0,
        0,
        2,
        0,
        0,
        0
    ],
    "V": [
        1,
        2,
        3,
        1,
        1,
        2,
        3,
        1,
        1,
        2,
        3,
        1,
        1,
        2,
        3,
        1,
        1,
        2,
        3,
        1,
        1,
        2,
        3,
        1,
        1,
        2,
        3,
        1,
        1,
        2,
        3,
        1,
        1,
        2,
        3,
        1,
        1,
        2,
        3,
        1,
        1,
        2,
        3,
        1,
        1,
        2
    ],
    "feat": [
        [
            0,
            0,
            0,
            1,
            0.0,
            0.7608695652173914,
            0.0,
            1.0,
            -1.856109981300961
        ],
        [
            0,
            1,
            0,
            0,
            0.5,
            0.0,
            1.0,
            0.0,
            0.16874688531006674
        ],
        [
            0,
            1,
            0,
            0,
            0.2608695652173913,
            0.2391304347826087,
            1.0,
            1.0,
            1.5816059862177267
        ],
        [
            0,
            0,
            0,
            1,
            0.2391304347826087,
            0.0,
            1.0,
            0.0,
            0.10575710977316713
        ]
    ],
    "nodeCount": 4,
    "edgeCount": 46,
    "tokenCount": 1,
    "nodes": [
        "0x0000000000000000000000000000000000000000",
        "0xe240cdd89b87f4a09e41720027d164961a7e7c7e",
        "0xe919ab6b749fdb3586829f29770985834b3a3541",
        "0x5e27607317e283c8d8a35dd6c2a6e6a88d2a9896"
    ],
    "tokens": [
        "0x91c864112af82e76ab118a9f6b84d76ce24fb4f2"
    ]
}