{
    "hash": "0xf7938aebc566648e5a59eb097ea3b2befd944036b1504868c106971a2e440ae7",
    "chain": "Ethereum",
    "U": [
        0,
        2,
        1,
        4,
        1,
        5,
        1
    ],
    "V": [
        1,
        3,
        2,
        1,
        5,
        1,
        0
    ],
    "feat": [
        [
            0,
            0,
            0,
            1,
            0.14285714285714285,
            0.14285714285714285,
            0.3333333333333333,
            0.3333333333333333,
            0.0
        ],
        [
            0,
            1,
            0,
            0,
            0.42857142857142855,
            0.42857142857142855,
            1.0,
            1.0,
            0.0
        ],
        [
            0,
            0,
            0,
            1,
            0.14285714285714285,
            0.14285714285714285,
            0.3333333333333333,
            0.3333333333333333,
            0.9996510317750271
        ],
        [
            0,
            1,
            0,
            0,
            0.14285714285714285,
            0.0,
            0.3333333333333333,
            0.0,
            0.000348968224972854
        ],
        [
            0,
            0,
            1,
            0,
            0.0,
            0.14285714285714285,
            0.0,
            0.3333333333333333,
            -1.0
        ],
        [
            0,
            0,
            1,
            0,
            0.14285714285714285,
            0.14285714285714285,
            0.3333333333333333,
            0.3333333333333333,
            0.0
        ]
    ],
    "nodeCount": 6,
    "edgeCount": 7,
    "tokenCount": 3,
    "nodes": [
        "0xad9c8ab2a2e5d0aca0a4a943fc419398483852a7",
        "0xcc9a0b7c43dc2a5f023bb9b738e45b0ef6b06e04",
        "0x0000000000000000000000000000000000000000",
        "0x464c71f6c2f760dda6093dcb91c24c39e5d6e18c",
        "0x030ba81f1c18d280636f32af80b9aad02cf0854e",
        "0xc02aaa39b223fe8d0a0e5c4f27ead9083c756cc2"
    ],
    "tokens": [
        "0x030ba81f1c18d280636f32af80b9aad02cf0854e",
        "0xc02aaa39b223fe8d0a0e5c4f27ead9083c756cc2",
        "native_token"
    ]
}