{
    "hash": "0xf78c1e7bde998d28975adc6bbef533544bb20dd62b53ed6a7a31bcc26a06edff",
    "chain": "Ethereum",
    "U": [
        0,
        1,
        1,
        1,
        1,
        1,
        1,
        1,
        1,
        1,
        1,
        1,
        1,
        1,
        1,
        1,
        1,
        1,
        1,
        1,
        1,
        1,
        1,
        1,
        1,
        1,
        1,
        1,
        1,
        1,
        1,
        1,
        1,
        1,
        1,
        1,
        1,
        1,
        1,
        1,
        1,
        1,
        1,
        1,
        1,
        1,
        1,
        1,
        1,
        1,
        1,
        1,
        1,
        1,
        1,
        1,
        1,
        1
    ],
    "V": [
        1,
        1,
        2,
        0,
        1,
        2,
        0,
        1,
        2,
        0,
        1,
        2,
        0,
        1,
        2,
        0,
        1,
        2,
        0,
        1,
        2,
        0,
        1,
        2,
        0,
        1,
        2,
        0,
        1,
        2,
        0,
        1,
        2,
        0,
        1,
        2,
        0,
        1,
        2,
        0,
        1,
        2,
        0,
        1,
        2,
        0,
        1,
        2,
        0,
        1,
        2,
        0,
        1,
        2,
        0,
        1,
        2,
        0
    ],
    "feat": [
        [
            0,
            0,
            0,
            1,
            0.3275862068965517,
            0.017241379310344827,
            0.5,
            0.5,
            18.0
        ],
        [
            0,
            1,
            0,
            0,
            0.3448275862068966,
            0.9827586206896551,
            0.5,
            1.0,
            -18.999999999999975
        ],
        [
            0,
            0,
            0,
            1,
            0.3275862068965517,
            0.0,
            0.5,
            0.0,
            0.9999999999999969
        ]
    ],
    "nodeCount": 3,
    "edgeCount": 58,
    "tokenCount": 2,
    "nodes": [
        "0xe4e24e0a6a6ad8a32a694811f94107c6aeff3f7e",
        "0xfbddadd80fe7bda00b901fbaf73803f2238ae655",
        "0x4b5057b2c87ec9e7c047fb00c0e406dff2fdacad"
    ],
    "tokens": [
        "native_token",
        "0x990f341946a3fdb507ae7e52d17851b87168017c"
    ]
}