{
    "hash": "0xf8ec3bc429d8c3c021f7a0ac091e06cb7adcd1c751b4da07bea30bbbe7e59747",
    "chain": "Ethereum",
    "U": [
        0,
        1,
        2,
        0,
        0,
        3,
        0
    ],
    "V": [
        1,
        0,
        0,
        3,
        3,
        4,
        5
    ],
    "feat": [
        [
            0,
            1,
            0,
            0,
            0.2857142857142857,
            0.5714285714285714,
            0.5,
            1.0,
            -2.0
        ],
        [
            0,
            0,
            1,
            0,
            0.14285714285714285,
            0.14285714285714285,
            0.25,
            0.25,
            0.0
        ],
        [
            0,
            0,
            0,
            1,
            0.0,
            0.14285714285714285,
            0.0,
            0.25,
            -1.0
        ],
        [
            0,
            0,
            1,
            0,
            0.2857142857142857,
            0.14285714285714285,
            0.5,
            0.25,
            1.0
        ],
        [
            1,
            0,
            0,
            0,
            0.14285714285714285,
            0.0,
            0.25,
            0.0,
            1.0
        ],
        [
            0,
            1,
            0,
            0,
            0.14285714285714285,
            0.0,
            0.25,
            0.0,
            1.0
        ]
    ],
    "nodeCount": 6,
    "edgeCount": 7,
    "tokenCount": 4,
    "nodes": [
        "0x07bf824c87eef2eb7e966dde5487f4f11a4bb2e5",
        "0xc02aaa39b223fe8d0a0e5c4f27ead9083c756cc2",
        "0x0000000000000000000000000000000000000000",
        "0x288a17459b5d0ecc401f5ecdc166f447ea3da13a",
        "0xcba27c8e7115b4eb50aa14999bc0866674a96ecb",
        "0xf3f1a1d89c0a2a990fc9d17193365306f69f93c0"
    ],
    "tokens": [
        "native_token",
        "0xc02aaa39b223fe8d0a0e5c4f27ead9083c756cc2",
        "0x288a17459b5d0ecc401f5ecdc166f447ea3da13a",
        "0x6f40d4a6237c257fff2db00fa0510deeecd303eb"
    ]
}