{
    "hash": "0xf85fbe8f021ea812104925359c8880a02a23cd8508be4c21d4f7ff7c3989be74",
    "chain": "Ethereum",
    "U": [
        0,
        1,
        2,
        3,
        3,
        5,
        2,
        6,
        2,
        2,
        7,
        1
    ],
    "V": [
        1,
        2,
        3,
        2,
        4,
        2,
        5,
        2,
        6,
        7,
        1,
        0
    ],
    "feat": [
        [
            0,
            0,
            0,
            1,
            0.08333333333333333,
            0.08333333333333333,
            0.3333333333333333,
            0.3333333333333333,
            0.0
        ],
        [
            0,
            1,
            0,
            0,
            0.16666666666666666,
            0.16666666666666666,
            0.6666666666666666,
            0.6666666666666666,
            0.0
        ],
        [
            1,
            0,
            0,
            0,
            0.3333333333333333,
            0.3333333333333333,
            1.0,
            1.0,
            0.0
        ],
        [
            0,
            0,
            1,
            0,
            0.08333333333333333,
            0.16666666666666666,
            0.3333333333333333,
            0.3333333333333333,
            -0.7006018054162486
        ],
        [
            0,
            1,
            0,
            0,
            0.08333333333333333,
            0.0,
            0.3333333333333333,
            0.0,
            0.0006018054162487462
        ],
        [
            1,
            0,
            0,
            0,
            0.08333333333333333,
            0.08333333333333333,
            0.3333333333333333,
            0.3333333333333333,
            0.7007714101945418
        ],
        [
            1,
            0,
            0,
            0,
            0.08333333333333333,
            0.08333333333333333,
            0.3333333333333333,
            0.3333333333333333,
            -0.000771410194541855
        ],
        [
            0,
            1,
            0,
            0,
            0.08333333333333333,
            0.08333333333333333,
            0.3333333333333333,
            0.3333333333333333,
            0.0
        ]
    ],
    "nodeCount": 8,
    "edgeCount": 12,
    "tokenCount": 3,
    "nodes": [
        "0x30513ffd89471d3c0ee7b090dd6dd34bf70371a7",
        "0xa356867fdcea8e71aeaf87805808803806231fdc",
        "0x220bda5c8994804ac96ebe4df184d25e5c2196d4",
        "0x031816fd297228e4fd537c1789d51509247d0b43",
        "0x95c4f5b83aa70810d4f142d58e5f7242bd891cb0",
        "0x88e6a0c2ddd26feeb64f039a2c41296fcb3f5640",
        "0x9a9b2f87835fb1918186d32ec7e18af797430142",
        "0x1111111254fb6c44bac0bed2854e76f90643097d"
    ],
    "tokens": [
        "0x03e173ad8d1581a4802d3b532ace27a62c5b81dc",
        "0xc02aaa39b223fe8d0a0e5c4f27ead9083c756cc2",
        "0xa0b86991c6218b36c1d19d4a2e9eb0ce3606eb48"
    ]
}