{
    "hash": "0xf8b5a0a50c8b333e6f5f5d1993ca66cf590310e40c025333ee0d07f132138096",
    "chain": "Binance",
    "U": [
        0,
        0
    ],
    "V": [
        1,
        1
    ],
    "feat": [
        [
            0,
            0,
            0,
            1,
            0.0,
            1.0,
            0.0,
            1.0,
            -1.0003637833468069
        ],
        [
            0,
            1,
            0,
            0,
            1.0,
            0.0,
            1.0,
            0.0,
            1.0003637833468069
        ]
    ],
    "nodeCount": 2,
    "edgeCount": 2,
    "tokenCount": 1,
    "nodes": [
        "0x81472375f2cb1863597325ca5a870408efb9ee25",
        "0xc67ec5cbce3e9ab546cf6077dd2ad519887737ba"
    ],
    "tokens": [
        "0x55d398326f99059ff775485246999027b3197955"
    ]
}