{
    "hash": "0xf82de2a7805484ef13863b147d4a2c9065e88e03733a8729a2193022999a952a",
    "chain": "Ethereum",
    "U": [
        0,
        1,
        2,
        3,
        2,
        4,
        2,
        5,
        2,
        4,
        2,
        6,
        2,
        1,
        1
    ],
    "V": [
        1,
        2,
        3,
        2,
        4,
        2,
        5,
        2,
        4,
        2,
        6,
        2,
        1,
        7,
        0
    ],
    "feat": [
        [
            0,
            0,
            0,
            1,
            0.06666666666666667,
            0.06666666666666667,
            0.25,
            0.25,
            0.0
        ],
        [
            1,
            0,
            0,
            0,
            0.13333333333333333,
            0.2,
            0.5,
            0.5,
            0.0
        ],
        [
            0,
            1,
            0,
            0,
            0.4,
            0.4,
            1.0,
            1.0,
            -4.440892098500626e-16
        ],
        [
            0,
            0,
            1,
            0,
            0.06666666666666667,
            0.06666666666666667,
            0.25,
            0.25,
            -0.003385407820003239
        ],
        [
            0,
            0,
            1,
            0,
            0.13333333333333333,
            0.13333333333333333,
            0.5,
            0.5,
            0.0
        ],
        [
            0,
            0,
            1,
            0,
            0.06666666666666667,
            0.06666666666666667,
            0.25,
            0.25,
            -0.005364592179996741
        ],
        [
            0,
            0,
            1,
            0,
            0.06666666666666667,
            0.06666666666666667,
            0.25,
            0.25,
            0.0
        ],
        [
            0,
            1,
            0,
            0,
            0.06666666666666667,
            0.0,
            0.25,
            0.0,
            0.00875
        ]
    ],
    "nodeCount": 8,
    "edgeCount": 15,
    "tokenCount": 4,
    "nodes": [
        "0xcbbaeeae3ae2d00c29b69fa19b533a19e47a4dc9",
        "0x74de5d4fcbf63e00296fd95d33236b9794016631",
        "0xdef171fe48cf0115b1d80b88dc8eab59176fee57",
        "0x4042a04c54ef133ac2a3c93db69d43c6c02a330b",
        "0xc02aaa39b223fe8d0a0e5c4f27ead9083c756cc2",
        "0x4df8fdc5c8f9e5d4de2b2ae6fe9c5a2d320544a9",
        "0x9b3df8eae6e1ed1b931086852860d3c6375d7ae6",
        "0xc4d57904c4435a9348b56051e4dea6055d85a6a9"
    ],
    "tokens": [
        "0xaea46a60368a7bd060eec7df8cba43b7ef41ad85",
        "0xc02aaa39b223fe8d0a0e5c4f27ead9083c756cc2",
        "native_token",
        "0x9506d37f70eb4c3d79c398d326c871abbf10521d"
    ]
}