{
    "hash": "0xf9d944e42b6b4bc45122d54fda4c282a2d27a4fdeaade972b0c931a65bae063d",
    "chain": "Ethereum",
    "U": [
        0,
        1,
        2,
        1,
        3,
        1
    ],
    "V": [
        1,
        2,
        1,
        3,
        1,
        0
    ],
    "feat": [
        [
            0,
            0,
            0,
            1,
            0.16666666666666666,
            0.16666666666666666,
            0.3333333333333333,
            0.3333333333333333,
            0.0
        ],
        [
            0,
            1,
            0,
            0,
            0.5,
            0.5,
            1.0,
            1.0,
            0.0
        ],
        [
            0,
            0,
            1,
            0,
            0.16666666666666666,
            0.16666666666666666,
            0.3333333333333333,
            0.3333333333333333,
            0.0
        ],
        [
            0,
            0,
            1,
            0,
            0.16666666666666666,
            0.16666666666666666,
            0.3333333333333333,
            0.3333333333333333,
            0.0
        ]
    ],
    "nodeCount": 4,
    "edgeCount": 6,
    "tokenCount": 3,
    "nodes": [
        "0x91446867b11c4aa6d40b8460a724f9c99f741b2a",
        "0x22f9dcf4647084d6c31b2765f6910cd85c178c18",
        "0x3058ef90929cb8180174d74c507176cca6835d73",
        "0x055475920a8c93cffb64d039a8205f7acc7722d3"
    ],
    "tokens": [
        "0xdac17f958d2ee523a2206206994597c13d831ec7",
        "0x6b175474e89094c44da98b954eedeac495271d0f",
        "0x64aa3364f17a4d01c6f1751fd97c2bd3d7e7f1d5"
    ]
}