{
    "hash": "0xf97db45271413984cc29c0208b20e7f070e26effa3e12361ee48df27fd0a612b",
    "chain": "Binance",
    "U": [
        0,
        1,
        2,
        3,
        4,
        1,
        2,
        6,
        1,
        2,
        1,
        1,
        7,
        1
    ],
    "V": [
        1,
        2,
        3,
        4,
        5,
        2,
        6,
        1,
        2,
        1,
        6,
        6,
        1,
        0
    ],
    "feat": [
        [
            0,
            1,
            0,
            0,
            0.07142857142857142,
            0.07142857142857142,
            0.16666666666666666,
            0.16666666666666666,
            0.4642742490605021
        ],
        [
            0,
            1,
            0,
            0,
            0.2857142857142857,
            0.42857142857142855,
            0.6666666666666666,
            0.6666666666666666,
            -1.6107199996429515
        ],
        [
            0,
            0,
            1,
            0,
            0.21428571428571427,
            0.21428571428571427,
            0.16666666666666666,
            0.16666666666666666,
            0.0001600573834927843
        ],
        [
            0,
            0,
            1,
            0,
            0.07142857142857142,
            0.07142857142857142,
            0.16666666666666666,
            0.16666666666666666,
            -0.8517574091304798
        ],
        [
            0,
            0,
            1,
            0,
            0.07142857142857142,
            0.07142857142857142,
            0.16666666666666666,
            0.16666666666666666,
            0.0
        ],
        [
            0,
            0,
            1,
            0,
            0.07142857142857142,
            0.0,
            0.16666666666666666,
            0.0,
            1.0
        ],
        [
            0,
            0,
            1,
            0,
            0.21428571428571427,
            0.07142857142857142,
            0.3333333333333333,
            0.16666666666666666,
            1.998043102329436
        ],
        [
            0,
            0,
            0,
            1,
            0.0,
            0.07142857142857142,
            0.0,
            0.16666666666666666,
            -1.0
        ]
    ],
    "nodeCount": 8,
    "edgeCount": 14,
    "tokenCount": 6,
    "nodes": [
        "0x948db1713d4392ec04c86189070557c5a8566766",
        "0x985220f21ba808e98246fb55784bc22b6c790e86",
        "0xa0718093baa3e7aae054eed71f303a4ebc1c076f",
        "0x1b96b92314c44b159149f7e0303511fb2fc4774f",
        "0x45a9e8d48bc560416008d122c9437927fed50e7d",
        "0xaaaf5d9923be358ea0b6205ef2a3b929d460ac7a",
        "0xc5b0d73a7c0e4eaf66babf7ee16a2096447f7ad6",
        "0x0000000000000000000000000000000000000000"
    ],
    "tokens": [
        "0x0d9319565be7f53cefe84ad201be3f40feae2740",
        "0xe9e7cea3dedca5984780bafc599bd69add087d56",
        "0xbb4cdb9cbd36b01bd1cbaebf2de08d9173bc095c",
        "0x81859801b01764d4f0fa5e64729f5a6c3b91435b",
        "0x190b589cf9fb8ddeabbfeae36a813ffb2a702454",
        "0xc5b0d73a7c0e4eaf66babf7ee16a2096447f7ad6"
    ]
}