{
    "hash": "0xf991fcdea1d574e1802a7de91de5edbb99436ce24df14a8e98f5286bde1739f7",
    "chain": "Binance",
    "U": [
        0,
        0
    ],
    "V": [
        1,
        2
    ],
    "feat": [
        [
            0,
            1,
            0,
            0,
            0.0,
            1.0,
            0.0,
            1.0,
            -1.0101010101010102
        ],
        [
            0,
            0,
            0,
            1,
            0.5,
            0.0,
            1.0,
            0.0,
            0.010101010101010102
        ],
        [
            0,
            0,
            0,
            1,
            0.5,
            0.0,
            1.0,
            0.0,
            1.0
        ]
    ],
    "nodeCount": 3,
    "edgeCount": 2,
    "tokenCount": 1,
    "nodes": [
        "0x5bb6ee37a6503fe381207c3bac0aa6d7b33590fa",
        "0x7b08edb7ca737b8e0aa7fa35c6a8c9222a9cdab0",
        "0x94117b3b675024aae07f0ef864cbadf044ff3bfc"
    ],
    "tokens": [
        "native_token"
    ]
}