{
    "hash": "0xf947a32d1774056a77cff371b5e250d03c737c947f55959d5ff71d8d8ffc2ee5",
    "chain": "Binance",
    "U": [
        0,
        1,
        2,
        3,
        1,
        1,
        5
    ],
    "V": [
        1,
        2,
        3,
        1,
        0,
        4,
        6
    ],
    "feat": [
        [
            0,
            0,
            1,
            0,
            0.14285714285714285,
            0.14285714285714285,
            0.25,
            0.25,
            -0.003988041579843671
        ],
        [
            1,
            0,
            0,
            0,
            0.2857142857142857,
            0.42857142857142855,
            0.5,
            0.5,
            0.0
        ],
        [
            0,
            0,
            1,
            0,
            0.14285714285714285,
            0.14285714285714285,
            0.25,
            0.25,
            0.0
        ],
        [
            0,
            0,
            1,
            0,
            0.14285714285714285,
            0.14285714285714285,
            0.25,
            0.25,
            0.0
        ],
        [
            0,
            0,
            0,
            1,
            0.14285714285714285,
            0.0,
            0.25,
            0.0,
            0.003988041579843724
        ],
        [
            0,
            0,
            0,
            1,
            0.0,
            0.14285714285714285,
            0.0,
            0.25,
            -1.0
        ],
        [
            0,
            0,
            0,
            1,
            0.14285714285714285,
            0.0,
            0.25,
            0.0,
            1.0
        ]
    ],
    "nodeCount": 7,
    "edgeCount": 7,
    "tokenCount": 4,
    "nodes": [
        "0xc3dac2049616326e7d596ce52062789d96373b55",
        "0x25d929be2fec199f0e90d2b8d1923d7d0f808c91",
        "0x4311ed024fb8c60fc010d0e99e93e1a7935e8c1d",
        "0xf81e106c5b44ba9a993fc1f456a4c8e54c47cf34",
        "0x2aab3ddd93ededc4d4275bef3e4f4d2ca95e0008",
        "0x73311e949c9f474727347872f5ed274f10d6eea6",
        "0x0000000000000000000000000000000000000000"
    ],
    "tokens": [
        "0xe9e7cea3dedca5984780bafc599bd69add087d56",
        "0x633237c6fa30fae46cc5bb22014da30e50a718cc",
        "0x55d398326f99059ff775485246999027b3197955",
        "0x0000000000004946c0e9f43f4dee607b0ef1fa1c"
    ]
}