{
    "hash": "0xfa05cbc4beae24f70a8bdf34eedeaa2af97c13778183a274ffe9f0bed92b7c40",
    "chain": "Ethereum",
    "U": [
        0,
        1,
        1,
        1,
        1,
        1,
        1,
        1,
        1,
        1,
        1,
        1,
        1,
        1,
        1,
        1,
        1,
        1,
        1,
        1,
        1,
        1,
        1,
        1,
        1,
        1,
        1,
        1,
        1,
        1,
        1,
        1,
        1,
        1,
        1,
        1,
        1,
        1,
        1,
        1,
        1,
        1,
        1,
        1,
        1,
        1
    ],
    "V": [
        1,
        1,
        2,
        0,
        1,
        2,
        0,
        1,
        2,
        0,
        1,
        2,
        0,
        1,
        2,
        0,
        1,
        2,
        0,
        1,
        2,
        0,
        1,
        2,
        0,
        1,
        2,
        0,
        1,
        2,
        0,
        1,
        2,
        0,
        1,
        2,
        0,
        1,
        2,
        0,
        1,
        2,
        0,
        1,
        2,
        0
    ],
    "feat": [
        [
            0,
            0,
            0,
            1,
            0.32608695652173914,
            0.021739130434782608,
            0.5,
            0.5,
            14.0
        ],
        [
            0,
            1,
            0,
            0,
            0.34782608695652173,
            0.9782608695652174,
            0.5,
            1.0,
            -14.999999999999996
        ],
        [
            0,
            0,
            0,
            1,
            0.32608695652173914,
            0.0,
            0.5,
            0.0,
            0.9999999999999978
        ]
    ],
    "nodeCount": 3,
    "edgeCount": 46,
    "tokenCount": 2,
    "nodes": [
        "0xa4fd3d2c1b482099cd747efdc50906b29d0066f8",
        "0xfbddadd80fe7bda00b901fbaf73803f2238ae655",
        "0x4b5057b2c87ec9e7c047fb00c0e406dff2fdacad"
    ],
    "tokens": [
        "native_token",
        "0x990f341946a3fdb507ae7e52d17851b87168017c"
    ]
}