{
    "hash": "0xfa0360be3ad52aed05d7df9e55f64a8213c8fd505ba3433a5cd7fb08ecd69883",
    "chain": "Binance",
    "U": [
        0,
        0,
        0
    ],
    "V": [
        1,
        1,
        1
    ],
    "feat": [
        [
            0,
            1,
            0,
            0,
            0.0,
            1.0,
            0.0,
            1.0,
            -1.9427191082955386
        ],
        [
            0,
            0,
            0,
            1,
            1.0,
            0.0,
            1.0,
            0.0,
            1.9427191082955386
        ]
    ],
    "nodeCount": 2,
    "edgeCount": 3,
    "tokenCount": 1,
    "nodes": [
        "0x67340bd16ee5649a37015138b3393eb5ad17c195",
        "0xc28a78a1119c530ce6035d474fe616c4eec4ee57"
    ],
    "tokens": [
        "0x4437743ac02957068995c48e08465e0ee1769fbe"
    ]
}