{
    "hash": "0xfa2f000b7a14265f3767b7b3f9b577ce71e4d26792d5027d43c8364ea6c1d9e7",
    "chain": "Ethereum",
    "U": [
        0,
        1,
        2,
        3,
        1,
        1,
        4,
        5,
        1,
        1,
        6,
        1,
        7,
        1
    ],
    "V": [
        1,
        2,
        1,
        1,
        3,
        4,
        1,
        1,
        5,
        6,
        1,
        7,
        1,
        0
    ],
    "feat": [
        [
            0,
            0,
            0,
            1,
            0.07142857142857142,
            0.07142857142857142,
            0.25,
            0.25,
            0.0
        ],
        [
            1,
            0,
            0,
            0,
            0.5,
            0.5,
            1.0,
            1.0,
            0.0
        ],
        [
            0,
            0,
            1,
            0,
            0.07142857142857142,
            0.07142857142857142,
            0.25,
            0.25,
            -0.0006479108515197347
        ],
        [
            1,
            0,
            0,
            0,
            0.07142857142857142,
            0.07142857142857142,
            0.25,
            0.25,
            -0.025000000000000022
        ],
        [
            0,
            0,
            1,
            0,
            0.07142857142857142,
            0.07142857142857142,
            0.25,
            0.25,
            0.0016626086352266867
        ],
        [
            1,
            0,
            0,
            0,
            0.07142857142857142,
            0.07142857142857142,
            0.25,
            0.25,
            0.013105757024843456
        ],
        [
            0,
            1,
            0,
            0,
            0.07142857142857142,
            0.07142857142857142,
            0.25,
            0.25,
            0.010879545191449624
        ],
        [
            0,
            0,
            1,
            0,
            0.07142857142857142,
            0.07142857142857142,
            0.25,
            0.25,
            0.0
        ]
    ],
    "nodeCount": 8,
    "edgeCount": 14,
    "tokenCount": 4,
    "nodes": [
        "0x441592ff957c8a4e264965fc26ae113ad77e0927",
        "0xfd3dfb524b2da40c8a6d703c62be36b5d8540626",
        "0x06ad23978f67ae8cc76c54b74993b31a816bac2b",
        "0x3289c15810e20ace49ad16b56a0db8d78bd10117",
        "0x60a26d69263ef43e9a68964ba141263f19d71d51",
        "0x60594a405d53811d3bc4766596efd80fd545a270",
        "0xba12222222228d8ba445958a75a0704d566bf2c8",
        "0x3058ef90929cb8180174d74c507176cca6835d73"
    ],
    "tokens": [
        "0xc834fa996fa3bec7aad3693af486ae53d8aa8b50",
        "0xc02aaa39b223fe8d0a0e5c4f27ead9083c756cc2",
        "0x6b175474e89094c44da98b954eedeac495271d0f",
        "0xdac17f958d2ee523a2206206994597c13d831ec7"
    ]
}