{
    "hash": "0xfb9941e97566d794f539fd62c539b614f72849fb509508f6b42ec28a6577ca32",
    "chain": "Binance",
    "U": [
        0,
        1,
        1,
        1,
        0,
        0,
        1
    ],
    "V": [
        1,
        2,
        0,
        0,
        3,
        1,
        0
    ],
    "feat": [
        [
            0,
            1,
            0,
            0,
            0.42857142857142855,
            0.42857142857142855,
            0.6666666666666666,
            0.6666666666666666,
            0.9970018167917158
        ],
        [
            0,
            0,
            1,
            0,
            0.2857142857142857,
            0.5714285714285714,
            0.6666666666666666,
            1.0,
            -1.998301816791716
        ],
        [
            0,
            0,
            0,
            1,
            0.14285714285714285,
            0.0,
            0.3333333333333333,
            0.0,
            1.0
        ],
        [
            0,
            1,
            0,
            0,
            0.14285714285714285,
            0.0,
            0.3333333333333333,
            0.0,
            0.0012999999999998302
        ]
    ],
    "nodeCount": 4,
    "edgeCount": 7,
    "tokenCount": 3,
    "nodes": [
        "0x5d2112ba0969ec66012380c1fb88f2a3d182eb90",
        "0x1bba5c6cc38ef04066042237b4298dc23405304d",
        "0x0000000000000000000000000000000000000000",
        "0x593cc303170367fcb249abdd08aaaa736d552ba5"
    ],
    "tokens": [
        "0x1bba5c6cc38ef04066042237b4298dc23405304d",
        "0xbb4cdb9cbd36b01bd1cbaebf2de08d9173bc095c",
        "0xdd97ab35e3c0820215bc85a395e13671d84ccba2"
    ]
}