{
    "hash": "0xfb1efbc1ccbca8aa5ccd6d6ae99f006fddb745ee96b715c681c49439f6651879",
    "chain": "Binance",
    "U": [
        0,
        0,
        0,
        0,
        0,
        0,
        0,
        0,
        0,
        0,
        0,
        0,
        0,
        0,
        0,
        0,
        0,
        0,
        0,
        0,
        0,
        0,
        0,
        0,
        0,
        0,
        0,
        0,
        0,
        0,
        0,
        0,
        0,
        0,
        0,
        0,
        0,
        0,
        0,
        0,
        0,
        0,
        0,
        0,
        0,
        0,
        0,
        0,
        0,
        0,
        0,
        0,
        0,
        0,
        0,
        0,
        0,
        0,
        0,
        0,
        0,
        0,
        0
    ],
    "V": [
        1,
        2,
        1,
        2,
        1,
        2,
        1,
        2,
        1,
        2,
        1,
        2,
        1,
        2,
        1,
        2,
        1,
        2,
        1,
        2,
        1,
        2,
        1,
        2,
        1,
        2,
        1,
        2,
        1,
        2,
        1,
        2,
        1,
        2,
        1,
        2,
        1,
        2,
        1,
        2,
        1,
        2,
        1,
        2,
        1,
        2,
        1,
        2,
        1,
        2,
        1,
        2,
        1,
        2,
        1,
        2,
        1,
        2,
        1,
        2,
        1,
        2,
        3
    ],
    "feat": [
        [
            0,
            1,
            0,
            0,
            0.0,
            1.0,
            0.0,
            1.0,
            -1.15
        ],
        [
            0,
            0,
            0,
            1,
            0.49206349206349204,
            0.0,
            1.0,
            0.0,
            0.09999999999999992
        ],
        [
            0,
            0,
            0,
            1,
            0.49206349206349204,
            0.0,
            1.0,
            0.0,
            0.04999999999999992
        ],
        [
            0,
            0,
            0,
            1,
            0.015873015873015872,
            0.0,
            1.0,
            0.0,
            1.0
        ]
    ],
    "nodeCount": 4,
    "edgeCount": 63,
    "tokenCount": 1,
    "nodes": [
        "0xb55557381f406adef2432e909ddb76e18570e066",
        "0xc6c28175bd35beb9f66bee7e6c41b00780222bef",
        "0xe3ecfe26e39ff0c38930b984e7aadca5d40d88af",
        "0x07245111c0a8f8228f474f95688cc403248b690c"
    ],
    "tokens": [
        "native_token"
    ]
}