{
    "hash": "0xfb19f33fe61fca62da2a8944d4ea6739bfee4ae1792680e5af30b09b44a177c1",
    "chain": "Binance",
    "U": [
        0,
        0,
        2,
        3,
        3,
        5,
        6,
        3,
        5,
        3,
        3,
        0,
        3
    ],
    "V": [
        1,
        2,
        3,
        4,
        5,
        6,
        3,
        5,
        3,
        6,
        6,
        3,
        7
    ],
    "feat": [
        [
            0,
            0,
            0,
            1,
            0.0,
            0.23076923076923078,
            0.0,
            0.5,
            -2.1
        ],
        [
            0,
            1,
            0,
            0,
            0.07692307692307693,
            0.0,
            0.25,
            0.0,
            0.1
        ],
        [
            0,
            0,
            1,
            0,
            0.07692307692307693,
            0.07692307692307693,
            0.25,
            0.25,
            0.905647764109503
        ],
        [
            1,
            0,
            0,
            0,
            0.3076923076923077,
            0.46153846153846156,
            1.0,
            1.0,
            0.0024998928039572377
        ],
        [
            0,
            1,
            0,
            0,
            0.07692307692307693,
            0.0,
            0.25,
            0.0,
            0.002170101425481431
        ],
        [
            0,
            0,
            1,
            0,
            0.15384615384615385,
            0.15384615384615385,
            0.25,
            0.25,
            -1.9078178296073132
        ],
        [
            0,
            0,
            1,
            0,
            0.23076923076923078,
            0.07692307692307693,
            0.5,
            0.25,
            1.9975000712683717
        ],
        [
            0,
            1,
            0,
            0,
            0.07692307692307693,
            0.0,
            0.25,
            0.0,
            1.0
        ]
    ],
    "nodeCount": 8,
    "edgeCount": 13,
    "tokenCount": 4,
    "nodes": [
        "0x0000000000000000000000000000000000000000",
        "0x8488cb2f54ecb9aa1cdc1bc83bc1d200bb2f216b",
        "0x009cf7bc57584b7998236eff51b98a168dcea9b0",
        "0x2862c2fe8b2688a4bcebd75f05f7701b3a3c6ba0",
        "0xef926bad16a38e85a8ac93c6a7c9bfc95d732ec8",
        "0x0ed7e52944161450477ee417de9cd3a859b14fd0",
        "0x74e4716e431f45807dcf19f284c7aa99f18a4fbc",
        "0x73feaa1ee314f8c655e354234017be2193c9e24e"
    ],
    "tokens": [
        "0x0e09fabb73bd3ade0a17ecc321fd13a19e81ce82",
        "0xbb4cdb9cbd36b01bd1cbaebf2de08d9173bc095c",
        "0x2170ed0880ac9a755fd29b2688956bd959f933f8",
        "0x74e4716e431f45807dcf19f284c7aa99f18a4fbc"
    ]
}