{
    "hash": "0xfbfa63aac4c68e943e8b788de32705edd40dc832a792a81361d7de0abc422e25",
    "chain": "Ethereum",
    "U": [
        0,
        1,
        3,
        2,
        2,
        0
    ],
    "V": [
        1,
        2,
        2,
        3,
        0,
        4
    ],
    "feat": [
        [
            0,
            1,
            0,
            0,
            0.16666666666666666,
            0.3333333333333333,
            0.25,
            0.5,
            -1.0
        ],
        [
            0,
            0,
            1,
            0,
            0.16666666666666666,
            0.16666666666666666,
            0.25,
            0.25,
            0.0
        ],
        [
            1,
            0,
            0,
            0,
            0.3333333333333333,
            0.3333333333333333,
            0.5,
            0.5,
            0.0
        ],
        [
            0,
            1,
            0,
            0,
            0.16666666666666666,
            0.16666666666666666,
            0.25,
            0.25,
            0.0
        ],
        [
            0,
            0,
            0,
            1,
            0.16666666666666666,
            0.0,
            0.25,
            0.0,
            1.0
        ]
    ],
    "nodeCount": 5,
    "edgeCount": 6,
    "tokenCount": 4,
    "nodes": [
        "0x90e08dc4e7b9e87cb5c2558958488913fc3b3a00",
        "0xe6f19dab7d43317344282f803f8e8d240708174a",
        "0xfd3dfb524b2da40c8a6d703c62be36b5d8540626",
        "0x11b815efb8f581194ae79006d24e0d814b7697f6",
        "0x482579f93dc13e6b434e38b5a0447ca543d88a46"
    ],
    "tokens": [
        "0x85eee30c52b0b379b046fb0f85f4f3dc3009afec",
        "0xc02aaa39b223fe8d0a0e5c4f27ead9083c756cc2",
        "0xdac17f958d2ee523a2206206994597c13d831ec7",
        "native_token"
    ]
}