{
    "hash": "0xfc6635816c3959cfccc1bfe28e65d5d124e05f91108c5d8533da991f2e7c6f3c",
    "chain": "Ethereum",
    "U": [
        0,
        1,
        2,
        1,
        3,
        1,
        4,
        1,
        5,
        1,
        6,
        1
    ],
    "V": [
        1,
        2,
        1,
        3,
        1,
        4,
        1,
        5,
        1,
        6,
        1,
        0
    ],
    "feat": [
        [
            0,
            0,
            0,
            1,
            0.08333333333333333,
            0.08333333333333333,
            0.3333333333333333,
            0.3333333333333333,
            0.0
        ],
        [
            0,
            1,
            0,
            0,
            0.5,
            0.5,
            1.0,
            1.0,
            2.220446049250313e-16
        ],
        [
            0,
            0,
            1,
            0,
            0.08333333333333333,
            0.08333333333333333,
            0.3333333333333333,
            0.3333333333333333,
            0.0011258995362261048
        ],
        [
            0,
            0,
            1,
            0,
            0.08333333333333333,
            0.08333333333333333,
            0.3333333333333333,
            0.3333333333333333,
            -0.0008070131475752251
        ],
        [
            0,
            0,
            1,
            0,
            0.08333333333333333,
            0.08333333333333333,
            0.3333333333333333,
            0.3333333333333333,
            -0.00042172384890618725
        ],
        [
            0,
            0,
            1,
            0,
            0.08333333333333333,
            0.08333333333333333,
            0.3333333333333333,
            0.3333333333333333,
            0.0001028374602553006
        ],
        [
            0,
            0,
            1,
            0,
            0.08333333333333333,
            0.08333333333333333,
            0.3333333333333333,
            0.3333333333333333,
            0.0
        ]
    ],
    "nodeCount": 7,
    "edgeCount": 12,
    "tokenCount": 3,
    "nodes": [
        "0xce6deec9b6d9d8a9badd9b9fcc9c2da7947b6409",
        "0x22f9dcf4647084d6c31b2765f6910cd85c178c18",
        "0x4a7d4be868e0b811ea804faf0d3a325c3a29a9ad",
        "0x7adb368141248d6c50b614aee3b6a9ef9f8c20bd",
        "0x69d460e01070a7ba1bc363885bc8f4f0daa19bf5",
        "0xa97642500517c728ce1339a466de0f10c19034cd",
        "0xc02aaa39b223fe8d0a0e5c4f27ead9083c756cc2"
    ],
    "tokens": [
        "0x8f8221afbb33998d8584a2b05749ba73c37a938a",
        "0xc02aaa39b223fe8d0a0e5c4f27ead9083c756cc2",
        "native_token"
    ]
}