{
    "hash": "0xfcb9f35b8b47eff497b18edbde85a62db72012e4ea59e44a58489126cdcd402d",
    "chain": "Ethereum",
    "U": [
        0,
        1,
        1,
        1,
        1,
        1,
        1,
        1,
        1,
        1,
        1,
        1,
        1,
        1,
        1,
        1
    ],
    "V": [
        1,
        1,
        2,
        0,
        1,
        2,
        0,
        1,
        2,
        0,
        1,
        2,
        0,
        1,
        2,
        0
    ],
    "feat": [
        [
            0,
            0,
            0,
            1,
            0.3125,
            0.0625,
            0.5,
            0.5,
            3.555555555555619
        ],
        [
            0,
            1,
            0,
            0,
            0.375,
            0.9375,
            0.5,
            1.0,
            -4.555555555555616
        ],
        [
            0,
            0,
            0,
            1,
            0.3125,
            0.0,
            0.5,
            0.0,
            0.9999999999999976
        ]
    ],
    "nodeCount": 3,
    "edgeCount": 16,
    "tokenCount": 2,
    "nodes": [
        "0xe005cc4c572b90d8711f0ba342cfa61884b01dc6",
        "0xfbddadd80fe7bda00b901fbaf73803f2238ae655",
        "0x4b5057b2c87ec9e7c047fb00c0e406dff2fdacad"
    ],
    "tokens": [
        "native_token",
        "0x990f341946a3fdb507ae7e52d17851b87168017c"
    ]
}