{
    "hash": "0xfdb42f24afff0ea6fda48c25689fb23833d80b300624cbdbe6b71d86c95e9f33",
    "chain": "Ethereum",
    "U": [
        0,
        1,
        1,
        1,
        1,
        1,
        1,
        1,
        1,
        1,
        1,
        1,
        1,
        1,
        1,
        1
    ],
    "V": [
        1,
        1,
        2,
        0,
        1,
        2,
        0,
        1,
        2,
        0,
        1,
        2,
        0,
        1,
        2,
        0
    ],
    "feat": [
        [
            0,
            0,
            0,
            1,
            0.3125,
            0.0625,
            0.5,
            0.5,
            4.0
        ],
        [
            0,
            1,
            0,
            0,
            0.375,
            0.9375,
            0.5,
            1.0,
            -4.999999999999998
        ],
        [
            0,
            0,
            0,
            1,
            0.3125,
            0.0,
            0.5,
            0.0,
            0.9999999999999988
        ]
    ],
    "nodeCount": 3,
    "edgeCount": 16,
    "tokenCount": 2,
    "nodes": [
        "0x04ac2d8f4b23299144e730c9ebb4ad9e8699bff5",
        "0xfbddadd80fe7bda00b901fbaf73803f2238ae655",
        "0x4b5057b2c87ec9e7c047fb00c0e406dff2fdacad"
    ],
    "tokens": [
        "native_token",
        "0x990f341946a3fdb507ae7e52d17851b87168017c"
    ]
}