{
    "hash": "0xfd139704af6497c971c28e8e9a66d6bd55a87410f4e6daf04050735999c1d949",
    "chain": "Ethereum",
    "U": [
        0,
        1,
        3,
        1,
        5,
        4,
        7,
        6,
        4,
        8,
        4,
        1
    ],
    "V": [
        1,
        2,
        1,
        4,
        6,
        5,
        4,
        7,
        8,
        4,
        1,
        0
    ],
    "feat": [
        [
            0,
            0,
            0,
            1,
            0.08333333333333333,
            0.08333333333333333,
            0.2,
            0.2,
            0.0
        ],
        [
            0,
            1,
            0,
            0,
            0.25,
            0.25,
            0.6,
            0.6,
            0.0
        ],
        [
            0,
            0,
            0,
            1,
            0.08333333333333333,
            0.0,
            0.2,
            0.0,
            1.0
        ],
        [
            0,
            1,
            0,
            0,
            0.0,
            0.08333333333333333,
            0.0,
            0.2,
            -1.0
        ],
        [
            0,
            1,
            0,
            0,
            0.25,
            0.25,
            0.6,
            0.6,
            0.0
        ],
        [
            1,
            0,
            0,
            0,
            0.08333333333333333,
            0.08333333333333333,
            0.2,
            0.2,
            0.0
        ],
        [
            0,
            1,
            0,
            0,
            0.08333333333333333,
            0.08333333333333333,
            0.2,
            0.2,
            0.0
        ],
        [
            0,
            1,
            0,
            0,
            0.08333333333333333,
            0.08333333333333333,
            0.2,
            0.2,
            0.0
        ],
        [
            0,
            0,
            1,
            0,
            0.08333333333333333,
            0.08333333333333333,
            0.2,
            0.2,
            0.0
        ]
    ],
    "nodeCount": 9,
    "edgeCount": 12,
    "tokenCount": 5,
    "nodes": [
        "0x01f9a987cb6b27dcb88062a35fcf5cecac9ada96",
        "0xe03a338d5c305613afc3877389dd3b0617233387",
        "0x0000000000000000000000000000000000000000",
        "0x93054188d876f558f4a66b2ef1d97d16edf0895b",
        "0x22f9dcf4647084d6c31b2765f6910cd85c178c18",
        "0x3730ecd0aa7eb9b35a4e89b032bef80a1a41aa7f",
        "0xe592427a0aece92de3edee1f18e0157c05861564",
        "0xcbcdf9626bc03e24f779434178a73a0b4bad62ed",
        "0xc02aaa39b223fe8d0a0e5c4f27ead9083c756cc2"
    ],
    "tokens": [
        "0x49849c98ae39fff122806c06791fa73784fb3675",
        "0xeb4c2781e4eba804ce9a9803c67d0893436bb27d",
        "0x2260fac5e5542a773aa44fbcfedf7c193bc2c599",
        "0xc02aaa39b223fe8d0a0e5c4f27ead9083c756cc2",
        "native_token"
    ]
}