{
    "hash": "0xfd7de38694aad65f1b340dfc82899724931dedc0cb892d5b6cd7382484b74558",
    "chain": "Ethereum",
    "U": [
        0,
        1,
        1,
        1,
        1,
        1,
        1,
        1,
        1,
        1,
        1,
        1,
        1,
        1,
        1,
        1,
        1,
        1,
        1,
        1,
        1,
        1,
        1,
        1,
        1,
        1,
        1,
        1,
        1,
        1,
        1,
        1,
        1,
        1,
        1,
        1,
        1,
        1,
        1,
        1,
        1,
        1,
        1,
        1,
        1,
        1
    ],
    "V": [
        1,
        1,
        2,
        0,
        1,
        2,
        0,
        1,
        2,
        0,
        1,
        2,
        0,
        1,
        2,
        0,
        1,
        2,
        0,
        1,
        2,
        0,
        1,
        2,
        0,
        1,
        2,
        0,
        1,
        2,
        0,
        1,
        2,
        0,
        1,
        2,
        0,
        1,
        2,
        0,
        1,
        2,
        0,
        1,
        2,
        0
    ],
    "feat": [
        [
            0,
            0,
            0,
            1,
            0.32608695652173914,
            0.021739130434782608,
            0.5,
            0.5,
            13.222222222222335
        ],
        [
            0,
            1,
            0,
            0,
            0.34782608695652173,
            0.9782608695652174,
            0.5,
            1.0,
            -14.222222222222324
        ],
        [
            0,
            0,
            0,
            1,
            0.32608695652173914,
            0.0,
            0.5,
            0.0,
            0.999999999999999
        ]
    ],
    "nodeCount": 3,
    "edgeCount": 46,
    "tokenCount": 2,
    "nodes": [
        "0x0dba82bdb1fd3f328f8c79afcef24027f5ee9de8",
        "0xfbddadd80fe7bda00b901fbaf73803f2238ae655",
        "0x4b5057b2c87ec9e7c047fb00c0e406dff2fdacad"
    ],
    "tokens": [
        "native_token",
        "0x990f341946a3fdb507ae7e52d17851b87168017c"
    ]
}