{
    "hash": "0xfde037677f6aa6139262e59fa9714ae2d7d63b38c47f4ba4157edbec0cab9e6d",
    "chain": "Binance",
    "U": [
        0,
        0,
        0,
        0,
        0,
        0,
        0,
        0,
        0,
        0,
        0,
        0,
        0,
        0,
        0,
        0,
        0,
        0,
        0,
        0,
        0,
        0,
        0,
        0,
        0,
        0,
        0,
        0,
        0,
        0,
        0,
        0,
        0,
        0,
        0,
        0,
        0,
        0,
        0,
        0,
        0,
        0,
        0,
        0,
        0,
        0,
        0,
        0,
        0,
        0
    ],
    "V": [
        1,
        1,
        1,
        1,
        1,
        1,
        1,
        1,
        1,
        1,
        1,
        1,
        1,
        1,
        1,
        1,
        1,
        1,
        1,
        1,
        1,
        1,
        1,
        1,
        1,
        1,
        1,
        1,
        1,
        1,
        1,
        1,
        1,
        1,
        1,
        1,
        1,
        1,
        1,
        1,
        1,
        1,
        1,
        1,
        1,
        1,
        1,
        1,
        1,
        1
    ],
    "feat": [
        [
            0,
            0,
            0,
            1,
            0.0,
            1.0,
            0.0,
            1.0,
            -31.731309419400116
        ],
        [
            0,
            0,
            0,
            1,
            1.0,
            0.0,
            1.0,
            0.0,
            31.731309419400116
        ]
    ],
    "nodeCount": 2,
    "edgeCount": 50,
    "tokenCount": 1,
    "nodes": [
        "0x0000000000000000000000000000000000000000",
        "0xb2f00b05976905edb986924e2cedc72c6ca11d5f"
    ],
    "tokens": [
        "0xacb8f52dc63bb752a51186d1c55868adbffee9c1"
    ]
}