{
    "hash": "0xfd8a60b2f0bdc257b18f0b1f2cdf8ae99fa6a21ecaabf6bdab0085c4d9e6730f",
    "chain": "Binance",
    "U": [
        0,
        1,
        2,
        1,
        1,
        1,
        1,
        2,
        1,
        1,
        6,
        1
    ],
    "V": [
        1,
        2,
        1,
        3,
        4,
        5,
        2,
        1,
        2,
        2,
        1,
        0
    ],
    "feat": [
        [
            0,
            0,
            1,
            0,
            0.08333333333333333,
            0.08333333333333333,
            0.3333333333333333,
            0.3333333333333333,
            0.0
        ],
        [
            0,
            1,
            0,
            0,
            0.3333333333333333,
            0.6666666666666666,
            1.0,
            1.0,
            -0.17685815597076926
        ],
        [
            0,
            0,
            1,
            0,
            0.3333333333333333,
            0.16666666666666666,
            0.6666666666666666,
            0.3333333333333333,
            1.0781689980026063
        ],
        [
            0,
            0,
            0,
            1,
            0.08333333333333333,
            0.0,
            0.3333333333333333,
            0.0,
            0.010468163513031177
        ],
        [
            0,
            1,
            0,
            0,
            0.08333333333333333,
            0.0,
            0.3333333333333333,
            0.0,
            0.07327714459121824
        ],
        [
            0,
            0,
            0,
            1,
            0.08333333333333333,
            0.0,
            0.3333333333333333,
            0.0,
            0.010562471292427855
        ],
        [
            0,
            0,
            0,
            1,
            0.0,
            0.08333333333333333,
            0.0,
            0.3333333333333333,
            -0.9956186214285144
        ]
    ],
    "nodeCount": 7,
    "edgeCount": 12,
    "tokenCount": 3,
    "nodes": [
        "0xb9d8592e16a9c1a3ae6021cddb324eac1cbc70d6",
        "0x8f817ed8dc70af64f542f1b43e24442a811abf7d",
        "0x59ea11cfe863a6d680f4d14bb24343e852abbbbb",
        "0x0001e0bc98946047f47183303d59b9be0097709f",
        "0xeb41298ba4ea3865c33bde8f60ec414421050d53",
        "0x982f264ce97365864181df65df4931c593a515ad",
        "0x0000000000000000000000000000000000000000"
    ],
    "tokens": [
        "0xb9d8592e16a9c1a3ae6021cddb324eac1cbc70d6",
        "0xbb4cdb9cbd36b01bd1cbaebf2de08d9173bc095c",
        "0x59ea11cfe863a6d680f4d14bb24343e852abbbbb"
    ]
}