{
    "hash": "0xfecfcead627bab20700ded84180e023c18c43cdf47b08309650f23acdfd3499a",
    "chain": "Ethereum",
    "U": [
        0,
        1,
        2,
        1,
        3,
        1,
        1,
        1
    ],
    "V": [
        1,
        2,
        1,
        3,
        1,
        0,
        4,
        5
    ],
    "feat": [
        [
            1,
            0,
            0,
            0,
            0.125,
            0.125,
            0.2,
            0.2,
            0.0
        ],
        [
            1,
            0,
            0,
            0,
            0.375,
            0.625,
            0.6,
            1.0,
            -1.9982119750683922
        ],
        [
            0,
            1,
            0,
            0,
            0.125,
            0.125,
            0.2,
            0.2,
            -0.001788024943973232
        ],
        [
            0,
            1,
            0,
            0,
            0.125,
            0.125,
            0.2,
            0.2,
            1.2365553025972531e-11
        ],
        [
            0,
            0,
            0,
            1,
            0.125,
            0.0,
            0.2,
            0.0,
            1.0
        ],
        [
            0,
            0,
            0,
            1,
            0.125,
            0.0,
            0.2,
            0.0,
            1.0
        ]
    ],
    "nodeCount": 6,
    "edgeCount": 8,
    "tokenCount": 5,
    "nodes": [
        "0x88e6a0c2ddd26feeb64f039a2c41296fcb3f5640",
        "0x000000000000abe945c436595ce765a8a261317b",
        "0x80466c64868e1ab14a1ddf27a676c3fcbe638fe5",
        "0xa5407eae9ba41422680e2e00537571bcc53efbfd",
        "0xea674fdde714fd979de3edf0f56aa9716b898ec8",
        "0x0000000000000000000000000000000000000000"
    ],
    "tokens": [
        "0xc02aaa39b223fe8d0a0e5c4f27ead9083c756cc2",
        "0xdac17f958d2ee523a2206206994597c13d831ec7",
        "0xa0b86991c6218b36c1d19d4a2e9eb0ce3606eb48",
        "native_token",
        "0x0000000000004946c0e9f43f4dee607b0ef1fa1c"
    ]
}