{
    "hash": "0xfe94e55f921c08778031b64dd14f079f7d9384943e655e437fc87cb500c4502a",
    "chain": "Ethereum",
    "U": [
        0,
        1,
        2,
        3,
        1,
        1,
        4,
        5,
        1,
        3,
        1,
        3,
        1,
        1,
        1
    ],
    "V": [
        1,
        2,
        1,
        1,
        3,
        4,
        1,
        1,
        5,
        1,
        3,
        1,
        3,
        6,
        0
    ],
    "feat": [
        [
            0,
            0,
            0,
            1,
            0.06666666666666667,
            0.06666666666666667,
            0.2,
            0.2,
            0.0
        ],
        [
            1,
            0,
            0,
            0,
            0.4666666666666667,
            0.5333333333333333,
            1.0,
            1.0,
            4.996003610813204e-16
        ],
        [
            0,
            1,
            0,
            0,
            0.06666666666666667,
            0.06666666666666667,
            0.2,
            0.2,
            -0.8
        ],
        [
            0,
            0,
            0,
            1,
            0.2,
            0.2,
            0.6,
            0.2,
            1.398843446154979
        ],
        [
            0,
            0,
            1,
            0,
            0.06666666666666667,
            0.06666666666666667,
            0.2,
            0.2,
            -0.6
        ],
        [
            0,
            1,
            0,
            0,
            0.06666666666666667,
            0.06666666666666667,
            0.2,
            0.2,
            0.0
        ],
        [
            0,
            1,
            0,
            0,
            0.06666666666666667,
            0.0,
            0.2,
            0.0,
            0.00115655384502085
        ]
    ],
    "nodeCount": 7,
    "edgeCount": 15,
    "tokenCount": 5,
    "nodes": [
        "0xa176d42454d5af743c771cb3545a118d8a1aba95",
        "0xfd3dfb524b2da40c8a6d703c62be36b5d8540626",
        "0xa5407eae9ba41422680e2e00537571bcc53efbfd",
        "0x56178a0d5f301baf6cf3e1cd53d9863437345bf9",
        "0x3058ef90929cb8180174d74c507176cca6835d73",
        "0xc2e9f25be6257c210d7adf0d4cd6e3e881ba25f8",
        "0xdd9f24efc84d93deef3c8745c837ab63e80abd27"
    ],
    "tokens": [
        "0xdac17f958d2ee523a2206206994597c13d831ec7",
        "0xa0b86991c6218b36c1d19d4a2e9eb0ce3606eb48",
        "0xec67005c4e498ec7f55e092bd1d35cbc47c91892",
        "0x6b175474e89094c44da98b954eedeac495271d0f",
        "0xc02aaa39b223fe8d0a0e5c4f27ead9083c756cc2"
    ]
}