{
    "hash": "0xfe0e2baa544833a6ce43c6ff75581bd0bfa0cacd8c1a4f19564e7e30270128b7",
    "chain": "Binance",
    "U": [
        0,
        2,
        3,
        5,
        4,
        2,
        2,
        4,
        4,
        6,
        1,
        8,
        5,
        4
    ],
    "V": [
        1,
        3,
        4,
        4,
        2,
        4,
        3,
        5,
        3,
        7,
        8,
        4,
        4,
        0
    ],
    "feat": [
        [
            0,
            0,
            0,
            1,
            0.07142857142857142,
            0.07142857142857142,
            0.2,
            0.2,
            0.0011848646447233102
        ],
        [
            0,
            0,
            1,
            0,
            0.07142857142857142,
            0.07142857142857142,
            0.2,
            0.2,
            -0.8160000000000001
        ],
        [
            0,
            0,
            1,
            0,
            0.07142857142857142,
            0.21428571428571427,
            0.2,
            0.4,
            -1.9978137090776298
        ],
        [
            0,
            0,
            1,
            0,
            0.21428571428571427,
            0.07142857142857142,
            0.4,
            0.2,
            1.9978137090776298
        ],
        [
            0,
            1,
            0,
            0,
            0.35714285714285715,
            0.2857142857142857,
            0.4,
            0.4,
            0.18518486464472322
        ],
        [
            0,
            0,
            1,
            0,
            0.07142857142857142,
            0.14285714285714285,
            0.2,
            0.2,
            -0.1851848646447234
        ],
        [
            0,
            0,
            0,
            1,
            0.0,
            0.07142857142857142,
            0.0,
            0.2,
            -1.0
        ],
        [
            0,
            0,
            0,
            1,
            0.07142857142857142,
            0.0,
            0.2,
            0.0,
            1.0
        ],
        [
            0,
            0,
            1,
            0,
            0.07142857142857142,
            0.07142857142857142,
            0.2,
            0.2,
            0.8148151353552767
        ]
    ],
    "nodeCount": 9,
    "edgeCount": 14,
    "tokenCount": 5,
    "nodes": [
        "0x8755a36f3b3a01747e97fa29f0e0fabaaaee2cb4",
        "0x3ff6f79493f0c640549243f7f8ca3a2a651d55b0",
        "0x26d88b1e61e22da3f1a1ba95a1ba278f6fcef00b",
        "0x5a10c72cc54f8966d29238c2112d33ce678c7bc1",
        "0x10ed43c718714eb63d5aa57b78b54704e256024e",
        "0xbb4cdb9cbd36b01bd1cbaebf2de08d9173bc095c",
        "0x0000000000000000000000000000000000000000",
        "0xc00fa138063ddf83c278176075597aa35269992c",
        "0x58f876857a02d6762e0101bb5c46a8c1ed44dc16"
    ],
    "tokens": [
        "0x26d88b1e61e22da3f1a1ba95a1ba278f6fcef00b",
        "0xbb4cdb9cbd36b01bd1cbaebf2de08d9173bc095c",
        "native_token",
        "0x5a10c72cc54f8966d29238c2112d33ce678c7bc1",
        "0xe9e7cea3dedca5984780bafc599bd69add087d56"
    ]
}