{
    "hash": "0xfed7ec420b9c66a8f7e773c9cb93546dc30bfc59c176e3acfa8d7730f23a8815",
    "chain": "Binance",
    "U": [
        0,
        2,
        1,
        4,
        3,
        2,
        5,
        3,
        3,
        6,
        2,
        5,
        1,
        4,
        3
    ],
    "V": [
        1,
        1,
        3,
        3,
        2,
        5,
        3,
        4,
        6,
        5,
        7,
        0,
        3,
        3,
        0
    ],
    "feat": [
        [
            0,
            0,
            0,
            1,
            0.13333333333333333,
            0.06666666666666667,
            0.5,
            0.25,
            0.6859869341279022
        ],
        [
            0,
            1,
            0,
            0,
            0.13333333333333333,
            0.13333333333333333,
            0.25,
            0.25,
            -0.0015249785738707528
        ],
        [
            0,
            0,
            1,
            0,
            0.06666666666666667,
            0.2,
            0.25,
            0.5,
            -0.02048080287330198
        ],
        [
            0,
            1,
            0,
            0,
            0.3333333333333333,
            0.26666666666666666,
            0.5,
            0.5,
            1.0366763024119545
        ],
        [
            0,
            0,
            1,
            0,
            0.06666666666666667,
            0.13333333333333333,
            0.25,
            0.25,
            -1.0366763024119545
        ],
        [
            1,
            0,
            0,
            0,
            0.13333333333333333,
            0.13333333333333333,
            0.5,
            0.5,
            0.31401306587209776
        ],
        [
            0,
            0,
            1,
            0,
            0.06666666666666667,
            0.06666666666666667,
            0.25,
            0.25,
            -0.9853294790352182
        ],
        [
            0,
            0,
            0,
            1,
            0.06666666666666667,
            0.0,
            0.25,
            0.0,
            0.007335260482390929
        ]
    ],
    "nodeCount": 8,
    "edgeCount": 15,
    "tokenCount": 4,
    "nodes": [
        "0x644c1be8457537ea67e4e43b6afe610b3a275519",
        "0x1bb7212f93b2094dd71a5fbdbf1aefb361b7580d",
        "0x06d2e78c10d3d743b70e4f4b2d090db4aa71a290",
        "0x10ed43c718714eb63d5aa57b78b54704e256024e",
        "0xbb4cdb9cbd36b01bd1cbaebf2de08d9173bc095c",
        "0x0333ce71ca5d49187e9ebd5d3b309c369fedb448",
        "0x58f876857a02d6762e0101bb5c46a8c1ed44dc16",
        "0x772d2a359c245a590be77d9cc5a446c526a9d3a1"
    ],
    "tokens": [
        "0x06d2e78c10d3d743b70e4f4b2d090db4aa71a290",
        "0xbb4cdb9cbd36b01bd1cbaebf2de08d9173bc095c",
        "native_token",
        "0xe9e7cea3dedca5984780bafc599bd69add087d56"
    ]
}