{
    "hash": "0xfff29ddfae3fcee6e25de5442709de484682708296f8b7c5f763cb44932d8a4d",
    "chain": "Ethereum",
    "U": [
        0,
        0,
        0,
        1,
        1,
        1,
        1
    ],
    "V": [
        1,
        1,
        1,
        2,
        2,
        2,
        0
    ],
    "feat": [
        [
            0,
            0,
            0,
            1,
            0.14285714285714285,
            0.42857142857142855,
            0.25,
            0.75,
            -2.0
        ],
        [
            0,
            1,
            0,
            0,
            0.42857142857142855,
            0.5714285714285714,
            0.75,
            1.0,
            -1.0
        ],
        [
            0,
            0,
            0,
            1,
            0.42857142857142855,
            0.0,
            0.75,
            0.0,
            3.0
        ]
    ],
    "nodeCount": 3,
    "edgeCount": 7,
    "tokenCount": 4,
    "nodes": [
        "0x1fefbbc536e4d6d22e63c7128226569bc9d50b9e",
        "0x87ad9009c4fd0aaa7bfe74f7e00845b3f09ad0ce",
        "0x0000000000000000000000000000000000000000"
    ],
    "tokens": [
        "0x7c23ac2e8da915d4f422cf710f4767faa0c332fa",
        "0xe63983b5fade429ec052d1b365826c4bc5fcb198",
        "0xc2c5667f69e881c83fc4692f7a08a22370b4cc41",
        "0x9b16e70797276ae1be23874961d1e6a9698e1ec6"
    ]
}