{
    "hash": "0xff27cd568792335418be9727dbeb424a6fde3ec8852288417b08b3b431a14051",
    "chain": "Binance",
    "U": [
        0,
        1,
        2,
        0
    ],
    "V": [
        1,
        0,
        0,
        2
    ],
    "feat": [
        [
            1,
            0,
            0,
            0,
            0.5,
            0.5,
            1.0,
            1.0,
            -0.000851501780570918
        ],
        [
            0,
            0,
            1,
            0,
            0.25,
            0.25,
            0.5,
            0.5,
            0.0
        ],
        [
            0,
            1,
            0,
            0,
            0.25,
            0.25,
            0.5,
            0.5,
            0.000851501780570918
        ]
    ],
    "nodeCount": 3,
    "edgeCount": 4,
    "tokenCount": 2,
    "nodes": [
        "0xc6ea617398f62772353704d68f07bf6a1c16fe58",
        "0x6216e04cd40db2c6fbed64f1b5830a98d3a91740",
        "0xff7b81fe69b9b280b30c91fb1a9e9a6de85761e5"
    ],
    "tokens": [
        "0x7130d2a12b9bcbfae4f2634d864a1ee1ce3ead9c",
        "0x2170ed0880ac9a755fd29b2688956bd959f933f8"
    ]
}