{
    "hash": "0xff61a10249b281aa6e1bb78e771eb1a79cd516e5f76a3c606958ace91f8d329d",
    "chain": "Binance",
    "U": [
        0,
        1,
        2,
        2,
        3,
        0,
        4,
        5
    ],
    "V": [
        1,
        0,
        3,
        3,
        0,
        4,
        5,
        0
    ],
    "feat": [
        [
            1,
            0,
            0,
            0,
            0.375,
            0.25,
            0.75,
            0.5,
            0.0024486232390735097
        ],
        [
            0,
            0,
            1,
            0,
            0.125,
            0.125,
            0.25,
            0.25,
            0.0
        ],
        [
            0,
            0,
            0,
            1,
            0.0,
            0.25,
            0.0,
            0.25,
            -1.000471221810838
        ],
        [
            0,
            1,
            0,
            0,
            0.25,
            0.125,
            0.25,
            0.25,
            0.9406197765931114
        ],
        [
            0,
            0,
            1,
            0,
            0.125,
            0.125,
            0.25,
            0.25,
            -0.9401485547822732
        ],
        [
            0,
            0,
            1,
            0,
            0.125,
            0.125,
            0.25,
            0.25,
            0.9975513767609264
        ]
    ],
    "nodeCount": 6,
    "edgeCount": 8,
    "tokenCount": 4,
    "nodes": [
        "0x9b27f194db19c24fb4d9cfdd6efbbec22f7b66c9",
        "0x86746cc10ba1422cb17483748105d1d1df5a2876",
        "0x0000000000000000000000000000000000000000",
        "0x782395303692abed877d2737aa7982345eb44c11",
        "0x223740a259e461abee12d84a9fff5da69ff071dd",
        "0x62c1dec1ff328dcdc157ae0068bb21af3967acd9"
    ],
    "tokens": [
        "0x55d398326f99059ff775485246999027b3197955",
        "0x1d2f0da169ceb9fc7b3144628db156f3f6c60dbe",
        "0x9c65ab58d8d978db963e63f2bfb7121627e3a739",
        "0xe9e7cea3dedca5984780bafc599bd69add087d56"
    ]
}