{
    "hash": "0x0016745693d68d734faa408b94cdf2d6c95f511b50f47b03909dc599c1dd9ff6",
    "block": 13124591,
    "timestamp": "",
    "chain": "Ethereum",
    "U": [
        0,
        1,
        2,
        1,
        3,
        4,
        3,
        1,
        2,
        1,
        5,
        1,
        1
    ],
    "V": [
        1,
        2,
        1,
        3,
        1,
        1,
        1,
        2,
        1,
        5,
        1,
        0,
        6
    ],
    "feat": [
        [
            0,
            0,
            1,
            0,
            0.07692307692307693,
            0.07692307692307693,
            0.25,
            0.25,
            0.003090419698933311
        ],
        [
            1,
            0,
            0,
            0,
            0.5384615384615384,
            0.46153846153846156,
            1.0,
            0.75,
            0.9999999999999996
        ],
        [
            0,
            0,
            1,
            0,
            0.15384615384615385,
            0.15384615384615385,
            0.5,
            0.5,
            -0.0008962217126905481
        ],
        [
            0,
            0,
            1,
            0,
            0.07692307692307693,
            0.15384615384615385,
            0.25,
            0.5,
            -0.71
        ],
        [
            0,
            0,
            1,
            0,
            0.0,
            0.07692307692307693,
            0.0,
            0.25,
            -1.0
        ],
        [
            0,
            0,
            1,
            0,
            0.07692307692307693,
            0.07692307692307693,
            0.25,
            0.25,
            0.13123208897031463
        ],
        [
            0,
            0,
            0,
            1,
            0.07692307692307693,
            0.0,
            0.25,
            0.0,
            0.5765737130434427
        ]
    ],
    "nodeCount": 7,
    "edgeCount": 13,
    "tokenCount": 4,
    "nodes": [
        "0x21b8065d10f73ee2e260e5b47d3344d3ced7596e",
        "0xbd51cb8c06f768d3225b613b79b1386f4c83d1fa",
        "0xc02aaa39b223fe8d0a0e5c4f27ead9083c756cc2",
        "0xd06527d5e56a3495252a528c4987003b712860ee",
        "0x2db6c82ce72c8d7d770ba1b5f5ed0b6e075066d6",
        "0x08650bb9dc722c9c8c62e79c2bafa2d3fc5b3293",
        "0xce1f4b4f17224ec6df16eeb1e3e5321c54ff6ede"
    ],
    "tokens": [
        "0xc02aaa39b223fe8d0a0e5c4f27ead9083c756cc2",
        "native_token",
        "0xd06527d5e56a3495252a528c4987003b712860ee",
        "0xff20817765cb7f73d4bde2e66e067e58d11095c2"
    ]
}