{
    "hash": "0x04673c95054247588bb8380dbc7d361f08f8f0baa319366f48ad46e51d08422d",
    "block": 18073757,
    "timestamp": "",
    "chain": "Binance",
    "U": [
        0,
        1,
        2,
        1,
        2,
        2,
        3,
        3,
        1,
        2,
        1,
        2,
        1,
        3,
        4,
        1,
        5,
        1
    ],
    "V": [
        1,
        2,
        1,
        2,
        3,
        3,
        1,
        1,
        2,
        1,
        2,
        1,
        3,
        4,
        1,
        0,
        1,
        6
    ],
    "feat": [
        [
            0,
            1,
            0,
            0,
            0.05555555555555555,
            0.05555555555555555,
            0.25,
            0.25,
            0.0
        ],
        [
            1,
            0,
            0,
            0,
            0.4444444444444444,
            0.3888888888888889,
            1.0,
            0.75,
            0.283103217284582
        ],
        [
            0,
            0,
            1,
            0,
            0.2222222222222222,
            0.2777777777777778,
            0.5,
            0.5,
            -0.3894064410158855
        ],
        [
            0,
            0,
            1,
            0,
            0.16666666666666666,
            0.16666666666666666,
            0.5,
            0.5,
            -0.8936565822941859
        ],
        [
            0,
            0,
            1,
            0,
            0.05555555555555555,
            0.05555555555555555,
            0.25,
            0.25,
            0.9999598060254897
        ],
        [
            0,
            0,
            1,
            0,
            0.0,
            0.05555555555555555,
            0.0,
            0.25,
            -1.0
        ],
        [
            0,
            0,
            0,
            1,
            0.05555555555555555,
            0.0,
            0.25,
            0.0,
            1.0
        ]
    ],
    "nodeCount": 7,
    "edgeCount": 18,
    "tokenCount": 4,
    "nodes": [
        "0x0fe261aee0d1c4dfddee4102e82dd425999065f4",
        "0x24cb6980995aeb7d5a9204e04b17dcd1e99a4694",
        "0xcd4cdaa8e96ad88d82eabddae6b9857c010f4ef2",
        "0xbdb426a2fc2584c2d43dba5a7ab11763dfae0225",
        "0x16b9a82891338f9ba80e2d6970fdda79d1eb0dae",
        "0xbb4cdb9cbd36b01bd1cbaebf2de08d9173bc095c",
        "0x86d7cbdec0aa8408f698a3571822a32a2c458c84"
    ],
    "tokens": [
        "0xbb4cdb9cbd36b01bd1cbaebf2de08d9173bc095c",
        "0x94e06c77b02ade8341489ab9a23451f68c13ec1c",
        "0x55d398326f99059ff775485246999027b3197955",
        "native_token"
    ]
}