{
    "hash": "0x045b60411af18114f1986957a41296ba2a97ccff75a9b38af818800ea9da0b2a",
    "block": 10954415,
    "timestamp": "",
    "chain": "Ethereum",
    "U": [
        0,
        2,
        1,
        2,
        1,
        1,
        3,
        1,
        2,
        1,
        3,
        2,
        1,
        2,
        1,
        1,
        3,
        1,
        2,
        1,
        3,
        2,
        1,
        2,
        1,
        1,
        3,
        1,
        2,
        1,
        3,
        1,
        1
    ],
    "V": [
        1,
        1,
        3,
        1,
        2,
        2,
        1,
        2,
        1,
        2,
        1,
        1,
        3,
        1,
        2,
        2,
        1,
        2,
        1,
        2,
        1,
        1,
        3,
        1,
        2,
        2,
        1,
        2,
        1,
        2,
        1,
        0,
        4
    ],
    "feat": [
        [
            0,
            0,
            1,
            0,
            0.030303030303030304,
            0.030303030303030304,
            0.3333333333333333,
            0.3333333333333333,
            0.00238822484885004
        ],
        [
            1,
            0,
            0,
            0,
            0.48484848484848486,
            0.5151515151515151,
            1.0,
            1.0,
            -3.2751579226442118e-15
        ],
        [
            0,
            0,
            0,
            1,
            0.36363636363636365,
            0.2727272727272727,
            0.6666666666666666,
            0.6666666666666666,
            0.0
        ],
        [
            0,
            0,
            1,
            0,
            0.09090909090909091,
            0.18181818181818182,
            0.3333333333333333,
            0.3333333333333333,
            -0.3216713721761808
        ],
        [
            0,
            0,
            0,
            1,
            0.030303030303030304,
            0.0,
            0.3333333333333333,
            0.0,
            0.3192831473273305
        ]
    ],
    "nodeCount": 5,
    "edgeCount": 33,
    "tokenCount": 3,
    "nodes": [
        "0xa478c2975ab1ea89e8196811f51a7b7ade33eb11",
        "0x0e10172eab8a72ca12923eb9cacf21909d4c8a0f",
        "0x0000000000000000000000000000000000000000",
        "0x5ade7ae8660293f2ebfcefaba91d141d72d221e8",
        "0x223034edbe95823c1160c16f26e3000315171ca9"
    ],
    "tokens": [
        "0x6b175474e89094c44da98b954eedeac495271d0f",
        "0x5ade7ae8660293f2ebfcefaba91d141d72d221e8",
        "0xc08f38f43adb64d16fe9f9efcc2949d9eddec198"
    ]
}