{
    "hash": "0x1751268e620767ff117c5c280e9214389b7c1961c42e77fc704fd88e22f4f77a",
    "block": 7785587,
    "timestamp": "2021-05-27T22:36:51Z",
    "chain": "Binance",
    "U": [
        0,
        1,
        2,
        4,
        3,
        1,
        5,
        5,
        3,
        3,
        6,
        3,
        1,
        3,
        3,
        2,
        3,
        1
    ],
    "V": [
        1,
        2,
        3,
        3,
        1,
        5,
        3,
        2,
        4,
        2,
        5,
        5,
        3,
        4,
        2,
        1,
        1,
        0
    ],
    "feat": [
        [
            0,
            0,
            1,
            0,
            0.05555555555555555,
            0.05555555555555555,
            0.25,
            0.25,
            0.0014577853170307797
        ],
        [
            1,
            0,
            0,
            0,
            0.2222222222222222,
            0.2222222222222222,
            0.5,
            0.5,
            0.37410888281917676
        ],
        [
            0,
            0,
            1,
            0,
            0.2222222222222222,
            0.1111111111111111,
            0.5,
            0.5,
            0.6244333318637925
        ],
        [
            0,
            1,
            0,
            0,
            0.2222222222222222,
            0.3888888888888889,
            0.5,
            0.5,
            0.3734167818853296
        ],
        [
            0,
            0,
            1,
            0,
            0.1111111111111111,
            0.05555555555555555,
            0.25,
            0.25,
            -0.37341678188532934
        ],
        [
            0,
            1,
            0,
            0,
            0.16666666666666666,
            0.1111111111111111,
            0.5,
            0.5,
            7.142107822592477e-22
        ],
        [
            0,
            0,
            0,
            1,
            0.0,
            0.05555555555555555,
            0.0,
            0.25,
            -1.0
        ]
    ],
    "nodeCount": 7,
    "edgeCount": 18,
    "tokenCount": 4,
    "nodes": [
        "0x0242c5c11e3eaeb53298b45c7395dbadc8a120e7",
        "0x7c591aab9429af81287951872595a17d5837ce03",
        "0xccfe1a5b6e4ad16a4e41a9142673dec829f39402",
        "0xbd67d157502a23309db761c41965600c2ec788b2",
        "0xbb4cdb9cbd36b01bd1cbaebf2de08d9173bc095c",
        "0x41a2f9ab325577f92e8653853c12823b35fb35c4",
        "0x0000000000000000000000000000000000000000"
    ],
    "tokens": [
        "0x32dffc3fe8e3ef3571bf8a72c0d0015c5373f41d",
        "0xbb4cdb9cbd36b01bd1cbaebf2de08d9173bc095c",
        "native_token",
        "0xccfe1a5b6e4ad16a4e41a9142673dec829f39402"
    ]
}