{
    "hash": "0x20a6dcff06a791a7f8be9f423053ce8caee3f9eecc31df32445fc98d4ccd8365",
    "block": 14506358,
    "timestamp": "",
    "chain": "Ethereum",
    "U": [
        0,
        1,
        0,
        2,
        0,
        3,
        5,
        3,
        0,
        6
    ],
    "V": [
        1,
        0,
        2,
        0,
        3,
        4,
        3,
        0,
        6,
        0
    ],
    "feat": [
        [
            1,
            0,
            0,
            0,
            0.4,
            0.4,
            0.6,
            0.6,
            -0.39380137622305833
        ],
        [
            0,
            0,
            1,
            0,
            0.1,
            0.1,
            0.2,
            0.2,
            0.7271347095563918
        ],
        [
            0,
            0,
            1,
            0,
            0.1,
            0.1,
            0.2,
            0.2,
            -0.33333333333333337
        ],
        [
            0,
            0,
            1,
            0,
            0.2,
            0.2,
            0.4,
            0.4,
            0.0
        ],
        [
            0,
            1,
            0,
            0,
            0.1,
            0.0,
            0.2,
            0.0,
            1.0
        ],
        [
            0,
            0,
            0,
            1,
            0.0,
            0.1,
            0.0,
            0.2,
            -1.0
        ],
        [
            0,
            0,
            1,
            0,
            0.1,
            0.1,
            0.2,
            0.2,
            0.0
        ]
    ],
    "nodeCount": 7,
    "edgeCount": 10,
    "tokenCount": 5,
    "nodes": [
        "0xea0c959bbb7476ddd6cd4204bdee82b790aa1562",
        "0x328dfd0139e26cb0fef7b0742b49b0fe4325f821",
        "0x397ff1542f962076d0bfe58ea045ffa2d347aca0",
        "0xaa5a67c256e27a5d80712c51971408db3370927d",
        "0xbebc44782c7db0a1a60cb6fe97d0b483032ff1c7",
        "0x0000000000000000000000000000000000000000",
        "0x5ba61c0a8c4dcccc200cd0ccc40a5725a426d002"
    ],
    "tokens": [
        "0xc02aaa39b223fe8d0a0e5c4f27ead9083c756cc2",
        "0x41d5d79431a913c4ae7d69a668ecdfe5ff9dfb68",
        "0xa0b86991c6218b36c1d19d4a2e9eb0ce3606eb48",
        "0x6c3f90f043a72fa612cbac8115ee7e52bde6e490",
        "0x865377367054516e17014ccded1e7d814edc9ce4"
    ]
}