{
    "hash": "0x23fd14a46b539c81ca4491a577de118925d9339a63fcf4c8a3ff36c14d6cec35",
    "block": 18225008,
    "timestamp": "",
    "chain": "Binance",
    "U": [
        0,
        1,
        2,
        2,
        1,
        3,
        2,
        5,
        4,
        3,
        3,
        4,
        4,
        6,
        4,
        2,
        1,
        1
    ],
    "V": [
        1,
        2,
        1,
        3,
        2,
        2,
        4,
        4,
        3,
        4,
        2,
        5,
        2,
        7,
        3,
        1,
        0,
        8
    ],
    "feat": [
        [
            0,
            0,
            1,
            0,
            0.05555555555555555,
            0.05555555555555555,
            0.25,
            0.25,
            0.0009369771207406452
        ],
        [
            1,
            0,
            0,
            0,
            0.16666666666666666,
            0.2222222222222222,
            0.5,
            0.5,
            0.008726420379019606
        ],
        [
            0,
            0,
            1,
            0,
            0.2777777777777778,
            0.2222222222222222,
            0.5,
            0.5,
            -1.8329499286820194
        ],
        [
            0,
            0,
            1,
            0,
            0.16666666666666666,
            0.16666666666666666,
            0.5,
            0.5,
            1.2348983470556996
        ],
        [
            0,
            1,
            0,
            0,
            0.16666666666666666,
            0.2222222222222222,
            0.5,
            0.5,
            0.287277842970346
        ],
        [
            0,
            0,
            1,
            0,
            0.05555555555555555,
            0.05555555555555555,
            0.25,
            0.25,
            -0.3375768660535666
        ],
        [
            0,
            0,
            0,
            1,
            0.0,
            0.05555555555555555,
            0.0,
            0.25,
            -1.0
        ],
        [
            0,
            0,
            0,
            1,
            0.05555555555555555,
            0.0,
            0.25,
            0.0,
            1.0
        ],
        [
            0,
            0,
            0,
            1,
            0.05555555555555555,
            0.0,
            0.25,
            0.0,
            0.6386872072097802
        ]
    ],
    "nodeCount": 9,
    "edgeCount": 18,
    "tokenCount": 4,
    "nodes": [
        "0xeebc161437fa948aab99383142564160c92d2974",
        "0x3463a663de4ccc59c8b21190f81027096f18cf2a",
        "0x128cd0ae1a0ae7e67419111714155e1b1c6b2d8d",
        "0x6fb2020c236bbd5a7ddeb07e14c9298642253333",
        "0x10ed43c718714eb63d5aa57b78b54704e256024e",
        "0xbb4cdb9cbd36b01bd1cbaebf2de08d9173bc095c",
        "0x0000000000000000000000000000000000000000",
        "0x0e0c103fdcd6b16ad9e73dbdaec6410a7ad05af6",
        "0x0376564615ae0f59f425bca748076bc25b7b524b"
    ],
    "tokens": [
        "0xbb4cdb9cbd36b01bd1cbaebf2de08d9173bc095c",
        "0x6fb2020c236bbd5a7ddeb07e14c9298642253333",
        "native_token",
        "0x128cd0ae1a0ae7e67419111714155e1b1c6b2d8d"
    ]
}