{
    "hash": "0x2e0c7b4953a16c90d8d907ea64587c7b8132c3bcc4e218c3d9eda6e138c03f19",
    "block": 26866198,
    "timestamp": "",
    "chain": "Binance",
    "U": [
        0,
        2,
        3,
        3,
        5,
        5,
        2,
        5
    ],
    "V": [
        1,
        3,
        4,
        5,
        2,
        6,
        5,
        0
    ],
    "feat": [
        [
            0,
            0,
            0,
            1,
            0.125,
            0.125,
            0.3333333333333333,
            0.3333333333333333,
            0.0
        ],
        [
            0,
            0,
            0,
            1,
            0.125,
            0.0,
            0.3333333333333333,
            0.0,
            1.0
        ],
        [
            1,
            0,
            0,
            0,
            0.125,
            0.25,
            0.3333333333333333,
            0.6666666666666666,
            -0.9997429383893353
        ],
        [
            0,
            1,
            0,
            0,
            0.125,
            0.25,
            0.3333333333333333,
            0.6666666666666666,
            -0.014177968691427179
        ],
        [
            0,
            0,
            1,
            0,
            0.125,
            0.0,
            0.3333333333333333,
            0.0,
            1.0
        ],
        [
            0,
            0,
            1,
            0,
            0.25,
            0.375,
            0.6666666666666666,
            0.6666666666666666,
            -1.9860790929192376
        ],
        [
            0,
            0,
            0,
            1,
            0.125,
            0.0,
            0.3333333333333333,
            0.0,
            1.0
        ]
    ],
    "nodeCount": 7,
    "edgeCount": 8,
    "tokenCount": 3,
    "nodes": [
        "0x586094fcafb76c3d9a209c58301802ce243269b8",
        "",
        "0xec6f6cf423151cc2634fd30b18b451e2c4c5b805",
        "0xe4d96cf7f47656200fbc3b6110dc8e785216ef0e",
        "0xbb4cdb9cbd36b01bd1cbaebf2de08d9173bc095c",
        "0x4a0d88112157d600269c8003be156f43d33105f5",
        "0x678ee23173dce625a90ed651e91ca5138149f590"
    ],
    "tokens": [
        "native_token",
        "0xbb4cdb9cbd36b01bd1cbaebf2de08d9173bc095c",
        "0x42981d0bfbaf196529376ee702f2a9eb9092fcb5"
    ]
}