{
    "hash": "0x2f0e5400d67ff38cee050ac391cbdb3593de4307af84aba25855403c5cd7ad2e",
    "block": 18654996,
    "timestamp": "",
    "chain": "Binance",
    "U": [
        0,
        1,
        2,
        2,
        2,
        1,
        2,
        2,
        1,
        2,
        2,
        1,
        2,
        2,
        1,
        2,
        2,
        1,
        2,
        2,
        1,
        2,
        2,
        1,
        2,
        1,
        2,
        2,
        1,
        1,
        4
    ],
    "V": [
        1,
        2,
        1,
        3,
        1,
        2,
        3,
        1,
        2,
        3,
        1,
        2,
        3,
        1,
        2,
        3,
        1,
        2,
        3,
        1,
        2,
        3,
        1,
        2,
        3,
        2,
        1,
        3,
        0,
        4,
        5
    ],
    "feat": [
        [
            0,
            0,
            1,
            0,
            0.03225806451612903,
            0.03225806451612903,
            0.3333333333333333,
            0.3333333333333333,
            0.0010488986564107794
        ],
        [
            1,
            0,
            0,
            0,
            0.3225806451612903,
            0.3548387096774194,
            0.6666666666666666,
            0.6666666666666666,
            1.1102230246251565e-15
        ],
        [
            0,
            0,
            1,
            0,
            0.2903225806451613,
            0.5806451612903226,
            0.6666666666666666,
            0.6666666666666666,
            -0.047517482275340805
        ],
        [
            0,
            0,
            0,
            1,
            0.2903225806451613,
            0.0,
            0.6666666666666666,
            0.0,
            0.028079531447106763
        ],
        [
            0,
            0,
            1,
            0,
            0.03225806451612903,
            0.03225806451612903,
            0.3333333333333333,
            0.3333333333333333,
            -0.9816109478281752
        ],
        [
            0,
            0,
            0,
            1,
            0.03225806451612903,
            0.0,
            0.3333333333333333,
            0.0,
            1.0
        ]
    ],
    "nodeCount": 6,
    "edgeCount": 31,
    "tokenCount": 3,
    "nodes": [
        "0x1483767e665b3591677fd49f724bf7430c18bf83",
        "0xf667e04a8d5910328ae92750c0459d2e9e29a67f",
        "0x873145c6a98908a762c8911fcd12860226db024e",
        "0xe8a374c386d94b9b9d8feb801aec1ee44aad06ec",
        "0x16b9a82891338f9ba80e2d6970fdda79d1eb0dae",
        "0x0000003502aa61a5f1b1fdadff2cf947dfda526e"
    ],
    "tokens": [
        "0x55d398326f99059ff775485246999027b3197955",
        "0xa0ecaf5edf5df69edc7768da897dcea7d0c8e526",
        "0xbb4cdb9cbd36b01bd1cbaebf2de08d9173bc095c"
    ]
}