{
    "hash": "0x31aa495657c6fec407c423d159dc255026b29931504791c93bda842caa1d7848",
    "block": 26865958,
    "timestamp": "",
    "chain": "Binance",
    "U": [
        0,
        2,
        3,
        3,
        5,
        5,
        2,
        5
    ],
    "V": [
        1,
        3,
        4,
        5,
        2,
        6,
        5,
        0
    ],
    "feat": [
        [
            0,
            0,
            0,
            1,
            0.125,
            0.125,
            0.3333333333333333,
            0.3333333333333333,
            0.0
        ],
        [
            0,
            0,
            0,
            1,
            0.125,
            0.0,
            0.3333333333333333,
            0.0,
            1.0
        ],
        [
            1,
            0,
            0,
            0,
            0.125,
            0.25,
            0.3333333333333333,
            0.6666666666666666,
            -0.9999943554213057
        ],
        [
            0,
            1,
            0,
            0,
            0.125,
            0.25,
            0.3333333333333333,
            0.6666666666666666,
            -0.000314274851617391
        ],
        [
            0,
            0,
            1,
            0,
            0.125,
            0.0,
            0.3333333333333333,
            0.0,
            1.0
        ],
        [
            0,
            0,
            1,
            0,
            0.25,
            0.375,
            0.6666666666666666,
            0.6666666666666666,
            -1.9996913697270768
        ],
        [
            0,
            0,
            0,
            1,
            0.125,
            0.0,
            0.3333333333333333,
            0.0,
            1.0
        ]
    ],
    "nodeCount": 7,
    "edgeCount": 8,
    "tokenCount": 3,
    "nodes": [
        "0x586094fcafb76c3d9a209c58301802ce243269b8",
        "",
        "0xfb891a70a3e229773eafb3ba78801d8748b9a667",
        "0x10ed43c718714eb63d5aa57b78b54704e256024e",
        "0xbb4cdb9cbd36b01bd1cbaebf2de08d9173bc095c",
        "0x87d7fd8c446cb5d3da3ca23f429e7b7504d1931c",
        "0x678ee23173dce625a90ed651e91ca5138149f590"
    ],
    "tokens": [
        "native_token",
        "0xbb4cdb9cbd36b01bd1cbaebf2de08d9173bc095c",
        "0x42981d0bfbaf196529376ee702f2a9eb9092fcb5"
    ]
}