{
    "hash": "0x33eab26b3d33672e6676e4d0cfbc2d8b29d9d93200c6e79a0a1cc9b6748f84f8",
    "block": 10962060,
    "timestamp": "",
    "chain": "Ethereum",
    "U": [
        0,
        1,
        2,
        3,
        4,
        2,
        2,
        1,
        1,
        1
    ],
    "V": [
        1,
        2,
        1,
        4,
        2,
        3,
        1,
        2,
        0,
        5
    ],
    "feat": [
        [
            0,
            1,
            0,
            0,
            0.1,
            0.1,
            0.5,
            0.5,
            0.0
        ],
        [
            1,
            0,
            0,
            0,
            0.3,
            0.4,
            1.0,
            1.0,
            2.220446049250313e-16
        ],
        [
            0,
            0,
            1,
            0,
            0.3,
            0.3,
            1.0,
            1.0,
            2.456796827199348e-06
        ],
        [
            0,
            1,
            0,
            0,
            0.1,
            0.1,
            0.5,
            0.5,
            -0.002358092327513615
        ],
        [
            0,
            1,
            0,
            0,
            0.1,
            0.1,
            0.5,
            0.5,
            0.0
        ],
        [
            0,
            0,
            0,
            1,
            0.1,
            0.0,
            0.5,
            0.0,
            0.0023556355306866106
        ]
    ],
    "nodeCount": 6,
    "edgeCount": 10,
    "tokenCount": 2,
    "nodes": [
        "0xeb7e15b4e38cbee57a98204d05999c3230d36348",
        "0x414a0a46c49b1cb326426db8af667d6eca5cad24",
        "0xa539baaa3aca455c986bb1e25301cef936ce1b65",
        "0x4b89f8996892d137c3de1312d1dd4e4f4ffca171",
        "0xdd5102f902b0892d1bbf2d2d0fcbe11ccea1d537",
        "0x81e846aa8ea6551f70f37c8d8f736c149de7fdbc"
    ],
    "tokens": [
        "native_token",
        "0xbbbbca6a901c926f240b89eacb641d8aec7aeafd"
    ]
}