{
    "hash": "0x3503253131644dd9f52802d071de74e456570374d586ddd640159cf6fb9b8ad8",
    "block": 10954411,
    "timestamp": "",
    "chain": "Ethereum",
    "U": [
        0,
        2,
        1,
        2,
        1,
        1,
        3,
        1,
        2,
        1,
        3,
        2,
        1,
        2,
        1,
        1,
        3,
        1,
        2,
        1,
        3,
        2,
        1,
        2,
        1,
        1,
        3,
        1,
        2,
        1,
        3,
        1,
        1
    ],
    "V": [
        1,
        1,
        3,
        1,
        2,
        2,
        1,
        2,
        1,
        2,
        1,
        1,
        3,
        1,
        2,
        2,
        1,
        2,
        1,
        2,
        1,
        1,
        3,
        1,
        2,
        2,
        1,
        2,
        1,
        2,
        1,
        0,
        4
    ],
    "feat": [
        [
            0,
            0,
            1,
            0,
            0.030303030303030304,
            0.030303030303030304,
            0.3333333333333333,
            0.3333333333333333,
            0.0024261111243553124
        ],
        [
            1,
            0,
            0,
            0,
            0.48484848484848486,
            0.5151515151515151,
            1.0,
            1.0,
            6.661338147750939e-16
        ],
        [
            0,
            0,
            0,
            1,
            0.36363636363636365,
            0.2727272727272727,
            0.6666666666666666,
            0.6666666666666666,
            4.440892098500626e-16
        ],
        [
            0,
            0,
            1,
            0,
            0.09090909090909091,
            0.18181818181818182,
            0.3333333333333333,
            0.3333333333333333,
            -0.3197919442325272
        ],
        [
            0,
            0,
            0,
            1,
            0.030303030303030304,
            0.0,
            0.3333333333333333,
            0.0,
            0.3173658331081721
        ]
    ],
    "nodeCount": 5,
    "edgeCount": 33,
    "tokenCount": 3,
    "nodes": [
        "0xa478c2975ab1ea89e8196811f51a7b7ade33eb11",
        "0x3882a1e71636c4d5896af656793cb358e6e9713f",
        "0x0000000000000000000000000000000000000000",
        "0x5ade7ae8660293f2ebfcefaba91d141d72d221e8",
        "0x223034edbe95823c1160c16f26e3000315171ca9"
    ],
    "tokens": [
        "0x6b175474e89094c44da98b954eedeac495271d0f",
        "0x5ade7ae8660293f2ebfcefaba91d141d72d221e8",
        "0xc08f38f43adb64d16fe9f9efcc2949d9eddec198"
    ]
}