{
    "hash": "0x39980eb39150206fd502219b808ee1bd55ee8c008ea613ad7c43cb09b22cbd89",
    "block": 8480470,
    "timestamp": "",
    "chain": "Binance",
    "U": [
        0,
        1,
        2,
        3,
        1,
        1,
        3,
        1,
        1,
        2,
        4,
        2,
        1,
        2,
        3,
        1,
        1,
        3,
        1,
        1,
        2,
        5,
        2,
        1,
        2,
        1,
        1
    ],
    "V": [
        1,
        2,
        1,
        1,
        4,
        4,
        1,
        4,
        2,
        1,
        2,
        1,
        2,
        1,
        1,
        5,
        5,
        1,
        5,
        2,
        1,
        2,
        1,
        2,
        1,
        6,
        0
    ],
    "feat": [
        [
            0,
            0,
            1,
            0,
            0.037037037037037035,
            0.037037037037037035,
            0.16666666666666666,
            0.16666666666666666,
            1.658990752239932e-12
        ],
        [
            1,
            0,
            0,
            0,
            0.4444444444444444,
            0.48148148148148145,
            1.0,
            0.6666666666666666,
            4.008273317636306
        ],
        [
            0,
            0,
            1,
            0,
            0.25925925925925924,
            0.25925925925925924,
            0.3333333333333333,
            0.3333333333333333,
            -1.0082743194703185
        ],
        [
            0,
            0,
            0,
            1,
            0.0,
            0.14814814814814814,
            0.0,
            0.6666666666666666,
            -4.0
        ],
        [
            0,
            0,
            1,
            0,
            0.1111111111111111,
            0.037037037037037035,
            0.3333333333333333,
            0.16666666666666666,
            4.988293430207297e-07
        ],
        [
            0,
            0,
            1,
            0,
            0.1111111111111111,
            0.037037037037037035,
            0.3333333333333333,
            0.16666666666666666,
            5.030030093776955e-07
        ],
        [
            0,
            0,
            0,
            1,
            0.037037037037037035,
            0.0,
            0.16666666666666666,
            0.0,
            1.0
        ]
    ],
    "nodeCount": 7,
    "edgeCount": 27,
    "tokenCount": 6,
    "nodes": [
        "0x0ed7e52944161450477ee417de9cd3a859b14fd0",
        "0xc7ca5478a41d58e73f0487b0f4084b6120aa11e6",
        "0x6a2aef2571a9260bef104b5506316ea09093e261",
        "0x0000000000000000000000000000000000000000",
        "0x0ef5bb19e9a509502301a94accd4c09f717af416",
        "0xd054de41627e694c4f94a6237556e4dbea2a9be8",
        "0x8e0d334a77614a7ce089c9246e9b1d7c7172ef02"
    ],
    "tokens": [
        "0xbb4cdb9cbd36b01bd1cbaebf2de08d9173bc095c",
        "0xb0e1fc65c1a741b4662b813eb787d369b8614af1",
        "0xaa4d8d02fa6d7d181eb944a27a411336795311c0",
        "0x0ef5bb19e9a509502301a94accd4c09f717af416",
        "0x428ce90379b448b27a4a7daa52119e94731367cb",
        "0xd054de41627e694c4f94a6237556e4dbea2a9be8"
    ]
}