{
    "hash": "0x3bcf6ada4d0ab355736ccede779d5e56b468bb3cf321dac510d5def7bbbdab4d",
    "block": 12809741,
    "timestamp": "",
    "chain": "Binance",
    "U": [
        0,
        1,
        1,
        0,
        1
    ],
    "V": [
        1,
        0,
        2,
        1,
        0
    ],
    "feat": [
        [
            1,
            0,
            0,
            0,
            0.4,
            0.4,
            1.0,
            1.0,
            0.9990412100660437
        ],
        [
            0,
            0,
            1,
            0,
            0.4,
            0.6,
            1.0,
            1.0,
            -1.9990412100660435
        ],
        [
            0,
            0,
            0,
            1,
            0.2,
            0.0,
            0.5,
            0.0,
            1.0
        ]
    ],
    "nodeCount": 3,
    "edgeCount": 5,
    "tokenCount": 2,
    "nodes": [
        "0xafddc054edde835d74a7f60f853cd68103a7c5a5",
        "0x6b4386c4b2bf311489e9fc6f76273800d7c8a91d",
        "0x0000000000000000000000000000000000000000"
    ],
    "tokens": [
        "0xbb4cdb9cbd36b01bd1cbaebf2de08d9173bc095c",
        "0x4158b5957248ba40fc7b9d05397e3073e368592a"
    ]
}