{
    "hash": "0x48b20bdd21108bb688305b6128601838178a73b24c9be9d66f4d93bb57544665",
    "block": 18666299,
    "timestamp": "",
    "chain": "Binance",
    "U": [
        0,
        1,
        2,
        2,
        2,
        1,
        2,
        2,
        1,
        2,
        2,
        1,
        2,
        2,
        1,
        2,
        2,
        1,
        2,
        2,
        1,
        2,
        2,
        1,
        2,
        2,
        1,
        2,
        2,
        1,
        2,
        2,
        1,
        2,
        2,
        1,
        2,
        2,
        1,
        2,
        2,
        1,
        2,
        1,
        2,
        2,
        1,
        1
    ],
    "V": [
        1,
        2,
        1,
        3,
        1,
        2,
        3,
        1,
        2,
        3,
        1,
        2,
        3,
        1,
        2,
        3,
        1,
        2,
        3,
        1,
        2,
        3,
        1,
        2,
        3,
        1,
        2,
        3,
        1,
        2,
        3,
        1,
        2,
        3,
        1,
        2,
        3,
        1,
        2,
        3,
        1,
        2,
        3,
        2,
        1,
        3,
        0,
        4
    ],
    "feat": [
        [
            0,
            0,
            1,
            0,
            0.020833333333333332,
            0.020833333333333332,
            0.5,
            0.5,
            0.0010000000000000009
        ],
        [
            1,
            0,
            0,
            0,
            0.3333333333333333,
            0.3541666666666667,
            1.0,
            1.0,
            0.1000000000000012
        ],
        [
            0,
            0,
            1,
            0,
            0.3125,
            0.625,
            1.0,
            1.0,
            -0.4393840721876975
        ],
        [
            0,
            0,
            0,
            1,
            0.3125,
            0.0,
            1.0,
            0.0,
            0.20634292545151767
        ],
        [
            0,
            0,
            0,
            1,
            0.020833333333333332,
            0.0,
            0.5,
            0.0,
            0.13204114673618148
        ]
    ],
    "nodeCount": 5,
    "edgeCount": 48,
    "tokenCount": 2,
    "nodes": [
        "0x1483767e665b3591677fd49f724bf7430c18bf83",
        "0x6fce707c63bf14e775d2cced46c64357c341f85f",
        "0xd96b5cd5f8d4769d4cf2812e9e019d3d77f4daaf",
        "0xe8a374c386d94b9b9d8feb801aec1ee44aad06ec",
        "0x5c9d5b1883a5902ad2a82f561e7c6287e799540c"
    ],
    "tokens": [
        "0x55d398326f99059ff775485246999027b3197955",
        "0x0a3483c486c95684a4bc3dda08a33d90a9b5cec7"
    ]
}