{
    "hash": "0x4f2005e3815c15d1a9abd8588dd1464769a00414a6b7adcbfd75a5331d378e1d",
    "block": 17248706,
    "timestamp": "",
    "chain": "Binance",
    "U": [
        0,
        1,
        2,
        1,
        2,
        2,
        1,
        2,
        1,
        1
    ],
    "V": [
        1,
        2,
        1,
        2,
        1,
        1,
        2,
        1,
        0,
        3
    ],
    "feat": [
        [
            0,
            1,
            0,
            0,
            0.1,
            0.1,
            0.5,
            0.5,
            0.0
        ],
        [
            1,
            0,
            0,
            0,
            0.5,
            0.5,
            1.0,
            1.0,
            0.24376777988628506
        ],
        [
            0,
            0,
            1,
            0,
            0.3,
            0.4,
            1.0,
            1.0,
            -0.27017508925438083
        ],
        [
            0,
            0,
            0,
            1,
            0.1,
            0.0,
            0.5,
            0.0,
            0.02640730936809592
        ]
    ],
    "nodeCount": 4,
    "edgeCount": 10,
    "tokenCount": 2,
    "nodes": [
        "0x0fe261aee0d1c4dfddee4102e82dd425999065f4",
        "0x614a198523aee53b420fd20d0c97481226c4ce85",
        "0xb3e708a6d1221ed7c58b88622fdbee2c03e4db4d",
        "0xbdf77c7eaea4369a448163589ed463443e593cf8"
    ],
    "tokens": [
        "0xbb4cdb9cbd36b01bd1cbaebf2de08d9173bc095c",
        "0x46ba8a59f4863bd20a066fd985b163235425b5f9"
    ]
}