{
    "hash": "0x553b4592aad6a6f6b72bbd8b89ac525ccc2d8d1b4bcdcbe22f70d250659d5393",
    "block": 13541719,
    "timestamp": "",
    "chain": "Binance",
    "U": [
        0,
        1,
        2,
        2,
        4,
        1,
        2,
        1,
        1
    ],
    "V": [
        1,
        2,
        1,
        3,
        3,
        2,
        1,
        0,
        5
    ],
    "feat": [
        [
            0,
            0,
            1,
            0,
            0.1111111111111111,
            0.1111111111111111,
            0.5,
            0.5,
            0.002518798466134342
        ],
        [
            1,
            0,
            0,
            0,
            0.3333333333333333,
            0.4444444444444444,
            1.0,
            1.0,
            0.1499999999999997
        ],
        [
            0,
            0,
            1,
            0,
            0.2222222222222222,
            0.3333333333333333,
            1.0,
            1.0,
            -0.5304154157892399
        ],
        [
            0,
            0,
            0,
            1,
            0.2222222222222222,
            0.0,
            0.5,
            0.0,
            0.5627478147641989
        ],
        [
            0,
            0,
            0,
            1,
            0.0,
            0.1111111111111111,
            0.0,
            0.5,
            -0.34552227733564017
        ],
        [
            0,
            0,
            0,
            1,
            0.1111111111111111,
            0.0,
            0.5,
            0.0,
            0.16067107989454701
        ]
    ],
    "nodeCount": 6,
    "edgeCount": 9,
    "tokenCount": 2,
    "nodes": [
        "0xac109c8025f272414fd9e2faa805a583708a017f",
        "0x71df337aa0cd4ac7811ff555c6ad6e7a5ab1b297",
        "0x8945d0df4de9c8da8d6b206830ef37816a1425fb",
        "0x0000000000000000000000000000000000000000",
        "0x8d13a25b40899445f61b55eef0ce746433b4bffd",
        "0xbb1d1d435d8c2238cc65a0f427034440b00ef1d2"
    ],
    "tokens": [
        "0xbb4cdb9cbd36b01bd1cbaebf2de08d9173bc095c",
        "0x4578e31050eeada117f5d65cd8b1318a32eca864"
    ]
}