{
    "hash": "0x5565d56c94eb6344ce4f76261b63a3886c73aa5229a704d03d337d9196b51fd2",
    "block": 26865959,
    "timestamp": "",
    "chain": "Binance",
    "U": [
        0,
        1,
        3,
        4,
        4,
        6,
        6,
        3,
        6,
        1
    ],
    "V": [
        1,
        2,
        4,
        5,
        6,
        3,
        7,
        6,
        1,
        0
    ],
    "feat": [
        [
            0,
            0,
            0,
            1,
            0.1,
            0.1,
            0.3333333333333333,
            0.3333333333333333,
            0.0
        ],
        [
            1,
            0,
            0,
            0,
            0.2,
            0.2,
            0.6666666666666666,
            0.6666666666666666,
            0.0
        ],
        [
            0,
            0,
            0,
            1,
            0.1,
            0.0,
            0.3333333333333333,
            0.0,
            1.0
        ],
        [
            1,
            0,
            0,
            0,
            0.1,
            0.2,
            0.3333333333333333,
            0.6666666666666666,
            -0.9800000006744183
        ],
        [
            0,
            1,
            0,
            0,
            0.1,
            0.2,
            0.3333333333333333,
            0.6666666666666666,
            -0.9999999997610045
        ],
        [
            0,
            0,
            1,
            0,
            0.1,
            0.0,
            0.3333333333333333,
            0.0,
            1.0
        ],
        [
            0,
            0,
            1,
            0,
            0.2,
            0.3,
            0.6666666666666666,
            0.6666666666666666,
            -0.019999999830813686
        ],
        [
            0,
            0,
            0,
            1,
            0.1,
            0.0,
            0.3333333333333333,
            0.0,
            2.662363316499387e-10
        ]
    ],
    "nodeCount": 8,
    "edgeCount": 10,
    "tokenCount": 3,
    "nodes": [
        "0xd070490b59f71dec05ee038109f8ba98e2456718",
        "0x023899d285a0153fc1ae43d9f73425ec6209a843",
        "",
        "0xc44f610116a736d1438394a3f04d5346083d26a7",
        "0x10ed43c718714eb63d5aa57b78b54704e256024e",
        "0xbb4cdb9cbd36b01bd1cbaebf2de08d9173bc095c",
        "0x87d7fd8c446cb5d3da3ca23f429e7b7504d1931c",
        "0x678ee23173dce625a90ed651e91ca5138149f590"
    ],
    "tokens": [
        "native_token",
        "0xbb4cdb9cbd36b01bd1cbaebf2de08d9173bc095c",
        "0x42981d0bfbaf196529376ee702f2a9eb9092fcb5"
    ]
}