{
    "hash": "0x5c1a66f6cfb0ba4262368febb4d2709f62b5f25b0d102ae71c7501afef5c053c",
    "block": 10962070,
    "timestamp": "",
    "chain": "Ethereum",
    "U": [
        0,
        1,
        2,
        3,
        4,
        2,
        2,
        1,
        1,
        1
    ],
    "V": [
        1,
        2,
        1,
        4,
        2,
        3,
        1,
        2,
        0,
        5
    ],
    "feat": [
        [
            0,
            1,
            0,
            0,
            0.1,
            0.1,
            0.5,
            0.5,
            0.0
        ],
        [
            1,
            0,
            0,
            0,
            0.3,
            0.4,
            1.0,
            1.0,
            0.0
        ],
        [
            0,
            0,
            1,
            0,
            0.3,
            0.3,
            1.0,
            1.0,
            2.7213376029289194e-06
        ],
        [
            0,
            1,
            0,
            0,
            0.1,
            0.1,
            0.5,
            0.5,
            -0.002061031939005278
        ],
        [
            0,
            1,
            0,
            0,
            0.1,
            0.1,
            0.5,
            0.5,
            0.0
        ],
        [
            0,
            0,
            0,
            1,
            0.1,
            0.0,
            0.5,
            0.0,
            0.0020583106014022993
        ]
    ],
    "nodeCount": 6,
    "edgeCount": 10,
    "tokenCount": 2,
    "nodes": [
        "0xeb7e15b4e38cbee57a98204d05999c3230d36348",
        "0x414a0a46c49b1cb326426db8af667d6eca5cad24",
        "0xa539baaa3aca455c986bb1e25301cef936ce1b65",
        "0x4b89f8996892d137c3de1312d1dd4e4f4ffca171",
        "0xdd5102f902b0892d1bbf2d2d0fcbe11ccea1d537",
        "0x81e846aa8ea6551f70f37c8d8f736c149de7fdbc"
    ],
    "tokens": [
        "native_token",
        "0xbbbbca6a901c926f240b89eacb641d8aec7aeafd"
    ]
}