{
    "hash": "0x614238fa0339f6390b66e6448490c834164f61b39a79557dc0f44185426259df",
    "block": 26866365,
    "timestamp": "",
    "chain": "Binance",
    "U": [
        0,
        2,
        3,
        3,
        5,
        5,
        2,
        5
    ],
    "V": [
        1,
        3,
        4,
        5,
        2,
        6,
        5,
        0
    ],
    "feat": [
        [
            0,
            0,
            0,
            1,
            0.125,
            0.125,
            0.3333333333333333,
            0.3333333333333333,
            0.0
        ],
        [
            0,
            0,
            0,
            1,
            0.125,
            0.0,
            0.3333333333333333,
            0.0,
            1.0
        ],
        [
            1,
            0,
            0,
            0,
            0.125,
            0.25,
            0.3333333333333333,
            0.6666666666666666,
            -0.9996328979577156
        ],
        [
            0,
            1,
            0,
            0,
            0.125,
            0.25,
            0.3333333333333333,
            0.6666666666666666,
            -0.020026188118073884
        ],
        [
            0,
            0,
            1,
            0,
            0.125,
            0.0,
            0.3333333333333333,
            0.0,
            1.0
        ],
        [
            0,
            0,
            1,
            0,
            0.25,
            0.375,
            0.6666666666666666,
            0.6666666666666666,
            -1.9803409139242107
        ],
        [
            0,
            0,
            0,
            1,
            0.125,
            0.0,
            0.3333333333333333,
            0.0,
            1.0
        ]
    ],
    "nodeCount": 7,
    "edgeCount": 8,
    "tokenCount": 3,
    "nodes": [
        "0x586094fcafb76c3d9a209c58301802ce243269b8",
        "",
        "0x88740234f315ad545d638b0d1ad6d888dcc74962",
        "0x34a24969c54ff1172879dd993dec307a4a83a674",
        "0xbb4cdb9cbd36b01bd1cbaebf2de08d9173bc095c",
        "0x234317665cfdb7665866792414efe63637f21920",
        "0x678ee23173dce625a90ed651e91ca5138149f590"
    ],
    "tokens": [
        "native_token",
        "0xbb4cdb9cbd36b01bd1cbaebf2de08d9173bc095c",
        "0x42981d0bfbaf196529376ee702f2a9eb9092fcb5"
    ]
}