{
    "hash": "0x6be7ba0861645f180a8284a037aad2cd7d8657ed3a1494baf47bf25912dde285",
    "block": 11530992,
    "timestamp": "",
    "chain": "Binance",
    "U": [
        0,
        1,
        2,
        3,
        1,
        4,
        1,
        2,
        5,
        1,
        1,
        2,
        1,
        1
    ],
    "V": [
        1,
        2,
        1,
        4,
        4,
        1,
        2,
        1,
        1,
        3,
        2,
        1,
        0,
        6
    ],
    "feat": [
        [
            0,
            0,
            1,
            0,
            0.07142857142857142,
            0.07142857142857142,
            0.3333333333333333,
            0.3333333333333333,
            0.002593257530420945
        ],
        [
            1,
            0,
            0,
            0,
            0.42857142857142855,
            0.5,
            1.0,
            1.0,
            3.469446951953614e-17
        ],
        [
            0,
            0,
            1,
            0,
            0.21428571428571427,
            0.21428571428571427,
            0.6666666666666666,
            0.6666666666666666,
            0.013661703675785508
        ],
        [
            0,
            0,
            0,
            1,
            0.07142857142857142,
            0.07142857142857142,
            0.3333333333333333,
            0.3333333333333333,
            0.0
        ],
        [
            0,
            1,
            0,
            0,
            0.14285714285714285,
            0.07142857142857142,
            0.6666666666666666,
            0.3333333333333333,
            0.04673348793873957
        ],
        [
            0,
            1,
            0,
            0,
            0.0,
            0.07142857142857142,
            0.0,
            0.3333333333333333,
            -0.07919503329977856
        ],
        [
            0,
            0,
            0,
            1,
            0.07142857142857142,
            0.0,
            0.3333333333333333,
            0.0,
            0.016206584154832337
        ]
    ],
    "nodeCount": 7,
    "edgeCount": 14,
    "tokenCount": 3,
    "nodes": [
        "0x58f876857a02d6762e0101bb5c46a8c1ed44dc16",
        "0x412e4d5351a07f3fa1a2e07f3ebfbc291aa6ada1",
        "0x2e4bdf904217e8d2ee9ce9c1317592f7706e7b22",
        "0x0000000000000000000000000000000000000000",
        "0x00cc9375a6579b5375813ed8d41eafda6d519409",
        "0x41c26eea36362aedefe4926af394e7f5f4e7514b",
        "0x27d6e533a7d8e6f7ed88150b000cbea6ff8083c7"
    ],
    "tokens": [
        "0xe9e7cea3dedca5984780bafc599bd69add087d56",
        "0x903fcaf1a49b29678c15b43bc9f852232bfa7df1",
        "0x50c0268e1d368420ce99766bf89abecefcfc7644"
    ]
}