{
    "hash": "0x6d1fa236f743c4bb96409a256e25ab760c9ff077e3c1b436f7e983f549e58c44",
    "block": 13542899,
    "timestamp": "",
    "chain": "Binance",
    "U": [
        0,
        1,
        2,
        2,
        4,
        1,
        2,
        1,
        1
    ],
    "V": [
        1,
        2,
        1,
        3,
        3,
        2,
        1,
        0,
        5
    ],
    "feat": [
        [
            0,
            0,
            1,
            0,
            0.1111111111111111,
            0.1111111111111111,
            0.5,
            0.5,
            2.303831105215622e-06
        ],
        [
            1,
            0,
            0,
            0,
            0.3333333333333333,
            0.4444444444444444,
            1.0,
            1.0,
            0.00010314858468596366
        ],
        [
            0,
            0,
            1,
            0,
            0.2222222222222222,
            0.3333333333333333,
            1.0,
            1.0,
            -1.9993377561909262
        ],
        [
            0,
            0,
            0,
            1,
            0.2222222222222222,
            0.0,
            0.5,
            0.0,
            1.0154221413208382
        ],
        [
            0,
            0,
            0,
            1,
            0.0,
            0.1111111111111111,
            0.0,
            0.5,
            -0.015422141320838098
        ],
        [
            0,
            0,
            0,
            1,
            0.1111111111111111,
            0.0,
            0.5,
            0.0,
            0.9992323037751354
        ]
    ],
    "nodeCount": 6,
    "edgeCount": 9,
    "tokenCount": 2,
    "nodes": [
        "0xac109c8025f272414fd9e2faa805a583708a017f",
        "0xac4b8618c3b8e5695091afa9fa820d6768dee32b",
        "0xd33024b421c602cd1c9fcaf37effd01b2cda5999",
        "0x0000000000000000000000000000000000000000",
        "0x5343160b6fc0f074ffbc848de67f7de3644f3b8d",
        "0xbb1d1d435d8c2238cc65a0f427034440b00ef1d2"
    ],
    "tokens": [
        "0xbb4cdb9cbd36b01bd1cbaebf2de08d9173bc095c",
        "0xb26072d923c9b7ce8980a8d1a41e64d71a4c8633"
    ]
}