{
    "hash": "0x7360f073c246db7f28a65ace03045736f4b06d26ce9ea618b88491b991efd1ad",
    "block": 24916419,
    "timestamp": "",
    "chain": "Binance",
    "U": [
        0,
        1,
        2,
        2,
        4,
        4,
        1,
        4,
        3,
        2,
        1,
        0
    ],
    "V": [
        1,
        2,
        3,
        4,
        1,
        5,
        4,
        2,
        2,
        0,
        6,
        5
    ],
    "feat": [
        [
            0,
            0,
            0,
            1,
            0.08333333333333333,
            0.16666666666666666,
            0.25,
            0.5,
            -6.819868045848665e-07
        ],
        [
            1,
            0,
            0,
            0,
            0.16666666666666666,
            0.25,
            0.5,
            0.5,
            6.121292052638122e-08
        ],
        [
            0,
            1,
            0,
            0,
            0.25,
            0.25,
            0.5,
            0.5,
            0.9999993180131956
        ],
        [
            0,
            0,
            1,
            0,
            0.08333333333333333,
            0.08333333333333333,
            0.25,
            0.25,
            -0.9999993180131955
        ],
        [
            0,
            0,
            1,
            0,
            0.16666666666666666,
            0.25,
            0.5,
            0.5,
            -1.999999379226116
        ],
        [
            0,
            0,
            0,
            1,
            0.16666666666666666,
            0.0,
            0.5,
            0.0,
            2.0
        ],
        [
            0,
            0,
            0,
            1,
            0.08333333333333333,
            0.0,
            0.25,
            0.0,
            2.7279472180668294e-21
        ]
    ],
    "nodeCount": 7,
    "edgeCount": 12,
    "tokenCount": 4,
    "nodes": [
        "0xff9ab8e7895ecf05ee6a18f0c0c067eb73a58e65",
        "0x558af3ea4d08726221a7612c0ab32f5c94bfcc2b",
        "0x10ed43c718714eb63d5aa57b78b54704e256024e",
        "0xbb4cdb9cbd36b01bd1cbaebf2de08d9173bc095c",
        "0xfd5cb1fcac80d30660ba519255b37af642cbe2dd",
        "0x0000000000000000000000000000000000000000",
        "0x12db99246a6151cfd38e9399c63bd88cdf3facfa"
    ],
    "tokens": [
        "native_token",
        "0xbb4cdb9cbd36b01bd1cbaebf2de08d9173bc095c",
        "0x3f0432658a27b5802d8b24a6436e7a621ddcb51d",
        "0x0000000000004946c0e9f43f4dee607b0ef1fa1c"
    ]
}