{
    "hash": "0x7604c7dd6e9bcdba8bac277f1f8e7c1e4c6bb57afd4ddf6a16f629e8495a0281",
    "block": 12995895,
    "timestamp": "",
    "chain": "Ethereum",
    "U": [
        0,
        1,
        1,
        0,
        1,
        2,
        4,
        5,
        5,
        4,
        5,
        2,
        6,
        7,
        7,
        6,
        7,
        2
    ],
    "V": [
        1,
        0,
        0,
        1,
        2,
        3,
        5,
        4,
        4,
        5,
        2,
        3,
        7,
        6,
        6,
        7,
        2,
        3
    ],
    "feat": [
        [
            0,
            0,
            1,
            0,
            0.1111111111111111,
            0.1111111111111111,
            0.3333333333333333,
            0.3333333333333333,
            0.0
        ],
        [
            0,
            1,
            0,
            0,
            0.1111111111111111,
            0.16666666666666666,
            0.3333333333333333,
            0.3333333333333333,
            -1.0
        ],
        [
            1,
            0,
            0,
            0,
            0.16666666666666666,
            0.16666666666666666,
            0.5,
            0.5,
            0.0
        ],
        [
            0,
            0,
            0,
            1,
            0.16666666666666666,
            0.0,
            0.5,
            0.0,
            3.0
        ],
        [
            0,
            0,
            1,
            0,
            0.1111111111111111,
            0.1111111111111111,
            0.3333333333333333,
            0.3333333333333333,
            0.0
        ],
        [
            0,
            1,
            0,
            0,
            0.1111111111111111,
            0.16666666666666666,
            0.3333333333333333,
            0.3333333333333333,
            -1.0
        ],
        [
            0,
            0,
            1,
            0,
            0.1111111111111111,
            0.1111111111111111,
            0.3333333333333333,
            0.3333333333333333,
            0.0
        ],
        [
            0,
            1,
            0,
            0,
            0.1111111111111111,
            0.16666666666666666,
            0.3333333333333333,
            0.3333333333333333,
            -1.0
        ]
    ],
    "nodeCount": 8,
    "edgeCount": 18,
    "tokenCount": 6,
    "nodes": [
        "0x39aa39c021dfbae8fac545936693ac917d5e7563",
        "0x3bc6aa2d25313ad794b2d67f83f21d341cc3f5fb",
        "0x1695ce70da4521cb94dea036e6ebcf1e8a073ee6",
        "0x1d5a56402425c1099497c1ad715a6b56aaccb72b",
        "0xf650c3d88d12db855b8bf7d11be6c55a4e07dcc9",
        "0x1f3b04c8c96a31c7920372ffa95371c80a4bfb0d",
        "0x5d3a536e4d6dbd6114cc1ead35777bab948e3643",
        "0x929cb86046e421abf7e1e02de7836742654d49d6"
    ],
    "tokens": [
        "0x39aa39c021dfbae8fac545936693ac917d5e7563",
        "0xa0b86991c6218b36c1d19d4a2e9eb0ce3606eb48",
        "0xf650c3d88d12db855b8bf7d11be6c55a4e07dcc9",
        "0xdac17f958d2ee523a2206206994597c13d831ec7",
        "0x5d3a536e4d6dbd6114cc1ead35777bab948e3643",
        "0x6b175474e89094c44da98b954eedeac495271d0f"
    ]
}