{
    "hash": "0x799b7dadcd7726ddd0f4e22c5095dc491bd3ad040eb4a2cc54e2c696bf87f86e",
    "block": 12805282,
    "timestamp": "",
    "chain": "Binance",
    "U": [
        0,
        1,
        1,
        0,
        1
    ],
    "V": [
        1,
        0,
        2,
        1,
        0
    ],
    "feat": [
        [
            1,
            0,
            0,
            0,
            0.4,
            0.4,
            1.0,
            1.0,
            0.9984071578054874
        ],
        [
            0,
            0,
            1,
            0,
            0.4,
            0.6,
            1.0,
            1.0,
            -1.9984071578054874
        ],
        [
            0,
            0,
            0,
            1,
            0.2,
            0.0,
            0.5,
            0.0,
            1.0
        ]
    ],
    "nodeCount": 3,
    "edgeCount": 5,
    "tokenCount": 2,
    "nodes": [
        "0xc520131090e6d0cf1f750dd73939fa81779da9a7",
        "0x1c91d786afa7412aa17efe539745dd81f5659354",
        "0x0000000000000000000000000000000000000000"
    ],
    "tokens": [
        "0xbb4cdb9cbd36b01bd1cbaebf2de08d9173bc095c",
        "0x4e2cc67bcab5afb31dcd3125e6fd3dda7420a11c"
    ]
}