{
    "hash": "0x7d2296bcb936aa5e2397ddf8ccba59f54a178c3901666b49291d880369dbcf31",
    "block": 14326932,
    "timestamp": "",
    "chain": "Ethereum",
    "U": [
        0,
        2,
        1,
        2,
        1,
        2,
        1,
        1,
        3,
        1,
        1
    ],
    "V": [
        1,
        1,
        3,
        1,
        3,
        1,
        3,
        2,
        1,
        0,
        4
    ],
    "feat": [
        [
            0,
            0,
            1,
            0,
            0.09090909090909091,
            0.09090909090909091,
            0.5,
            0.5,
            0.002687229323788287
        ],
        [
            1,
            0,
            0,
            0,
            0.45454545454545453,
            0.5454545454545454,
            1.0,
            1.0,
            4.440892098500626e-16
        ],
        [
            0,
            0,
            0,
            1,
            0.09090909090909091,
            0.2727272727272727,
            0.5,
            0.5,
            0.0
        ],
        [
            0,
            0,
            1,
            0,
            0.2727272727272727,
            0.09090909090909091,
            0.5,
            0.5,
            -0.1331518310360128
        ],
        [
            0,
            0,
            0,
            1,
            0.09090909090909091,
            0.0,
            0.5,
            0.0,
            0.1304646017122245
        ]
    ],
    "nodeCount": 5,
    "edgeCount": 11,
    "tokenCount": 2,
    "nodes": [
        "0xb4e16d0168e52d35cacd2c6185b44281ec28c9dc",
        "0x580cac65c2620d194371ef29eb887a7d8dcc91bf",
        "0x0000000000000000000000000000000000000000",
        "0xb8919522331c59f5c16bdfaa6a121a6e03a91f62",
        "0x7c42f2a7d9ad01294ecef9be1e38272c84607593"
    ],
    "tokens": [
        "0xa0b86991c6218b36c1d19d4a2e9eb0ce3606eb48",
        "0xb8919522331c59f5c16bdfaa6a121a6e03a91f62"
    ]
}