{
    "hash": "0x7e2a6ec08464e8e0118368cb933dc64ed9ce36445ecf9c49cacb970ea78531d2",
    "block": 10087724,
    "timestamp": "",
    "chain": "Binance",
    "U": [
        0,
        2,
        1,
        3,
        1,
        3,
        1,
        3,
        1,
        3,
        1,
        3,
        1,
        3,
        1,
        3,
        1,
        3,
        1,
        3,
        1,
        3,
        1,
        3,
        1,
        3,
        1,
        3,
        1,
        3,
        1,
        3,
        1,
        3,
        1,
        1,
        2,
        1
    ],
    "V": [
        1,
        1,
        3,
        1,
        3,
        1,
        3,
        1,
        3,
        1,
        3,
        1,
        3,
        1,
        3,
        1,
        3,
        1,
        3,
        1,
        3,
        1,
        3,
        1,
        3,
        1,
        3,
        1,
        3,
        1,
        3,
        1,
        3,
        1,
        2,
        0,
        1,
        4
    ],
    "feat": [
        [
            0,
            0,
            1,
            0,
            0.02631578947368421,
            0.02631578947368421,
            0.3333333333333333,
            0.3333333333333333,
            0.0029910269192422456
        ],
        [
            1,
            0,
            0,
            0,
            0.5,
            0.5,
            1.0,
            1.0,
            -0.0029910269192423566
        ],
        [
            0,
            0,
            1,
            0,
            0.02631578947368421,
            0.05263157894736842,
            0.3333333333333333,
            0.3333333333333333,
            0.0013518898354787368
        ],
        [
            0,
            0,
            1,
            0,
            0.42105263157894735,
            0.42105263157894735,
            0.6666666666666666,
            0.6666666666666666,
            -0.5493700548404052
        ],
        [
            0,
            0,
            0,
            1,
            0.02631578947368421,
            0.0,
            0.3333333333333333,
            0.0,
            0.5480181650049258
        ]
    ],
    "nodeCount": 5,
    "edgeCount": 38,
    "tokenCount": 3,
    "nodes": [
        "0x0ed7e52944161450477ee417de9cd3a859b14fd0",
        "0x1514aaa4dcf56c4aa90da6a4ed19118e6800dc46",
        "0xbb4cdb9cbd36b01bd1cbaebf2de08d9173bc095c",
        "0xe1e1aa58983f6b8ee8e4ecd206cea6578f036c21",
        "0x59c686272e6f11dc8701a162f938fb085d940ad3"
    ],
    "tokens": [
        "0xbb4cdb9cbd36b01bd1cbaebf2de08d9173bc095c",
        "native_token",
        "0xe1e1aa58983f6b8ee8e4ecd206cea6578f036c21"
    ]
}