{
    "hash": "0x836638009cf53337b43f3b061ffd9b28294a03f2de5234fe6021ac4f125cceb8",
    "block": 24916419,
    "timestamp": "",
    "chain": "Binance",
    "U": [
        0,
        1,
        2,
        2,
        4,
        4,
        1,
        4,
        3,
        2
    ],
    "V": [
        1,
        2,
        3,
        4,
        1,
        5,
        4,
        2,
        2,
        0
    ],
    "feat": [
        [
            0,
            0,
            0,
            1,
            0.1,
            0.1,
            0.3333333333333333,
            0.3333333333333333,
            0.9964154267446709
        ],
        [
            1,
            0,
            0,
            0,
            0.2,
            0.2,
            0.6666666666666666,
            0.6666666666666666,
            0.00030020615508303703
        ],
        [
            0,
            1,
            0,
            0,
            0.3,
            0.3,
            0.6666666666666666,
            0.6666666666666666,
            0.9964154267446708
        ],
        [
            0,
            0,
            1,
            0,
            0.1,
            0.1,
            0.3333333333333333,
            0.3333333333333333,
            -0.9964154267446709
        ],
        [
            0,
            0,
            1,
            0,
            0.2,
            0.3,
            0.6666666666666666,
            0.6666666666666666,
            -1.9967156328997542
        ],
        [
            0,
            0,
            0,
            1,
            0.1,
            0.0,
            0.3333333333333333,
            0.0,
            1.0
        ]
    ],
    "nodeCount": 6,
    "edgeCount": 10,
    "tokenCount": 3,
    "nodes": [
        "0x33adf7c37beeaa185e240e7d876917dd0f3549d7",
        "0xf0f1250a087d55c905d0649074cb9ad7a1fa3717",
        "0x10ed43c718714eb63d5aa57b78b54704e256024e",
        "0xbb4cdb9cbd36b01bd1cbaebf2de08d9173bc095c",
        "0xfd5cb1fcac80d30660ba519255b37af642cbe2dd",
        "0x0000000000000000000000000000000000000000"
    ],
    "tokens": [
        "native_token",
        "0xbb4cdb9cbd36b01bd1cbaebf2de08d9173bc095c",
        "0x3f0432658a27b5802d8b24a6436e7a621ddcb51d"
    ]
}