{
    "hash": "0x85778af13373250cd7d2a09903128c086e76bbbb5adc61b3df74ae8b126abfd8",
    "block": 13099703,
    "timestamp": "",
    "chain": "Binance",
    "U": [
        0,
        1,
        2,
        2,
        1,
        2,
        1,
        1
    ],
    "V": [
        1,
        2,
        1,
        3,
        2,
        1,
        0,
        4
    ],
    "feat": [
        [
            0,
            0,
            1,
            0,
            0.125,
            0.125,
            0.5,
            0.5,
            1.811748880421976e-06
        ],
        [
            1,
            0,
            0,
            0,
            0.375,
            0.5,
            1.0,
            1.0,
            1.1102230246251565e-16
        ],
        [
            0,
            0,
            1,
            0,
            0.25,
            0.375,
            1.0,
            1.0,
            -1.9993980900729498
        ],
        [
            0,
            0,
            0,
            1,
            0.125,
            0.0,
            0.5,
            0.0,
            1.0
        ],
        [
            0,
            0,
            0,
            1,
            0.125,
            0.0,
            0.5,
            0.0,
            0.9993962783240691
        ]
    ],
    "nodeCount": 5,
    "edgeCount": 8,
    "tokenCount": 2,
    "nodes": [
        "0xac109c8025f272414fd9e2faa805a583708a017f",
        "0x9be506b15a45757e1fb36e978ecadb415aaba9e0",
        "0x44ea2f7a7d1d57546f25b1e6771ad00e1a8fd4c0",
        "0x0000000000000000000000000000000000000000",
        "0xbb1d1d435d8c2238cc65a0f427034440b00ef1d2"
    ],
    "tokens": [
        "0xbb4cdb9cbd36b01bd1cbaebf2de08d9173bc095c",
        "0x6b81ed499bfe7f4cb79c381892e5ce69c3c9a9df"
    ]
}