{
    "hash": "0x94fa9e1dde1b5f8a92beae8ae50581a82b190a47e6bf2d96a859640bfcc290e2",
    "block": 15113135,
    "timestamp": "",
    "chain": "Binance",
    "U": [
        0,
        1,
        2,
        2,
        1,
        2,
        1,
        1
    ],
    "V": [
        1,
        2,
        1,
        3,
        2,
        1,
        0,
        4
    ],
    "feat": [
        [
            0,
            1,
            0,
            0,
            0.125,
            0.125,
            0.5,
            0.5,
            0.0
        ],
        [
            1,
            0,
            0,
            0,
            0.375,
            0.5,
            1.0,
            1.0,
            0.0
        ],
        [
            0,
            0,
            1,
            0,
            0.25,
            0.375,
            1.0,
            1.0,
            -1.9772599042844232
        ],
        [
            0,
            0,
            0,
            1,
            0.125,
            0.0,
            0.5,
            0.0,
            1.0
        ],
        [
            0,
            0,
            0,
            1,
            0.125,
            0.0,
            0.5,
            0.0,
            0.977259904284423
        ]
    ],
    "nodeCount": 5,
    "edgeCount": 8,
    "tokenCount": 2,
    "nodes": [
        "0x0fe261aee0d1c4dfddee4102e82dd425999065f4",
        "0x95d5b64abf9c999d26fe6313fbd690a32cdbc04d",
        "0xdda4ee77aea6597e84a877e7aa04c2aad72c8b7a",
        "0x0000000000000000000000000000000000000000",
        "0x0c053ce471e418710e1bc9e5cd07ecff3b0d8f87"
    ],
    "tokens": [
        "0xe9e7cea3dedca5984780bafc599bd69add087d56",
        "0x6da7d2abaefe207457ced443e4b685d750c0cb49"
    ]
}