{
    "hash": "0xa80d85909a3ee62802a1de38a39039af4d191dde9dfc869429a0cbb66013189c",
    "block": 18666003,
    "timestamp": "",
    "chain": "Binance",
    "U": [
        0,
        1,
        2,
        2,
        2,
        1,
        2,
        2,
        1,
        2,
        2,
        1,
        2,
        2,
        1,
        2,
        2,
        1,
        2,
        1,
        2,
        2,
        1,
        1
    ],
    "V": [
        1,
        2,
        1,
        3,
        1,
        2,
        3,
        1,
        2,
        3,
        1,
        2,
        3,
        1,
        2,
        3,
        1,
        2,
        3,
        2,
        1,
        3,
        0,
        4
    ],
    "feat": [
        [
            0,
            0,
            1,
            0,
            0.041666666666666664,
            0.041666666666666664,
            0.5,
            0.5,
            0.0010000000000000009
        ],
        [
            1,
            0,
            0,
            0,
            0.3333333333333333,
            0.375,
            1.0,
            1.0,
            0.09999999999999931
        ],
        [
            0,
            0,
            1,
            0,
            0.2916666666666667,
            0.5833333333333334,
            1.0,
            1.0,
            -0.3023088697482422
        ],
        [
            0,
            0,
            0,
            1,
            0.2916666666666667,
            0.0,
            1.0,
            0.0,
            0.11965389105864029
        ],
        [
            0,
            0,
            0,
            1,
            0.041666666666666664,
            0.0,
            0.5,
            0.0,
            0.08165497868960174
        ]
    ],
    "nodeCount": 5,
    "edgeCount": 24,
    "tokenCount": 2,
    "nodes": [
        "0x1483767e665b3591677fd49f724bf7430c18bf83",
        "0x3c9e6aa7208866e1b1581ed6943bf76ae9ecff4e",
        "0xd96b5cd5f8d4769d4cf2812e9e019d3d77f4daaf",
        "0xe8a374c386d94b9b9d8feb801aec1ee44aad06ec",
        "0x1bbbbb0d79932047fd29cdbb401b29b13306e090"
    ],
    "tokens": [
        "0x55d398326f99059ff775485246999027b3197955",
        "0x0a3483c486c95684a4bc3dda08a33d90a9b5cec7"
    ]
}