{
    "hash": "0xa9a1b8ea288eb9ad315088f17f7c7386b9989c95b4d13c81b69d5ddad7ffe61e",
    "block": 13125071,
    "timestamp": "",
    "chain": "Ethereum",
    "U": [
        0,
        1,
        2,
        1,
        3,
        4,
        3,
        1,
        5,
        1,
        5,
        3,
        5,
        2,
        5,
        1,
        2,
        1,
        1,
        1
    ],
    "V": [
        1,
        2,
        1,
        3,
        1,
        1,
        1,
        5,
        4,
        5,
        3,
        5,
        2,
        5,
        1,
        2,
        1,
        0,
        6,
        6
    ],
    "feat": [
        [
            0,
            0,
            1,
            0,
            0.05,
            0.05,
            0.25,
            0.25,
            0.003090419698933311
        ],
        [
            1,
            0,
            0,
            0,
            0.35,
            0.4,
            1.0,
            1.0,
            0.6248331350819942
        ],
        [
            0,
            0,
            1,
            0,
            0.15,
            0.15,
            0.5,
            0.5,
            0.0002632013570387226
        ],
        [
            0,
            0,
            1,
            0,
            0.1,
            0.15,
            0.5,
            0.5,
            -0.7099999999998814
        ],
        [
            0,
            0,
            1,
            0,
            0.05,
            0.05,
            0.25,
            0.25,
            -0.5
        ],
        [
            1,
            0,
            0,
            0,
            0.2,
            0.2,
            1.0,
            1.0,
            1.1102230246251565e-16
        ],
        [
            0,
            0,
            0,
            1,
            0.1,
            0.0,
            0.5,
            0.0,
            0.581813243861915
        ]
    ],
    "nodeCount": 7,
    "edgeCount": 20,
    "tokenCount": 4,
    "nodes": [
        "0x21b8065d10f73ee2e260e5b47d3344d3ced7596e",
        "0x38c40427efbaae566407e4cde2a91947df0bd22b",
        "0xc02aaa39b223fe8d0a0e5c4f27ead9083c756cc2",
        "0xd06527d5e56a3495252a528c4987003b712860ee",
        "0x2db6c82ce72c8d7d770ba1b5f5ed0b6e075066d6",
        "0x0ec306d7634314d35139d1df4a630d829475a125",
        "0xce1f4b4f17224ec6df16eeb1e3e5321c54ff6ede"
    ],
    "tokens": [
        "0xc02aaa39b223fe8d0a0e5c4f27ead9083c756cc2",
        "native_token",
        "0xd06527d5e56a3495252a528c4987003b712860ee",
        "0xff20817765cb7f73d4bde2e66e067e58d11095c2"
    ]
}