{
    "hash": "0xadaa1fdd19036506fbaaea584197fa86cb12100be804450eeb58b9058fafe1a9",
    "block": 12805326,
    "timestamp": "",
    "chain": "Binance",
    "U": [
        0,
        1,
        1,
        0,
        1
    ],
    "V": [
        1,
        0,
        2,
        1,
        0
    ],
    "feat": [
        [
            1,
            0,
            0,
            0,
            0.4,
            0.4,
            1.0,
            1.0,
            0.9942521079207008
        ],
        [
            0,
            1,
            0,
            0,
            0.4,
            0.6,
            1.0,
            1.0,
            -1.9942521079207007
        ],
        [
            0,
            0,
            0,
            1,
            0.2,
            0.0,
            0.5,
            0.0,
            1.0
        ]
    ],
    "nodeCount": 3,
    "edgeCount": 5,
    "tokenCount": 2,
    "nodes": [
        "0xc520131090e6d0cf1f750dd73939fa81779da9a7",
        "0xca91a9b0d6592bd88ddda8af1b1ec8e5db056375",
        "0x0000000000000000000000000000000000000000"
    ],
    "tokens": [
        "0xbb4cdb9cbd36b01bd1cbaebf2de08d9173bc095c",
        "0x7b4a8e88f24b49223f0d5b028a1da7ba26a0ac29"
    ]
}