{
    "hash": "0xb9310640e7b08d11e304075378487100b3f4e7ac533b7afc21f51da79b4d0983",
    "block": 13541719,
    "timestamp": "",
    "chain": "Binance",
    "U": [
        0,
        1,
        2,
        2,
        4,
        1,
        2,
        1,
        1
    ],
    "V": [
        1,
        2,
        1,
        3,
        3,
        2,
        1,
        0,
        5
    ],
    "feat": [
        [
            0,
            0,
            1,
            0,
            0.1111111111111111,
            0.1111111111111111,
            0.5,
            0.5,
            7.812412920206978e-08
        ],
        [
            1,
            0,
            0,
            0,
            0.3333333333333333,
            0.4444444444444444,
            1.0,
            1.0,
            3.495219388582882e-06
        ],
        [
            0,
            0,
            1,
            0,
            0.2222222222222222,
            0.3333333333333333,
            1.0,
            1.0,
            -1.999977540359189
        ],
        [
            0,
            0,
            0,
            1,
            0.2222222222222222,
            0.0,
            0.5,
            0.0,
            1.0007362873757233
        ],
        [
            0,
            0,
            0,
            1,
            0.0,
            0.1111111111111111,
            0.0,
            0.5,
            -0.000736287375723332
        ],
        [
            0,
            0,
            0,
            1,
            0.1111111111111111,
            0.0,
            0.5,
            0.0,
            0.9999739670156708
        ]
    ],
    "nodeCount": 6,
    "edgeCount": 9,
    "tokenCount": 2,
    "nodes": [
        "0xac109c8025f272414fd9e2faa805a583708a017f",
        "0x28ce139f28915f092248cc55cda2e03a2b373321",
        "0x8945d0df4de9c8da8d6b206830ef37816a1425fb",
        "0x0000000000000000000000000000000000000000",
        "0x8d13a25b40899445f61b55eef0ce746433b4bffd",
        "0x433938bcb5a846e171de48b1b0f103c2f19c4554"
    ],
    "tokens": [
        "0xbb4cdb9cbd36b01bd1cbaebf2de08d9173bc095c",
        "0x4578e31050eeada117f5d65cd8b1318a32eca864"
    ]
}