{
    "hash": "0xbe30606feab418e4a37c9f5dd88be81230258f500182b5287e667520340e7b94",
    "block": 15113652,
    "timestamp": "",
    "chain": "Binance",
    "U": [
        0,
        1,
        2,
        2,
        1,
        2,
        1,
        1
    ],
    "V": [
        1,
        2,
        1,
        3,
        2,
        1,
        0,
        4
    ],
    "feat": [
        [
            0,
            1,
            0,
            0,
            0.125,
            0.125,
            0.5,
            0.5,
            0.0
        ],
        [
            1,
            0,
            0,
            0,
            0.375,
            0.5,
            1.0,
            1.0,
            1.1102230246251565e-16
        ],
        [
            0,
            0,
            1,
            0,
            0.25,
            0.375,
            1.0,
            1.0,
            -1.9930984068957571
        ],
        [
            0,
            0,
            0,
            1,
            0.125,
            0.0,
            0.5,
            0.0,
            1.0
        ],
        [
            0,
            0,
            0,
            1,
            0.125,
            0.0,
            0.5,
            0.0,
            0.9930984068957567
        ]
    ],
    "nodeCount": 5,
    "edgeCount": 8,
    "tokenCount": 2,
    "nodes": [
        "0x0fe261aee0d1c4dfddee4102e82dd425999065f4",
        "0x95d5b64abf9c999d26fe6313fbd690a32cdbc04d",
        "0xda1146f498770ec9ee34477fccac9fe78fc13ee3",
        "0x0000000000000000000000000000000000000000",
        "0x0c053ce471e418710e1bc9e5cd07ecff3b0d8f87"
    ],
    "tokens": [
        "0xe9e7cea3dedca5984780bafc599bd69add087d56",
        "0x893d1756c50530364e14be534ef2c12375bbd99c"
    ]
}