{
    "hash": "0xbf7db44225110906751e3d926c05755cd306a5dedf2abd1535b01debcebd179b",
    "block": 18236555,
    "timestamp": "",
    "chain": "Binance",
    "U": [
        0,
        1,
        2,
        2,
        4,
        4,
        1,
        4,
        3,
        2
    ],
    "V": [
        1,
        2,
        3,
        4,
        1,
        5,
        4,
        2,
        2,
        0
    ],
    "feat": [
        [
            0,
            0,
            0,
            1,
            0.1,
            0.1,
            0.3333333333333333,
            0.3333333333333333,
            0.8694872736796618
        ],
        [
            1,
            0,
            0,
            0,
            0.2,
            0.2,
            0.6666666666666666,
            0.6666666666666666,
            0.0
        ],
        [
            0,
            1,
            0,
            0,
            0.3,
            0.3,
            0.6666666666666666,
            0.6666666666666666,
            0.8694872736796619
        ],
        [
            0,
            0,
            1,
            0,
            0.1,
            0.1,
            0.3333333333333333,
            0.3333333333333333,
            -0.8694872736796618
        ],
        [
            0,
            0,
            1,
            0,
            0.2,
            0.3,
            0.6666666666666666,
            0.6666666666666666,
            -1.869487273679662
        ],
        [
            0,
            0,
            0,
            1,
            0.1,
            0.0,
            0.3333333333333333,
            0.0,
            1.0
        ]
    ],
    "nodeCount": 6,
    "edgeCount": 10,
    "tokenCount": 3,
    "nodes": [
        "0x33adf7c37beeaa185e240e7d876917dd0f3549d7",
        "0xf0f1250a087d55c905d0649074cb9ad7a1fa3717",
        "0x10ed43c718714eb63d5aa57b78b54704e256024e",
        "0xbb4cdb9cbd36b01bd1cbaebf2de08d9173bc095c",
        "0x44ea2f7a7d1d57546f25b1e6771ad00e1a8fd4c0",
        "0x0000000000000000000000000000000000000000"
    ],
    "tokens": [
        "native_token",
        "0xbb4cdb9cbd36b01bd1cbaebf2de08d9173bc095c",
        "0x6b81ed499bfe7f4cb79c381892e5ce69c3c9a9df"
    ]
}