{
    "hash": "0xc14ae484b49a346fca9bb414e302c6a9ad0e16fc085c8e197ac7ae85df5727fc",
    "block": 12806374,
    "timestamp": "",
    "chain": "Binance",
    "U": [
        0,
        1,
        1,
        0,
        1
    ],
    "V": [
        1,
        0,
        2,
        1,
        0
    ],
    "feat": [
        [
            1,
            0,
            0,
            0,
            0.4,
            0.4,
            1.0,
            1.0,
            0.9999994832431415
        ],
        [
            0,
            0,
            1,
            0,
            0.4,
            0.6,
            1.0,
            1.0,
            -1.9999994832431416
        ],
        [
            0,
            0,
            0,
            1,
            0.2,
            0.0,
            0.5,
            0.0,
            1.0
        ]
    ],
    "nodeCount": 3,
    "edgeCount": 5,
    "tokenCount": 2,
    "nodes": [
        "0xa4c86b100213a580b59f98152d832c75af1a46fb",
        "0xa6744c5065e778b47a9ab4ce1e2dc4a6b489effa",
        "0x0000000000000000000000000000000000000000"
    ],
    "tokens": [
        "0xbb4cdb9cbd36b01bd1cbaebf2de08d9173bc095c",
        "0x8a7ca49f42e5196c26bb00fa014352e5d065db4d"
    ]
}