{
    "hash": "0xc88a4c12ab1d835c08248addfd39b47280fa06d3d795e2123921ff568dc508d1",
    "block": 12809724,
    "timestamp": "",
    "chain": "Binance",
    "U": [
        0,
        1,
        1,
        0,
        1
    ],
    "V": [
        1,
        0,
        2,
        1,
        0
    ],
    "feat": [
        [
            1,
            0,
            0,
            0,
            0.4,
            0.4,
            1.0,
            1.0,
            0.9267670885675453
        ],
        [
            0,
            1,
            0,
            0,
            0.4,
            0.6,
            1.0,
            1.0,
            -1.9267670885675452
        ],
        [
            0,
            0,
            0,
            1,
            0.2,
            0.0,
            0.5,
            0.0,
            1.0
        ]
    ],
    "nodeCount": 3,
    "edgeCount": 5,
    "tokenCount": 2,
    "nodes": [
        "0xafddc054edde835d74a7f60f853cd68103a7c5a5",
        "0xf51ebb9bcd2481fab45155527d021a281c790dfc",
        "0x0000000000000000000000000000000000000000"
    ],
    "tokens": [
        "0xbb4cdb9cbd36b01bd1cbaebf2de08d9173bc095c",
        "0x03dd4d68cfbf6c30ed6322f0b0036a91c135eac4"
    ]
}