{
    "hash": "0xd321c8245c68e6c9310ebf6cba65d6fa071c9ac71b36cd401c29979733e28729",
    "block": 18640674,
    "timestamp": "",
    "chain": "Binance",
    "U": [
        0,
        2,
        3,
        3,
        6,
        2,
        5,
        4,
        2
    ],
    "V": [
        1,
        3,
        4,
        5,
        5,
        5,
        2,
        2,
        0
    ],
    "feat": [
        [
            0,
            0,
            0,
            1,
            0.1111111111111111,
            0.1111111111111111,
            0.3333333333333333,
            0.3333333333333333,
            0.4974293556263567
        ],
        [
            0,
            0,
            0,
            1,
            0.1111111111111111,
            0.0,
            0.3333333333333333,
            0.0,
            0.5025706443736433
        ],
        [
            1,
            0,
            0,
            0,
            0.2222222222222222,
            0.3333333333333333,
            0.6666666666666666,
            0.6666666666666666,
            -0.5025706443736433
        ],
        [
            0,
            1,
            0,
            0,
            0.1111111111111111,
            0.2222222222222222,
            0.3333333333333333,
            0.6666666666666666,
            -0.5025706443736433
        ],
        [
            0,
            0,
            1,
            0,
            0.1111111111111111,
            0.1111111111111111,
            0.3333333333333333,
            0.3333333333333333,
            -0.4974293556263567
        ],
        [
            0,
            0,
            1,
            0,
            0.3333333333333333,
            0.1111111111111111,
            0.6666666666666666,
            0.3333333333333333,
            1.0025706443736433
        ],
        [
            0,
            0,
            1,
            0,
            0.0,
            0.1111111111111111,
            0.0,
            0.3333333333333333,
            -0.5
        ]
    ],
    "nodeCount": 7,
    "edgeCount": 9,
    "tokenCount": 3,
    "nodes": [
        "0xc0395dae600812077e4bf16c804f4754a26cb2a7",
        "",
        "0x478b7b5ee0cb70388f93747d70cc69324c9c3bfb",
        "0x10ed43c718714eb63d5aa57b78b54704e256024e",
        "0xbb4cdb9cbd36b01bd1cbaebf2de08d9173bc095c",
        "0x9406074eb3c5df8fcacfad0e4e98c689f883842e",
        "0x5febe4558f7b94242ad9665dd37910f7a3174a7a"
    ],
    "tokens": [
        "native_token",
        "0xbb4cdb9cbd36b01bd1cbaebf2de08d9173bc095c",
        "0x5febe4558f7b94242ad9665dd37910f7a3174a7a"
    ]
}