{
    "hash": "0xe0b0c2672b760bef4e2851e91c69c8c0ad135c6987bbf1f43f5846d89e691428",
    "block": 14465357,
    "timestamp": "",
    "chain": "Ethereum",
    "U": [
        0,
        1,
        1,
        1,
        2,
        1,
        1
    ],
    "V": [
        1,
        2,
        2,
        2,
        1,
        0,
        3
    ],
    "feat": [
        [
            0,
            0,
            1,
            0,
            0.14285714285714285,
            0.14285714285714285,
            1.0,
            1.0,
            5.555540275826846e-07
        ],
        [
            1,
            0,
            0,
            0,
            0.2857142857142857,
            0.7142857142857143,
            1.0,
            1.0,
            0.010000055555402843
        ],
        [
            0,
            1,
            0,
            0,
            0.42857142857142855,
            0.14285714285714285,
            1.0,
            1.0,
            -0.9999972222298621
        ],
        [
            0,
            0,
            0,
            1,
            0.14285714285714285,
            0.0,
            1.0,
            0.0,
            0.9899966111204317
        ]
    ],
    "nodeCount": 4,
    "edgeCount": 7,
    "tokenCount": 1,
    "nodes": [
        "0xbc2c5392b0b841832bec8b9c30747badda7b70ca",
        "0xb480ac726528d1c195cd3bb32f19c92e8d928519",
        "0xa81bd16aa6f6b25e66965a2f842e9c806c0aa11f",
        "0xef967ece5322c0d7d26dab41778acb55ce5bd58b"
    ],
    "tokens": [
        "0x56de8bc61346321d4f2211e3ac3c0a7f00db9b76"
    ]
}