{
    "hash": "0xe089e5c1452a5450c80d1b855564116da8a850ae0b8b7a6d0cd464d481d17300",
    "block": 22489086,
    "timestamp": "",
    "chain": "Binance",
    "U": [
        0,
        2,
        3,
        3,
        1,
        4,
        5,
        4,
        1,
        4,
        1,
        1
    ],
    "V": [
        1,
        3,
        1,
        1,
        4,
        1,
        4,
        5,
        4,
        1,
        2,
        2
    ],
    "feat": [
        [
            0,
            0,
            0,
            1,
            0.0,
            0.08333333333333333,
            0.0,
            0.3333333333333333,
            0
        ],
        [
            1,
            0,
            0,
            0,
            0.4166666666666667,
            0.3333333333333333,
            1.0,
            1.0,
            0.0017162659894238708
        ],
        [
            0,
            1,
            0,
            0,
            0.16666666666666666,
            0.08333333333333333,
            0.6666666666666666,
            0.3333333333333333,
            0.0
        ],
        [
            1,
            0,
            0,
            0,
            0.08333333333333333,
            0.16666666666666666,
            0.3333333333333333,
            0.6666666666666666,
            0.0
        ],
        [
            0,
            0,
            1,
            0,
            0.25,
            0.25,
            0.6666666666666666,
            0.6666666666666666,
            0.000829285953103942
        ],
        [
            0,
            1,
            0,
            0,
            0.08333333333333333,
            0.08333333333333333,
            0.3333333333333333,
            0.3333333333333333,
            -0.0025455519425277425
        ]
    ],
    "nodeCount": 6,
    "edgeCount": 12,
    "tokenCount": 3,
    "nodes": [
        "0xe9836664a0e25ddb7b26185f75e7d28883cdbe4e",
        "0xd8b77831f1329192018f8ac3d5ddd1779a76309d",
        "0xfeafe253802b77456b4627f8c2306a9cebb5d681",
        "0x8658c0d862312d12e0869fe1297d15cddbe1639d",
        "0x5998af8868e5e4fbd7c60da221b76b201e441612",
        "0xe3c6d00f6b6b1b36ac38e9a018f55af82c1af9fd"
    ],
    "tokens": [
        "0xbb4cdb9cbd36b01bd1cbaebf2de08d9173bc095c",
        "0x55d398326f99059ff775485246999027b3197955",
        "0x26d3163b165be95137cee97241e716b2791a7572"
    ]
}