{
    "hash": "0xe1705af3b103c50ee5465379355994b148b891453d8a80800a39ddb12652e311",
    "block": 24932252,
    "timestamp": "",
    "chain": "Binance",
    "U": [
        0,
        1,
        2,
        2,
        4,
        4,
        1,
        4,
        3,
        2
    ],
    "V": [
        1,
        2,
        3,
        4,
        1,
        5,
        4,
        2,
        2,
        0
    ],
    "feat": [
        [
            0,
            0,
            0,
            1,
            0.1,
            0.1,
            0.3333333333333333,
            0.3333333333333333,
            0.36327629444427734
        ],
        [
            1,
            0,
            0,
            0,
            0.2,
            0.2,
            0.6666666666666666,
            0.6666666666666666,
            0.0040263543191801365
        ],
        [
            0,
            1,
            0,
            0,
            0.3,
            0.3,
            0.6666666666666666,
            0.6666666666666666,
            0.36327629444427734
        ],
        [
            0,
            0,
            1,
            0,
            0.1,
            0.1,
            0.3333333333333333,
            0.3333333333333333,
            -0.36327629444427734
        ],
        [
            0,
            0,
            1,
            0,
            0.2,
            0.3,
            0.6666666666666666,
            0.6666666666666666,
            -1.3673026487634574
        ],
        [
            0,
            0,
            1,
            0,
            0.1,
            0.0,
            0.3333333333333333,
            0.0,
            1.0
        ]
    ],
    "nodeCount": 6,
    "edgeCount": 10,
    "tokenCount": 3,
    "nodes": [
        "0x38451b48cecede3b29ac514656e6eb5044d891bc",
        "0xdf244279658098d55444c068e9fe14aa9a8aec5c",
        "0x10ed43c718714eb63d5aa57b78b54704e256024e",
        "0xbb4cdb9cbd36b01bd1cbaebf2de08d9173bc095c",
        "0x5e489c86cbf554aaf87711312616b358cc491ab2",
        "0x749fd5fd94371f65beebf0246d1ed669cbcfcaf8"
    ],
    "tokens": [
        "native_token",
        "0xbb4cdb9cbd36b01bd1cbaebf2de08d9173bc095c",
        "0x749fd5fd94371f65beebf0246d1ed669cbcfcaf8"
    ]
}