{
    "hash": "0xe32fa2182ad7486e0b74db6251239cb58cd3023ac69155b02350ab39fdb535c4",
    "block": 18222282,
    "timestamp": "",
    "chain": "Binance",
    "U": [
        0,
        1,
        2,
        1,
        2,
        2,
        4,
        4,
        1,
        2,
        1,
        1
    ],
    "V": [
        1,
        2,
        3,
        3,
        4,
        5,
        5,
        1,
        3,
        1,
        0,
        6
    ],
    "feat": [
        [
            0,
            0,
            1,
            0,
            0.08333333333333333,
            0.08333333333333333,
            0.3333333333333333,
            0.3333333333333333,
            0.0
        ],
        [
            1,
            0,
            0,
            0,
            0.25,
            0.4166666666666667,
            0.6666666666666666,
            0.6666666666666666,
            -0.6809499354262512
        ],
        [
            0,
            1,
            0,
            0,
            0.08333333333333333,
            0.3333333333333333,
            0.3333333333333333,
            0.6666666666666666,
            -1.511508473369802
        ],
        [
            0,
            0,
            0,
            1,
            0.25,
            0.0,
            0.3333333333333333,
            0.0,
            1.0819498674538837
        ],
        [
            0,
            1,
            0,
            0,
            0.08333333333333333,
            0.16666666666666666,
            0.3333333333333333,
            0.6666666666666666,
            -0.6666666666666666
        ],
        [
            0,
            1,
            0,
            0,
            0.16666666666666666,
            0.0,
            0.3333333333333333,
            0.0,
            1.6666666666666665
        ],
        [
            0,
            0,
            0,
            1,
            0.08333333333333333,
            0.0,
            0.3333333333333333,
            0.0,
            0.11050854134216945
        ]
    ],
    "nodeCount": 7,
    "edgeCount": 12,
    "tokenCount": 3,
    "nodes": [
        "0x8a1c25e382b80e7860db1ae619e1fc92a0cd7104",
        "0x156f612caf1e1be898f38c4ba0e10a07e8b6195c",
        "0x7dc17514a6132b8efabb5b5fd23a22031e996606",
        "0x0000000000000000000000000000000000000000",
        "0x7af89412d5afdc73356239347b113df7f8ad32c0",
        "0x2ec2a04d204685d141158fb7d75e03a4a74f25c8",
        "0x1c66836f6878883be76ca43e97c024e27523f30d"
    ],
    "tokens": [
        "0x55d398326f99059ff775485246999027b3197955",
        "0x874276938d036eb514a79f7a503c00452fc7df35",
        "0xbb4cdb9cbd36b01bd1cbaebf2de08d9173bc095c"
    ]
}