{
    "hash": "0xfb8dacbc286f76cbaf73e9bfb2a5b4d0f8b4f283bda3a793199093352dd3f13a",
    "block": 10962065,
    "timestamp": "",
    "chain": "Ethereum",
    "U": [
        0,
        1,
        2,
        3,
        4,
        2,
        2,
        1,
        1,
        1
    ],
    "V": [
        1,
        2,
        1,
        4,
        2,
        3,
        1,
        2,
        0,
        5
    ],
    "feat": [
        [
            0,
            1,
            0,
            0,
            0.1,
            0.1,
            0.5,
            0.5,
            0.0
        ],
        [
            1,
            0,
            0,
            0,
            0.3,
            0.4,
            1.0,
            1.0,
            0.0
        ],
        [
            0,
            0,
            1,
            0,
            0.3,
            0.3,
            1.0,
            1.0,
            2.486516629041091e-06
        ],
        [
            0,
            1,
            0,
            0,
            0.1,
            0.1,
            0.5,
            0.5,
            -0.002358073300087736
        ],
        [
            0,
            1,
            0,
            0,
            0.1,
            0.1,
            0.5,
            0.5,
            0.0
        ],
        [
            0,
            0,
            0,
            1,
            0.1,
            0.0,
            0.5,
            0.0,
            0.0023555867834582156
        ]
    ],
    "nodeCount": 6,
    "edgeCount": 10,
    "tokenCount": 2,
    "nodes": [
        "0xeb7e15b4e38cbee57a98204d05999c3230d36348",
        "0x414a0a46c49b1cb326426db8af667d6eca5cad24",
        "0xa539baaa3aca455c986bb1e25301cef936ce1b65",
        "0x4b89f8996892d137c3de1312d1dd4e4f4ffca171",
        "0xdd5102f902b0892d1bbf2d2d0fcbe11ccea1d537",
        "0x81e846aa8ea6551f70f37c8d8f736c149de7fdbc"
    ],
    "tokens": [
        "native_token",
        "0xbbbbca6a901c926f240b89eacb641d8aec7aeafd"
    ]
}