{
    "hash": "0xfc9e7a5f087440061bdebea1b83068240a681ad8cab0de2d74c7e479e5985492",
    "block": 12804581,
    "timestamp": "",
    "chain": "Binance",
    "U": [
        0,
        1,
        1,
        0,
        1
    ],
    "V": [
        1,
        0,
        2,
        1,
        0
    ],
    "feat": [
        [
            1,
            0,
            0,
            0,
            0.4,
            0.4,
            1.0,
            1.0,
            0.9905068934693
        ],
        [
            0,
            1,
            0,
            0,
            0.4,
            0.6,
            1.0,
            1.0,
            -1.9905068934692995
        ],
        [
            0,
            0,
            0,
            1,
            0.2,
            0.0,
            0.5,
            0.0,
            1.0
        ]
    ],
    "nodeCount": 3,
    "edgeCount": 5,
    "tokenCount": 2,
    "nodes": [
        "0xc520131090e6d0cf1f750dd73939fa81779da9a7",
        "0x9bd0024d7d0ce91b87409164b1f35c5f0fd5f6fc",
        "0x0000000000000000000000000000000000000000"
    ],
    "tokens": [
        "0xbb4cdb9cbd36b01bd1cbaebf2de08d9173bc095c",
        "0x04f0f790e20debfa7ab61801eb06b8ec1859c4c6"
    ]
}