{
    "hash": "0xfe0a7b906a0152274024f260912604aed8160b824cac963b0d15867e37588f65",
    "block": 18230761,
    "timestamp": "",
    "chain": "Binance",
    "U": [
        0,
        1,
        2,
        1,
        2,
        2,
        4,
        4,
        1,
        2,
        1,
        1
    ],
    "V": [
        1,
        2,
        1,
        3,
        3,
        4,
        1,
        1,
        3,
        1,
        0,
        5
    ],
    "feat": [
        [
            0,
            0,
            1,
            0,
            0.08333333333333333,
            0.08333333333333333,
            0.3333333333333333,
            0.3333333333333333,
            0.0
        ],
        [
            1,
            0,
            0,
            0,
            0.4166666666666667,
            0.4166666666666667,
            1.0,
            0.6666666666666666,
            1.942571899615314
        ],
        [
            0,
            0,
            1,
            0,
            0.08333333333333333,
            0.3333333333333333,
            0.3333333333333333,
            0.6666666666666666,
            -1.0832377554173298
        ],
        [
            0,
            0,
            0,
            1,
            0.25,
            0.0,
            0.3333333333333333,
            0.0,
            0.08570597765869847
        ],
        [
            0,
            0,
            1,
            0,
            0.08333333333333333,
            0.16666666666666666,
            0.3333333333333333,
            0.6666666666666666,
            -1.0
        ],
        [
            0,
            0,
            0,
            1,
            0.08333333333333333,
            0.0,
            0.3333333333333333,
            0.0,
            0.05495987814331712
        ]
    ],
    "nodeCount": 6,
    "edgeCount": 12,
    "tokenCount": 3,
    "nodes": [
        "0x8a1c25e382b80e7860db1ae619e1fc92a0cd7104",
        "0xc4197cb4b779680e6cdaf0951895ee7212133abf",
        "0xe756ae473257770383e3444c4fbcae95ae0cad1b",
        "0x69cb6abac8911055bf76afc4c5b6cd5c1f45e25e",
        "0x7ae088fbe73729e86b6ba5022f5b0cbfa199cfc4",
        "0x1c66836f6878883be76ca43e97c024e27523f30d"
    ],
    "tokens": [
        "0x55d398326f99059ff775485246999027b3197955",
        "0x4b26a8d7be71b2a221e468e9f9f05d9af9c9229b",
        "0xbb4cdb9cbd36b01bd1cbaebf2de08d9173bc095c"
    ]
}